manifest_version,generated_at,source_library,source_video_count,excluded_video_count,partition_algorithm_version,duration_bucket_definition,random_seed,session_id,video_id,video_path,video_duration_sec,duration_bucket
video-eeg-session-manifest-v2-duration-diversity,,../video_materials/formal_v1/videos,2779,0,duration-bucket-round-robin-v1,[],17,1,vid_0001,0001.mp4,5.107000,very_short
video-eeg-session-manifest-v2-duration-diversity,,../video_materials/formal_v1/videos,2779,0,duration-bucket-round-robin-v1,[],17,1,vid_0017,0017.mp4,5.756000,very_short
video-eeg-session-manifest-v2-duration-diversity,,../video_materials/formal_v1/videos,2779,0,duration-bucket-round-robin-v1,[],17,1,vid_0035,0035.mp4,6.222000,very_short
video-eeg-session-manifest-v2-duration-diversity,,../video_materials/formal_v1/videos,2779,0,duration-bucket-round-robin-v1,[],17,1,vid_0050,0050.mp4,6.524000,very_short
video-eeg-session-manifest-v2-duration-diversity,,../video_materials/formal_v1/videos,2779,0,duration-bucket-round-robin-v1,[],17,1,vid_0069,0069.mp4,6.803000,very_short
video-eeg-session-manifest-v2-duration-diversity,,../video_materials/formal_v1/videos,2779,0,duration-bucket-round-robin-v1,[],17,1,vid_0087,0087.mp4,7.012000,very_short
video-eeg-session-manifest-v2-duration-diversity,,../video_materials/formal_v1/videos,2779,0,duration-bucket-round-robin-v1,[],17,1,vid_0099,0099.mp4,7.104000,very_short
video-eeg-session-manifest-v2-duration-diversity,,../video_materials/formal_v1/videos,2779,0,duration-bucket-round-robin-v1,[],17,1,vid_0117,0117.mp4,7.174000,very_short
video-eeg-session-manifest-v2-duration-diversity,,../video_materials/formal_v1/videos,2779,0,duration-bucket-round-robin-v1,[],17,1,vid_0126,0126.mp4,7.244000,very_short
video-eeg-session-manifest-v2-duration-diversity,,../video_materials/formal_v1/videos,2779,0,duration-bucket-round-robin-v1,[],17,1,vid_0158,0158.mp4,7.498000,very_short
video-eeg-session-manifest-v2-duration-diversity,,../video_materials/formal_v1/videos,2779,0,duration-bucket-round-robin-v1,[],17,1,vid_0176,0176.mp4,7.662000,very_short
video-eeg-session-manifest-v2-duration-diversity,,../video_materials/formal_v1/videos,2779,0,duration-bucket-round-robin-v1,[],17,1,vid_0180,0180.mp4,7.685000,very_short
video-eeg-session-manifest-v2-duration-diversity,,../video_materials/formal_v1/videos,2779,0,duration-bucket-round-robin-v1,[],17,1,vid_0210,0210.mp4,8.010000,very_short
video-eeg-session-manifest-v2-duration-diversity,,../video_materials/formal_v1/videos,2779,0,duration-bucket-round-robin-v1,[],17,1,vid_0228,0228.mp4,8.101000,very_short
video-eeg-session-manifest-v2-duration-diversity,,../video_materials/formal_v1/videos,2779,0,duration-bucket-round-robin-v1,[],17,1,vid_0244,0244.mp4,8.196000,very_short
video-eeg-session-manifest-v2-duration-diversity,,../video_materials/formal_v1/videos,2779,0,duration-bucket-round-robin-v1,[],17,1,vid_0248,0248.mp4,8.219000,very_short
video-eeg-session-manifest-v2-duration-diversity,,../video_materials/formal_v1/videos,2779,0,duration-bucket-round-robin-v1,[],17,1,vid_0279,0279.mp4,8.635000,very_short
video-eeg-session-manifest-v2-duration-diversity,,../video_materials/formal_v1/videos,2779,0,duration-bucket-round-robin-v1,[],17,1,vid_0282,0282.mp4,8.660000,very_short
video-eeg-session-manifest-v2-duration-diversity,,../video_materials/formal_v1/videos,2779,0,duration-bucket-round-robin-v1,[],17,1,vid_0310,0310.mp4,8.939000,very_short
video-eeg-session-manifest-v2-duration-diversity,,../video_materials/formal_v1/videos,2779,0,duration-bucket-round-robin-v1,[],17,1,vid_0331,0331.mp4,9.077000,very_short
video-eeg-session-manifest-v2-duration-diversity,,../video_materials/formal_v1/videos,2779,0,duration-bucket-round-robin-v1,[],17,1,vid_0332,0332.mp4,9.078000,very_short
video-eeg-session-manifest-v2-duration-diversity,,../video_materials/formal_v1/videos,2779,0,duration-bucket-round-robin-v1,[],17,1,vid_0359,0359.mp4,9.355000,very_short
video-eeg-session-manifest-v2-duration-diversity,,../video_materials/formal_v1/videos,2779,0,duration-bucket-round-robin-v1,[],17,1,vid_0371,0371.mp4,9.473000,very_short
video-eeg-session-manifest-v2-duration-diversity,,../video_materials/formal_v1/videos,2779,0,duration-bucket-round-robin-v1,[],17,1,vid_0394,0394.mp4,9.728000,very_short
video-eeg-session-manifest-v2-duration-diversity,,../video_materials/formal_v1/videos,2779,0,duration-bucket-round-robin-v1,[],17,1,vid_0405,0405.mp4,9.914000,very_short
video-eeg-session-manifest-v2-duration-diversity,,../video_materials/formal_v1/videos,2779,0,duration-bucket-round-robin-v1,[],17,1,vid_0426,0426.mp4,10.053000,very_short
video-eeg-session-manifest-v2-duration-diversity,,../video_materials/formal_v1/videos,2779,0,duration-bucket-round-robin-v1,[],17,1,vid_0441,0441.mp4,10.077000,very_short
video-eeg-session-manifest-v2-duration-diversity,,../video_materials/formal_v1/videos,2779,0,duration-bucket-round-robin-v1,[],17,1,vid_0457,0457.mp4,10.100000,very_short
video-eeg-session-manifest-v2-duration-diversity,,../video_materials/formal_v1/videos,2779,0,duration-bucket-round-robin-v1,[],17,1,vid_0472,0472.mp4,10.123000,very_short
video-eeg-session-manifest-v2-duration-diversity,,../video_materials/formal_v1/videos,2779,0,duration-bucket-round-robin-v1,[],17,1,vid_0483,0483.mp4,10.146000,very_short
video-eeg-session-manifest-v2-duration-diversity,,../video_materials/formal_v1/videos,2779,0,duration-bucket-round-robin-v1,[],17,1,vid_0516,0516.mp4,10.216000,very_short
video-eeg-session-manifest-v2-duration-diversity,,../video_materials/formal_v1/videos,2779,0,duration-bucket-round-robin-v1,[],17,1,vid_0526,0526.mp4,10.239000,very_short
video-eeg-session-manifest-v2-duration-diversity,,../video_materials/formal_v1/videos,2779,0,duration-bucket-round-robin-v1,[],17,1,vid_0547,0547.mp4,10.287000,very_short
video-eeg-session-manifest-v2-duration-diversity,,../video_materials/formal_v1/videos,2779,0,duration-bucket-round-robin-v1,[],17,1,vid_0566,0566.mp4,10.332000,very_short
video-eeg-session-manifest-v2-duration-diversity,,../video_materials/formal_v1/videos,2779,0,duration-bucket-round-robin-v1,[],17,1,vid_0570,0570.mp4,10.333000,very_short
video-eeg-session-manifest-v2-duration-diversity,,../video_materials/formal_v1/videos,2779,0,duration-bucket-round-robin-v1,[],17,1,vid_0599,0599.mp4,10.402000,very_short
video-eeg-session-manifest-v2-duration-diversity,,../video_materials/formal_v1/videos,2779,0,duration-bucket-round-robin-v1,[],17,1,vid_0613,0613.mp4,10.426000,very_short
video-eeg-session-manifest-v2-duration-diversity,,../video_materials/formal_v1/videos,2779,0,duration-bucket-round-robin-v1,[],17,1,vid_0624,0624.mp4,10.449000,very_short
video-eeg-session-manifest-v2-duration-diversity,,../video_materials/formal_v1/videos,2779,0,duration-bucket-round-robin-v1,[],17,1,vid_0650,0650.mp4,10.518000,very_short
video-eeg-session-manifest-v2-duration-diversity,,../video_materials/formal_v1/videos,2779,0,duration-bucket-round-robin-v1,[],17,1,vid_0666,0666.mp4,10.542000,very_short
video-eeg-session-manifest-v2-duration-diversity,,../video_materials/formal_v1/videos,2779,0,duration-bucket-round-robin-v1,[],17,1,vid_0674,0674.mp4,10.564000,very_short
video-eeg-session-manifest-v2-duration-diversity,,../video_materials/formal_v1/videos,2779,0,duration-bucket-round-robin-v1,[],17,1,vid_0707,0707.mp4,10.634000,very_short
video-eeg-session-manifest-v2-duration-diversity,,../video_materials/formal_v1/videos,2779,0,duration-bucket-round-robin-v1,[],17,1,vid_0710,0710.mp4,10.635000,very_short
video-eeg-session-manifest-v2-duration-diversity,,../video_materials/formal_v1/videos,2779,0,duration-bucket-round-robin-v1,[],17,1,vid_0734,0734.mp4,10.705000,very_short
video-eeg-session-manifest-v2-duration-diversity,,../video_materials/formal_v1/videos,2779,0,duration-bucket-round-robin-v1,[],17,1,vid_0740,0740.mp4,10.727000,very_short
video-eeg-session-manifest-v2-duration-diversity,,../video_materials/formal_v1/videos,2779,0,duration-bucket-round-robin-v1,[],17,1,vid_0773,0773.mp4,10.798000,very_short
video-eeg-session-manifest-v2-duration-diversity,,../video_materials/formal_v1/videos,2779,0,duration-bucket-round-robin-v1,[],17,1,vid_0781,0781.mp4,10.821000,very_short
video-eeg-session-manifest-v2-duration-diversity,,../video_materials/formal_v1/videos,2779,0,duration-bucket-round-robin-v1,[],17,1,vid_0803,0803.mp4,10.889000,very_short
video-eeg-session-manifest-v2-duration-diversity,,../video_materials/formal_v1/videos,2779,0,duration-bucket-round-robin-v1,[],17,1,vid_0809,0809.mp4,10.912000,very_short
video-eeg-session-manifest-v2-duration-diversity,,../video_materials/formal_v1/videos,2779,0,duration-bucket-round-robin-v1,[],17,1,vid_0830,0830.mp4,10.959000,very_short
video-eeg-session-manifest-v2-duration-diversity,,../video_materials/formal_v1/videos,2779,0,duration-bucket-round-robin-v1,[],17,1,vid_0842,0842.mp4,10.982000,very_short
video-eeg-session-manifest-v2-duration-diversity,,../video_materials/formal_v1/videos,2779,0,duration-bucket-round-robin-v1,[],17,1,vid_0874,0874.mp4,11.052000,very_short
video-eeg-session-manifest-v2-duration-diversity,,../video_materials/formal_v1/videos,2779,0,duration-bucket-round-robin-v1,[],17,1,vid_0885,0885.mp4,11.053000,very_short
video-eeg-session-manifest-v2-duration-diversity,,../video_materials/formal_v1/videos,2779,0,duration-bucket-round-robin-v1,[],17,1,vid_0899,0899.mp4,11.100000,very_short
video-eeg-session-manifest-v2-duration-diversity,,../video_materials/formal_v1/videos,2779,0,duration-bucket-round-robin-v1,[],17,1,vid_0923,0923.mp4,11.169000,very_short
video-eeg-session-manifest-v2-duration-diversity,,../video_materials/formal_v1/videos,2779,0,duration-bucket-round-robin-v1,[],17,1,vid_0932,0932.mp4,11.193000,very_short
video-eeg-session-manifest-v2-duration-diversity,,../video_materials/formal_v1/videos,2779,0,duration-bucket-round-robin-v1,[],17,1,vid_0950,0950.mp4,11.234000,very_short
video-eeg-session-manifest-v2-duration-diversity,,../video_materials/formal_v1/videos,2779,0,duration-bucket-round-robin-v1,[],17,1,vid_0970,0970.mp4,11.284000,very_short
video-eeg-session-manifest-v2-duration-diversity,,../video_materials/formal_v1/videos,2779,0,duration-bucket-round-robin-v1,[],17,1,vid_0981,0981.mp4,11.330000,very_short
video-eeg-session-manifest-v2-duration-diversity,,../video_materials/formal_v1/videos,2779,0,duration-bucket-round-robin-v1,[],17,1,vid_1009,1009.mp4,11.378000,very_short
video-eeg-session-manifest-v2-duration-diversity,,../video_materials/formal_v1/videos,2779,0,duration-bucket-round-robin-v1,[],17,1,vid_1025,1025.mp4,11.425000,very_short
video-eeg-session-manifest-v2-duration-diversity,,../video_materials/formal_v1/videos,2779,0,duration-bucket-round-robin-v1,[],17,1,vid_1040,1040.mp4,11.448000,very_short
video-eeg-session-manifest-v2-duration-diversity,,../video_materials/formal_v1/videos,2779,0,duration-bucket-round-robin-v1,[],17,1,vid_1048,1048.mp4,11.470000,very_short
video-eeg-session-manifest-v2-duration-diversity,,../video_materials/formal_v1/videos,2779,0,duration-bucket-round-robin-v1,[],17,1,vid_1074,1074.mp4,11.539000,very_short
video-eeg-session-manifest-v2-duration-diversity,,../video_materials/formal_v1/videos,2779,0,duration-bucket-round-robin-v1,[],17,1,vid_1091,1091.mp4,11.564000,very_short
video-eeg-session-manifest-v2-duration-diversity,,../video_materials/formal_v1/videos,2779,0,duration-bucket-round-robin-v1,[],17,1,vid_1107,1107.mp4,11.587000,very_short
video-eeg-session-manifest-v2-duration-diversity,,../video_materials/formal_v1/videos,2779,0,duration-bucket-round-robin-v1,[],17,1,vid_1128,1128.mp4,11.632000,very_short
video-eeg-session-manifest-v2-duration-diversity,,../video_materials/formal_v1/videos,2779,0,duration-bucket-round-robin-v1,[],17,1,vid_1134,1134.mp4,11.634000,very_short
video-eeg-session-manifest-v2-duration-diversity,,../video_materials/formal_v1/videos,2779,0,duration-bucket-round-robin-v1,[],17,1,vid_1152,1152.mp4,11.700000,very_short
video-eeg-session-manifest-v2-duration-diversity,,../video_materials/formal_v1/videos,2779,0,duration-bucket-round-robin-v1,[],17,1,vid_1172,1172.mp4,11.748000,very_short
video-eeg-session-manifest-v2-duration-diversity,,../video_materials/formal_v1/videos,2779,0,duration-bucket-round-robin-v1,[],17,1,vid_1198,1198.mp4,11.796000,very_short
video-eeg-session-manifest-v2-duration-diversity,,../video_materials/formal_v1/videos,2779,0,duration-bucket-round-robin-v1,[],17,1,vid_1202,1202.mp4,11.800000,very_short
video-eeg-session-manifest-v2-duration-diversity,,../video_materials/formal_v1/videos,2779,0,duration-bucket-round-robin-v1,[],17,1,vid_1229,1229.mp4,11.866000,very_short
video-eeg-session-manifest-v2-duration-diversity,,../video_materials/formal_v1/videos,2779,0,duration-bucket-round-robin-v1,[],17,1,vid_1238,1238.mp4,11.866000,very_short
video-eeg-session-manifest-v2-duration-diversity,,../video_materials/formal_v1/videos,2779,0,duration-bucket-round-robin-v1,[],17,1,vid_1255,1255.mp4,11.934000,very_short
video-eeg-session-manifest-v2-duration-diversity,,../video_materials/formal_v1/videos,2779,0,duration-bucket-round-robin-v1,[],17,1,vid_1278,1278.mp4,11.967000,very_short
video-eeg-session-manifest-v2-duration-diversity,,../video_materials/formal_v1/videos,2779,0,duration-bucket-round-robin-v1,[],17,1,vid_1285,1285.mp4,11.981000,very_short
video-eeg-session-manifest-v2-duration-diversity,,../video_materials/formal_v1/videos,2779,0,duration-bucket-round-robin-v1,[],17,1,vid_1312,1312.mp4,12.050000,very_short
video-eeg-session-manifest-v2-duration-diversity,,../video_materials/formal_v1/videos,2779,0,duration-bucket-round-robin-v1,[],17,1,vid_1334,1334.mp4,12.075000,very_short
video-eeg-session-manifest-v2-duration-diversity,,../video_materials/formal_v1/videos,2779,0,duration-bucket-round-robin-v1,[],17,1,vid_1336,1336.mp4,12.075000,very_short
video-eeg-session-manifest-v2-duration-diversity,,../video_materials/formal_v1/videos,2779,0,duration-bucket-round-robin-v1,[],17,1,vid_1367,1367.mp4,12.188000,very_short
video-eeg-session-manifest-v2-duration-diversity,,../video_materials/formal_v1/videos,2779,0,duration-bucket-round-robin-v1,[],17,1,vid_1385,1385.mp4,12.214000,very_short
video-eeg-session-manifest-v2-duration-diversity,,../video_materials/formal_v1/videos,2779,0,duration-bucket-round-robin-v1,[],17,1,vid_1386,1386.mp4,12.214000,very_short
video-eeg-session-manifest-v2-duration-diversity,,../video_materials/formal_v1/videos,2779,0,duration-bucket-round-robin-v1,[],17,1,vid_1413,1413.mp4,12.304000,very_short
video-eeg-session-manifest-v2-duration-diversity,,../video_materials/formal_v1/videos,2779,0,duration-bucket-round-robin-v1,[],17,1,vid_1424,1424.mp4,12.329000,very_short
video-eeg-session-manifest-v2-duration-diversity,,../video_materials/formal_v1/videos,2779,0,duration-bucket-round-robin-v1,[],17,1,vid_1451,1451.mp4,12.420000,very_short
video-eeg-session-manifest-v2-duration-diversity,,../video_materials/formal_v1/videos,2779,0,duration-bucket-round-robin-v1,[],17,1,vid_1459,1459.mp4,12.423000,very_short
video-eeg-session-manifest-v2-duration-diversity,,../video_materials/formal_v1/videos,2779,0,duration-bucket-round-robin-v1,[],17,1,vid_1483,1483.mp4,12.513000,very_short
video-eeg-session-manifest-v2-duration-diversity,,../video_materials/formal_v1/videos,2779,0,duration-bucket-round-robin-v1,[],17,1,vid_1488,1488.mp4,12.516000,very_short
video-eeg-session-manifest-v2-duration-diversity,,../video_materials/formal_v1/videos,2779,0,duration-bucket-round-robin-v1,[],17,1,vid_1512,1512.mp4,12.561000,very_short
video-eeg-session-manifest-v2-duration-diversity,,../video_materials/formal_v1/videos,2779,0,duration-bucket-round-robin-v1,[],17,1,vid_1535,1535.mp4,12.608000,very_short
video-eeg-session-manifest-v2-duration-diversity,,../video_materials/formal_v1/videos,2779,0,duration-bucket-round-robin-v1,[],17,1,vid_1551,1551.mp4,12.632000,very_short
video-eeg-session-manifest-v2-duration-diversity,,../video_materials/formal_v1/videos,2779,0,duration-bucket-round-robin-v1,[],17,1,vid_1556,1556.mp4,12.654000,very_short
video-eeg-session-manifest-v2-duration-diversity,,../video_materials/formal_v1/videos,2779,0,duration-bucket-round-robin-v1,[],17,1,vid_1589,1589.mp4,12.725000,very_short
video-eeg-session-manifest-v2-duration-diversity,,../video_materials/formal_v1/videos,2779,0,duration-bucket-round-robin-v1,[],17,1,vid_1601,1601.mp4,12.748000,short
video-eeg-session-manifest-v2-duration-diversity,,../video_materials/formal_v1/videos,2779,0,duration-bucket-round-robin-v1,[],17,1,vid_1621,1621.mp4,12.816000,short
video-eeg-session-manifest-v2-duration-diversity,,../video_materials/formal_v1/videos,2779,0,duration-bucket-round-robin-v1,[],17,1,vid_1638,1638.mp4,12.864000,short
video-eeg-session-manifest-v2-duration-diversity,,../video_materials/formal_v1/videos,2779,0,duration-bucket-round-robin-v1,[],17,1,vid_1652,1652.mp4,12.888000,short
video-eeg-session-manifest-v2-duration-diversity,,../video_materials/formal_v1/videos,2779,0,duration-bucket-round-robin-v1,[],17,1,vid_1669,1669.mp4,12.934000,short
video-eeg-session-manifest-v2-duration-diversity,,../video_materials/formal_v1/videos,2779,0,duration-bucket-round-robin-v1,[],17,1,vid_1686,1686.mp4,12.957000,short
video-eeg-session-manifest-v2-duration-diversity,,../video_materials/formal_v1/videos,2779,0,duration-bucket-round-robin-v1,[],17,1,vid_1702,1702.mp4,13.025000,short
video-eeg-session-manifest-v2-duration-diversity,,../video_materials/formal_v1/videos,2779,0,duration-bucket-round-robin-v1,[],17,1,vid_1720,1720.mp4,13.050000,short
video-eeg-session-manifest-v2-duration-diversity,,../video_materials/formal_v1/videos,2779,0,duration-bucket-round-robin-v1,[],17,1,vid_1735,1735.mp4,13.095000,short
video-eeg-session-manifest-v2-duration-diversity,,../video_materials/formal_v1/videos,2779,0,duration-bucket-round-robin-v1,[],17,1,vid_1755,1755.mp4,13.140000,short
video-eeg-session-manifest-v2-duration-diversity,,../video_materials/formal_v1/videos,2779,0,duration-bucket-round-robin-v1,[],17,1,vid_1766,1766.mp4,13.188000,short
video-eeg-session-manifest-v2-duration-diversity,,../video_materials/formal_v1/videos,2779,0,duration-bucket-round-robin-v1,[],17,1,vid_1789,1789.mp4,13.258000,short
video-eeg-session-manifest-v2-duration-diversity,,../video_materials/formal_v1/videos,2779,0,duration-bucket-round-robin-v1,[],17,1,vid_1808,1808.mp4,13.282000,short
video-eeg-session-manifest-v2-duration-diversity,,../video_materials/formal_v1/videos,2779,0,duration-bucket-round-robin-v1,[],17,1,vid_1827,1827.mp4,13.329000,short
video-eeg-session-manifest-v2-duration-diversity,,../video_materials/formal_v1/videos,2779,0,duration-bucket-round-robin-v1,[],17,1,vid_1837,1837.mp4,13.367000,short
video-eeg-session-manifest-v2-duration-diversity,,../video_materials/formal_v1/videos,2779,0,duration-bucket-round-robin-v1,[],17,1,vid_1859,1859.mp4,13.467000,short
video-eeg-session-manifest-v2-duration-diversity,,../video_materials/formal_v1/videos,2779,0,duration-bucket-round-robin-v1,[],17,1,vid_1878,1878.mp4,13.535000,short
video-eeg-session-manifest-v2-duration-diversity,,../video_materials/formal_v1/videos,2779,0,duration-bucket-round-robin-v1,[],17,1,vid_1889,1889.mp4,13.561000,short
video-eeg-session-manifest-v2-duration-diversity,,../video_materials/formal_v1/videos,2779,0,duration-bucket-round-robin-v1,[],17,1,vid_1913,1913.mp4,13.652000,short
video-eeg-session-manifest-v2-duration-diversity,,../video_materials/formal_v1/videos,2779,0,duration-bucket-round-robin-v1,[],17,1,vid_1926,1926.mp4,13.677000,short
video-eeg-session-manifest-v2-duration-diversity,,../video_materials/formal_v1/videos,2779,0,duration-bucket-round-robin-v1,[],17,1,vid_1940,1940.mp4,13.723000,short
video-eeg-session-manifest-v2-duration-diversity,,../video_materials/formal_v1/videos,2779,0,duration-bucket-round-robin-v1,[],17,1,vid_1962,1962.mp4,13.792000,short
video-eeg-session-manifest-v2-duration-diversity,,../video_materials/formal_v1/videos,2779,0,duration-bucket-round-robin-v1,[],17,1,vid_1977,1977.mp4,13.816000,short
video-eeg-session-manifest-v2-duration-diversity,,../video_materials/formal_v1/videos,2779,0,duration-bucket-round-robin-v1,[],17,1,vid_1991,1991.mp4,13.885000,short
video-eeg-session-manifest-v2-duration-diversity,,../video_materials/formal_v1/videos,2779,0,duration-bucket-round-robin-v1,[],17,1,vid_2009,2009.mp4,13.931000,short
video-eeg-session-manifest-v2-duration-diversity,,../video_materials/formal_v1/videos,2779,0,duration-bucket-round-robin-v1,[],17,1,vid_2024,2024.mp4,13.977000,short
video-eeg-session-manifest-v2-duration-diversity,,../video_materials/formal_v1/videos,2779,0,duration-bucket-round-robin-v1,[],17,1,vid_2045,2045.mp4,14.047000,short
video-eeg-session-manifest-v2-duration-diversity,,../video_materials/formal_v1/videos,2779,0,duration-bucket-round-robin-v1,[],17,1,vid_2060,2060.mp4,14.094000,short
video-eeg-session-manifest-v2-duration-diversity,,../video_materials/formal_v1/videos,2779,0,duration-bucket-round-robin-v1,[],17,1,vid_2076,2076.mp4,14.140000,short
video-eeg-session-manifest-v2-duration-diversity,,../video_materials/formal_v1/videos,2779,0,duration-bucket-round-robin-v1,[],17,1,vid_2096,2096.mp4,14.186000,short
video-eeg-session-manifest-v2-duration-diversity,,../video_materials/formal_v1/videos,2779,0,duration-bucket-round-robin-v1,[],17,1,vid_2108,2108.mp4,14.210000,short
video-eeg-session-manifest-v2-duration-diversity,,../video_materials/formal_v1/videos,2779,0,duration-bucket-round-robin-v1,[],17,1,vid_2132,2132.mp4,14.279000,short
video-eeg-session-manifest-v2-duration-diversity,,../video_materials/formal_v1/videos,2779,0,duration-bucket-round-robin-v1,[],17,1,vid_2146,2146.mp4,14.326000,short
video-eeg-session-manifest-v2-duration-diversity,,../video_materials/formal_v1/videos,2779,0,duration-bucket-round-robin-v1,[],17,1,vid_2166,2166.mp4,14.374000,short
video-eeg-session-manifest-v2-duration-diversity,,../video_materials/formal_v1/videos,2779,0,duration-bucket-round-robin-v1,[],17,1,vid_2183,2183.mp4,14.420000,short
video-eeg-session-manifest-v2-duration-diversity,,../video_materials/formal_v1/videos,2779,0,duration-bucket-round-robin-v1,[],17,1,vid_2199,2199.mp4,14.488000,short
video-eeg-session-manifest-v2-duration-diversity,,../video_materials/formal_v1/videos,2779,0,duration-bucket-round-robin-v1,[],17,1,vid_2214,2214.mp4,14.527000,short
video-eeg-session-manifest-v2-duration-diversity,,../video_materials/formal_v1/videos,2779,0,duration-bucket-round-robin-v1,[],17,1,vid_2229,2229.mp4,14.558000,short
video-eeg-session-manifest-v2-duration-diversity,,../video_materials/formal_v1/videos,2779,0,duration-bucket-round-robin-v1,[],17,1,vid_2252,2252.mp4,14.581000,short
video-eeg-session-manifest-v2-duration-diversity,,../video_materials/formal_v1/videos,2779,0,duration-bucket-round-robin-v1,[],17,1,vid_2268,2268.mp4,14.606000,short
video-eeg-session-manifest-v2-duration-diversity,,../video_materials/formal_v1/videos,2779,0,duration-bucket-round-robin-v1,[],17,1,vid_2287,2287.mp4,14.652000,short
video-eeg-session-manifest-v2-duration-diversity,,../video_materials/formal_v1/videos,2779,0,duration-bucket-round-robin-v1,[],17,1,vid_2298,2298.mp4,14.697000,short
video-eeg-session-manifest-v2-duration-diversity,,../video_materials/formal_v1/videos,2779,0,duration-bucket-round-robin-v1,[],17,1,vid_2315,2315.mp4,14.721000,short
video-eeg-session-manifest-v2-duration-diversity,,../video_materials/formal_v1/videos,2779,0,duration-bucket-round-robin-v1,[],17,1,vid_2332,2332.mp4,14.745000,short
video-eeg-session-manifest-v2-duration-diversity,,../video_materials/formal_v1/videos,2779,0,duration-bucket-round-robin-v1,[],17,1,vid_2354,2354.mp4,14.790000,short
video-eeg-session-manifest-v2-duration-diversity,,../video_materials/formal_v1/videos,2779,0,duration-bucket-round-robin-v1,[],17,1,vid_2368,2368.mp4,14.815000,short
video-eeg-session-manifest-v2-duration-diversity,,../video_materials/formal_v1/videos,2779,0,duration-bucket-round-robin-v1,[],17,1,vid_2386,2386.mp4,14.860000,short
video-eeg-session-manifest-v2-duration-diversity,,../video_materials/formal_v1/videos,2779,0,duration-bucket-round-robin-v1,[],17,1,vid_2399,2399.mp4,14.883000,short
video-eeg-session-manifest-v2-duration-diversity,,../video_materials/formal_v1/videos,2779,0,duration-bucket-round-robin-v1,[],17,1,vid_2420,2420.mp4,14.906000,short
video-eeg-session-manifest-v2-duration-diversity,,../video_materials/formal_v1/videos,2779,0,duration-bucket-round-robin-v1,[],17,1,vid_2433,2433.mp4,14.929000,short
video-eeg-session-manifest-v2-duration-diversity,,../video_materials/formal_v1/videos,2779,0,duration-bucket-round-robin-v1,[],17,1,vid_2452,2452.mp4,14.938000,short
video-eeg-session-manifest-v2-duration-diversity,,../video_materials/formal_v1/videos,2779,0,duration-bucket-round-robin-v1,[],17,1,vid_2469,2469.mp4,14.975000,short
video-eeg-session-manifest-v2-duration-diversity,,../video_materials/formal_v1/videos,2779,0,duration-bucket-round-robin-v1,[],17,1,vid_2477,2477.mp4,14.977000,short
video-eeg-session-manifest-v2-duration-diversity,,../video_materials/formal_v1/videos,2779,0,duration-bucket-round-robin-v1,[],17,1,vid_2502,2502.mp4,15.001000,short
video-eeg-session-manifest-v2-duration-diversity,,../video_materials/formal_v1/videos,2779,0,duration-bucket-round-robin-v1,[],17,1,vid_2525,2525.mp4,15.024000,short
video-eeg-session-manifest-v2-duration-diversity,,../video_materials/formal_v1/videos,2779,0,duration-bucket-round-robin-v1,[],17,1,vid_2546,2546.mp4,15.024000,short
video-eeg-session-manifest-v2-duration-diversity,,../video_materials/formal_v1/videos,2779,0,duration-bucket-round-robin-v1,[],17,1,vid_2554,2554.mp4,15.033000,short
video-eeg-session-manifest-v2-duration-diversity,,../video_materials/formal_v1/videos,2779,0,duration-bucket-round-robin-v1,[],17,1,vid_2569,2569.mp4,15.046000,short
video-eeg-session-manifest-v2-duration-diversity,,../video_materials/formal_v1/videos,2779,0,duration-bucket-round-robin-v1,[],17,1,vid_2588,2588.mp4,15.047000,short
video-eeg-session-manifest-v2-duration-diversity,,../video_materials/formal_v1/videos,2779,0,duration-bucket-round-robin-v1,[],17,1,vid_2599,2599.mp4,15.047000,short
video-eeg-session-manifest-v2-duration-diversity,,../video_materials/formal_v1/videos,2779,0,duration-bucket-round-robin-v1,[],17,1,vid_2623,2623.mp4,15.069000,short
video-eeg-session-manifest-v2-duration-diversity,,../video_materials/formal_v1/videos,2779,0,duration-bucket-round-robin-v1,[],17,1,vid_2627,2627.mp4,15.069000,short
video-eeg-session-manifest-v2-duration-diversity,,../video_materials/formal_v1/videos,2779,0,duration-bucket-round-robin-v1,[],17,1,vid_2639,2639.mp4,15.069000,short
video-eeg-session-manifest-v2-duration-diversity,,../video_materials/formal_v1/videos,2779,0,duration-bucket-round-robin-v1,[],17,1,vid_2667,2667.mp4,15.069000,short
video-eeg-session-manifest-v2-duration-diversity,,../video_materials/formal_v1/videos,2779,0,duration-bucket-round-robin-v1,[],17,1,vid_2705,2705.mp4,15.070000,short
video-eeg-session-manifest-v2-duration-diversity,,../video_materials/formal_v1/videos,2779,0,duration-bucket-round-robin-v1,[],17,1,vid_2715,2715.mp4,15.070000,short
video-eeg-session-manifest-v2-duration-diversity,,../video_materials/formal_v1/videos,2779,0,duration-bucket-round-robin-v1,[],17,1,vid_2716,2716.mp4,15.070000,short
video-eeg-session-manifest-v2-duration-diversity,,../video_materials/formal_v1/videos,2779,0,duration-bucket-round-robin-v1,[],17,1,vid_2725,2725.mp4,15.070000,short
video-eeg-session-manifest-v2-duration-diversity,,../video_materials/formal_v1/videos,2779,0,duration-bucket-round-robin-v1,[],17,1,vid_2730,2730.mp4,15.070000,short
video-eeg-session-manifest-v2-duration-diversity,,../video_materials/formal_v1/videos,2779,0,duration-bucket-round-robin-v1,[],17,1,vid_2758,2758.mp4,15.070000,short
video-eeg-session-manifest-v2-duration-diversity,,../video_materials/formal_v1/videos,2779,0,duration-bucket-round-robin-v1,[],17,1,vid_2771,2771.mp4,15.070000,short
video-eeg-session-manifest-v2-duration-diversity,,../video_materials/formal_v1/videos,2779,0,duration-bucket-round-robin-v1,[],17,1,vid_2773,2773.mp4,15.070000,short
video-eeg-session-manifest-v2-duration-diversity,,../video_materials/formal_v1/videos,2779,0,duration-bucket-round-robin-v1,[],17,2,vid_0021,0021.mp4,5.874000,very_short
video-eeg-session-manifest-v2-duration-diversity,,../video_materials/formal_v1/videos,2779,0,duration-bucket-round-robin-v1,[],17,2,vid_0036,0036.mp4,6.245000,very_short
video-eeg-session-manifest-v2-duration-diversity,,../video_materials/formal_v1/videos,2779,0,duration-bucket-round-robin-v1,[],17,2,vid_0046,0046.mp4,6.454000,very_short
video-eeg-session-manifest-v2-duration-diversity,,../video_materials/formal_v1/videos,2779,0,duration-bucket-round-robin-v1,[],17,2,vid_0073,0073.mp4,6.857000,very_short
video-eeg-session-manifest-v2-duration-diversity,,../video_materials/formal_v1/videos,2779,0,duration-bucket-round-robin-v1,[],17,2,vid_0080,0080.mp4,6.987000,very_short
video-eeg-session-manifest-v2-duration-diversity,,../video_materials/formal_v1/videos,2779,0,duration-bucket-round-robin-v1,[],17,2,vid_0105,0105.mp4,7.128000,very_short
video-eeg-session-manifest-v2-duration-diversity,,../video_materials/formal_v1/videos,2779,0,duration-bucket-round-robin-v1,[],17,2,vid_0125,0125.mp4,7.220000,very_short
video-eeg-session-manifest-v2-duration-diversity,,../video_materials/formal_v1/videos,2779,0,duration-bucket-round-robin-v1,[],17,2,vid_0140,0140.mp4,7.290000,very_short
video-eeg-session-manifest-v2-duration-diversity,,../video_materials/formal_v1/videos,2779,0,duration-bucket-round-robin-v1,[],17,2,vid_0148,0148.mp4,7.337000,very_short
video-eeg-session-manifest-v2-duration-diversity,,../video_materials/formal_v1/videos,2779,0,duration-bucket-round-robin-v1,[],17,2,vid_0172,0172.mp4,7.638000,very_short
video-eeg-session-manifest-v2-duration-diversity,,../video_materials/formal_v1/videos,2779,0,duration-bucket-round-robin-v1,[],17,2,vid_0185,0185.mp4,7.778000,very_short
video-eeg-session-manifest-v2-duration-diversity,,../video_materials/formal_v1/videos,2779,0,duration-bucket-round-robin-v1,[],17,2,vid_0205,0205.mp4,7.964000,very_short
video-eeg-session-manifest-v2-duration-diversity,,../video_materials/formal_v1/videos,2779,0,duration-bucket-round-robin-v1,[],17,2,vid_0223,0223.mp4,8.080000,very_short
video-eeg-session-manifest-v2-duration-diversity,,../video_materials/formal_v1/videos,2779,0,duration-bucket-round-robin-v1,[],17,2,vid_0242,0242.mp4,8.173000,very_short
video-eeg-session-manifest-v2-duration-diversity,,../video_materials/formal_v1/videos,2779,0,duration-bucket-round-robin-v1,[],17,2,vid_0252,0252.mp4,8.312000,very_short
video-eeg-session-manifest-v2-duration-diversity,,../video_materials/formal_v1/videos,2779,0,duration-bucket-round-robin-v1,[],17,2,vid_0273,0273.mp4,8.589000,very_short
video-eeg-session-manifest-v2-duration-diversity,,../video_materials/formal_v1/videos,2779,0,duration-bucket-round-robin-v1,[],17,2,vid_0288,0288.mp4,8.709000,very_short
video-eeg-session-manifest-v2-duration-diversity,,../video_materials/formal_v1/videos,2779,0,duration-bucket-round-robin-v1,[],17,2,vid_0307,0307.mp4,8.892000,very_short
video-eeg-session-manifest-v2-duration-diversity,,../video_materials/formal_v1/videos,2779,0,duration-bucket-round-robin-v1,[],17,2,vid_0323,0323.mp4,9.007000,very_short
video-eeg-session-manifest-v2-duration-diversity,,../video_materials/formal_v1/videos,2779,0,duration-bucket-round-robin-v1,[],17,2,vid_0339,0339.mp4,9.171000,very_short
video-eeg-session-manifest-v2-duration-diversity,,../video_materials/formal_v1/videos,2779,0,duration-bucket-round-robin-v1,[],17,2,vid_0360,0360.mp4,9.355000,very_short
video-eeg-session-manifest-v2-duration-diversity,,../video_materials/formal_v1/videos,2779,0,duration-bucket-round-robin-v1,[],17,2,vid_0374,0374.mp4,9.496000,very_short
video-eeg-session-manifest-v2-duration-diversity,,../video_materials/formal_v1/videos,2779,0,duration-bucket-round-robin-v1,[],17,2,vid_0388,0388.mp4,9.659000,very_short
video-eeg-session-manifest-v2-duration-diversity,,../video_materials/formal_v1/videos,2779,0,duration-bucket-round-robin-v1,[],17,2,vid_0410,0410.mp4,9.959000,very_short
video-eeg-session-manifest-v2-duration-diversity,,../video_materials/formal_v1/videos,2779,0,duration-bucket-round-robin-v1,[],17,2,vid_0424,0424.mp4,10.053000,very_short
video-eeg-session-manifest-v2-duration-diversity,,../video_materials/formal_v1/videos,2779,0,duration-bucket-round-robin-v1,[],17,2,vid_0446,0446.mp4,10.078000,very_short
video-eeg-session-manifest-v2-duration-diversity,,../video_materials/formal_v1/videos,2779,0,duration-bucket-round-robin-v1,[],17,2,vid_0456,0456.mp4,10.100000,very_short
video-eeg-session-manifest-v2-duration-diversity,,../video_materials/formal_v1/videos,2779,0,duration-bucket-round-robin-v1,[],17,2,vid_0468,0468.mp4,10.123000,very_short
video-eeg-session-manifest-v2-duration-diversity,,../video_materials/formal_v1/videos,2779,0,duration-bucket-round-robin-v1,[],17,2,vid_0498,0498.mp4,10.167000,very_short
video-eeg-session-manifest-v2-duration-diversity,,../video_materials/formal_v1/videos,2779,0,duration-bucket-round-robin-v1,[],17,2,vid_0502,0502.mp4,10.169000,very_short
video-eeg-session-manifest-v2-duration-diversity,,../video_materials/formal_v1/videos,2779,0,duration-bucket-round-robin-v1,[],17,2,vid_0528,0528.mp4,10.262000,very_short
video-eeg-session-manifest-v2-duration-diversity,,../video_materials/formal_v1/videos,2779,0,duration-bucket-round-robin-v1,[],17,2,vid_0544,0544.mp4,10.287000,very_short
video-eeg-session-manifest-v2-duration-diversity,,../video_materials/formal_v1/videos,2779,0,duration-bucket-round-robin-v1,[],17,2,vid_0567,0567.mp4,10.332000,very_short
video-eeg-session-manifest-v2-duration-diversity,,../video_materials/formal_v1/videos,2779,0,duration-bucket-round-robin-v1,[],17,2,vid_0569,0569.mp4,10.333000,very_short
video-eeg-session-manifest-v2-duration-diversity,,../video_materials/formal_v1/videos,2779,0,duration-bucket-round-robin-v1,[],17,2,vid_0598,0598.mp4,10.402000,very_short
video-eeg-session-manifest-v2-duration-diversity,,../video_materials/formal_v1/videos,2779,0,duration-bucket-round-robin-v1,[],17,2,vid_0605,0605.mp4,10.402000,very_short
video-eeg-session-manifest-v2-duration-diversity,,../video_materials/formal_v1/videos,2779,0,duration-bucket-round-robin-v1,[],17,2,vid_0636,0636.mp4,10.494000,very_short
video-eeg-session-manifest-v2-duration-diversity,,../video_materials/formal_v1/videos,2779,0,duration-bucket-round-robin-v1,[],17,2,vid_0646,0646.mp4,10.496000,very_short
video-eeg-session-manifest-v2-duration-diversity,,../video_materials/formal_v1/videos,2779,0,duration-bucket-round-robin-v1,[],17,2,vid_0657,0657.mp4,10.541000,very_short
video-eeg-session-manifest-v2-duration-diversity,,../video_materials/formal_v1/videos,2779,0,duration-bucket-round-robin-v1,[],17,2,vid_0673,0673.mp4,10.564000,very_short
video-eeg-session-manifest-v2-duration-diversity,,../video_materials/formal_v1/videos,2779,0,duration-bucket-round-robin-v1,[],17,2,vid_0702,0702.mp4,10.632000,very_short
video-eeg-session-manifest-v2-duration-diversity,,../video_materials/formal_v1/videos,2779,0,duration-bucket-round-robin-v1,[],17,2,vid_0703,0703.mp4,10.634000,very_short
video-eeg-session-manifest-v2-duration-diversity,,../video_materials/formal_v1/videos,2779,0,duration-bucket-round-robin-v1,[],17,2,vid_0728,0728.mp4,10.702000,very_short
video-eeg-session-manifest-v2-duration-diversity,,../video_materials/formal_v1/videos,2779,0,duration-bucket-round-robin-v1,[],17,2,vid_0741,0741.mp4,10.727000,very_short
video-eeg-session-manifest-v2-duration-diversity,,../video_materials/formal_v1/videos,2779,0,duration-bucket-round-robin-v1,[],17,2,vid_0759,0759.mp4,10.773000,very_short
video-eeg-session-manifest-v2-duration-diversity,,../video_materials/formal_v1/videos,2779,0,duration-bucket-round-robin-v1,[],17,2,vid_0788,0788.mp4,10.863000,very_short
video-eeg-session-manifest-v2-duration-diversity,,../video_materials/formal_v1/videos,2779,0,duration-bucket-round-robin-v1,[],17,2,vid_0800,0800.mp4,10.868000,very_short
video-eeg-session-manifest-v2-duration-diversity,,../video_materials/formal_v1/videos,2779,0,duration-bucket-round-robin-v1,[],17,2,vid_0820,0820.mp4,10.936000,very_short
video-eeg-session-manifest-v2-duration-diversity,,../video_materials/formal_v1/videos,2779,0,duration-bucket-round-robin-v1,[],17,2,vid_0835,0835.mp4,10.960000,very_short
video-eeg-session-manifest-v2-duration-diversity,,../video_materials/formal_v1/videos,2779,0,duration-bucket-round-robin-v1,[],17,2,vid_0838,0838.mp4,10.982000,very_short
video-eeg-session-manifest-v2-duration-diversity,,../video_materials/formal_v1/videos,2779,0,duration-bucket-round-robin-v1,[],17,2,vid_0868,0868.mp4,11.030000,very_short
video-eeg-session-manifest-v2-duration-diversity,,../video_materials/formal_v1/videos,2779,0,duration-bucket-round-robin-v1,[],17,2,vid_0880,0880.mp4,11.052000,very_short
video-eeg-session-manifest-v2-duration-diversity,,../video_materials/formal_v1/videos,2779,0,duration-bucket-round-robin-v1,[],17,2,vid_0906,0906.mp4,11.121000,very_short
video-eeg-session-manifest-v2-duration-diversity,,../video_materials/formal_v1/videos,2779,0,duration-bucket-round-robin-v1,[],17,2,vid_0910,0910.mp4,11.145000,very_short
video-eeg-session-manifest-v2-duration-diversity,,../video_materials/formal_v1/videos,2779,0,duration-bucket-round-robin-v1,[],17,2,vid_0939,0939.mp4,11.213000,very_short
video-eeg-session-manifest-v2-duration-diversity,,../video_materials/formal_v1/videos,2779,0,duration-bucket-round-robin-v1,[],17,2,vid_0956,0956.mp4,11.239000,very_short
video-eeg-session-manifest-v2-duration-diversity,,../video_materials/formal_v1/videos,2779,0,duration-bucket-round-robin-v1,[],17,2,vid_0966,0966.mp4,11.262000,very_short
video-eeg-session-manifest-v2-duration-diversity,,../video_materials/formal_v1/videos,2779,0,duration-bucket-round-robin-v1,[],17,2,vid_0996,0996.mp4,11.354000,very_short
video-eeg-session-manifest-v2-duration-diversity,,../video_materials/formal_v1/videos,2779,0,duration-bucket-round-robin-v1,[],17,2,vid_1003,1003.mp4,11.355000,very_short
video-eeg-session-manifest-v2-duration-diversity,,../video_materials/formal_v1/videos,2779,0,duration-bucket-round-robin-v1,[],17,2,vid_1011,1011.mp4,11.400000,very_short
video-eeg-session-manifest-v2-duration-diversity,,../video_materials/formal_v1/videos,2779,0,duration-bucket-round-robin-v1,[],17,2,vid_1032,1032.mp4,11.446000,very_short
video-eeg-session-manifest-v2-duration-diversity,,../video_materials/formal_v1/videos,2779,0,duration-bucket-round-robin-v1,[],17,2,vid_1061,1061.mp4,11.516000,very_short
video-eeg-session-manifest-v2-duration-diversity,,../video_materials/formal_v1/videos,2779,0,duration-bucket-round-robin-v1,[],17,2,vid_1064,1064.mp4,11.516000,very_short
video-eeg-session-manifest-v2-duration-diversity,,../video_materials/formal_v1/videos,2779,0,duration-bucket-round-robin-v1,[],17,2,vid_1081,1081.mp4,11.563000,very_short
video-eeg-session-manifest-v2-duration-diversity,,../video_materials/formal_v1/videos,2779,0,duration-bucket-round-robin-v1,[],17,2,vid_1099,1099.mp4,11.584000,very_short
video-eeg-session-manifest-v2-duration-diversity,,../video_materials/formal_v1/videos,2779,0,duration-bucket-round-robin-v1,[],17,2,vid_1121,1121.mp4,11.632000,very_short
video-eeg-session-manifest-v2-duration-diversity,,../video_materials/formal_v1/videos,2779,0,duration-bucket-round-robin-v1,[],17,2,vid_1145,1145.mp4,11.657000,very_short
video-eeg-session-manifest-v2-duration-diversity,,../video_materials/formal_v1/videos,2779,0,duration-bucket-round-robin-v1,[],17,2,vid_1148,1148.mp4,11.680000,very_short
video-eeg-session-manifest-v2-duration-diversity,,../video_materials/formal_v1/videos,2779,0,duration-bucket-round-robin-v1,[],17,2,vid_1181,1181.mp4,11.770000,very_short
video-eeg-session-manifest-v2-duration-diversity,,../video_materials/formal_v1/videos,2779,0,duration-bucket-round-robin-v1,[],17,2,vid_1186,1186.mp4,11.773000,very_short
video-eeg-session-manifest-v2-duration-diversity,,../video_materials/formal_v1/videos,2779,0,duration-bucket-round-robin-v1,[],17,2,vid_1216,1216.mp4,11.819000,very_short
video-eeg-session-manifest-v2-duration-diversity,,../video_materials/formal_v1/videos,2779,0,duration-bucket-round-robin-v1,[],17,2,vid_1219,1219.mp4,11.841000,very_short
video-eeg-session-manifest-v2-duration-diversity,,../video_materials/formal_v1/videos,2779,0,duration-bucket-round-robin-v1,[],17,2,vid_1246,1246.mp4,11.889000,very_short
video-eeg-session-manifest-v2-duration-diversity,,../video_materials/formal_v1/videos,2779,0,duration-bucket-round-robin-v1,[],17,2,vid_1256,1256.mp4,11.934000,very_short
video-eeg-session-manifest-v2-duration-diversity,,../video_materials/formal_v1/videos,2779,0,duration-bucket-round-robin-v1,[],17,2,vid_1273,1273.mp4,11.957000,very_short
video-eeg-session-manifest-v2-duration-diversity,,../video_materials/formal_v1/videos,2779,0,duration-bucket-round-robin-v1,[],17,2,vid_1297,1297.mp4,12.005000,very_short
video-eeg-session-manifest-v2-duration-diversity,,../video_materials/formal_v1/videos,2779,0,duration-bucket-round-robin-v1,[],17,2,vid_1307,1307.mp4,12.028000,very_short
video-eeg-session-manifest-v2-duration-diversity,,../video_materials/formal_v1/videos,2779,0,duration-bucket-round-robin-v1,[],17,2,vid_1331,1331.mp4,12.073000,very_short
video-eeg-session-manifest-v2-duration-diversity,,../video_materials/formal_v1/videos,2779,0,duration-bucket-round-robin-v1,[],17,2,vid_1339,1339.mp4,12.098000,very_short
video-eeg-session-manifest-v2-duration-diversity,,../video_materials/formal_v1/videos,2779,0,duration-bucket-round-robin-v1,[],17,2,vid_1359,1359.mp4,12.166000,very_short
video-eeg-session-manifest-v2-duration-diversity,,../video_materials/formal_v1/videos,2779,0,duration-bucket-round-robin-v1,[],17,2,vid_1372,1372.mp4,12.191000,very_short
video-eeg-session-manifest-v2-duration-diversity,,../video_materials/formal_v1/videos,2779,0,duration-bucket-round-robin-v1,[],17,2,vid_1397,1397.mp4,12.259000,very_short
video-eeg-session-manifest-v2-duration-diversity,,../video_materials/formal_v1/videos,2779,0,duration-bucket-round-robin-v1,[],17,2,vid_1404,1404.mp4,12.261000,very_short
video-eeg-session-manifest-v2-duration-diversity,,../video_materials/formal_v1/videos,2779,0,duration-bucket-round-robin-v1,[],17,2,vid_1434,1434.mp4,12.375000,very_short
video-eeg-session-manifest-v2-duration-diversity,,../video_materials/formal_v1/videos,2779,0,duration-bucket-round-robin-v1,[],17,2,vid_1440,1440.mp4,12.377000,very_short
video-eeg-session-manifest-v2-duration-diversity,,../video_materials/formal_v1/videos,2779,0,duration-bucket-round-robin-v1,[],17,2,vid_1469,1469.mp4,12.470000,very_short
video-eeg-session-manifest-v2-duration-diversity,,../video_materials/formal_v1/videos,2779,0,duration-bucket-round-robin-v1,[],17,2,vid_1471,1471.mp4,12.470000,very_short
video-eeg-session-manifest-v2-duration-diversity,,../video_materials/formal_v1/videos,2779,0,duration-bucket-round-robin-v1,[],17,2,vid_1497,1497.mp4,12.538000,very_short
video-eeg-session-manifest-v2-duration-diversity,,../video_materials/formal_v1/videos,2779,0,duration-bucket-round-robin-v1,[],17,2,vid_1519,1519.mp4,12.562000,very_short
video-eeg-session-manifest-v2-duration-diversity,,../video_materials/formal_v1/videos,2779,0,duration-bucket-round-robin-v1,[],17,2,vid_1522,1522.mp4,12.584000,very_short
video-eeg-session-manifest-v2-duration-diversity,,../video_materials/formal_v1/videos,2779,0,duration-bucket-round-robin-v1,[],17,2,vid_1543,1543.mp4,12.631000,very_short
video-eeg-session-manifest-v2-duration-diversity,,../video_materials/formal_v1/videos,2779,0,duration-bucket-round-robin-v1,[],17,2,vid_1563,1563.mp4,12.677000,very_short
video-eeg-session-manifest-v2-duration-diversity,,../video_materials/formal_v1/videos,2779,0,duration-bucket-round-robin-v1,[],17,2,vid_1584,1584.mp4,12.724000,very_short
video-eeg-session-manifest-v2-duration-diversity,,../video_materials/formal_v1/videos,2779,0,duration-bucket-round-robin-v1,[],17,2,vid_1595,1595.mp4,12.748000,short
video-eeg-session-manifest-v2-duration-diversity,,../video_materials/formal_v1/videos,2779,0,duration-bucket-round-robin-v1,[],17,2,vid_1608,1608.mp4,12.770000,short
video-eeg-session-manifest-v2-duration-diversity,,../video_materials/formal_v1/videos,2779,0,duration-bucket-round-robin-v1,[],17,2,vid_1631,1631.mp4,12.841000,short
video-eeg-session-manifest-v2-duration-diversity,,../video_materials/formal_v1/videos,2779,0,duration-bucket-round-robin-v1,[],17,2,vid_1646,1646.mp4,12.886000,short
video-eeg-session-manifest-v2-duration-diversity,,../video_materials/formal_v1/videos,2779,0,duration-bucket-round-robin-v1,[],17,2,vid_1658,1658.mp4,12.909000,short
video-eeg-session-manifest-v2-duration-diversity,,../video_materials/formal_v1/videos,2779,0,duration-bucket-round-robin-v1,[],17,2,vid_1677,1677.mp4,12.954000,short
video-eeg-session-manifest-v2-duration-diversity,,../video_materials/formal_v1/videos,2779,0,duration-bucket-round-robin-v1,[],17,2,vid_1697,1697.mp4,13.002000,short
video-eeg-session-manifest-v2-duration-diversity,,../video_materials/formal_v1/videos,2779,0,duration-bucket-round-robin-v1,[],17,2,vid_1707,1707.mp4,13.027000,short
video-eeg-session-manifest-v2-duration-diversity,,../video_materials/formal_v1/videos,2779,0,duration-bucket-round-robin-v1,[],17,2,vid_1733,1733.mp4,13.094000,short
video-eeg-session-manifest-v2-duration-diversity,,../video_materials/formal_v1/videos,2779,0,duration-bucket-round-robin-v1,[],17,2,vid_1747,1747.mp4,13.097000,short
video-eeg-session-manifest-v2-duration-diversity,,../video_materials/formal_v1/videos,2779,0,duration-bucket-round-robin-v1,[],17,2,vid_1763,1763.mp4,13.165000,short
video-eeg-session-manifest-v2-duration-diversity,,../video_materials/formal_v1/videos,2779,0,duration-bucket-round-robin-v1,[],17,2,vid_1782,1782.mp4,13.234000,short
video-eeg-session-manifest-v2-duration-diversity,,../video_materials/formal_v1/videos,2779,0,duration-bucket-round-robin-v1,[],17,2,vid_1792,1792.mp4,13.258000,short
video-eeg-session-manifest-v2-duration-diversity,,../video_materials/formal_v1/videos,2779,0,duration-bucket-round-robin-v1,[],17,2,vid_1812,1812.mp4,13.299000,short
video-eeg-session-manifest-v2-duration-diversity,,../video_materials/formal_v1/videos,2779,0,duration-bucket-round-robin-v1,[],17,2,vid_1832,1832.mp4,13.352000,short
video-eeg-session-manifest-v2-duration-diversity,,../video_materials/formal_v1/videos,2779,0,duration-bucket-round-robin-v1,[],17,2,vid_1847,1847.mp4,13.420000,short
video-eeg-session-manifest-v2-duration-diversity,,../video_materials/formal_v1/videos,2779,0,duration-bucket-round-robin-v1,[],17,2,vid_1869,1869.mp4,13.491000,short
video-eeg-session-manifest-v2-duration-diversity,,../video_materials/formal_v1/videos,2779,0,duration-bucket-round-robin-v1,[],17,2,vid_1879,1879.mp4,13.536000,short
video-eeg-session-manifest-v2-duration-diversity,,../video_materials/formal_v1/videos,2779,0,duration-bucket-round-robin-v1,[],17,2,vid_1903,1903.mp4,13.629000,short
video-eeg-session-manifest-v2-duration-diversity,,../video_materials/formal_v1/videos,2779,0,duration-bucket-round-robin-v1,[],17,2,vid_1917,1917.mp4,13.654000,short
video-eeg-session-manifest-v2-duration-diversity,,../video_materials/formal_v1/videos,2779,0,duration-bucket-round-robin-v1,[],17,2,vid_1935,1935.mp4,13.722000,short
video-eeg-session-manifest-v2-duration-diversity,,../video_materials/formal_v1/videos,2779,0,duration-bucket-round-robin-v1,[],17,2,vid_1948,1948.mp4,13.747000,short
video-eeg-session-manifest-v2-duration-diversity,,../video_materials/formal_v1/videos,2779,0,duration-bucket-round-robin-v1,[],17,2,vid_1966,1966.mp4,13.793000,short
video-eeg-session-manifest-v2-duration-diversity,,../video_materials/formal_v1/videos,2779,0,duration-bucket-round-robin-v1,[],17,2,vid_1984,1984.mp4,13.861000,short
video-eeg-session-manifest-v2-duration-diversity,,../video_materials/formal_v1/videos,2779,0,duration-bucket-round-robin-v1,[],17,2,vid_2004,2004.mp4,13.909000,short
video-eeg-session-manifest-v2-duration-diversity,,../video_materials/formal_v1/videos,2779,0,duration-bucket-round-robin-v1,[],17,2,vid_2016,2016.mp4,13.956000,short
video-eeg-session-manifest-v2-duration-diversity,,../video_materials/formal_v1/videos,2779,0,duration-bucket-round-robin-v1,[],17,2,vid_2037,2037.mp4,14.024000,short
video-eeg-session-manifest-v2-duration-diversity,,../video_materials/formal_v1/videos,2779,0,duration-bucket-round-robin-v1,[],17,2,vid_2048,2048.mp4,14.049000,short
video-eeg-session-manifest-v2-duration-diversity,,../video_materials/formal_v1/videos,2779,0,duration-bucket-round-robin-v1,[],17,2,vid_2069,2069.mp4,14.117000,short
video-eeg-session-manifest-v2-duration-diversity,,../video_materials/formal_v1/videos,2779,0,duration-bucket-round-robin-v1,[],17,2,vid_2087,2087.mp4,14.163000,short
video-eeg-session-manifest-v2-duration-diversity,,../video_materials/formal_v1/videos,2779,0,duration-bucket-round-robin-v1,[],17,2,vid_2107,2107.mp4,14.208000,short
video-eeg-session-manifest-v2-duration-diversity,,../video_materials/formal_v1/videos,2779,0,duration-bucket-round-robin-v1,[],17,2,vid_2123,2123.mp4,14.246000,short
video-eeg-session-manifest-v2-duration-diversity,,../video_materials/formal_v1/videos,2779,0,duration-bucket-round-robin-v1,[],17,2,vid_2139,2139.mp4,14.281000,short
video-eeg-session-manifest-v2-duration-diversity,,../video_materials/formal_v1/videos,2779,0,duration-bucket-round-robin-v1,[],17,2,vid_2154,2154.mp4,14.345000,short
video-eeg-session-manifest-v2-duration-diversity,,../video_materials/formal_v1/videos,2779,0,duration-bucket-round-robin-v1,[],17,2,vid_2172,2172.mp4,14.395000,short
video-eeg-session-manifest-v2-duration-diversity,,../video_materials/formal_v1/videos,2779,0,duration-bucket-round-robin-v1,[],17,2,vid_2195,2195.mp4,14.465000,short
video-eeg-session-manifest-v2-duration-diversity,,../video_materials/formal_v1/videos,2779,0,duration-bucket-round-robin-v1,[],17,2,vid_2212,2212.mp4,14.513000,short
video-eeg-session-manifest-v2-duration-diversity,,../video_materials/formal_v1/videos,2779,0,duration-bucket-round-robin-v1,[],17,2,vid_2224,2224.mp4,14.536000,short
video-eeg-session-manifest-v2-duration-diversity,,../video_materials/formal_v1/videos,2779,0,duration-bucket-round-robin-v1,[],17,2,vid_2245,2245.mp4,14.559000,short
video-eeg-session-manifest-v2-duration-diversity,,../video_materials/formal_v1/videos,2779,0,duration-bucket-round-robin-v1,[],17,2,vid_2257,2257.mp4,14.583000,short
video-eeg-session-manifest-v2-duration-diversity,,../video_materials/formal_v1/videos,2779,0,duration-bucket-round-robin-v1,[],17,2,vid_2277,2277.mp4,14.651000,short
video-eeg-session-manifest-v2-duration-diversity,,../video_materials/formal_v1/videos,2779,0,duration-bucket-round-robin-v1,[],17,2,vid_2294,2294.mp4,14.676000,short
video-eeg-session-manifest-v2-duration-diversity,,../video_materials/formal_v1/videos,2779,0,duration-bucket-round-robin-v1,[],17,2,vid_2311,2311.mp4,14.700000,short
video-eeg-session-manifest-v2-duration-diversity,,../video_materials/formal_v1/videos,2779,0,duration-bucket-round-robin-v1,[],17,2,vid_2325,2325.mp4,14.724000,short
video-eeg-session-manifest-v2-duration-diversity,,../video_materials/formal_v1/videos,2779,0,duration-bucket-round-robin-v1,[],17,2,vid_2340,2340.mp4,14.768000,short
video-eeg-session-manifest-v2-duration-diversity,,../video_materials/formal_v1/videos,2779,0,duration-bucket-round-robin-v1,[],17,2,vid_2361,2361.mp4,14.792000,short
video-eeg-session-manifest-v2-duration-diversity,,../video_materials/formal_v1/videos,2779,0,duration-bucket-round-robin-v1,[],17,2,vid_2381,2381.mp4,14.838000,short
video-eeg-session-manifest-v2-duration-diversity,,../video_materials/formal_v1/videos,2779,0,duration-bucket-round-robin-v1,[],17,2,vid_2389,2389.mp4,14.861000,short
video-eeg-session-manifest-v2-duration-diversity,,../video_materials/formal_v1/videos,2779,0,duration-bucket-round-robin-v1,[],17,2,vid_2410,2410.mp4,14.884000,short
video-eeg-session-manifest-v2-duration-diversity,,../video_materials/formal_v1/videos,2779,0,duration-bucket-round-robin-v1,[],17,2,vid_2422,2422.mp4,14.908000,short
video-eeg-session-manifest-v2-duration-diversity,,../video_materials/formal_v1/videos,2779,0,duration-bucket-round-robin-v1,[],17,2,vid_2440,2440.mp4,14.931000,short
video-eeg-session-manifest-v2-duration-diversity,,../video_materials/formal_v1/videos,2779,0,duration-bucket-round-robin-v1,[],17,2,vid_2459,2459.mp4,14.954000,short
video-eeg-session-manifest-v2-duration-diversity,,../video_materials/formal_v1/videos,2779,0,duration-bucket-round-robin-v1,[],17,2,vid_2487,2487.mp4,14.977000,short
video-eeg-session-manifest-v2-duration-diversity,,../video_materials/formal_v1/videos,2779,0,duration-bucket-round-robin-v1,[],17,2,vid_2499,2499.mp4,14.999000,short
video-eeg-session-manifest-v2-duration-diversity,,../video_materials/formal_v1/videos,2779,0,duration-bucket-round-robin-v1,[],17,2,vid_2511,2511.mp4,15.001000,short
video-eeg-session-manifest-v2-duration-diversity,,../video_materials/formal_v1/videos,2779,0,duration-bucket-round-robin-v1,[],17,2,vid_2531,2531.mp4,15.024000,short
video-eeg-session-manifest-v2-duration-diversity,,../video_materials/formal_v1/videos,2779,0,duration-bucket-round-robin-v1,[],17,2,vid_2550,2550.mp4,15.024000,short
video-eeg-session-manifest-v2-duration-diversity,,../video_materials/formal_v1/videos,2779,0,duration-bucket-round-robin-v1,[],17,2,vid_2571,2571.mp4,15.046000,short
video-eeg-session-manifest-v2-duration-diversity,,../video_materials/formal_v1/videos,2779,0,duration-bucket-round-robin-v1,[],17,2,vid_2574,2574.mp4,15.046000,short
video-eeg-session-manifest-v2-duration-diversity,,../video_materials/formal_v1/videos,2779,0,duration-bucket-round-robin-v1,[],17,2,vid_2592,2592.mp4,15.047000,short
video-eeg-session-manifest-v2-duration-diversity,,../video_materials/formal_v1/videos,2779,0,duration-bucket-round-robin-v1,[],17,2,vid_2611,2611.mp4,15.067000,short
video-eeg-session-manifest-v2-duration-diversity,,../video_materials/formal_v1/videos,2779,0,duration-bucket-round-robin-v1,[],17,2,vid_2618,2618.mp4,15.069000,short
video-eeg-session-manifest-v2-duration-diversity,,../video_materials/formal_v1/videos,2779,0,duration-bucket-round-robin-v1,[],17,2,vid_2646,2646.mp4,15.069000,short
video-eeg-session-manifest-v2-duration-diversity,,../video_materials/formal_v1/videos,2779,0,duration-bucket-round-robin-v1,[],17,2,vid_2671,2671.mp4,15.069000,short
video-eeg-session-manifest-v2-duration-diversity,,../video_materials/formal_v1/videos,2779,0,duration-bucket-round-robin-v1,[],17,2,vid_2688,2688.mp4,15.070000,short
video-eeg-session-manifest-v2-duration-diversity,,../video_materials/formal_v1/videos,2779,0,duration-bucket-round-robin-v1,[],17,2,vid_2694,2694.mp4,15.070000,short
video-eeg-session-manifest-v2-duration-diversity,,../video_materials/formal_v1/videos,2779,0,duration-bucket-round-robin-v1,[],17,2,vid_2697,2697.mp4,15.070000,short
video-eeg-session-manifest-v2-duration-diversity,,../video_materials/formal_v1/videos,2779,0,duration-bucket-round-robin-v1,[],17,2,vid_2718,2718.mp4,15.070000,short
video-eeg-session-manifest-v2-duration-diversity,,../video_materials/formal_v1/videos,2779,0,duration-bucket-round-robin-v1,[],17,2,vid_2761,2761.mp4,15.070000,short
video-eeg-session-manifest-v2-duration-diversity,,../video_materials/formal_v1/videos,2779,0,duration-bucket-round-robin-v1,[],17,3,vid_0022,0022.mp4,5.919000,very_short
video-eeg-session-manifest-v2-duration-diversity,,../video_materials/formal_v1/videos,2779,0,duration-bucket-round-robin-v1,[],17,3,vid_0032,0032.mp4,6.176000,very_short
video-eeg-session-manifest-v2-duration-diversity,,../video_materials/formal_v1/videos,2779,0,duration-bucket-round-robin-v1,[],17,3,vid_0052,0052.mp4,6.570000,very_short
video-eeg-session-manifest-v2-duration-diversity,,../video_materials/formal_v1/videos,2779,0,duration-bucket-round-robin-v1,[],17,3,vid_0068,0068.mp4,6.803000,very_short
video-eeg-session-manifest-v2-duration-diversity,,../video_materials/formal_v1/videos,2779,0,duration-bucket-round-robin-v1,[],17,3,vid_0081,0081.mp4,6.987000,very_short
video-eeg-session-manifest-v2-duration-diversity,,../video_materials/formal_v1/videos,2779,0,duration-bucket-round-robin-v1,[],17,3,vid_0109,0109.mp4,7.128000,very_short
video-eeg-session-manifest-v2-duration-diversity,,../video_materials/formal_v1/videos,2779,0,duration-bucket-round-robin-v1,[],17,3,vid_0114,0114.mp4,7.151000,very_short
video-eeg-session-manifest-v2-duration-diversity,,../video_materials/formal_v1/videos,2779,0,duration-bucket-round-robin-v1,[],17,3,vid_0132,0132.mp4,7.267000,very_short
video-eeg-session-manifest-v2-duration-diversity,,../video_materials/formal_v1/videos,2779,0,duration-bucket-round-robin-v1,[],17,3,vid_0157,0157.mp4,7.476000,very_short
video-eeg-session-manifest-v2-duration-diversity,,../video_materials/formal_v1/videos,2779,0,duration-bucket-round-robin-v1,[],17,3,vid_0164,0164.mp4,7.546000,very_short
video-eeg-session-manifest-v2-duration-diversity,,../video_materials/formal_v1/videos,2779,0,duration-bucket-round-robin-v1,[],17,3,vid_0191,0191.mp4,7.847000,very_short
video-eeg-session-manifest-v2-duration-diversity,,../video_materials/formal_v1/videos,2779,0,duration-bucket-round-robin-v1,[],17,3,vid_0200,0200.mp4,7.940000,very_short
video-eeg-session-manifest-v2-duration-diversity,,../video_materials/formal_v1/videos,2779,0,duration-bucket-round-robin-v1,[],17,3,vid_0217,0217.mp4,8.033000,very_short
video-eeg-session-manifest-v2-duration-diversity,,../video_materials/formal_v1/videos,2779,0,duration-bucket-round-robin-v1,[],17,3,vid_0235,0235.mp4,8.126000,very_short
video-eeg-session-manifest-v2-duration-diversity,,../video_materials/formal_v1/videos,2779,0,duration-bucket-round-robin-v1,[],17,3,vid_0259,0259.mp4,8.474000,very_short
video-eeg-session-manifest-v2-duration-diversity,,../video_materials/formal_v1/videos,2779,0,duration-bucket-round-robin-v1,[],17,3,vid_0264,0264.mp4,8.498000,very_short
video-eeg-session-manifest-v2-duration-diversity,,../video_materials/formal_v1/videos,2779,0,duration-bucket-round-robin-v1,[],17,3,vid_0286,0286.mp4,8.707000,very_short
video-eeg-session-manifest-v2-duration-diversity,,../video_materials/formal_v1/videos,2779,0,duration-bucket-round-robin-v1,[],17,3,vid_0311,0311.mp4,8.939000,very_short
video-eeg-session-manifest-v2-duration-diversity,,../video_materials/formal_v1/videos,2779,0,duration-bucket-round-robin-v1,[],17,3,vid_0326,0326.mp4,9.008000,very_short
video-eeg-session-manifest-v2-duration-diversity,,../video_materials/formal_v1/videos,2779,0,duration-bucket-round-robin-v1,[],17,3,vid_0337,0337.mp4,9.148000,very_short
video-eeg-session-manifest-v2-duration-diversity,,../video_materials/formal_v1/videos,2779,0,duration-bucket-round-robin-v1,[],17,3,vid_0361,0361.mp4,9.355000,very_short
video-eeg-session-manifest-v2-duration-diversity,,../video_materials/formal_v1/videos,2779,0,duration-bucket-round-robin-v1,[],17,3,vid_0373,0373.mp4,9.496000,very_short
video-eeg-session-manifest-v2-duration-diversity,,../video_materials/formal_v1/videos,2779,0,duration-bucket-round-robin-v1,[],17,3,vid_0391,0391.mp4,9.682000,very_short
video-eeg-session-manifest-v2-duration-diversity,,../video_materials/formal_v1/videos,2779,0,duration-bucket-round-robin-v1,[],17,3,vid_0409,0409.mp4,9.937000,very_short
video-eeg-session-manifest-v2-duration-diversity,,../video_materials/formal_v1/videos,2779,0,duration-bucket-round-robin-v1,[],17,3,vid_0434,0434.mp4,10.055000,very_short
video-eeg-session-manifest-v2-duration-diversity,,../video_materials/formal_v1/videos,2779,0,duration-bucket-round-robin-v1,[],17,3,vid_0444,0444.mp4,10.078000,very_short
video-eeg-session-manifest-v2-duration-diversity,,../video_materials/formal_v1/videos,2779,0,duration-bucket-round-robin-v1,[],17,3,vid_0459,0459.mp4,10.101000,very_short
video-eeg-session-manifest-v2-duration-diversity,,../video_materials/formal_v1/videos,2779,0,duration-bucket-round-robin-v1,[],17,3,vid_0473,0473.mp4,10.123000,very_short
video-eeg-session-manifest-v2-duration-diversity,,../video_materials/formal_v1/videos,2779,0,duration-bucket-round-robin-v1,[],17,3,vid_0499,0499.mp4,10.169000,very_short
video-eeg-session-manifest-v2-duration-diversity,,../video_materials/formal_v1/videos,2779,0,duration-bucket-round-robin-v1,[],17,3,vid_0505,0505.mp4,10.171000,very_short
video-eeg-session-manifest-v2-duration-diversity,,../video_materials/formal_v1/videos,2779,0,duration-bucket-round-robin-v1,[],17,3,vid_0533,0533.mp4,10.264000,very_short
video-eeg-session-manifest-v2-duration-diversity,,../video_materials/formal_v1/videos,2779,0,duration-bucket-round-robin-v1,[],17,3,vid_0543,0543.mp4,10.287000,very_short
video-eeg-session-manifest-v2-duration-diversity,,../video_materials/formal_v1/videos,2779,0,duration-bucket-round-robin-v1,[],17,3,vid_0555,0555.mp4,10.309000,very_short
video-eeg-session-manifest-v2-duration-diversity,,../video_materials/formal_v1/videos,2779,0,duration-bucket-round-robin-v1,[],17,3,vid_0575,0575.mp4,10.354000,very_short
video-eeg-session-manifest-v2-duration-diversity,,../video_materials/formal_v1/videos,2779,0,duration-bucket-round-robin-v1,[],17,3,vid_0593,0593.mp4,10.378000,very_short
video-eeg-session-manifest-v2-duration-diversity,,../video_materials/formal_v1/videos,2779,0,duration-bucket-round-robin-v1,[],17,3,vid_0618,0618.mp4,10.447000,very_short
video-eeg-session-manifest-v2-duration-diversity,,../video_materials/formal_v1/videos,2779,0,duration-bucket-round-robin-v1,[],17,3,vid_0626,0626.mp4,10.449000,very_short
video-eeg-session-manifest-v2-duration-diversity,,../video_materials/formal_v1/videos,2779,0,duration-bucket-round-robin-v1,[],17,3,vid_0640,0640.mp4,10.495000,very_short
video-eeg-session-manifest-v2-duration-diversity,,../video_materials/formal_v1/videos,2779,0,duration-bucket-round-robin-v1,[],17,3,vid_0670,0670.mp4,10.564000,very_short
video-eeg-session-manifest-v2-duration-diversity,,../video_materials/formal_v1/videos,2779,0,duration-bucket-round-robin-v1,[],17,3,vid_0677,0677.mp4,10.564000,very_short
video-eeg-session-manifest-v2-duration-diversity,,../video_materials/formal_v1/videos,2779,0,duration-bucket-round-robin-v1,[],17,3,vid_0695,0695.mp4,10.611000,very_short
video-eeg-session-manifest-v2-duration-diversity,,../video_materials/formal_v1/videos,2779,0,duration-bucket-round-robin-v1,[],17,3,vid_0714,0714.mp4,10.657000,very_short
video-eeg-session-manifest-v2-duration-diversity,,../video_materials/formal_v1/videos,2779,0,duration-bucket-round-robin-v1,[],17,3,vid_0731,0731.mp4,10.703000,very_short
video-eeg-session-manifest-v2-duration-diversity,,../video_materials/formal_v1/videos,2779,0,duration-bucket-round-robin-v1,[],17,3,vid_0749,0749.mp4,10.728000,very_short
video-eeg-session-manifest-v2-duration-diversity,,../video_materials/formal_v1/videos,2779,0,duration-bucket-round-robin-v1,[],17,3,vid_0770,0770.mp4,10.796000,very_short
video-eeg-session-manifest-v2-duration-diversity,,../video_materials/formal_v1/videos,2779,0,duration-bucket-round-robin-v1,[],17,3,vid_0778,0778.mp4,10.820000,very_short
video-eeg-session-manifest-v2-duration-diversity,,../video_materials/formal_v1/videos,2779,0,duration-bucket-round-robin-v1,[],17,3,vid_0792,0792.mp4,10.866000,very_short
video-eeg-session-manifest-v2-duration-diversity,,../video_materials/formal_v1/videos,2779,0,duration-bucket-round-robin-v1,[],17,3,vid_0826,0826.mp4,10.959000,very_short
video-eeg-session-manifest-v2-duration-diversity,,../video_materials/formal_v1/videos,2779,0,duration-bucket-round-robin-v1,[],17,3,vid_0832,0832.mp4,10.960000,very_short
video-eeg-session-manifest-v2-duration-diversity,,../video_materials/formal_v1/videos,2779,0,duration-bucket-round-robin-v1,[],17,3,vid_0855,0855.mp4,10.984000,very_short
video-eeg-session-manifest-v2-duration-diversity,,../video_materials/formal_v1/videos,2779,0,duration-bucket-round-robin-v1,[],17,3,vid_0864,0864.mp4,11.007000,very_short
video-eeg-session-manifest-v2-duration-diversity,,../video_materials/formal_v1/videos,2779,0,duration-bucket-round-robin-v1,[],17,3,vid_0890,0890.mp4,11.075000,very_short
video-eeg-session-manifest-v2-duration-diversity,,../video_materials/formal_v1/videos,2779,0,duration-bucket-round-robin-v1,[],17,3,vid_0895,0895.mp4,11.098000,very_short
video-eeg-session-manifest-v2-duration-diversity,,../video_materials/formal_v1/videos,2779,0,duration-bucket-round-robin-v1,[],17,3,vid_0926,0926.mp4,11.169000,very_short
video-eeg-session-manifest-v2-duration-diversity,,../video_materials/formal_v1/videos,2779,0,duration-bucket-round-robin-v1,[],17,3,vid_0936,0936.mp4,11.193000,very_short
video-eeg-session-manifest-v2-duration-diversity,,../video_materials/formal_v1/videos,2779,0,duration-bucket-round-robin-v1,[],17,3,vid_0941,0941.mp4,11.214000,very_short
video-eeg-session-manifest-v2-duration-diversity,,../video_materials/formal_v1/videos,2779,0,duration-bucket-round-robin-v1,[],17,3,vid_0975,0975.mp4,11.306000,very_short
video-eeg-session-manifest-v2-duration-diversity,,../video_materials/formal_v1/videos,2779,0,duration-bucket-round-robin-v1,[],17,3,vid_0984,0984.mp4,11.332000,very_short
video-eeg-session-manifest-v2-duration-diversity,,../video_materials/formal_v1/videos,2779,0,duration-bucket-round-robin-v1,[],17,3,vid_0995,0995.mp4,11.354000,very_short
video-eeg-session-manifest-v2-duration-diversity,,../video_materials/formal_v1/videos,2779,0,duration-bucket-round-robin-v1,[],17,3,vid_1028,1028.mp4,11.425000,very_short
video-eeg-session-manifest-v2-duration-diversity,,../video_materials/formal_v1/videos,2779,0,duration-bucket-round-robin-v1,[],17,3,vid_1034,1034.mp4,11.446000,very_short
video-eeg-session-manifest-v2-duration-diversity,,../video_materials/formal_v1/videos,2779,0,duration-bucket-round-robin-v1,[],17,3,vid_1056,1056.mp4,11.494000,very_short
video-eeg-session-manifest-v2-duration-diversity,,../video_materials/formal_v1/videos,2779,0,duration-bucket-round-robin-v1,[],17,3,vid_1078,1078.mp4,11.541000,very_short
video-eeg-session-manifest-v2-duration-diversity,,../video_materials/formal_v1/videos,2779,0,duration-bucket-round-robin-v1,[],17,3,vid_1096,1096.mp4,11.564000,very_short
video-eeg-session-manifest-v2-duration-diversity,,../video_materials/formal_v1/videos,2779,0,duration-bucket-round-robin-v1,[],17,3,vid_1098,1098.mp4,11.567000,very_short
video-eeg-session-manifest-v2-duration-diversity,,../video_materials/formal_v1/videos,2779,0,duration-bucket-round-robin-v1,[],17,3,vid_1130,1130.mp4,11.632000,very_short
video-eeg-session-manifest-v2-duration-diversity,,../video_materials/formal_v1/videos,2779,0,duration-bucket-round-robin-v1,[],17,3,vid_1136,1136.mp4,11.634000,very_short
video-eeg-session-manifest-v2-duration-diversity,,../video_materials/formal_v1/videos,2779,0,duration-bucket-round-robin-v1,[],17,3,vid_1160,1160.mp4,11.725000,very_short
video-eeg-session-manifest-v2-duration-diversity,,../video_materials/formal_v1/videos,2779,0,duration-bucket-round-robin-v1,[],17,3,vid_1165,1165.mp4,11.727000,very_short
video-eeg-session-manifest-v2-duration-diversity,,../video_materials/formal_v1/videos,2779,0,duration-bucket-round-robin-v1,[],17,3,vid_1190,1190.mp4,11.795000,very_short
video-eeg-session-manifest-v2-duration-diversity,,../video_materials/formal_v1/videos,2779,0,duration-bucket-round-robin-v1,[],17,3,vid_1208,1208.mp4,11.819000,very_short
video-eeg-session-manifest-v2-duration-diversity,,../video_materials/formal_v1/videos,2779,0,duration-bucket-round-robin-v1,[],17,3,vid_1226,1226.mp4,11.843000,very_short
video-eeg-session-manifest-v2-duration-diversity,,../video_materials/formal_v1/videos,2779,0,duration-bucket-round-robin-v1,[],17,3,vid_1241,1241.mp4,11.889000,very_short
video-eeg-session-manifest-v2-duration-diversity,,../video_materials/formal_v1/videos,2779,0,duration-bucket-round-robin-v1,[],17,3,vid_1263,1263.mp4,11.934000,very_short
video-eeg-session-manifest-v2-duration-diversity,,../video_materials/formal_v1/videos,2779,0,duration-bucket-round-robin-v1,[],17,3,vid_1275,1275.mp4,11.959000,very_short
video-eeg-session-manifest-v2-duration-diversity,,../video_materials/formal_v1/videos,2779,0,duration-bucket-round-robin-v1,[],17,3,vid_1282,1282.mp4,11.981000,very_short
video-eeg-session-manifest-v2-duration-diversity,,../video_materials/formal_v1/videos,2779,0,duration-bucket-round-robin-v1,[],17,3,vid_1310,1310.mp4,12.050000,very_short
video-eeg-session-manifest-v2-duration-diversity,,../video_materials/formal_v1/videos,2779,0,duration-bucket-round-robin-v1,[],17,3,vid_1316,1316.mp4,12.052000,very_short
video-eeg-session-manifest-v2-duration-diversity,,../video_materials/formal_v1/videos,2779,0,duration-bucket-round-robin-v1,[],17,3,vid_1350,1350.mp4,12.134000,very_short
video-eeg-session-manifest-v2-duration-diversity,,../video_materials/formal_v1/videos,2779,0,duration-bucket-round-robin-v1,[],17,3,vid_1355,1355.mp4,12.145000,very_short
video-eeg-session-manifest-v2-duration-diversity,,../video_materials/formal_v1/videos,2779,0,duration-bucket-round-robin-v1,[],17,3,vid_1379,1379.mp4,12.207000,very_short
video-eeg-session-manifest-v2-duration-diversity,,../video_materials/formal_v1/videos,2779,0,duration-bucket-round-robin-v1,[],17,3,vid_1390,1390.mp4,12.236000,very_short
video-eeg-session-manifest-v2-duration-diversity,,../video_materials/formal_v1/videos,2779,0,duration-bucket-round-robin-v1,[],17,3,vid_1417,1417.mp4,12.306000,very_short
video-eeg-session-manifest-v2-duration-diversity,,../video_materials/formal_v1/videos,2779,0,duration-bucket-round-robin-v1,[],17,3,vid_1426,1426.mp4,12.330000,very_short
video-eeg-session-manifest-v2-duration-diversity,,../video_materials/formal_v1/videos,2779,0,duration-bucket-round-robin-v1,[],17,3,vid_1446,1446.mp4,12.399000,very_short
video-eeg-session-manifest-v2-duration-diversity,,../video_materials/formal_v1/videos,2779,0,duration-bucket-round-robin-v1,[],17,3,vid_1461,1461.mp4,12.445000,very_short
video-eeg-session-manifest-v2-duration-diversity,,../video_materials/formal_v1/videos,2779,0,duration-bucket-round-robin-v1,[],17,3,vid_1474,1474.mp4,12.484000,very_short
video-eeg-session-manifest-v2-duration-diversity,,../video_materials/formal_v1/videos,2779,0,duration-bucket-round-robin-v1,[],17,3,vid_1495,1495.mp4,12.538000,very_short
video-eeg-session-manifest-v2-duration-diversity,,../video_materials/formal_v1/videos,2779,0,duration-bucket-round-robin-v1,[],17,3,vid_1509,1509.mp4,12.561000,very_short
video-eeg-session-manifest-v2-duration-diversity,,../video_materials/formal_v1/videos,2779,0,duration-bucket-round-robin-v1,[],17,3,vid_1524,1524.mp4,12.584000,very_short
video-eeg-session-manifest-v2-duration-diversity,,../video_materials/formal_v1/videos,2779,0,duration-bucket-round-robin-v1,[],17,3,vid_1544,1544.mp4,12.631000,very_short
video-eeg-session-manifest-v2-duration-diversity,,../video_materials/formal_v1/videos,2779,0,duration-bucket-round-robin-v1,[],17,3,vid_1566,1566.mp4,12.677000,very_short
video-eeg-session-manifest-v2-duration-diversity,,../video_materials/formal_v1/videos,2779,0,duration-bucket-round-robin-v1,[],17,3,vid_1582,1582.mp4,12.724000,very_short
video-eeg-session-manifest-v2-duration-diversity,,../video_materials/formal_v1/videos,2779,0,duration-bucket-round-robin-v1,[],17,3,vid_1597,1597.mp4,12.748000,short
video-eeg-session-manifest-v2-duration-diversity,,../video_materials/formal_v1/videos,2779,0,duration-bucket-round-robin-v1,[],17,3,vid_1610,1610.mp4,12.771000,short
video-eeg-session-manifest-v2-duration-diversity,,../video_materials/formal_v1/videos,2779,0,duration-bucket-round-robin-v1,[],17,3,vid_1632,1632.mp4,12.841000,short
video-eeg-session-manifest-v2-duration-diversity,,../video_materials/formal_v1/videos,2779,0,duration-bucket-round-robin-v1,[],17,3,vid_1648,1648.mp4,12.886000,short
video-eeg-session-manifest-v2-duration-diversity,,../video_materials/formal_v1/videos,2779,0,duration-bucket-round-robin-v1,[],17,3,vid_1660,1660.mp4,12.911000,short
video-eeg-session-manifest-v2-duration-diversity,,../video_materials/formal_v1/videos,2779,0,duration-bucket-round-robin-v1,[],17,3,vid_1679,1679.mp4,12.956000,short
video-eeg-session-manifest-v2-duration-diversity,,../video_materials/formal_v1/videos,2779,0,duration-bucket-round-robin-v1,[],17,3,vid_1699,1699.mp4,13.004000,short
video-eeg-session-manifest-v2-duration-diversity,,../video_materials/formal_v1/videos,2779,0,duration-bucket-round-robin-v1,[],17,3,vid_1708,1708.mp4,13.027000,short
video-eeg-session-manifest-v2-duration-diversity,,../video_materials/formal_v1/videos,2779,0,duration-bucket-round-robin-v1,[],17,3,vid_1728,1728.mp4,13.072000,short
video-eeg-session-manifest-v2-duration-diversity,,../video_materials/formal_v1/videos,2779,0,duration-bucket-round-robin-v1,[],17,3,vid_1750,1750.mp4,13.118000,short
video-eeg-session-manifest-v2-duration-diversity,,../video_materials/formal_v1/videos,2779,0,duration-bucket-round-robin-v1,[],17,3,vid_1765,1765.mp4,13.166000,short
video-eeg-session-manifest-v2-duration-diversity,,../video_materials/formal_v1/videos,2779,0,duration-bucket-round-robin-v1,[],17,3,vid_1780,1780.mp4,13.213000,short
video-eeg-session-manifest-v2-duration-diversity,,../video_materials/formal_v1/videos,2779,0,duration-bucket-round-robin-v1,[],17,3,vid_1802,1802.mp4,13.281000,short
video-eeg-session-manifest-v2-duration-diversity,,../video_materials/formal_v1/videos,2779,0,duration-bucket-round-robin-v1,[],17,3,vid_1817,1817.mp4,13.306000,short
video-eeg-session-manifest-v2-duration-diversity,,../video_materials/formal_v1/videos,2779,0,duration-bucket-round-robin-v1,[],17,3,vid_1829,1829.mp4,13.334000,short
video-eeg-session-manifest-v2-duration-diversity,,../video_materials/formal_v1/videos,2779,0,duration-bucket-round-robin-v1,[],17,3,vid_1848,1848.mp4,13.422000,short
video-eeg-session-manifest-v2-duration-diversity,,../video_materials/formal_v1/videos,2779,0,duration-bucket-round-robin-v1,[],17,3,vid_1867,1867.mp4,13.490000,short
video-eeg-session-manifest-v2-duration-diversity,,../video_materials/formal_v1/videos,2779,0,duration-bucket-round-robin-v1,[],17,3,vid_1880,1880.mp4,13.536000,short
video-eeg-session-manifest-v2-duration-diversity,,../video_materials/formal_v1/videos,2779,0,duration-bucket-round-robin-v1,[],17,3,vid_1900,1900.mp4,13.629000,short
video-eeg-session-manifest-v2-duration-diversity,,../video_materials/formal_v1/videos,2779,0,duration-bucket-round-robin-v1,[],17,3,vid_1919,1919.mp4,13.667000,short
video-eeg-session-manifest-v2-duration-diversity,,../video_materials/formal_v1/videos,2779,0,duration-bucket-round-robin-v1,[],17,3,vid_1933,1933.mp4,13.700000,short
video-eeg-session-manifest-v2-duration-diversity,,../video_materials/formal_v1/videos,2779,0,duration-bucket-round-robin-v1,[],17,3,vid_1954,1954.mp4,13.768000,short
video-eeg-session-manifest-v2-duration-diversity,,../video_materials/formal_v1/videos,2779,0,duration-bucket-round-robin-v1,[],17,3,vid_1970,1970.mp4,13.793000,short
video-eeg-session-manifest-v2-duration-diversity,,../video_materials/formal_v1/videos,2779,0,duration-bucket-round-robin-v1,[],17,3,vid_1981,1981.mp4,13.861000,short
video-eeg-session-manifest-v2-duration-diversity,,../video_materials/formal_v1/videos,2779,0,duration-bucket-round-robin-v1,[],17,3,vid_2003,2003.mp4,13.909000,short
video-eeg-session-manifest-v2-duration-diversity,,../video_materials/formal_v1/videos,2779,0,duration-bucket-round-robin-v1,[],17,3,vid_2018,2018.mp4,13.956000,short
video-eeg-session-manifest-v2-duration-diversity,,../video_materials/formal_v1/videos,2779,0,duration-bucket-round-robin-v1,[],17,3,vid_2034,2034.mp4,14.001000,short
video-eeg-session-manifest-v2-duration-diversity,,../video_materials/formal_v1/videos,2779,0,duration-bucket-round-robin-v1,[],17,3,vid_2055,2055.mp4,14.070000,short
video-eeg-session-manifest-v2-duration-diversity,,../video_materials/formal_v1/videos,2779,0,duration-bucket-round-robin-v1,[],17,3,vid_2074,2074.mp4,14.118000,short
video-eeg-session-manifest-v2-duration-diversity,,../video_materials/formal_v1/videos,2779,0,duration-bucket-round-robin-v1,[],17,3,vid_2088,2088.mp4,14.165000,short
video-eeg-session-manifest-v2-duration-diversity,,../video_materials/formal_v1/videos,2779,0,duration-bucket-round-robin-v1,[],17,3,vid_2100,2100.mp4,14.188000,short
video-eeg-session-manifest-v2-duration-diversity,,../video_materials/formal_v1/videos,2779,0,duration-bucket-round-robin-v1,[],17,3,vid_2124,2124.mp4,14.256000,short
video-eeg-session-manifest-v2-duration-diversity,,../video_materials/formal_v1/videos,2779,0,duration-bucket-round-robin-v1,[],17,3,vid_2137,2137.mp4,14.281000,short
video-eeg-session-manifest-v2-duration-diversity,,../video_materials/formal_v1/videos,2779,0,duration-bucket-round-robin-v1,[],17,3,vid_2159,2159.mp4,14.349000,short
video-eeg-session-manifest-v2-duration-diversity,,../video_materials/formal_v1/videos,2779,0,duration-bucket-round-robin-v1,[],17,3,vid_2176,2176.mp4,14.397000,short
video-eeg-session-manifest-v2-duration-diversity,,../video_materials/formal_v1/videos,2779,0,duration-bucket-round-robin-v1,[],17,3,vid_2191,2191.mp4,14.443000,short
video-eeg-session-manifest-v2-duration-diversity,,../video_materials/formal_v1/videos,2779,0,duration-bucket-round-robin-v1,[],17,3,vid_2205,2205.mp4,14.510000,short
video-eeg-session-manifest-v2-duration-diversity,,../video_materials/formal_v1/videos,2779,0,duration-bucket-round-robin-v1,[],17,3,vid_2226,2226.mp4,14.536000,short
video-eeg-session-manifest-v2-duration-diversity,,../video_materials/formal_v1/videos,2779,0,duration-bucket-round-robin-v1,[],17,3,vid_2237,2237.mp4,14.559000,short
video-eeg-session-manifest-v2-duration-diversity,,../video_materials/formal_v1/videos,2779,0,duration-bucket-round-robin-v1,[],17,3,vid_2259,2259.mp4,14.583000,short
video-eeg-session-manifest-v2-duration-diversity,,../video_materials/formal_v1/videos,2779,0,duration-bucket-round-robin-v1,[],17,3,vid_2273,2273.mp4,14.634000,short
video-eeg-session-manifest-v2-duration-diversity,,../video_materials/formal_v1/videos,2779,0,duration-bucket-round-robin-v1,[],17,3,vid_2292,2292.mp4,14.674000,short
video-eeg-session-manifest-v2-duration-diversity,,../video_materials/formal_v1/videos,2779,0,duration-bucket-round-robin-v1,[],17,3,vid_2308,2308.mp4,14.699000,short
video-eeg-session-manifest-v2-duration-diversity,,../video_materials/formal_v1/videos,2779,0,duration-bucket-round-robin-v1,[],17,3,vid_2321,2321.mp4,14.722000,short
video-eeg-session-manifest-v2-duration-diversity,,../video_materials/formal_v1/videos,2779,0,duration-bucket-round-robin-v1,[],17,3,vid_2343,2343.mp4,14.768000,short
video-eeg-session-manifest-v2-duration-diversity,,../video_materials/formal_v1/videos,2779,0,duration-bucket-round-robin-v1,[],17,3,vid_2357,2357.mp4,14.792000,short
video-eeg-session-manifest-v2-duration-diversity,,../video_materials/formal_v1/videos,2779,0,duration-bucket-round-robin-v1,[],17,3,vid_2373,2373.mp4,14.837000,short
video-eeg-session-manifest-v2-duration-diversity,,../video_materials/formal_v1/videos,2779,0,duration-bucket-round-robin-v1,[],17,3,vid_2393,2393.mp4,14.861000,short
video-eeg-session-manifest-v2-duration-diversity,,../video_materials/formal_v1/videos,2779,0,duration-bucket-round-robin-v1,[],17,3,vid_2408,2408.mp4,14.884000,short
video-eeg-session-manifest-v2-duration-diversity,,../video_materials/formal_v1/videos,2779,0,duration-bucket-round-robin-v1,[],17,3,vid_2427,2427.mp4,14.908000,short
video-eeg-session-manifest-v2-duration-diversity,,../video_materials/formal_v1/videos,2779,0,duration-bucket-round-robin-v1,[],17,3,vid_2442,2442.mp4,14.931000,short
video-eeg-session-manifest-v2-duration-diversity,,../video_materials/formal_v1/videos,2779,0,duration-bucket-round-robin-v1,[],17,3,vid_2464,2464.mp4,14.954000,short
video-eeg-session-manifest-v2-duration-diversity,,../video_materials/formal_v1/videos,2779,0,duration-bucket-round-robin-v1,[],17,3,vid_2492,2492.mp4,14.977000,short
video-eeg-session-manifest-v2-duration-diversity,,../video_materials/formal_v1/videos,2779,0,duration-bucket-round-robin-v1,[],17,3,vid_2494,2494.mp4,14.999000,short
video-eeg-session-manifest-v2-duration-diversity,,../video_materials/formal_v1/videos,2779,0,duration-bucket-round-robin-v1,[],17,3,vid_2508,2508.mp4,15.001000,short
video-eeg-session-manifest-v2-duration-diversity,,../video_materials/formal_v1/videos,2779,0,duration-bucket-round-robin-v1,[],17,3,vid_2536,2536.mp4,15.024000,short
video-eeg-session-manifest-v2-duration-diversity,,../video_materials/formal_v1/videos,2779,0,duration-bucket-round-robin-v1,[],17,3,vid_2542,2542.mp4,15.024000,short
video-eeg-session-manifest-v2-duration-diversity,,../video_materials/formal_v1/videos,2779,0,duration-bucket-round-robin-v1,[],17,3,vid_2564,2564.mp4,15.046000,short
video-eeg-session-manifest-v2-duration-diversity,,../video_materials/formal_v1/videos,2779,0,duration-bucket-round-robin-v1,[],17,3,vid_2582,2582.mp4,15.046000,short
video-eeg-session-manifest-v2-duration-diversity,,../video_materials/formal_v1/videos,2779,0,duration-bucket-round-robin-v1,[],17,3,vid_2606,2606.mp4,15.047000,short
video-eeg-session-manifest-v2-duration-diversity,,../video_materials/formal_v1/videos,2779,0,duration-bucket-round-robin-v1,[],17,3,vid_2615,2615.mp4,15.067000,short
video-eeg-session-manifest-v2-duration-diversity,,../video_materials/formal_v1/videos,2779,0,duration-bucket-round-robin-v1,[],17,3,vid_2617,2617.mp4,15.069000,short
video-eeg-session-manifest-v2-duration-diversity,,../video_materials/formal_v1/videos,2779,0,duration-bucket-round-robin-v1,[],17,3,vid_2621,2621.mp4,15.069000,short
video-eeg-session-manifest-v2-duration-diversity,,../video_materials/formal_v1/videos,2779,0,duration-bucket-round-robin-v1,[],17,3,vid_2632,2632.mp4,15.069000,short
video-eeg-session-manifest-v2-duration-diversity,,../video_materials/formal_v1/videos,2779,0,duration-bucket-round-robin-v1,[],17,3,vid_2696,2696.mp4,15.070000,short
video-eeg-session-manifest-v2-duration-diversity,,../video_materials/formal_v1/videos,2779,0,duration-bucket-round-robin-v1,[],17,3,vid_2703,2703.mp4,15.070000,short
video-eeg-session-manifest-v2-duration-diversity,,../video_materials/formal_v1/videos,2779,0,duration-bucket-round-robin-v1,[],17,3,vid_2757,2757.mp4,15.070000,short
video-eeg-session-manifest-v2-duration-diversity,,../video_materials/formal_v1/videos,2779,0,duration-bucket-round-robin-v1,[],17,3,vid_2764,2764.mp4,15.070000,short
video-eeg-session-manifest-v2-duration-diversity,,../video_materials/formal_v1/videos,2779,0,duration-bucket-round-robin-v1,[],17,3,vid_2769,2769.mp4,15.070000,short
video-eeg-session-manifest-v2-duration-diversity,,../video_materials/formal_v1/videos,2779,0,duration-bucket-round-robin-v1,[],17,4,vid_0019,0019.mp4,5.826000,very_short
video-eeg-session-manifest-v2-duration-diversity,,../video_materials/formal_v1/videos,2779,0,duration-bucket-round-robin-v1,[],17,4,vid_0028,0028.mp4,6.152000,very_short
video-eeg-session-manifest-v2-duration-diversity,,../video_materials/formal_v1/videos,2779,0,duration-bucket-round-robin-v1,[],17,4,vid_0057,0057.mp4,6.617000,very_short
video-eeg-session-manifest-v2-duration-diversity,,../video_materials/formal_v1/videos,2779,0,duration-bucket-round-robin-v1,[],17,4,vid_0061,0061.mp4,6.710000,very_short
video-eeg-session-manifest-v2-duration-diversity,,../video_materials/formal_v1/videos,2779,0,duration-bucket-round-robin-v1,[],17,4,vid_0093,0093.mp4,7.081000,very_short
video-eeg-session-manifest-v2-duration-diversity,,../video_materials/formal_v1/videos,2779,0,duration-bucket-round-robin-v1,[],17,4,vid_0100,0100.mp4,7.104000,very_short
video-eeg-session-manifest-v2-duration-diversity,,../video_materials/formal_v1/videos,2779,0,duration-bucket-round-robin-v1,[],17,4,vid_0113,0113.mp4,7.151000,very_short
video-eeg-session-manifest-v2-duration-diversity,,../video_materials/formal_v1/videos,2779,0,duration-bucket-round-robin-v1,[],17,4,vid_0128,0128.mp4,7.244000,very_short
video-eeg-session-manifest-v2-duration-diversity,,../video_materials/formal_v1/videos,2779,0,duration-bucket-round-robin-v1,[],17,4,vid_0161,0161.mp4,7.521000,very_short
video-eeg-session-manifest-v2-duration-diversity,,../video_materials/formal_v1/videos,2779,0,duration-bucket-round-robin-v1,[],17,4,vid_0162,0162.mp4,7.522000,very_short
video-eeg-session-manifest-v2-duration-diversity,,../video_materials/formal_v1/videos,2779,0,duration-bucket-round-robin-v1,[],17,4,vid_0193,0193.mp4,7.871000,very_short
video-eeg-session-manifest-v2-duration-diversity,,../video_materials/formal_v1/videos,2779,0,duration-bucket-round-robin-v1,[],17,4,vid_0199,0199.mp4,7.917000,very_short
video-eeg-session-manifest-v2-duration-diversity,,../video_materials/formal_v1/videos,2779,0,duration-bucket-round-robin-v1,[],17,4,vid_0216,0216.mp4,8.033000,very_short
video-eeg-session-manifest-v2-duration-diversity,,../video_materials/formal_v1/videos,2779,0,duration-bucket-round-robin-v1,[],17,4,vid_0236,0236.mp4,8.126000,very_short
video-eeg-session-manifest-v2-duration-diversity,,../video_materials/formal_v1/videos,2779,0,duration-bucket-round-robin-v1,[],17,4,vid_0261,0261.mp4,8.474000,very_short
video-eeg-session-manifest-v2-duration-diversity,,../video_materials/formal_v1/videos,2779,0,duration-bucket-round-robin-v1,[],17,4,vid_0266,0266.mp4,8.519000,very_short
video-eeg-session-manifest-v2-duration-diversity,,../video_materials/formal_v1/videos,2779,0,duration-bucket-round-robin-v1,[],17,4,vid_0291,0291.mp4,8.728000,very_short
video-eeg-session-manifest-v2-duration-diversity,,../video_materials/formal_v1/videos,2779,0,duration-bucket-round-robin-v1,[],17,4,vid_0304,0304.mp4,8.868000,very_short
video-eeg-session-manifest-v2-duration-diversity,,../video_materials/formal_v1/videos,2779,0,duration-bucket-round-robin-v1,[],17,4,vid_0321,0321.mp4,9.007000,very_short
video-eeg-session-manifest-v2-duration-diversity,,../video_materials/formal_v1/videos,2779,0,duration-bucket-round-robin-v1,[],17,4,vid_0340,0340.mp4,9.194000,very_short
video-eeg-session-manifest-v2-duration-diversity,,../video_materials/formal_v1/videos,2779,0,duration-bucket-round-robin-v1,[],17,4,vid_0357,0357.mp4,9.334000,very_short
video-eeg-session-manifest-v2-duration-diversity,,../video_materials/formal_v1/videos,2779,0,duration-bucket-round-robin-v1,[],17,4,vid_0382,0382.mp4,9.566000,very_short
video-eeg-session-manifest-v2-duration-diversity,,../video_materials/formal_v1/videos,2779,0,duration-bucket-round-robin-v1,[],17,4,vid_0383,0383.mp4,9.566000,very_short
video-eeg-session-manifest-v2-duration-diversity,,../video_materials/formal_v1/videos,2779,0,duration-bucket-round-robin-v1,[],17,4,vid_0416,0416.mp4,10.005000,very_short
video-eeg-session-manifest-v2-duration-diversity,,../video_materials/formal_v1/videos,2779,0,duration-bucket-round-robin-v1,[],17,4,vid_0419,0419.mp4,10.030000,very_short
video-eeg-session-manifest-v2-duration-diversity,,../video_materials/formal_v1/videos,2779,0,duration-bucket-round-robin-v1,[],17,4,vid_0448,0448.mp4,10.095000,very_short
video-eeg-session-manifest-v2-duration-diversity,,../video_materials/formal_v1/videos,2779,0,duration-bucket-round-robin-v1,[],17,4,vid_0461,0461.mp4,10.101000,very_short
video-eeg-session-manifest-v2-duration-diversity,,../video_materials/formal_v1/videos,2779,0,duration-bucket-round-robin-v1,[],17,4,vid_0479,0479.mp4,10.124000,very_short
video-eeg-session-manifest-v2-duration-diversity,,../video_materials/formal_v1/videos,2779,0,duration-bucket-round-robin-v1,[],17,4,vid_0487,0487.mp4,10.146000,very_short
video-eeg-session-manifest-v2-duration-diversity,,../video_materials/formal_v1/videos,2779,0,duration-bucket-round-robin-v1,[],17,4,vid_0509,0509.mp4,10.193000,very_short
video-eeg-session-manifest-v2-duration-diversity,,../video_materials/formal_v1/videos,2779,0,duration-bucket-round-robin-v1,[],17,4,vid_0535,0535.mp4,10.266000,very_short
video-eeg-session-manifest-v2-duration-diversity,,../video_materials/formal_v1/videos,2779,0,duration-bucket-round-robin-v1,[],17,4,vid_0536,0536.mp4,10.267000,very_short
video-eeg-session-manifest-v2-duration-diversity,,../video_materials/formal_v1/videos,2779,0,duration-bucket-round-robin-v1,[],17,4,vid_0564,0564.mp4,10.332000,very_short
video-eeg-session-manifest-v2-duration-diversity,,../video_materials/formal_v1/videos,2779,0,duration-bucket-round-robin-v1,[],17,4,vid_0577,0577.mp4,10.355000,very_short
video-eeg-session-manifest-v2-duration-diversity,,../video_materials/formal_v1/videos,2779,0,duration-bucket-round-robin-v1,[],17,4,vid_0592,0592.mp4,10.378000,very_short
video-eeg-session-manifest-v2-duration-diversity,,../video_materials/formal_v1/videos,2779,0,duration-bucket-round-robin-v1,[],17,4,vid_0609,0609.mp4,10.425000,very_short
video-eeg-session-manifest-v2-duration-diversity,,../video_materials/formal_v1/videos,2779,0,duration-bucket-round-robin-v1,[],17,4,vid_0631,0631.mp4,10.471000,very_short
video-eeg-session-manifest-v2-duration-diversity,,../video_materials/formal_v1/videos,2779,0,duration-bucket-round-robin-v1,[],17,4,vid_0647,0647.mp4,10.496000,very_short
video-eeg-session-manifest-v2-duration-diversity,,../video_materials/formal_v1/videos,2779,0,duration-bucket-round-robin-v1,[],17,4,vid_0662,0662.mp4,10.541000,very_short
video-eeg-session-manifest-v2-duration-diversity,,../video_materials/formal_v1/videos,2779,0,duration-bucket-round-robin-v1,[],17,4,vid_0685,0685.mp4,10.587000,very_short
video-eeg-session-manifest-v2-duration-diversity,,../video_materials/formal_v1/videos,2779,0,duration-bucket-round-robin-v1,[],17,4,vid_0700,0700.mp4,10.612000,very_short
video-eeg-session-manifest-v2-duration-diversity,,../video_materials/formal_v1/videos,2779,0,duration-bucket-round-robin-v1,[],17,4,vid_0705,0705.mp4,10.634000,very_short
video-eeg-session-manifest-v2-duration-diversity,,../video_materials/formal_v1/videos,2779,0,duration-bucket-round-robin-v1,[],17,4,vid_0738,0738.mp4,10.718000,very_short
video-eeg-session-manifest-v2-duration-diversity,,../video_materials/formal_v1/videos,2779,0,duration-bucket-round-robin-v1,[],17,4,vid_0744,0744.mp4,10.728000,very_short
video-eeg-session-manifest-v2-duration-diversity,,../video_materials/formal_v1/videos,2779,0,duration-bucket-round-robin-v1,[],17,4,vid_0771,0771.mp4,10.796000,very_short
video-eeg-session-manifest-v2-duration-diversity,,../video_materials/formal_v1/videos,2779,0,duration-bucket-round-robin-v1,[],17,4,vid_0782,0782.mp4,10.821000,very_short
video-eeg-session-manifest-v2-duration-diversity,,../video_materials/formal_v1/videos,2779,0,duration-bucket-round-robin-v1,[],17,4,vid_0807,0807.mp4,10.889000,very_short
video-eeg-session-manifest-v2-duration-diversity,,../video_materials/formal_v1/videos,2779,0,duration-bucket-round-robin-v1,[],17,4,vid_0811,0811.mp4,10.912000,very_short
video-eeg-session-manifest-v2-duration-diversity,,../video_materials/formal_v1/videos,2779,0,duration-bucket-round-robin-v1,[],17,4,vid_0829,0829.mp4,10.959000,very_short
video-eeg-session-manifest-v2-duration-diversity,,../video_materials/formal_v1/videos,2779,0,duration-bucket-round-robin-v1,[],17,4,vid_0847,0847.mp4,10.982000,very_short
video-eeg-session-manifest-v2-duration-diversity,,../video_materials/formal_v1/videos,2779,0,duration-bucket-round-robin-v1,[],17,4,vid_0876,0876.mp4,11.052000,very_short
video-eeg-session-manifest-v2-duration-diversity,,../video_materials/formal_v1/videos,2779,0,duration-bucket-round-robin-v1,[],17,4,vid_0884,0884.mp4,11.053000,very_short
video-eeg-session-manifest-v2-duration-diversity,,../video_materials/formal_v1/videos,2779,0,duration-bucket-round-robin-v1,[],17,4,vid_0900,0900.mp4,11.100000,very_short
video-eeg-session-manifest-v2-duration-diversity,,../video_materials/formal_v1/videos,2779,0,duration-bucket-round-robin-v1,[],17,4,vid_0922,0922.mp4,11.168000,very_short
video-eeg-session-manifest-v2-duration-diversity,,../video_materials/formal_v1/videos,2779,0,duration-bucket-round-robin-v1,[],17,4,vid_0933,0933.mp4,11.193000,very_short
video-eeg-session-manifest-v2-duration-diversity,,../video_materials/formal_v1/videos,2779,0,duration-bucket-round-robin-v1,[],17,4,vid_0953,0953.mp4,11.238000,very_short
video-eeg-session-manifest-v2-duration-diversity,,../video_materials/formal_v1/videos,2779,0,duration-bucket-round-robin-v1,[],17,4,vid_0962,0962.mp4,11.261000,very_short
video-eeg-session-manifest-v2-duration-diversity,,../video_materials/formal_v1/videos,2779,0,duration-bucket-round-robin-v1,[],17,4,vid_0994,0994.mp4,11.354000,very_short
video-eeg-session-manifest-v2-duration-diversity,,../video_materials/formal_v1/videos,2779,0,duration-bucket-round-robin-v1,[],17,4,vid_0997,0997.mp4,11.355000,very_short
video-eeg-session-manifest-v2-duration-diversity,,../video_materials/formal_v1/videos,2779,0,duration-bucket-round-robin-v1,[],17,4,vid_1020,1020.mp4,11.423000,very_short
video-eeg-session-manifest-v2-duration-diversity,,../video_materials/formal_v1/videos,2779,0,duration-bucket-round-robin-v1,[],17,4,vid_1036,1036.mp4,11.447000,very_short
video-eeg-session-manifest-v2-duration-diversity,,../video_materials/formal_v1/videos,2779,0,duration-bucket-round-robin-v1,[],17,4,vid_1055,1055.mp4,11.494000,very_short
video-eeg-session-manifest-v2-duration-diversity,,../video_materials/formal_v1/videos,2779,0,duration-bucket-round-robin-v1,[],17,4,vid_1075,1075.mp4,11.541000,very_short
video-eeg-session-manifest-v2-duration-diversity,,../video_materials/formal_v1/videos,2779,0,duration-bucket-round-robin-v1,[],17,4,vid_1092,1092.mp4,11.564000,very_short
video-eeg-session-manifest-v2-duration-diversity,,../video_materials/formal_v1/videos,2779,0,duration-bucket-round-robin-v1,[],17,4,vid_1109,1109.mp4,11.587000,very_short
video-eeg-session-manifest-v2-duration-diversity,,../video_materials/formal_v1/videos,2779,0,duration-bucket-round-robin-v1,[],17,4,vid_1115,1115.mp4,11.609000,very_short
video-eeg-session-manifest-v2-duration-diversity,,../video_materials/formal_v1/videos,2779,0,duration-bucket-round-robin-v1,[],17,4,vid_1142,1142.mp4,11.657000,very_short
video-eeg-session-manifest-v2-duration-diversity,,../video_materials/formal_v1/videos,2779,0,duration-bucket-round-robin-v1,[],17,4,vid_1153,1153.mp4,11.702000,very_short
video-eeg-session-manifest-v2-duration-diversity,,../video_materials/formal_v1/videos,2779,0,duration-bucket-round-robin-v1,[],17,4,vid_1175,1175.mp4,11.750000,very_short
video-eeg-session-manifest-v2-duration-diversity,,../video_materials/formal_v1/videos,2779,0,duration-bucket-round-robin-v1,[],17,4,vid_1185,1185.mp4,11.773000,very_short
video-eeg-session-manifest-v2-duration-diversity,,../video_materials/formal_v1/videos,2779,0,duration-bucket-round-robin-v1,[],17,4,vid_1213,1213.mp4,11.819000,very_short
video-eeg-session-manifest-v2-duration-diversity,,../video_materials/formal_v1/videos,2779,0,duration-bucket-round-robin-v1,[],17,4,vid_1222,1222.mp4,11.843000,very_short
video-eeg-session-manifest-v2-duration-diversity,,../video_materials/formal_v1/videos,2779,0,duration-bucket-round-robin-v1,[],17,4,vid_1239,1239.mp4,11.888000,very_short
video-eeg-session-manifest-v2-duration-diversity,,../video_materials/formal_v1/videos,2779,0,duration-bucket-round-robin-v1,[],17,4,vid_1261,1261.mp4,11.934000,very_short
video-eeg-session-manifest-v2-duration-diversity,,../video_materials/formal_v1/videos,2779,0,duration-bucket-round-robin-v1,[],17,4,vid_1270,1270.mp4,11.936000,very_short
video-eeg-session-manifest-v2-duration-diversity,,../video_materials/formal_v1/videos,2779,0,duration-bucket-round-robin-v1,[],17,4,vid_1300,1300.mp4,12.027000,very_short
video-eeg-session-manifest-v2-duration-diversity,,../video_materials/formal_v1/videos,2779,0,duration-bucket-round-robin-v1,[],17,4,vid_1304,1304.mp4,12.028000,very_short
video-eeg-session-manifest-v2-duration-diversity,,../video_materials/formal_v1/videos,2779,0,duration-bucket-round-robin-v1,[],17,4,vid_1319,1319.mp4,12.052000,very_short
video-eeg-session-manifest-v2-duration-diversity,,../video_materials/formal_v1/videos,2779,0,duration-bucket-round-robin-v1,[],17,4,vid_1343,1343.mp4,12.120000,very_short
video-eeg-session-manifest-v2-duration-diversity,,../video_materials/formal_v1/videos,2779,0,duration-bucket-round-robin-v1,[],17,4,vid_1365,1365.mp4,12.168000,very_short
video-eeg-session-manifest-v2-duration-diversity,,../video_materials/formal_v1/videos,2779,0,duration-bucket-round-robin-v1,[],17,4,vid_1377,1377.mp4,12.200000,very_short
video-eeg-session-manifest-v2-duration-diversity,,../video_materials/formal_v1/videos,2779,0,duration-bucket-round-robin-v1,[],17,4,vid_1391,1391.mp4,12.237000,very_short
video-eeg-session-manifest-v2-duration-diversity,,../video_materials/formal_v1/videos,2779,0,duration-bucket-round-robin-v1,[],17,4,vid_1415,1415.mp4,12.306000,very_short
video-eeg-session-manifest-v2-duration-diversity,,../video_materials/formal_v1/videos,2779,0,duration-bucket-round-robin-v1,[],17,4,vid_1422,1422.mp4,12.329000,very_short
video-eeg-session-manifest-v2-duration-diversity,,../video_materials/formal_v1/videos,2779,0,duration-bucket-round-robin-v1,[],17,4,vid_1445,1445.mp4,12.399000,very_short
video-eeg-session-manifest-v2-duration-diversity,,../video_materials/formal_v1/videos,2779,0,duration-bucket-round-robin-v1,[],17,4,vid_1463,1463.mp4,12.445000,very_short
video-eeg-session-manifest-v2-duration-diversity,,../video_materials/formal_v1/videos,2779,0,duration-bucket-round-robin-v1,[],17,4,vid_1476,1476.mp4,12.491000,very_short
video-eeg-session-manifest-v2-duration-diversity,,../video_materials/formal_v1/videos,2779,0,duration-bucket-round-robin-v1,[],17,4,vid_1499,1499.mp4,12.538000,very_short
video-eeg-session-manifest-v2-duration-diversity,,../video_materials/formal_v1/videos,2779,0,duration-bucket-round-robin-v1,[],17,4,vid_1517,1517.mp4,12.562000,very_short
video-eeg-session-manifest-v2-duration-diversity,,../video_materials/formal_v1/videos,2779,0,duration-bucket-round-robin-v1,[],17,4,vid_1526,1526.mp4,12.586000,very_short
video-eeg-session-manifest-v2-duration-diversity,,../video_materials/formal_v1/videos,2779,0,duration-bucket-round-robin-v1,[],17,4,vid_1545,1545.mp4,12.631000,very_short
video-eeg-session-manifest-v2-duration-diversity,,../video_materials/formal_v1/videos,2779,0,duration-bucket-round-robin-v1,[],17,4,vid_1562,1562.mp4,12.667000,very_short
video-eeg-session-manifest-v2-duration-diversity,,../video_materials/formal_v1/videos,2779,0,duration-bucket-round-robin-v1,[],17,4,vid_1585,1585.mp4,12.724000,very_short
video-eeg-session-manifest-v2-duration-diversity,,../video_materials/formal_v1/videos,2779,0,duration-bucket-round-robin-v1,[],17,4,vid_1598,1598.mp4,12.748000,short
video-eeg-session-manifest-v2-duration-diversity,,../video_materials/formal_v1/videos,2779,0,duration-bucket-round-robin-v1,[],17,4,vid_1605,1605.mp4,12.770000,short
video-eeg-session-manifest-v2-duration-diversity,,../video_materials/formal_v1/videos,2779,0,duration-bucket-round-robin-v1,[],17,4,vid_1628,1628.mp4,12.841000,short
video-eeg-session-manifest-v2-duration-diversity,,../video_materials/formal_v1/videos,2779,0,duration-bucket-round-robin-v1,[],17,4,vid_1649,1649.mp4,12.886000,short
video-eeg-session-manifest-v2-duration-diversity,,../video_materials/formal_v1/videos,2779,0,duration-bucket-round-robin-v1,[],17,4,vid_1661,1661.mp4,12.911000,short
video-eeg-session-manifest-v2-duration-diversity,,../video_materials/formal_v1/videos,2779,0,duration-bucket-round-robin-v1,[],17,4,vid_1678,1678.mp4,12.956000,short
video-eeg-session-manifest-v2-duration-diversity,,../video_materials/formal_v1/videos,2779,0,duration-bucket-round-robin-v1,[],17,4,vid_1698,1698.mp4,13.004000,short
video-eeg-session-manifest-v2-duration-diversity,,../video_materials/formal_v1/videos,2779,0,duration-bucket-round-robin-v1,[],17,4,vid_1714,1714.mp4,13.049000,short
video-eeg-session-manifest-v2-duration-diversity,,../video_materials/formal_v1/videos,2779,0,duration-bucket-round-robin-v1,[],17,4,vid_1721,1721.mp4,13.050000,short
video-eeg-session-manifest-v2-duration-diversity,,../video_materials/formal_v1/videos,2779,0,duration-bucket-round-robin-v1,[],17,4,vid_1749,1749.mp4,13.118000,short
video-eeg-session-manifest-v2-duration-diversity,,../video_materials/formal_v1/videos,2779,0,duration-bucket-round-robin-v1,[],17,4,vid_1770,1770.mp4,13.188000,short
video-eeg-session-manifest-v2-duration-diversity,,../video_materials/formal_v1/videos,2779,0,duration-bucket-round-robin-v1,[],17,4,vid_1775,1775.mp4,13.189000,short
video-eeg-session-manifest-v2-duration-diversity,,../video_materials/formal_v1/videos,2779,0,duration-bucket-round-robin-v1,[],17,4,vid_1801,1801.mp4,13.281000,short
video-eeg-session-manifest-v2-duration-diversity,,../video_materials/formal_v1/videos,2779,0,duration-bucket-round-robin-v1,[],17,4,vid_1811,1811.mp4,13.292000,short
video-eeg-session-manifest-v2-duration-diversity,,../video_materials/formal_v1/videos,2779,0,duration-bucket-round-robin-v1,[],17,4,vid_1831,1831.mp4,13.352000,short
video-eeg-session-manifest-v2-duration-diversity,,../video_materials/formal_v1/videos,2779,0,duration-bucket-round-robin-v1,[],17,4,vid_1849,1849.mp4,13.422000,short
video-eeg-session-manifest-v2-duration-diversity,,../video_materials/formal_v1/videos,2779,0,duration-bucket-round-robin-v1,[],17,4,vid_1866,1866.mp4,13.490000,short
video-eeg-session-manifest-v2-duration-diversity,,../video_materials/formal_v1/videos,2779,0,duration-bucket-round-robin-v1,[],17,4,vid_1882,1882.mp4,13.536000,short
video-eeg-session-manifest-v2-duration-diversity,,../video_materials/formal_v1/videos,2779,0,duration-bucket-round-robin-v1,[],17,4,vid_1904,1904.mp4,13.629000,short
video-eeg-session-manifest-v2-duration-diversity,,../video_materials/formal_v1/videos,2779,0,duration-bucket-round-robin-v1,[],17,4,vid_1914,1914.mp4,13.652000,short
video-eeg-session-manifest-v2-duration-diversity,,../video_materials/formal_v1/videos,2779,0,duration-bucket-round-robin-v1,[],17,4,vid_1937,1937.mp4,13.722000,short
video-eeg-session-manifest-v2-duration-diversity,,../video_materials/formal_v1/videos,2779,0,duration-bucket-round-robin-v1,[],17,4,vid_1949,1949.mp4,13.747000,short
video-eeg-session-manifest-v2-duration-diversity,,../video_materials/formal_v1/videos,2779,0,duration-bucket-round-robin-v1,[],17,4,vid_1971,1971.mp4,13.815000,short
video-eeg-session-manifest-v2-duration-diversity,,../video_materials/formal_v1/videos,2779,0,duration-bucket-round-robin-v1,[],17,4,vid_1988,1988.mp4,13.863000,short
video-eeg-session-manifest-v2-duration-diversity,,../video_materials/formal_v1/videos,2779,0,duration-bucket-round-robin-v1,[],17,4,vid_2000,2000.mp4,13.886000,short
video-eeg-session-manifest-v2-duration-diversity,,../video_materials/formal_v1/videos,2779,0,duration-bucket-round-robin-v1,[],17,4,vid_2021,2021.mp4,13.956000,short
video-eeg-session-manifest-v2-duration-diversity,,../video_materials/formal_v1/videos,2779,0,duration-bucket-round-robin-v1,[],17,4,vid_2039,2039.mp4,14.025000,short
video-eeg-session-manifest-v2-duration-diversity,,../video_materials/formal_v1/videos,2779,0,duration-bucket-round-robin-v1,[],17,4,vid_2053,2053.mp4,14.049000,short
video-eeg-session-manifest-v2-duration-diversity,,../video_materials/formal_v1/videos,2779,0,duration-bucket-round-robin-v1,[],17,4,vid_2068,2068.mp4,14.115000,short
video-eeg-session-manifest-v2-duration-diversity,,../video_materials/formal_v1/videos,2779,0,duration-bucket-round-robin-v1,[],17,4,vid_2091,2091.mp4,14.165000,short
video-eeg-session-manifest-v2-duration-diversity,,../video_materials/formal_v1/videos,2779,0,duration-bucket-round-robin-v1,[],17,4,vid_2105,2105.mp4,14.200000,short
video-eeg-session-manifest-v2-duration-diversity,,../video_materials/formal_v1/videos,2779,0,duration-bucket-round-robin-v1,[],17,4,vid_2116,2116.mp4,14.234000,short
video-eeg-session-manifest-v2-duration-diversity,,../video_materials/formal_v1/videos,2779,0,duration-bucket-round-robin-v1,[],17,4,vid_2141,2141.mp4,14.303000,short
video-eeg-session-manifest-v2-duration-diversity,,../video_materials/formal_v1/videos,2779,0,duration-bucket-round-robin-v1,[],17,4,vid_2155,2155.mp4,14.348000,short
video-eeg-session-manifest-v2-duration-diversity,,../video_materials/formal_v1/videos,2779,0,duration-bucket-round-robin-v1,[],17,4,vid_2168,2168.mp4,14.395000,short
video-eeg-session-manifest-v2-duration-diversity,,../video_materials/formal_v1/videos,2779,0,duration-bucket-round-robin-v1,[],17,4,vid_2190,2190.mp4,14.443000,short
video-eeg-session-manifest-v2-duration-diversity,,../video_materials/formal_v1/videos,2779,0,duration-bucket-round-robin-v1,[],17,4,vid_2207,2207.mp4,14.513000,short
video-eeg-session-manifest-v2-duration-diversity,,../video_materials/formal_v1/videos,2779,0,duration-bucket-round-robin-v1,[],17,4,vid_2223,2223.mp4,14.536000,short
video-eeg-session-manifest-v2-duration-diversity,,../video_materials/formal_v1/videos,2779,0,duration-bucket-round-robin-v1,[],17,4,vid_2239,2239.mp4,14.559000,short
video-eeg-session-manifest-v2-duration-diversity,,../video_materials/formal_v1/videos,2779,0,duration-bucket-round-robin-v1,[],17,4,vid_2260,2260.mp4,14.601000,short
video-eeg-session-manifest-v2-duration-diversity,,../video_materials/formal_v1/videos,2779,0,duration-bucket-round-robin-v1,[],17,4,vid_2279,2279.mp4,14.651000,short
video-eeg-session-manifest-v2-duration-diversity,,../video_materials/formal_v1/videos,2779,0,duration-bucket-round-robin-v1,[],17,4,vid_2295,2295.mp4,14.676000,short
video-eeg-session-manifest-v2-duration-diversity,,../video_materials/formal_v1/videos,2779,0,duration-bucket-round-robin-v1,[],17,4,vid_2312,2312.mp4,14.700000,short
video-eeg-session-manifest-v2-duration-diversity,,../video_materials/formal_v1/videos,2779,0,duration-bucket-round-robin-v1,[],17,4,vid_2326,2326.mp4,14.734000,short
video-eeg-session-manifest-v2-duration-diversity,,../video_materials/formal_v1/videos,2779,0,duration-bucket-round-robin-v1,[],17,4,vid_2344,2344.mp4,14.768000,short
video-eeg-session-manifest-v2-duration-diversity,,../video_materials/formal_v1/videos,2779,0,duration-bucket-round-robin-v1,[],17,4,vid_2359,2359.mp4,14.792000,short
video-eeg-session-manifest-v2-duration-diversity,,../video_materials/formal_v1/videos,2779,0,duration-bucket-round-robin-v1,[],17,4,vid_2378,2378.mp4,14.838000,short
video-eeg-session-manifest-v2-duration-diversity,,../video_materials/formal_v1/videos,2779,0,duration-bucket-round-robin-v1,[],17,4,vid_2396,2396.mp4,14.880000,short
video-eeg-session-manifest-v2-duration-diversity,,../video_materials/formal_v1/videos,2779,0,duration-bucket-round-robin-v1,[],17,4,vid_2406,2406.mp4,14.884000,short
video-eeg-session-manifest-v2-duration-diversity,,../video_materials/formal_v1/videos,2779,0,duration-bucket-round-robin-v1,[],17,4,vid_2428,2428.mp4,14.908000,short
video-eeg-session-manifest-v2-duration-diversity,,../video_materials/formal_v1/videos,2779,0,duration-bucket-round-robin-v1,[],17,4,vid_2444,2444.mp4,14.931000,short
video-eeg-session-manifest-v2-duration-diversity,,../video_materials/formal_v1/videos,2779,0,duration-bucket-round-robin-v1,[],17,4,vid_2461,2461.mp4,14.954000,short
video-eeg-session-manifest-v2-duration-diversity,,../video_materials/formal_v1/videos,2779,0,duration-bucket-round-robin-v1,[],17,4,vid_2478,2478.mp4,14.977000,short
video-eeg-session-manifest-v2-duration-diversity,,../video_materials/formal_v1/videos,2779,0,duration-bucket-round-robin-v1,[],17,4,vid_2493,2493.mp4,14.999000,short
video-eeg-session-manifest-v2-duration-diversity,,../video_materials/formal_v1/videos,2779,0,duration-bucket-round-robin-v1,[],17,4,vid_2514,2514.mp4,15.016000,short
video-eeg-session-manifest-v2-duration-diversity,,../video_materials/formal_v1/videos,2779,0,duration-bucket-round-robin-v1,[],17,4,vid_2521,2521.mp4,15.024000,short
video-eeg-session-manifest-v2-duration-diversity,,../video_materials/formal_v1/videos,2779,0,duration-bucket-round-robin-v1,[],17,4,vid_2522,2522.mp4,15.024000,short
video-eeg-session-manifest-v2-duration-diversity,,../video_materials/formal_v1/videos,2779,0,duration-bucket-round-robin-v1,[],17,4,vid_2568,2568.mp4,15.046000,short
video-eeg-session-manifest-v2-duration-diversity,,../video_materials/formal_v1/videos,2779,0,duration-bucket-round-robin-v1,[],17,4,vid_2578,2578.mp4,15.046000,short
video-eeg-session-manifest-v2-duration-diversity,,../video_materials/formal_v1/videos,2779,0,duration-bucket-round-robin-v1,[],17,4,vid_2596,2596.mp4,15.047000,short
video-eeg-session-manifest-v2-duration-diversity,,../video_materials/formal_v1/videos,2779,0,duration-bucket-round-robin-v1,[],17,4,vid_2613,2613.mp4,15.067000,short
video-eeg-session-manifest-v2-duration-diversity,,../video_materials/formal_v1/videos,2779,0,duration-bucket-round-robin-v1,[],17,4,vid_2624,2624.mp4,15.069000,short
video-eeg-session-manifest-v2-duration-diversity,,../video_materials/formal_v1/videos,2779,0,duration-bucket-round-robin-v1,[],17,4,vid_2648,2648.mp4,15.069000,short
video-eeg-session-manifest-v2-duration-diversity,,../video_materials/formal_v1/videos,2779,0,duration-bucket-round-robin-v1,[],17,4,vid_2660,2660.mp4,15.069000,short
video-eeg-session-manifest-v2-duration-diversity,,../video_materials/formal_v1/videos,2779,0,duration-bucket-round-robin-v1,[],17,4,vid_2681,2681.mp4,15.070000,short
video-eeg-session-manifest-v2-duration-diversity,,../video_materials/formal_v1/videos,2779,0,duration-bucket-round-robin-v1,[],17,4,vid_2692,2692.mp4,15.070000,short
video-eeg-session-manifest-v2-duration-diversity,,../video_materials/formal_v1/videos,2779,0,duration-bucket-round-robin-v1,[],17,4,vid_2700,2700.mp4,15.070000,short
video-eeg-session-manifest-v2-duration-diversity,,../video_materials/formal_v1/videos,2779,0,duration-bucket-round-robin-v1,[],17,4,vid_2721,2721.mp4,15.070000,short
video-eeg-session-manifest-v2-duration-diversity,,../video_materials/formal_v1/videos,2779,0,duration-bucket-round-robin-v1,[],17,4,vid_2734,2734.mp4,15.070000,short
video-eeg-session-manifest-v2-duration-diversity,,../video_materials/formal_v1/videos,2779,0,duration-bucket-round-robin-v1,[],17,4,vid_2750,2750.mp4,15.070000,short
video-eeg-session-manifest-v2-duration-diversity,,../video_materials/formal_v1/videos,2779,0,duration-bucket-round-robin-v1,[],17,4,vid_2753,2753.mp4,15.070000,short
video-eeg-session-manifest-v2-duration-diversity,,../video_materials/formal_v1/videos,2779,0,duration-bucket-round-robin-v1,[],17,5,vid_0003,0003.mp4,5.131000,very_short
video-eeg-session-manifest-v2-duration-diversity,,../video_materials/formal_v1/videos,2779,0,duration-bucket-round-robin-v1,[],17,5,vid_0013,0013.mp4,5.618000,very_short
video-eeg-session-manifest-v2-duration-diversity,,../video_materials/formal_v1/videos,2779,0,duration-bucket-round-robin-v1,[],17,5,vid_0026,0026.mp4,6.129000,very_short
video-eeg-session-manifest-v2-duration-diversity,,../video_materials/formal_v1/videos,2779,0,duration-bucket-round-robin-v1,[],17,5,vid_0059,0059.mp4,6.708000,very_short
video-eeg-session-manifest-v2-duration-diversity,,../video_materials/formal_v1/videos,2779,0,duration-bucket-round-robin-v1,[],17,5,vid_0060,0060.mp4,6.710000,very_short
video-eeg-session-manifest-v2-duration-diversity,,../video_materials/formal_v1/videos,2779,0,duration-bucket-round-robin-v1,[],17,5,vid_0092,0092.mp4,7.058000,very_short
video-eeg-session-manifest-v2-duration-diversity,,../video_materials/formal_v1/videos,2779,0,duration-bucket-round-robin-v1,[],17,5,vid_0096,0096.mp4,7.104000,very_short
video-eeg-session-manifest-v2-duration-diversity,,../video_materials/formal_v1/videos,2779,0,duration-bucket-round-robin-v1,[],17,5,vid_0129,0129.mp4,7.244000,very_short
video-eeg-session-manifest-v2-duration-diversity,,../video_materials/formal_v1/videos,2779,0,duration-bucket-round-robin-v1,[],17,5,vid_0136,0136.mp4,7.267000,very_short
video-eeg-session-manifest-v2-duration-diversity,,../video_materials/formal_v1/videos,2779,0,duration-bucket-round-robin-v1,[],17,5,vid_0146,0146.mp4,7.335000,very_short
video-eeg-session-manifest-v2-duration-diversity,,../video_materials/formal_v1/videos,2779,0,duration-bucket-round-robin-v1,[],17,5,vid_0170,0170.mp4,7.637000,very_short
video-eeg-session-manifest-v2-duration-diversity,,../video_materials/formal_v1/videos,2779,0,duration-bucket-round-robin-v1,[],17,5,vid_0188,0188.mp4,7.801000,very_short
video-eeg-session-manifest-v2-duration-diversity,,../video_materials/formal_v1/videos,2779,0,duration-bucket-round-robin-v1,[],17,5,vid_0206,0206.mp4,7.966000,very_short
video-eeg-session-manifest-v2-duration-diversity,,../video_materials/formal_v1/videos,2779,0,duration-bucket-round-robin-v1,[],17,5,vid_0224,0224.mp4,8.080000,very_short
video-eeg-session-manifest-v2-duration-diversity,,../video_materials/formal_v1/videos,2779,0,duration-bucket-round-robin-v1,[],17,5,vid_0243,0243.mp4,8.173000,very_short
video-eeg-session-manifest-v2-duration-diversity,,../video_materials/formal_v1/videos,2779,0,duration-bucket-round-robin-v1,[],17,5,vid_0250,0250.mp4,8.287000,very_short
video-eeg-session-manifest-v2-duration-diversity,,../video_materials/formal_v1/videos,2779,0,duration-bucket-round-robin-v1,[],17,5,vid_0277,0277.mp4,8.614000,very_short
video-eeg-session-manifest-v2-duration-diversity,,../video_materials/formal_v1/videos,2779,0,duration-bucket-round-robin-v1,[],17,5,vid_0295,0295.mp4,8.776000,very_short
video-eeg-session-manifest-v2-duration-diversity,,../video_materials/formal_v1/videos,2779,0,duration-bucket-round-robin-v1,[],17,5,vid_0301,0301.mp4,8.799000,very_short
video-eeg-session-manifest-v2-duration-diversity,,../video_materials/formal_v1/videos,2779,0,duration-bucket-round-robin-v1,[],17,5,vid_0318,0318.mp4,8.984000,very_short
video-eeg-session-manifest-v2-duration-diversity,,../video_materials/formal_v1/videos,2779,0,duration-bucket-round-robin-v1,[],17,5,vid_0345,0345.mp4,9.241000,very_short
video-eeg-session-manifest-v2-duration-diversity,,../video_materials/formal_v1/videos,2779,0,duration-bucket-round-robin-v1,[],17,5,vid_0349,0349.mp4,9.286000,very_short
video-eeg-session-manifest-v2-duration-diversity,,../video_materials/formal_v1/videos,2779,0,duration-bucket-round-robin-v1,[],17,5,vid_0377,0377.mp4,9.541000,very_short
video-eeg-session-manifest-v2-duration-diversity,,../video_materials/formal_v1/videos,2779,0,duration-bucket-round-robin-v1,[],17,5,vid_0387,0387.mp4,9.659000,very_short
video-eeg-session-manifest-v2-duration-diversity,,../video_materials/formal_v1/videos,2779,0,duration-bucket-round-robin-v1,[],17,5,vid_0412,0412.mp4,9.960000,very_short
video-eeg-session-manifest-v2-duration-diversity,,../video_materials/formal_v1/videos,2779,0,duration-bucket-round-robin-v1,[],17,5,vid_0417,0417.mp4,10.029000,very_short
video-eeg-session-manifest-v2-duration-diversity,,../video_materials/formal_v1/videos,2779,0,duration-bucket-round-robin-v1,[],17,5,vid_0450,0450.mp4,10.100000,very_short
video-eeg-session-manifest-v2-duration-diversity,,../video_materials/formal_v1/videos,2779,0,duration-bucket-round-robin-v1,[],17,5,vid_0460,0460.mp4,10.101000,very_short
video-eeg-session-manifest-v2-duration-diversity,,../video_materials/formal_v1/videos,2779,0,duration-bucket-round-robin-v1,[],17,5,vid_0469,0469.mp4,10.123000,very_short
video-eeg-session-manifest-v2-duration-diversity,,../video_materials/formal_v1/videos,2779,0,duration-bucket-round-robin-v1,[],17,5,vid_0496,0496.mp4,10.148000,very_short
video-eeg-session-manifest-v2-duration-diversity,,../video_materials/formal_v1/videos,2779,0,duration-bucket-round-robin-v1,[],17,5,vid_0508,0508.mp4,10.193000,very_short
video-eeg-session-manifest-v2-duration-diversity,,../video_materials/formal_v1/videos,2779,0,duration-bucket-round-robin-v1,[],17,5,vid_0530,0530.mp4,10.264000,very_short
video-eeg-session-manifest-v2-duration-diversity,,../video_materials/formal_v1/videos,2779,0,duration-bucket-round-robin-v1,[],17,5,vid_0537,0537.mp4,10.267000,very_short
video-eeg-session-manifest-v2-duration-diversity,,../video_materials/formal_v1/videos,2779,0,duration-bucket-round-robin-v1,[],17,5,vid_0558,0558.mp4,10.331000,very_short
video-eeg-session-manifest-v2-duration-diversity,,../video_materials/formal_v1/videos,2779,0,duration-bucket-round-robin-v1,[],17,5,vid_0583,0583.mp4,10.357000,very_short
video-eeg-session-manifest-v2-duration-diversity,,../video_materials/formal_v1/videos,2779,0,duration-bucket-round-robin-v1,[],17,5,vid_0591,0591.mp4,10.378000,very_short
video-eeg-session-manifest-v2-duration-diversity,,../video_materials/formal_v1/videos,2779,0,duration-bucket-round-robin-v1,[],17,5,vid_0617,0617.mp4,10.436000,very_short
video-eeg-session-manifest-v2-duration-diversity,,../video_materials/formal_v1/videos,2779,0,duration-bucket-round-robin-v1,[],17,5,vid_0627,0627.mp4,10.449000,very_short
video-eeg-session-manifest-v2-duration-diversity,,../video_materials/formal_v1/videos,2779,0,duration-bucket-round-robin-v1,[],17,5,vid_0653,0653.mp4,10.519000,very_short
video-eeg-session-manifest-v2-duration-diversity,,../video_materials/formal_v1/videos,2779,0,duration-bucket-round-robin-v1,[],17,5,vid_0663,0663.mp4,10.542000,very_short
video-eeg-session-manifest-v2-duration-diversity,,../video_materials/formal_v1/videos,2779,0,duration-bucket-round-robin-v1,[],17,5,vid_0687,0687.mp4,10.587000,very_short
video-eeg-session-manifest-v2-duration-diversity,,../video_materials/formal_v1/videos,2779,0,duration-bucket-round-robin-v1,[],17,5,vid_0693,0693.mp4,10.589000,very_short
video-eeg-session-manifest-v2-duration-diversity,,../video_materials/formal_v1/videos,2779,0,duration-bucket-round-robin-v1,[],17,5,vid_0719,0719.mp4,10.657000,very_short
video-eeg-session-manifest-v2-duration-diversity,,../video_materials/formal_v1/videos,2779,0,duration-bucket-round-robin-v1,[],17,5,vid_0729,0729.mp4,10.703000,very_short
video-eeg-session-manifest-v2-duration-diversity,,../video_materials/formal_v1/videos,2779,0,duration-bucket-round-robin-v1,[],17,5,vid_0743,0743.mp4,10.727000,very_short
video-eeg-session-manifest-v2-duration-diversity,,../video_materials/formal_v1/videos,2779,0,duration-bucket-round-robin-v1,[],17,5,vid_0768,0768.mp4,10.796000,very_short
video-eeg-session-manifest-v2-duration-diversity,,../video_materials/formal_v1/videos,2779,0,duration-bucket-round-robin-v1,[],17,5,vid_0775,0775.mp4,10.820000,very_short
video-eeg-session-manifest-v2-duration-diversity,,../video_materials/formal_v1/videos,2779,0,duration-bucket-round-robin-v1,[],17,5,vid_0791,0791.mp4,10.866000,very_short
video-eeg-session-manifest-v2-duration-diversity,,../video_materials/formal_v1/videos,2779,0,duration-bucket-round-robin-v1,[],17,5,vid_0823,0823.mp4,10.954000,very_short
video-eeg-session-manifest-v2-duration-diversity,,../video_materials/formal_v1/videos,2779,0,duration-bucket-round-robin-v1,[],17,5,vid_0836,0836.mp4,10.960000,very_short
video-eeg-session-manifest-v2-duration-diversity,,../video_materials/formal_v1/videos,2779,0,duration-bucket-round-robin-v1,[],17,5,vid_0859,0859.mp4,10.984000,very_short
video-eeg-session-manifest-v2-duration-diversity,,../video_materials/formal_v1/videos,2779,0,duration-bucket-round-robin-v1,[],17,5,vid_0870,0870.mp4,11.030000,very_short
video-eeg-session-manifest-v2-duration-diversity,,../video_materials/formal_v1/videos,2779,0,duration-bucket-round-robin-v1,[],17,5,vid_0872,0872.mp4,11.052000,very_short
video-eeg-session-manifest-v2-duration-diversity,,../video_materials/formal_v1/videos,2779,0,duration-bucket-round-robin-v1,[],17,5,vid_0905,0905.mp4,11.121000,very_short
video-eeg-session-manifest-v2-duration-diversity,,../video_materials/formal_v1/videos,2779,0,duration-bucket-round-robin-v1,[],17,5,vid_0925,0925.mp4,11.169000,very_short
video-eeg-session-manifest-v2-duration-diversity,,../video_materials/formal_v1/videos,2779,0,duration-bucket-round-robin-v1,[],17,5,vid_0927,0927.mp4,11.170000,very_short
video-eeg-session-manifest-v2-duration-diversity,,../video_materials/formal_v1/videos,2779,0,duration-bucket-round-robin-v1,[],17,5,vid_0959,0959.mp4,11.261000,very_short
video-eeg-session-manifest-v2-duration-diversity,,../video_materials/formal_v1/videos,2779,0,duration-bucket-round-robin-v1,[],17,5,vid_0967,0967.mp4,11.262000,very_short
video-eeg-session-manifest-v2-duration-diversity,,../video_materials/formal_v1/videos,2779,0,duration-bucket-round-robin-v1,[],17,5,vid_0986,0986.mp4,11.332000,very_short
video-eeg-session-manifest-v2-duration-diversity,,../video_materials/formal_v1/videos,2779,0,duration-bucket-round-robin-v1,[],17,5,vid_1008,1008.mp4,11.378000,very_short
video-eeg-session-manifest-v2-duration-diversity,,../video_materials/formal_v1/videos,2779,0,duration-bucket-round-robin-v1,[],17,5,vid_1022,1022.mp4,11.425000,very_short
video-eeg-session-manifest-v2-duration-diversity,,../video_materials/formal_v1/videos,2779,0,duration-bucket-round-robin-v1,[],17,5,vid_1043,1043.mp4,11.448000,very_short
video-eeg-session-manifest-v2-duration-diversity,,../video_materials/formal_v1/videos,2779,0,duration-bucket-round-robin-v1,[],17,5,vid_1050,1050.mp4,11.471000,very_short
video-eeg-session-manifest-v2-duration-diversity,,../video_materials/formal_v1/videos,2779,0,duration-bucket-round-robin-v1,[],17,5,vid_1079,1079.mp4,11.541000,very_short
video-eeg-session-manifest-v2-duration-diversity,,../video_materials/formal_v1/videos,2779,0,duration-bucket-round-robin-v1,[],17,5,vid_1093,1093.mp4,11.564000,very_short
video-eeg-session-manifest-v2-duration-diversity,,../video_materials/formal_v1/videos,2779,0,duration-bucket-round-robin-v1,[],17,5,vid_1097,1097.mp4,11.567000,very_short
video-eeg-session-manifest-v2-duration-diversity,,../video_materials/formal_v1/videos,2779,0,duration-bucket-round-robin-v1,[],17,5,vid_1122,1122.mp4,11.632000,very_short
video-eeg-session-manifest-v2-duration-diversity,,../video_materials/formal_v1/videos,2779,0,duration-bucket-round-robin-v1,[],17,5,vid_1124,1124.mp4,11.632000,very_short
video-eeg-session-manifest-v2-duration-diversity,,../video_materials/formal_v1/videos,2779,0,duration-bucket-round-robin-v1,[],17,5,vid_1163,1163.mp4,11.725000,very_short
video-eeg-session-manifest-v2-duration-diversity,,../video_materials/formal_v1/videos,2779,0,duration-bucket-round-robin-v1,[],17,5,vid_1176,1176.mp4,11.750000,very_short
video-eeg-session-manifest-v2-duration-diversity,,../video_materials/formal_v1/videos,2779,0,duration-bucket-round-robin-v1,[],17,5,vid_1184,1184.mp4,11.773000,very_short
video-eeg-session-manifest-v2-duration-diversity,,../video_materials/formal_v1/videos,2779,0,duration-bucket-round-robin-v1,[],17,5,vid_1204,1204.mp4,11.818000,very_short
video-eeg-session-manifest-v2-duration-diversity,,../video_materials/formal_v1/videos,2779,0,duration-bucket-round-robin-v1,[],17,5,vid_1223,1223.mp4,11.843000,very_short
video-eeg-session-manifest-v2-duration-diversity,,../video_materials/formal_v1/videos,2779,0,duration-bucket-round-robin-v1,[],17,5,vid_1245,1245.mp4,11.889000,very_short
video-eeg-session-manifest-v2-duration-diversity,,../video_materials/formal_v1/videos,2779,0,duration-bucket-round-robin-v1,[],17,5,vid_1259,1259.mp4,11.934000,very_short
video-eeg-session-manifest-v2-duration-diversity,,../video_materials/formal_v1/videos,2779,0,duration-bucket-round-robin-v1,[],17,5,vid_1269,1269.mp4,11.936000,very_short
video-eeg-session-manifest-v2-duration-diversity,,../video_materials/formal_v1/videos,2779,0,duration-bucket-round-robin-v1,[],17,5,vid_1298,1298.mp4,12.026000,very_short
video-eeg-session-manifest-v2-duration-diversity,,../video_materials/formal_v1/videos,2779,0,duration-bucket-round-robin-v1,[],17,5,vid_1306,1306.mp4,12.028000,very_short
video-eeg-session-manifest-v2-duration-diversity,,../video_materials/formal_v1/videos,2779,0,duration-bucket-round-robin-v1,[],17,5,vid_1330,1330.mp4,12.072000,very_short
video-eeg-session-manifest-v2-duration-diversity,,../video_materials/formal_v1/videos,2779,0,duration-bucket-round-robin-v1,[],17,5,vid_1338,1338.mp4,12.097000,very_short
video-eeg-session-manifest-v2-duration-diversity,,../video_materials/formal_v1/videos,2779,0,duration-bucket-round-robin-v1,[],17,5,vid_1361,1361.mp4,12.166000,very_short
video-eeg-session-manifest-v2-duration-diversity,,../video_materials/formal_v1/videos,2779,0,duration-bucket-round-robin-v1,[],17,5,vid_1368,1368.mp4,12.190000,very_short
video-eeg-session-manifest-v2-duration-diversity,,../video_materials/formal_v1/videos,2779,0,duration-bucket-round-robin-v1,[],17,5,vid_1401,1401.mp4,12.259000,very_short
video-eeg-session-manifest-v2-duration-diversity,,../video_materials/formal_v1/videos,2779,0,duration-bucket-round-robin-v1,[],17,5,vid_1411,1411.mp4,12.284000,very_short
video-eeg-session-manifest-v2-duration-diversity,,../video_materials/formal_v1/videos,2779,0,duration-bucket-round-robin-v1,[],17,5,vid_1432,1432.mp4,12.354000,very_short
video-eeg-session-manifest-v2-duration-diversity,,../video_materials/formal_v1/videos,2779,0,duration-bucket-round-robin-v1,[],17,5,vid_1448,1448.mp4,12.400000,very_short
video-eeg-session-manifest-v2-duration-diversity,,../video_materials/formal_v1/videos,2779,0,duration-bucket-round-robin-v1,[],17,5,vid_1456,1456.mp4,12.423000,very_short
video-eeg-session-manifest-v2-duration-diversity,,../video_materials/formal_v1/videos,2779,0,duration-bucket-round-robin-v1,[],17,5,vid_1484,1484.mp4,12.515000,very_short
video-eeg-session-manifest-v2-duration-diversity,,../video_materials/formal_v1/videos,2779,0,duration-bucket-round-robin-v1,[],17,5,vid_1489,1489.mp4,12.516000,very_short
video-eeg-session-manifest-v2-duration-diversity,,../video_materials/formal_v1/videos,2779,0,duration-bucket-round-robin-v1,[],17,5,vid_1516,1516.mp4,12.561000,very_short
video-eeg-session-manifest-v2-duration-diversity,,../video_materials/formal_v1/videos,2779,0,duration-bucket-round-robin-v1,[],17,5,vid_1533,1533.mp4,12.607000,very_short
video-eeg-session-manifest-v2-duration-diversity,,../video_materials/formal_v1/videos,2779,0,duration-bucket-round-robin-v1,[],17,5,vid_1553,1553.mp4,12.632000,very_short
video-eeg-session-manifest-v2-duration-diversity,,../video_materials/formal_v1/videos,2779,0,duration-bucket-round-robin-v1,[],17,5,vid_1560,1560.mp4,12.655000,very_short
video-eeg-session-manifest-v2-duration-diversity,,../video_materials/formal_v1/videos,2779,0,duration-bucket-round-robin-v1,[],17,5,vid_1587,1587.mp4,12.724000,very_short
video-eeg-session-manifest-v2-duration-diversity,,../video_materials/formal_v1/videos,2779,0,duration-bucket-round-robin-v1,[],17,5,vid_1600,1600.mp4,12.748000,short
video-eeg-session-manifest-v2-duration-diversity,,../video_materials/formal_v1/videos,2779,0,duration-bucket-round-robin-v1,[],17,5,vid_1622,1622.mp4,12.817000,short
video-eeg-session-manifest-v2-duration-diversity,,../video_materials/formal_v1/videos,2779,0,duration-bucket-round-robin-v1,[],17,5,vid_1639,1639.mp4,12.864000,short
video-eeg-session-manifest-v2-duration-diversity,,../video_materials/formal_v1/videos,2779,0,duration-bucket-round-robin-v1,[],17,5,vid_1655,1655.mp4,12.888000,short
video-eeg-session-manifest-v2-duration-diversity,,../video_materials/formal_v1/videos,2779,0,duration-bucket-round-robin-v1,[],17,5,vid_1674,1674.mp4,12.934000,short
video-eeg-session-manifest-v2-duration-diversity,,../video_materials/formal_v1/videos,2779,0,duration-bucket-round-robin-v1,[],17,5,vid_1687,1687.mp4,12.957000,short
video-eeg-session-manifest-v2-duration-diversity,,../video_materials/formal_v1/videos,2779,0,duration-bucket-round-robin-v1,[],17,5,vid_1701,1701.mp4,13.025000,short
video-eeg-session-manifest-v2-duration-diversity,,../video_materials/formal_v1/videos,2779,0,duration-bucket-round-robin-v1,[],17,5,vid_1722,1722.mp4,13.050000,short
video-eeg-session-manifest-v2-duration-diversity,,../video_materials/formal_v1/videos,2779,0,duration-bucket-round-robin-v1,[],17,5,vid_1738,1738.mp4,13.095000,short
video-eeg-session-manifest-v2-duration-diversity,,../video_materials/formal_v1/videos,2779,0,duration-bucket-round-robin-v1,[],17,5,vid_1756,1756.mp4,13.142000,short
video-eeg-session-manifest-v2-duration-diversity,,../video_materials/formal_v1/videos,2779,0,duration-bucket-round-robin-v1,[],17,5,vid_1774,1774.mp4,13.188000,short
video-eeg-session-manifest-v2-duration-diversity,,../video_materials/formal_v1/videos,2779,0,duration-bucket-round-robin-v1,[],17,5,vid_1790,1790.mp4,13.258000,short
video-eeg-session-manifest-v2-duration-diversity,,../video_materials/formal_v1/videos,2779,0,duration-bucket-round-robin-v1,[],17,5,vid_1806,1806.mp4,13.282000,short
video-eeg-session-manifest-v2-duration-diversity,,../video_materials/formal_v1/videos,2779,0,duration-bucket-round-robin-v1,[],17,5,vid_1819,1819.mp4,13.306000,short
video-eeg-session-manifest-v2-duration-diversity,,../video_materials/formal_v1/videos,2779,0,duration-bucket-round-robin-v1,[],17,5,vid_1839,1839.mp4,13.396000,short
video-eeg-session-manifest-v2-duration-diversity,,../video_materials/formal_v1/videos,2779,0,duration-bucket-round-robin-v1,[],17,5,vid_1858,1858.mp4,13.467000,short
video-eeg-session-manifest-v2-duration-diversity,,../video_materials/formal_v1/videos,2779,0,duration-bucket-round-robin-v1,[],17,5,vid_1875,1875.mp4,13.515000,short
video-eeg-session-manifest-v2-duration-diversity,,../video_materials/formal_v1/videos,2779,0,duration-bucket-round-robin-v1,[],17,5,vid_1892,1892.mp4,13.584000,short
video-eeg-session-manifest-v2-duration-diversity,,../video_materials/formal_v1/videos,2779,0,duration-bucket-round-robin-v1,[],17,5,vid_1908,1908.mp4,13.631000,short
video-eeg-session-manifest-v2-duration-diversity,,../video_materials/formal_v1/videos,2779,0,duration-bucket-round-robin-v1,[],17,5,vid_1925,1925.mp4,13.677000,short
video-eeg-session-manifest-v2-duration-diversity,,../video_materials/formal_v1/videos,2779,0,duration-bucket-round-robin-v1,[],17,5,vid_1945,1945.mp4,13.745000,short
video-eeg-session-manifest-v2-duration-diversity,,../video_materials/formal_v1/videos,2779,0,duration-bucket-round-robin-v1,[],17,5,vid_1958,1958.mp4,13.770000,short
video-eeg-session-manifest-v2-duration-diversity,,../video_materials/formal_v1/videos,2779,0,duration-bucket-round-robin-v1,[],17,5,vid_1974,1974.mp4,13.816000,short
video-eeg-session-manifest-v2-duration-diversity,,../video_materials/formal_v1/videos,2779,0,duration-bucket-round-robin-v1,[],17,5,vid_1992,1992.mp4,13.885000,short
video-eeg-session-manifest-v2-duration-diversity,,../video_materials/formal_v1/videos,2779,0,duration-bucket-round-robin-v1,[],17,5,vid_2015,2015.mp4,13.954000,short
video-eeg-session-manifest-v2-duration-diversity,,../video_materials/formal_v1/videos,2779,0,duration-bucket-round-robin-v1,[],17,5,vid_2030,2030.mp4,13.984000,short
video-eeg-session-manifest-v2-duration-diversity,,../video_materials/formal_v1/videos,2779,0,duration-bucket-round-robin-v1,[],17,5,vid_2041,2041.mp4,14.025000,short
video-eeg-session-manifest-v2-duration-diversity,,../video_materials/formal_v1/videos,2779,0,duration-bucket-round-robin-v1,[],17,5,vid_2061,2061.mp4,14.095000,short
video-eeg-session-manifest-v2-duration-diversity,,../video_materials/formal_v1/videos,2779,0,duration-bucket-round-robin-v1,[],17,5,vid_2080,2080.mp4,14.141000,short
video-eeg-session-manifest-v2-duration-diversity,,../video_materials/formal_v1/videos,2779,0,duration-bucket-round-robin-v1,[],17,5,vid_2103,2103.mp4,14.188000,short
video-eeg-session-manifest-v2-duration-diversity,,../video_materials/formal_v1/videos,2779,0,duration-bucket-round-robin-v1,[],17,5,vid_2112,2112.mp4,14.211000,short
video-eeg-session-manifest-v2-duration-diversity,,../video_materials/formal_v1/videos,2779,0,duration-bucket-round-robin-v1,[],17,5,vid_2133,2133.mp4,14.279000,short
video-eeg-session-manifest-v2-duration-diversity,,../video_materials/formal_v1/videos,2779,0,duration-bucket-round-robin-v1,[],17,5,vid_2145,2145.mp4,14.326000,short
video-eeg-session-manifest-v2-duration-diversity,,../video_materials/formal_v1/videos,2779,0,duration-bucket-round-robin-v1,[],17,5,vid_2165,2165.mp4,14.374000,short
video-eeg-session-manifest-v2-duration-diversity,,../video_materials/formal_v1/videos,2779,0,duration-bucket-round-robin-v1,[],17,5,vid_2184,2184.mp4,14.420000,short
video-eeg-session-manifest-v2-duration-diversity,,../video_materials/formal_v1/videos,2779,0,duration-bucket-round-robin-v1,[],17,5,vid_2202,2202.mp4,14.490000,short
video-eeg-session-manifest-v2-duration-diversity,,../video_materials/formal_v1/videos,2779,0,duration-bucket-round-robin-v1,[],17,5,vid_2215,2215.mp4,14.535000,short
video-eeg-session-manifest-v2-duration-diversity,,../video_materials/formal_v1/videos,2779,0,duration-bucket-round-robin-v1,[],17,5,vid_2232,2232.mp4,14.558000,short
video-eeg-session-manifest-v2-duration-diversity,,../video_materials/formal_v1/videos,2779,0,duration-bucket-round-robin-v1,[],17,5,vid_2244,2244.mp4,14.559000,short
video-eeg-session-manifest-v2-duration-diversity,,../video_materials/formal_v1/videos,2779,0,duration-bucket-round-robin-v1,[],17,5,vid_2269,2269.mp4,14.628000,short
video-eeg-session-manifest-v2-duration-diversity,,../video_materials/formal_v1/videos,2779,0,duration-bucket-round-robin-v1,[],17,5,vid_2281,2281.mp4,14.652000,short
video-eeg-session-manifest-v2-duration-diversity,,../video_materials/formal_v1/videos,2779,0,duration-bucket-round-robin-v1,[],17,5,vid_2304,2304.mp4,14.699000,short
video-eeg-session-manifest-v2-duration-diversity,,../video_materials/formal_v1/videos,2779,0,duration-bucket-round-robin-v1,[],17,5,vid_2317,2317.mp4,14.722000,short
video-eeg-session-manifest-v2-duration-diversity,,../video_materials/formal_v1/videos,2779,0,duration-bucket-round-robin-v1,[],17,5,vid_2334,2334.mp4,14.745000,short
video-eeg-session-manifest-v2-duration-diversity,,../video_materials/formal_v1/videos,2779,0,duration-bucket-round-robin-v1,[],17,5,vid_2353,2353.mp4,14.790000,short
video-eeg-session-manifest-v2-duration-diversity,,../video_materials/formal_v1/videos,2779,0,duration-bucket-round-robin-v1,[],17,5,vid_2371,2371.mp4,14.834000,short
video-eeg-session-manifest-v2-duration-diversity,,../video_materials/formal_v1/videos,2779,0,duration-bucket-round-robin-v1,[],17,5,vid_2387,2387.mp4,14.861000,short
video-eeg-session-manifest-v2-duration-diversity,,../video_materials/formal_v1/videos,2779,0,duration-bucket-round-robin-v1,[],17,5,vid_2402,2402.mp4,14.883000,short
video-eeg-session-manifest-v2-duration-diversity,,../video_materials/formal_v1/videos,2779,0,duration-bucket-round-robin-v1,[],17,5,vid_2419,2419.mp4,14.906000,short
video-eeg-session-manifest-v2-duration-diversity,,../video_materials/formal_v1/videos,2779,0,duration-bucket-round-robin-v1,[],17,5,vid_2441,2441.mp4,14.931000,short
video-eeg-session-manifest-v2-duration-diversity,,../video_materials/formal_v1/videos,2779,0,duration-bucket-round-robin-v1,[],17,5,vid_2454,2454.mp4,14.953000,short
video-eeg-session-manifest-v2-duration-diversity,,../video_materials/formal_v1/videos,2779,0,duration-bucket-round-robin-v1,[],17,5,vid_2470,2470.mp4,14.976000,short
video-eeg-session-manifest-v2-duration-diversity,,../video_materials/formal_v1/videos,2779,0,duration-bucket-round-robin-v1,[],17,5,vid_2489,2489.mp4,14.977000,short
video-eeg-session-manifest-v2-duration-diversity,,../video_materials/formal_v1/videos,2779,0,duration-bucket-round-robin-v1,[],17,5,vid_2501,2501.mp4,15.001000,short
video-eeg-session-manifest-v2-duration-diversity,,../video_materials/formal_v1/videos,2779,0,duration-bucket-round-robin-v1,[],17,5,vid_2539,2539.mp4,15.024000,short
video-eeg-session-manifest-v2-duration-diversity,,../video_materials/formal_v1/videos,2779,0,duration-bucket-round-robin-v1,[],17,5,vid_2547,2547.mp4,15.024000,short
video-eeg-session-manifest-v2-duration-diversity,,../video_materials/formal_v1/videos,2779,0,duration-bucket-round-robin-v1,[],17,5,vid_2558,2558.mp4,15.034000,short
video-eeg-session-manifest-v2-duration-diversity,,../video_materials/formal_v1/videos,2779,0,duration-bucket-round-robin-v1,[],17,5,vid_2581,2581.mp4,15.046000,short
video-eeg-session-manifest-v2-duration-diversity,,../video_materials/formal_v1/videos,2779,0,duration-bucket-round-robin-v1,[],17,5,vid_2590,2590.mp4,15.047000,short
video-eeg-session-manifest-v2-duration-diversity,,../video_materials/formal_v1/videos,2779,0,duration-bucket-round-robin-v1,[],17,5,vid_2594,2594.mp4,15.047000,short
video-eeg-session-manifest-v2-duration-diversity,,../video_materials/formal_v1/videos,2779,0,duration-bucket-round-robin-v1,[],17,5,vid_2635,2635.mp4,15.069000,short
video-eeg-session-manifest-v2-duration-diversity,,../video_materials/formal_v1/videos,2779,0,duration-bucket-round-robin-v1,[],17,5,vid_2641,2641.mp4,15.069000,short
video-eeg-session-manifest-v2-duration-diversity,,../video_materials/formal_v1/videos,2779,0,duration-bucket-round-robin-v1,[],17,5,vid_2655,2655.mp4,15.069000,short
video-eeg-session-manifest-v2-duration-diversity,,../video_materials/formal_v1/videos,2779,0,duration-bucket-round-robin-v1,[],17,5,vid_2665,2665.mp4,15.069000,short
video-eeg-session-manifest-v2-duration-diversity,,../video_materials/formal_v1/videos,2779,0,duration-bucket-round-robin-v1,[],17,5,vid_2693,2693.mp4,15.070000,short
video-eeg-session-manifest-v2-duration-diversity,,../video_materials/formal_v1/videos,2779,0,duration-bucket-round-robin-v1,[],17,5,vid_2727,2727.mp4,15.070000,short
video-eeg-session-manifest-v2-duration-diversity,,../video_materials/formal_v1/videos,2779,0,duration-bucket-round-robin-v1,[],17,5,vid_2741,2741.mp4,15.070000,short
video-eeg-session-manifest-v2-duration-diversity,,../video_materials/formal_v1/videos,2779,0,duration-bucket-round-robin-v1,[],17,5,vid_2754,2754.mp4,15.070000,short
video-eeg-session-manifest-v2-duration-diversity,,../video_materials/formal_v1/videos,2779,0,duration-bucket-round-robin-v1,[],17,5,vid_2759,2759.mp4,15.070000,short
video-eeg-session-manifest-v2-duration-diversity,,../video_materials/formal_v1/videos,2779,0,duration-bucket-round-robin-v1,[],17,5,vid_5546,5546.mp4,25.589000,long
video-eeg-session-manifest-v2-duration-diversity,,../video_materials/formal_v1/videos,2779,0,duration-bucket-round-robin-v1,[],17,6,vid_0004,0004.mp4,5.154000,very_short
video-eeg-session-manifest-v2-duration-diversity,,../video_materials/formal_v1/videos,2779,0,duration-bucket-round-robin-v1,[],17,6,vid_0014,0014.mp4,5.640000,very_short
video-eeg-session-manifest-v2-duration-diversity,,../video_materials/formal_v1/videos,2779,0,duration-bucket-round-robin-v1,[],17,6,vid_0037,0037.mp4,6.245000,very_short
video-eeg-session-manifest-v2-duration-diversity,,../video_materials/formal_v1/videos,2779,0,duration-bucket-round-robin-v1,[],17,6,vid_0045,0045.mp4,6.453000,very_short
video-eeg-session-manifest-v2-duration-diversity,,../video_materials/formal_v1/videos,2779,0,duration-bucket-round-robin-v1,[],17,6,vid_0075,0075.mp4,6.919000,very_short
video-eeg-session-manifest-v2-duration-diversity,,../video_materials/formal_v1/videos,2779,0,duration-bucket-round-robin-v1,[],17,6,vid_0078,0078.mp4,6.942000,very_short
video-eeg-session-manifest-v2-duration-diversity,,../video_materials/formal_v1/videos,2779,0,duration-bucket-round-robin-v1,[],17,6,vid_0101,0101.mp4,7.126000,very_short
video-eeg-session-manifest-v2-duration-diversity,,../video_materials/formal_v1/videos,2779,0,duration-bucket-round-robin-v1,[],17,6,vid_0120,0120.mp4,7.197000,very_short
video-eeg-session-manifest-v2-duration-diversity,,../video_materials/formal_v1/videos,2779,0,duration-bucket-round-robin-v1,[],17,6,vid_0135,0135.mp4,7.267000,very_short
video-eeg-session-manifest-v2-duration-diversity,,../video_materials/formal_v1/videos,2779,0,duration-bucket-round-robin-v1,[],17,6,vid_0153,0153.mp4,7.429000,very_short
video-eeg-session-manifest-v2-duration-diversity,,../video_materials/formal_v1/videos,2779,0,duration-bucket-round-robin-v1,[],17,6,vid_0165,0165.mp4,7.546000,very_short
video-eeg-session-manifest-v2-duration-diversity,,../video_materials/formal_v1/videos,2779,0,duration-bucket-round-robin-v1,[],17,6,vid_0192,0192.mp4,7.869000,very_short
video-eeg-session-manifest-v2-duration-diversity,,../video_materials/formal_v1/videos,2779,0,duration-bucket-round-robin-v1,[],17,6,vid_0198,0198.mp4,7.917000,very_short
video-eeg-session-manifest-v2-duration-diversity,,../video_materials/formal_v1/videos,2779,0,duration-bucket-round-robin-v1,[],17,6,vid_0214,0214.mp4,8.033000,very_short
video-eeg-session-manifest-v2-duration-diversity,,../video_materials/formal_v1/videos,2779,0,duration-bucket-round-robin-v1,[],17,6,vid_0229,0229.mp4,8.103000,very_short
video-eeg-session-manifest-v2-duration-diversity,,../video_materials/formal_v1/videos,2779,0,duration-bucket-round-robin-v1,[],17,6,vid_0262,0262.mp4,8.474000,very_short
video-eeg-session-manifest-v2-duration-diversity,,../video_materials/formal_v1/videos,2779,0,duration-bucket-round-robin-v1,[],17,6,vid_0268,0268.mp4,8.544000,very_short
video-eeg-session-manifest-v2-duration-diversity,,../video_materials/formal_v1/videos,2779,0,duration-bucket-round-robin-v1,[],17,6,vid_0285,0285.mp4,8.707000,very_short
video-eeg-session-manifest-v2-duration-diversity,,../video_materials/formal_v1/videos,2779,0,duration-bucket-round-robin-v1,[],17,6,vid_0312,0312.mp4,8.939000,very_short
video-eeg-session-manifest-v2-duration-diversity,,../video_materials/formal_v1/videos,2779,0,duration-bucket-round-robin-v1,[],17,6,vid_0330,0330.mp4,9.055000,very_short
video-eeg-session-manifest-v2-duration-diversity,,../video_materials/formal_v1/videos,2779,0,duration-bucket-round-robin-v1,[],17,6,vid_0333,0333.mp4,9.078000,very_short
video-eeg-session-manifest-v2-duration-diversity,,../video_materials/formal_v1/videos,2779,0,duration-bucket-round-robin-v1,[],17,6,vid_0358,0358.mp4,9.334000,very_short
video-eeg-session-manifest-v2-duration-diversity,,../video_materials/formal_v1/videos,2779,0,duration-bucket-round-robin-v1,[],17,6,vid_0367,0367.mp4,9.402000,very_short
video-eeg-session-manifest-v2-duration-diversity,,../video_materials/formal_v1/videos,2779,0,duration-bucket-round-robin-v1,[],17,6,vid_0398,0398.mp4,9.844000,very_short
video-eeg-session-manifest-v2-duration-diversity,,../video_materials/formal_v1/videos,2779,0,duration-bucket-round-robin-v1,[],17,6,vid_0402,0402.mp4,9.891000,very_short
video-eeg-session-manifest-v2-duration-diversity,,../video_materials/formal_v1/videos,2779,0,duration-bucket-round-robin-v1,[],17,6,vid_0421,0421.mp4,10.053000,very_short
video-eeg-session-manifest-v2-duration-diversity,,../video_materials/formal_v1/videos,2779,0,duration-bucket-round-robin-v1,[],17,6,vid_0439,0439.mp4,10.077000,very_short
video-eeg-session-manifest-v2-duration-diversity,,../video_materials/formal_v1/videos,2779,0,duration-bucket-round-robin-v1,[],17,6,vid_0454,0454.mp4,10.100000,very_short
video-eeg-session-manifest-v2-duration-diversity,,../video_materials/formal_v1/videos,2779,0,duration-bucket-round-robin-v1,[],17,6,vid_0486,0486.mp4,10.146000,very_short
video-eeg-session-manifest-v2-duration-diversity,,../video_materials/formal_v1/videos,2779,0,duration-bucket-round-robin-v1,[],17,6,vid_0493,0493.mp4,10.148000,very_short
video-eeg-session-manifest-v2-duration-diversity,,../video_materials/formal_v1/videos,2779,0,duration-bucket-round-robin-v1,[],17,6,vid_0510,0510.mp4,10.193000,very_short
video-eeg-session-manifest-v2-duration-diversity,,../video_materials/formal_v1/videos,2779,0,duration-bucket-round-robin-v1,[],17,6,vid_0523,0523.mp4,10.238000,very_short
video-eeg-session-manifest-v2-duration-diversity,,../video_materials/formal_v1/videos,2779,0,duration-bucket-round-robin-v1,[],17,6,vid_0539,0539.mp4,10.284000,very_short
video-eeg-session-manifest-v2-duration-diversity,,../video_materials/formal_v1/videos,2779,0,duration-bucket-round-robin-v1,[],17,6,vid_0565,0565.mp4,10.332000,very_short
video-eeg-session-manifest-v2-duration-diversity,,../video_materials/formal_v1/videos,2779,0,duration-bucket-round-robin-v1,[],17,6,vid_0579,0579.mp4,10.355000,very_short
video-eeg-session-manifest-v2-duration-diversity,,../video_materials/formal_v1/videos,2779,0,duration-bucket-round-robin-v1,[],17,6,vid_0596,0596.mp4,10.380000,very_short
video-eeg-session-manifest-v2-duration-diversity,,../video_materials/formal_v1/videos,2779,0,duration-bucket-round-robin-v1,[],17,6,vid_0611,0611.mp4,10.425000,very_short
video-eeg-session-manifest-v2-duration-diversity,,../video_materials/formal_v1/videos,2779,0,duration-bucket-round-robin-v1,[],17,6,vid_0632,0632.mp4,10.471000,very_short
video-eeg-session-manifest-v2-duration-diversity,,../video_materials/formal_v1/videos,2779,0,duration-bucket-round-robin-v1,[],17,6,vid_0649,0649.mp4,10.505000,very_short
video-eeg-session-manifest-v2-duration-diversity,,../video_materials/formal_v1/videos,2779,0,duration-bucket-round-robin-v1,[],17,6,vid_0667,0667.mp4,10.542000,very_short
video-eeg-session-manifest-v2-duration-diversity,,../video_materials/formal_v1/videos,2779,0,duration-bucket-round-robin-v1,[],17,6,vid_0675,0675.mp4,10.564000,very_short
video-eeg-session-manifest-v2-duration-diversity,,../video_materials/formal_v1/videos,2779,0,duration-bucket-round-robin-v1,[],17,6,vid_0708,0708.mp4,10.634000,very_short
video-eeg-session-manifest-v2-duration-diversity,,../video_materials/formal_v1/videos,2779,0,duration-bucket-round-robin-v1,[],17,6,vid_0711,0711.mp4,10.635000,very_short
video-eeg-session-manifest-v2-duration-diversity,,../video_materials/formal_v1/videos,2779,0,duration-bucket-round-robin-v1,[],17,6,vid_0733,0733.mp4,10.705000,very_short
video-eeg-session-manifest-v2-duration-diversity,,../video_materials/formal_v1/videos,2779,0,duration-bucket-round-robin-v1,[],17,6,vid_0739,0739.mp4,10.727000,very_short
video-eeg-session-manifest-v2-duration-diversity,,../video_materials/formal_v1/videos,2779,0,duration-bucket-round-robin-v1,[],17,6,vid_0760,0760.mp4,10.773000,very_short
video-eeg-session-manifest-v2-duration-diversity,,../video_materials/formal_v1/videos,2779,0,duration-bucket-round-robin-v1,[],17,6,vid_0790,0790.mp4,10.865000,very_short
video-eeg-session-manifest-v2-duration-diversity,,../video_materials/formal_v1/videos,2779,0,duration-bucket-round-robin-v1,[],17,6,vid_0804,0804.mp4,10.889000,very_short
video-eeg-session-manifest-v2-duration-diversity,,../video_materials/formal_v1/videos,2779,0,duration-bucket-round-robin-v1,[],17,6,vid_0808,0808.mp4,10.891000,very_short
video-eeg-session-manifest-v2-duration-diversity,,../video_materials/formal_v1/videos,2779,0,duration-bucket-round-robin-v1,[],17,6,vid_0831,0831.mp4,10.959000,very_short
video-eeg-session-manifest-v2-duration-diversity,,../video_materials/formal_v1/videos,2779,0,duration-bucket-round-robin-v1,[],17,6,vid_0840,0840.mp4,10.982000,very_short
video-eeg-session-manifest-v2-duration-diversity,,../video_materials/formal_v1/videos,2779,0,duration-bucket-round-robin-v1,[],17,6,vid_0881,0881.mp4,11.052000,very_short
video-eeg-session-manifest-v2-duration-diversity,,../video_materials/formal_v1/videos,2779,0,duration-bucket-round-robin-v1,[],17,6,vid_0883,0883.mp4,11.053000,very_short
video-eeg-session-manifest-v2-duration-diversity,,../video_materials/formal_v1/videos,2779,0,duration-bucket-round-robin-v1,[],17,6,vid_0903,0903.mp4,11.121000,very_short
video-eeg-session-manifest-v2-duration-diversity,,../video_materials/formal_v1/videos,2779,0,duration-bucket-round-robin-v1,[],17,6,vid_0916,0916.mp4,11.146000,very_short
video-eeg-session-manifest-v2-duration-diversity,,../video_materials/formal_v1/videos,2779,0,duration-bucket-round-robin-v1,[],17,6,vid_0930,0930.mp4,11.191000,very_short
video-eeg-session-manifest-v2-duration-diversity,,../video_materials/formal_v1/videos,2779,0,duration-bucket-round-robin-v1,[],17,6,vid_0958,0958.mp4,11.261000,very_short
video-eeg-session-manifest-v2-duration-diversity,,../video_materials/formal_v1/videos,2779,0,duration-bucket-round-robin-v1,[],17,6,vid_0968,0968.mp4,11.262000,very_short
video-eeg-session-manifest-v2-duration-diversity,,../video_materials/formal_v1/videos,2779,0,duration-bucket-round-robin-v1,[],17,6,vid_0982,0982.mp4,11.330000,very_short
video-eeg-session-manifest-v2-duration-diversity,,../video_materials/formal_v1/videos,2779,0,duration-bucket-round-robin-v1,[],17,6,vid_1007,1007.mp4,11.377000,very_short
video-eeg-session-manifest-v2-duration-diversity,,../video_materials/formal_v1/videos,2779,0,duration-bucket-round-robin-v1,[],17,6,vid_1014,1014.mp4,11.401000,very_short
video-eeg-session-manifest-v2-duration-diversity,,../video_materials/formal_v1/videos,2779,0,duration-bucket-round-robin-v1,[],17,6,vid_1033,1033.mp4,11.446000,very_short
video-eeg-session-manifest-v2-duration-diversity,,../video_materials/formal_v1/videos,2779,0,duration-bucket-round-robin-v1,[],17,6,vid_1058,1058.mp4,11.516000,very_short
video-eeg-session-manifest-v2-duration-diversity,,../video_materials/formal_v1/videos,2779,0,duration-bucket-round-robin-v1,[],17,6,vid_1066,1066.mp4,11.518000,very_short
video-eeg-session-manifest-v2-duration-diversity,,../video_materials/formal_v1/videos,2779,0,duration-bucket-round-robin-v1,[],17,6,vid_1084,1084.mp4,11.563000,very_short
video-eeg-session-manifest-v2-duration-diversity,,../video_materials/formal_v1/videos,2779,0,duration-bucket-round-robin-v1,[],17,6,vid_1103,1103.mp4,11.586000,very_short
video-eeg-session-manifest-v2-duration-diversity,,../video_materials/formal_v1/videos,2779,0,duration-bucket-round-robin-v1,[],17,6,vid_1132,1132.mp4,11.632000,very_short
video-eeg-session-manifest-v2-duration-diversity,,../video_materials/formal_v1/videos,2779,0,duration-bucket-round-robin-v1,[],17,6,vid_1144,1144.mp4,11.657000,very_short
video-eeg-session-manifest-v2-duration-diversity,,../video_materials/formal_v1/videos,2779,0,duration-bucket-round-robin-v1,[],17,6,vid_1150,1150.mp4,11.680000,very_short
video-eeg-session-manifest-v2-duration-diversity,,../video_materials/formal_v1/videos,2779,0,duration-bucket-round-robin-v1,[],17,6,vid_1174,1174.mp4,11.748000,very_short
video-eeg-session-manifest-v2-duration-diversity,,../video_materials/formal_v1/videos,2779,0,duration-bucket-round-robin-v1,[],17,6,vid_1195,1195.mp4,11.796000,very_short
video-eeg-session-manifest-v2-duration-diversity,,../video_materials/formal_v1/videos,2779,0,duration-bucket-round-robin-v1,[],17,6,vid_1200,1200.mp4,11.800000,very_short
video-eeg-session-manifest-v2-duration-diversity,,../video_materials/formal_v1/videos,2779,0,duration-bucket-round-robin-v1,[],17,6,vid_1228,1228.mp4,11.864000,very_short
video-eeg-session-manifest-v2-duration-diversity,,../video_materials/formal_v1/videos,2779,0,duration-bucket-round-robin-v1,[],17,6,vid_1231,1231.mp4,11.866000,very_short
video-eeg-session-manifest-v2-duration-diversity,,../video_materials/formal_v1/videos,2779,0,duration-bucket-round-robin-v1,[],17,6,vid_1254,1254.mp4,11.933000,very_short
video-eeg-session-manifest-v2-duration-diversity,,../video_materials/formal_v1/videos,2779,0,duration-bucket-round-robin-v1,[],17,6,vid_1284,1284.mp4,11.981000,very_short
video-eeg-session-manifest-v2-duration-diversity,,../video_materials/formal_v1/videos,2779,0,duration-bucket-round-robin-v1,[],17,6,vid_1286,1286.mp4,11.982000,very_short
video-eeg-session-manifest-v2-duration-diversity,,../video_materials/formal_v1/videos,2779,0,duration-bucket-round-robin-v1,[],17,6,vid_1313,1313.mp4,12.050000,very_short
video-eeg-session-manifest-v2-duration-diversity,,../video_materials/formal_v1/videos,2779,0,duration-bucket-round-robin-v1,[],17,6,vid_1327,1327.mp4,12.052000,very_short
video-eeg-session-manifest-v2-duration-diversity,,../video_materials/formal_v1/videos,2779,0,duration-bucket-round-robin-v1,[],17,6,vid_1345,1345.mp4,12.121000,very_short
video-eeg-session-manifest-v2-duration-diversity,,../video_materials/formal_v1/videos,2779,0,duration-bucket-round-robin-v1,[],17,6,vid_1351,1351.mp4,12.143000,very_short
video-eeg-session-manifest-v2-duration-diversity,,../video_materials/formal_v1/videos,2779,0,duration-bucket-round-robin-v1,[],17,6,vid_1383,1383.mp4,12.213000,very_short
video-eeg-session-manifest-v2-duration-diversity,,../video_materials/formal_v1/videos,2779,0,duration-bucket-round-robin-v1,[],17,6,vid_1393,1393.mp4,12.237000,very_short
video-eeg-session-manifest-v2-duration-diversity,,../video_materials/formal_v1/videos,2779,0,duration-bucket-round-robin-v1,[],17,6,vid_1409,1409.mp4,12.282000,very_short
video-eeg-session-manifest-v2-duration-diversity,,../video_materials/formal_v1/videos,2779,0,duration-bucket-round-robin-v1,[],17,6,vid_1428,1428.mp4,12.352000,very_short
video-eeg-session-manifest-v2-duration-diversity,,../video_materials/formal_v1/videos,2779,0,duration-bucket-round-robin-v1,[],17,6,vid_1437,1437.mp4,12.377000,very_short
video-eeg-session-manifest-v2-duration-diversity,,../video_materials/formal_v1/videos,2779,0,duration-bucket-round-robin-v1,[],17,6,vid_1466,1466.mp4,12.467000,very_short
video-eeg-session-manifest-v2-duration-diversity,,../video_materials/formal_v1/videos,2779,0,duration-bucket-round-robin-v1,[],17,6,vid_1481,1481.mp4,12.493000,very_short
video-eeg-session-manifest-v2-duration-diversity,,../video_materials/formal_v1/videos,2779,0,duration-bucket-round-robin-v1,[],17,6,vid_1502,1502.mp4,12.539000,very_short
video-eeg-session-manifest-v2-duration-diversity,,../video_materials/formal_v1/videos,2779,0,duration-bucket-round-robin-v1,[],17,6,vid_1504,1504.mp4,12.539000,very_short
video-eeg-session-manifest-v2-duration-diversity,,../video_materials/formal_v1/videos,2779,0,duration-bucket-round-robin-v1,[],17,6,vid_1538,1538.mp4,12.616000,very_short
video-eeg-session-manifest-v2-duration-diversity,,../video_materials/formal_v1/videos,2779,0,duration-bucket-round-robin-v1,[],17,6,vid_1547,1547.mp4,12.631000,very_short
video-eeg-session-manifest-v2-duration-diversity,,../video_materials/formal_v1/videos,2779,0,duration-bucket-round-robin-v1,[],17,6,vid_1561,1561.mp4,12.655000,very_short
video-eeg-session-manifest-v2-duration-diversity,,../video_materials/formal_v1/videos,2779,0,duration-bucket-round-robin-v1,[],17,6,vid_1581,1581.mp4,12.724000,very_short
video-eeg-session-manifest-v2-duration-diversity,,../video_materials/formal_v1/videos,2779,0,duration-bucket-round-robin-v1,[],17,6,vid_1594,1594.mp4,12.748000,short
video-eeg-session-manifest-v2-duration-diversity,,../video_materials/formal_v1/videos,2779,0,duration-bucket-round-robin-v1,[],17,6,vid_1620,1620.mp4,12.809000,short
video-eeg-session-manifest-v2-duration-diversity,,../video_materials/formal_v1/videos,2779,0,duration-bucket-round-robin-v1,[],17,6,vid_1633,1633.mp4,12.863000,short
video-eeg-session-manifest-v2-duration-diversity,,../video_materials/formal_v1/videos,2779,0,duration-bucket-round-robin-v1,[],17,6,vid_1656,1656.mp4,12.909000,short
video-eeg-session-manifest-v2-duration-diversity,,../video_materials/formal_v1/videos,2779,0,duration-bucket-round-robin-v1,[],17,6,vid_1667,1667.mp4,12.934000,short
video-eeg-session-manifest-v2-duration-diversity,,../video_materials/formal_v1/videos,2779,0,duration-bucket-round-robin-v1,[],17,6,vid_1688,1688.mp4,12.957000,short
video-eeg-session-manifest-v2-duration-diversity,,../video_materials/formal_v1/videos,2779,0,duration-bucket-round-robin-v1,[],17,6,vid_1709,1709.mp4,13.027000,short
video-eeg-session-manifest-v2-duration-diversity,,../video_materials/formal_v1/videos,2779,0,duration-bucket-round-robin-v1,[],17,6,vid_1725,1725.mp4,13.050000,short
video-eeg-session-manifest-v2-duration-diversity,,../video_materials/formal_v1/videos,2779,0,duration-bucket-round-robin-v1,[],17,6,vid_1746,1746.mp4,13.097000,short
video-eeg-session-manifest-v2-duration-diversity,,../video_materials/formal_v1/videos,2779,0,duration-bucket-round-robin-v1,[],17,6,vid_1751,1751.mp4,13.120000,short
video-eeg-session-manifest-v2-duration-diversity,,../video_materials/formal_v1/videos,2779,0,duration-bucket-round-robin-v1,[],17,6,vid_1773,1773.mp4,13.188000,short
video-eeg-session-manifest-v2-duration-diversity,,../video_materials/formal_v1/videos,2779,0,duration-bucket-round-robin-v1,[],17,6,vid_1794,1794.mp4,13.258000,short
video-eeg-session-manifest-v2-duration-diversity,,../video_materials/formal_v1/videos,2779,0,duration-bucket-round-robin-v1,[],17,6,vid_1800,1800.mp4,13.281000,short
video-eeg-session-manifest-v2-duration-diversity,,../video_materials/formal_v1/videos,2779,0,duration-bucket-round-robin-v1,[],17,6,vid_1824,1824.mp4,13.327000,short
video-eeg-session-manifest-v2-duration-diversity,,../video_materials/formal_v1/videos,2779,0,duration-bucket-round-robin-v1,[],17,6,vid_1841,1841.mp4,13.397000,short
video-eeg-session-manifest-v2-duration-diversity,,../video_materials/formal_v1/videos,2779,0,duration-bucket-round-robin-v1,[],17,6,vid_1854,1854.mp4,13.443000,short
video-eeg-session-manifest-v2-duration-diversity,,../video_materials/formal_v1/videos,2779,0,duration-bucket-round-robin-v1,[],17,6,vid_1871,1871.mp4,13.513000,short
video-eeg-session-manifest-v2-duration-diversity,,../video_materials/formal_v1/videos,2779,0,duration-bucket-round-robin-v1,[],17,6,vid_1896,1896.mp4,13.606000,short
video-eeg-session-manifest-v2-duration-diversity,,../video_materials/formal_v1/videos,2779,0,duration-bucket-round-robin-v1,[],17,6,vid_1909,1909.mp4,13.631000,short
video-eeg-session-manifest-v2-duration-diversity,,../video_materials/formal_v1/videos,2779,0,duration-bucket-round-robin-v1,[],17,6,vid_1924,1924.mp4,13.677000,short
video-eeg-session-manifest-v2-duration-diversity,,../video_materials/formal_v1/videos,2779,0,duration-bucket-round-robin-v1,[],17,6,vid_1939,1939.mp4,13.723000,short
video-eeg-session-manifest-v2-duration-diversity,,../video_materials/formal_v1/videos,2779,0,duration-bucket-round-robin-v1,[],17,6,vid_1963,1963.mp4,13.792000,short
video-eeg-session-manifest-v2-duration-diversity,,../video_materials/formal_v1/videos,2779,0,duration-bucket-round-robin-v1,[],17,6,vid_1976,1976.mp4,13.816000,short
video-eeg-session-manifest-v2-duration-diversity,,../video_materials/formal_v1/videos,2779,0,duration-bucket-round-robin-v1,[],17,6,vid_1994,1994.mp4,13.885000,short
video-eeg-session-manifest-v2-duration-diversity,,../video_materials/formal_v1/videos,2779,0,duration-bucket-round-robin-v1,[],17,6,vid_2008,2008.mp4,13.931000,short
video-eeg-session-manifest-v2-duration-diversity,,../video_materials/formal_v1/videos,2779,0,duration-bucket-round-robin-v1,[],17,6,vid_2025,2025.mp4,13.978000,short
video-eeg-session-manifest-v2-duration-diversity,,../video_materials/formal_v1/videos,2779,0,duration-bucket-round-robin-v1,[],17,6,vid_2044,2044.mp4,14.047000,short
video-eeg-session-manifest-v2-duration-diversity,,../video_materials/formal_v1/videos,2779,0,duration-bucket-round-robin-v1,[],17,6,vid_2058,2058.mp4,14.092000,short
video-eeg-session-manifest-v2-duration-diversity,,../video_materials/formal_v1/videos,2779,0,duration-bucket-round-robin-v1,[],17,6,vid_2078,2078.mp4,14.140000,short
video-eeg-session-manifest-v2-duration-diversity,,../video_materials/formal_v1/videos,2779,0,duration-bucket-round-robin-v1,[],17,6,vid_2101,2101.mp4,14.188000,short
video-eeg-session-manifest-v2-duration-diversity,,../video_materials/formal_v1/videos,2779,0,duration-bucket-round-robin-v1,[],17,6,vid_2110,2110.mp4,14.210000,short
video-eeg-session-manifest-v2-duration-diversity,,../video_materials/formal_v1/videos,2779,0,duration-bucket-round-robin-v1,[],17,6,vid_2127,2127.mp4,14.278000,short
video-eeg-session-manifest-v2-duration-diversity,,../video_materials/formal_v1/videos,2779,0,duration-bucket-round-robin-v1,[],17,6,vid_2148,2148.mp4,14.326000,short
video-eeg-session-manifest-v2-duration-diversity,,../video_materials/formal_v1/videos,2779,0,duration-bucket-round-robin-v1,[],17,6,vid_2164,2164.mp4,14.374000,short
video-eeg-session-manifest-v2-duration-diversity,,../video_materials/formal_v1/videos,2779,0,duration-bucket-round-robin-v1,[],17,6,vid_2177,2177.mp4,14.420000,short
video-eeg-session-manifest-v2-duration-diversity,,../video_materials/formal_v1/videos,2779,0,duration-bucket-round-robin-v1,[],17,6,vid_2203,2203.mp4,14.490000,short
video-eeg-session-manifest-v2-duration-diversity,,../video_materials/formal_v1/videos,2779,0,duration-bucket-round-robin-v1,[],17,6,vid_2221,2221.mp4,14.535000,short
video-eeg-session-manifest-v2-duration-diversity,,../video_materials/formal_v1/videos,2779,0,duration-bucket-round-robin-v1,[],17,6,vid_2235,2235.mp4,14.558000,short
video-eeg-session-manifest-v2-duration-diversity,,../video_materials/formal_v1/videos,2779,0,duration-bucket-round-robin-v1,[],17,6,vid_2250,2250.mp4,14.581000,short
video-eeg-session-manifest-v2-duration-diversity,,../video_materials/formal_v1/videos,2779,0,duration-bucket-round-robin-v1,[],17,6,vid_2263,2263.mp4,14.606000,short
video-eeg-session-manifest-v2-duration-diversity,,../video_materials/formal_v1/videos,2779,0,duration-bucket-round-robin-v1,[],17,6,vid_2286,2286.mp4,14.652000,short
video-eeg-session-manifest-v2-duration-diversity,,../video_materials/formal_v1/videos,2779,0,duration-bucket-round-robin-v1,[],17,6,vid_2306,2306.mp4,14.699000,short
video-eeg-session-manifest-v2-duration-diversity,,../video_materials/formal_v1/videos,2779,0,duration-bucket-round-robin-v1,[],17,6,vid_2319,2319.mp4,14.722000,short
video-eeg-session-manifest-v2-duration-diversity,,../video_materials/formal_v1/videos,2779,0,duration-bucket-round-robin-v1,[],17,6,vid_2337,2337.mp4,14.767000,short
video-eeg-session-manifest-v2-duration-diversity,,../video_materials/formal_v1/videos,2779,0,duration-bucket-round-robin-v1,[],17,6,vid_2351,2351.mp4,14.790000,short
video-eeg-session-manifest-v2-duration-diversity,,../video_materials/formal_v1/videos,2779,0,duration-bucket-round-robin-v1,[],17,6,vid_2369,2369.mp4,14.815000,short
video-eeg-session-manifest-v2-duration-diversity,,../video_materials/formal_v1/videos,2779,0,duration-bucket-round-robin-v1,[],17,6,vid_2388,2388.mp4,14.861000,short
video-eeg-session-manifest-v2-duration-diversity,,../video_materials/formal_v1/videos,2779,0,duration-bucket-round-robin-v1,[],17,6,vid_2400,2400.mp4,14.883000,short
video-eeg-session-manifest-v2-duration-diversity,,../video_materials/formal_v1/videos,2779,0,duration-bucket-round-robin-v1,[],17,6,vid_2421,2421.mp4,14.906000,short
video-eeg-session-manifest-v2-duration-diversity,,../video_materials/formal_v1/videos,2779,0,duration-bucket-round-robin-v1,[],17,6,vid_2438,2438.mp4,14.930000,short
video-eeg-session-manifest-v2-duration-diversity,,../video_materials/formal_v1/videos,2779,0,duration-bucket-round-robin-v1,[],17,6,vid_2457,2457.mp4,14.953000,short
video-eeg-session-manifest-v2-duration-diversity,,../video_materials/formal_v1/videos,2779,0,duration-bucket-round-robin-v1,[],17,6,vid_2471,2471.mp4,14.976000,short
video-eeg-session-manifest-v2-duration-diversity,,../video_materials/formal_v1/videos,2779,0,duration-bucket-round-robin-v1,[],17,6,vid_2473,2473.mp4,14.977000,short
video-eeg-session-manifest-v2-duration-diversity,,../video_materials/formal_v1/videos,2779,0,duration-bucket-round-robin-v1,[],17,6,vid_2507,2507.mp4,15.001000,short
video-eeg-session-manifest-v2-duration-diversity,,../video_materials/formal_v1/videos,2779,0,duration-bucket-round-robin-v1,[],17,6,vid_2534,2534.mp4,15.024000,short
video-eeg-session-manifest-v2-duration-diversity,,../video_materials/formal_v1/videos,2779,0,duration-bucket-round-robin-v1,[],17,6,vid_2545,2545.mp4,15.024000,short
video-eeg-session-manifest-v2-duration-diversity,,../video_materials/formal_v1/videos,2779,0,duration-bucket-round-robin-v1,[],17,6,vid_2556,2556.mp4,15.034000,short
video-eeg-session-manifest-v2-duration-diversity,,../video_materials/formal_v1/videos,2779,0,duration-bucket-round-robin-v1,[],17,6,vid_2573,2573.mp4,15.046000,short
video-eeg-session-manifest-v2-duration-diversity,,../video_materials/formal_v1/videos,2779,0,duration-bucket-round-robin-v1,[],17,6,vid_2600,2600.mp4,15.047000,short
video-eeg-session-manifest-v2-duration-diversity,,../video_materials/formal_v1/videos,2779,0,duration-bucket-round-robin-v1,[],17,6,vid_2608,2608.mp4,15.047000,short
video-eeg-session-manifest-v2-duration-diversity,,../video_materials/formal_v1/videos,2779,0,duration-bucket-round-robin-v1,[],17,6,vid_2619,2619.mp4,15.069000,short
video-eeg-session-manifest-v2-duration-diversity,,../video_materials/formal_v1/videos,2779,0,duration-bucket-round-robin-v1,[],17,6,vid_2622,2622.mp4,15.069000,short
video-eeg-session-manifest-v2-duration-diversity,,../video_materials/formal_v1/videos,2779,0,duration-bucket-round-robin-v1,[],17,6,vid_2636,2636.mp4,15.069000,short
video-eeg-session-manifest-v2-duration-diversity,,../video_materials/formal_v1/videos,2779,0,duration-bucket-round-robin-v1,[],17,6,vid_2676,2676.mp4,15.069000,short
video-eeg-session-manifest-v2-duration-diversity,,../video_materials/formal_v1/videos,2779,0,duration-bucket-round-robin-v1,[],17,6,vid_2690,2690.mp4,15.070000,short
video-eeg-session-manifest-v2-duration-diversity,,../video_materials/formal_v1/videos,2779,0,duration-bucket-round-robin-v1,[],17,6,vid_2698,2698.mp4,15.070000,short
video-eeg-session-manifest-v2-duration-diversity,,../video_materials/formal_v1/videos,2779,0,duration-bucket-round-robin-v1,[],17,6,vid_2775,2775.mp4,15.070000,short
video-eeg-session-manifest-v2-duration-diversity,,../video_materials/formal_v1/videos,2779,0,duration-bucket-round-robin-v1,[],17,6,vid_2776,2776.mp4,15.070000,short
video-eeg-session-manifest-v2-duration-diversity,,../video_materials/formal_v1/videos,2779,0,duration-bucket-round-robin-v1,[],17,7,vid_0002,0002.mp4,5.129000,very_short
video-eeg-session-manifest-v2-duration-diversity,,../video_materials/formal_v1/videos,2779,0,duration-bucket-round-robin-v1,[],17,7,vid_0015,0015.mp4,5.711000,very_short
video-eeg-session-manifest-v2-duration-diversity,,../video_materials/formal_v1/videos,2779,0,duration-bucket-round-robin-v1,[],17,7,vid_0039,0039.mp4,6.268000,very_short
video-eeg-session-manifest-v2-duration-diversity,,../video_materials/formal_v1/videos,2779,0,duration-bucket-round-robin-v1,[],17,7,vid_0044,0044.mp4,6.408000,very_short
video-eeg-session-manifest-v2-duration-diversity,,../video_materials/formal_v1/videos,2779,0,duration-bucket-round-robin-v1,[],17,7,vid_0076,0076.mp4,6.940000,very_short
video-eeg-session-manifest-v2-duration-diversity,,../video_materials/formal_v1/videos,2779,0,duration-bucket-round-robin-v1,[],17,7,vid_0077,0077.mp4,6.940000,very_short
video-eeg-session-manifest-v2-duration-diversity,,../video_materials/formal_v1/videos,2779,0,duration-bucket-round-robin-v1,[],17,7,vid_0106,0106.mp4,7.128000,very_short
video-eeg-session-manifest-v2-duration-diversity,,../video_materials/formal_v1/videos,2779,0,duration-bucket-round-robin-v1,[],17,7,vid_0112,0112.mp4,7.151000,very_short
video-eeg-session-manifest-v2-duration-diversity,,../video_materials/formal_v1/videos,2779,0,duration-bucket-round-robin-v1,[],17,7,vid_0130,0130.mp4,7.244000,very_short
video-eeg-session-manifest-v2-duration-diversity,,../video_materials/formal_v1/videos,2779,0,duration-bucket-round-robin-v1,[],17,7,vid_0160,0160.mp4,7.517000,very_short
video-eeg-session-manifest-v2-duration-diversity,,../video_materials/formal_v1/videos,2779,0,duration-bucket-round-robin-v1,[],17,7,vid_0163,0163.mp4,7.546000,very_short
video-eeg-session-manifest-v2-duration-diversity,,../video_materials/formal_v1/videos,2779,0,duration-bucket-round-robin-v1,[],17,7,vid_0194,0194.mp4,7.871000,very_short
video-eeg-session-manifest-v2-duration-diversity,,../video_materials/formal_v1/videos,2779,0,duration-bucket-round-robin-v1,[],17,7,vid_0197,0197.mp4,7.894000,very_short
video-eeg-session-manifest-v2-duration-diversity,,../video_materials/formal_v1/videos,2779,0,duration-bucket-round-robin-v1,[],17,7,vid_0218,0218.mp4,8.051000,very_short
video-eeg-session-manifest-v2-duration-diversity,,../video_materials/formal_v1/videos,2779,0,duration-bucket-round-robin-v1,[],17,7,vid_0232,0232.mp4,8.126000,very_short
video-eeg-session-manifest-v2-duration-diversity,,../video_materials/formal_v1/videos,2779,0,duration-bucket-round-robin-v1,[],17,7,vid_0263,0263.mp4,8.476000,very_short
video-eeg-session-manifest-v2-duration-diversity,,../video_materials/formal_v1/videos,2779,0,duration-bucket-round-robin-v1,[],17,7,vid_0265,0265.mp4,8.498000,very_short
video-eeg-session-manifest-v2-duration-diversity,,../video_materials/formal_v1/videos,2779,0,duration-bucket-round-robin-v1,[],17,7,vid_0294,0294.mp4,8.752000,very_short
video-eeg-session-manifest-v2-duration-diversity,,../video_materials/formal_v1/videos,2779,0,duration-bucket-round-robin-v1,[],17,7,vid_0302,0302.mp4,8.846000,very_short
video-eeg-session-manifest-v2-duration-diversity,,../video_materials/formal_v1/videos,2779,0,duration-bucket-round-robin-v1,[],17,7,vid_0325,0325.mp4,9.007000,very_short
video-eeg-session-manifest-v2-duration-diversity,,../video_materials/formal_v1/videos,2779,0,duration-bucket-round-robin-v1,[],17,7,vid_0341,0341.mp4,9.194000,very_short
video-eeg-session-manifest-v2-duration-diversity,,../video_materials/formal_v1/videos,2779,0,duration-bucket-round-robin-v1,[],17,7,vid_0353,0353.mp4,9.310000,very_short
video-eeg-session-manifest-v2-duration-diversity,,../video_materials/formal_v1/videos,2779,0,duration-bucket-round-robin-v1,[],17,7,vid_0380,0380.mp4,9.542000,very_short
video-eeg-session-manifest-v2-duration-diversity,,../video_materials/formal_v1/videos,2779,0,duration-bucket-round-robin-v1,[],17,7,vid_0390,0390.mp4,9.673000,very_short
video-eeg-session-manifest-v2-duration-diversity,,../video_materials/formal_v1/videos,2779,0,duration-bucket-round-robin-v1,[],17,7,vid_0407,0407.mp4,9.937000,very_short
video-eeg-session-manifest-v2-duration-diversity,,../video_materials/formal_v1/videos,2779,0,duration-bucket-round-robin-v1,[],17,7,vid_0427,0427.mp4,10.053000,very_short
video-eeg-session-manifest-v2-duration-diversity,,../video_materials/formal_v1/videos,2779,0,duration-bucket-round-robin-v1,[],17,7,vid_0443,0443.mp4,10.077000,very_short
video-eeg-session-manifest-v2-duration-diversity,,../video_materials/formal_v1/videos,2779,0,duration-bucket-round-robin-v1,[],17,7,vid_0455,0455.mp4,10.100000,very_short
video-eeg-session-manifest-v2-duration-diversity,,../video_materials/formal_v1/videos,2779,0,duration-bucket-round-robin-v1,[],17,7,vid_0466,0466.mp4,10.123000,very_short
video-eeg-session-manifest-v2-duration-diversity,,../video_materials/formal_v1/videos,2779,0,duration-bucket-round-robin-v1,[],17,7,vid_0500,0500.mp4,10.169000,very_short
video-eeg-session-manifest-v2-duration-diversity,,../video_materials/formal_v1/videos,2779,0,duration-bucket-round-robin-v1,[],17,7,vid_0503,0503.mp4,10.169000,very_short
video-eeg-session-manifest-v2-duration-diversity,,../video_materials/formal_v1/videos,2779,0,duration-bucket-round-robin-v1,[],17,7,vid_0531,0531.mp4,10.264000,very_short
video-eeg-session-manifest-v2-duration-diversity,,../video_materials/formal_v1/videos,2779,0,duration-bucket-round-robin-v1,[],17,7,vid_0549,0549.mp4,10.287000,very_short
video-eeg-session-manifest-v2-duration-diversity,,../video_materials/formal_v1/videos,2779,0,duration-bucket-round-robin-v1,[],17,7,vid_0572,0572.mp4,10.333000,very_short
video-eeg-session-manifest-v2-duration-diversity,,../video_materials/formal_v1/videos,2779,0,duration-bucket-round-robin-v1,[],17,7,vid_0574,0574.mp4,10.334000,very_short
video-eeg-session-manifest-v2-duration-diversity,,../video_materials/formal_v1/videos,2779,0,duration-bucket-round-robin-v1,[],17,7,vid_0587,0587.mp4,10.377000,very_short
video-eeg-session-manifest-v2-duration-diversity,,../video_materials/formal_v1/videos,2779,0,duration-bucket-round-robin-v1,[],17,7,vid_0619,0619.mp4,10.447000,very_short
video-eeg-session-manifest-v2-duration-diversity,,../video_materials/formal_v1/videos,2779,0,duration-bucket-round-robin-v1,[],17,7,vid_0622,0622.mp4,10.448000,very_short
video-eeg-session-manifest-v2-duration-diversity,,../video_materials/formal_v1/videos,2779,0,duration-bucket-round-robin-v1,[],17,7,vid_0654,0654.mp4,10.519000,very_short
video-eeg-session-manifest-v2-duration-diversity,,../video_materials/formal_v1/videos,2779,0,duration-bucket-round-robin-v1,[],17,7,vid_0665,0665.mp4,10.542000,very_short
video-eeg-session-manifest-v2-duration-diversity,,../video_materials/formal_v1/videos,2779,0,duration-bucket-round-robin-v1,[],17,7,vid_0672,0672.mp4,10.564000,very_short
video-eeg-session-manifest-v2-duration-diversity,,../video_materials/formal_v1/videos,2779,0,duration-bucket-round-robin-v1,[],17,7,vid_0701,0701.mp4,10.626000,very_short
video-eeg-session-manifest-v2-duration-diversity,,../video_materials/formal_v1/videos,2779,0,duration-bucket-round-robin-v1,[],17,7,vid_0709,0709.mp4,10.634000,very_short
video-eeg-session-manifest-v2-duration-diversity,,../video_materials/formal_v1/videos,2779,0,duration-bucket-round-robin-v1,[],17,7,vid_0737,0737.mp4,10.714000,very_short
video-eeg-session-manifest-v2-duration-diversity,,../video_materials/formal_v1/videos,2779,0,duration-bucket-round-robin-v1,[],17,7,vid_0745,0745.mp4,10.728000,very_short
video-eeg-session-manifest-v2-duration-diversity,,../video_materials/formal_v1/videos,2779,0,duration-bucket-round-robin-v1,[],17,7,vid_0766,0766.mp4,10.796000,very_short
video-eeg-session-manifest-v2-duration-diversity,,../video_materials/formal_v1/videos,2779,0,duration-bucket-round-robin-v1,[],17,7,vid_0776,0776.mp4,10.820000,very_short
video-eeg-session-manifest-v2-duration-diversity,,../video_materials/formal_v1/videos,2779,0,duration-bucket-round-robin-v1,[],17,7,vid_0805,0805.mp4,10.889000,very_short
video-eeg-session-manifest-v2-duration-diversity,,../video_materials/formal_v1/videos,2779,0,duration-bucket-round-robin-v1,[],17,7,vid_0810,0810.mp4,10.912000,very_short
video-eeg-session-manifest-v2-duration-diversity,,../video_materials/formal_v1/videos,2779,0,duration-bucket-round-robin-v1,[],17,7,vid_0825,0825.mp4,10.959000,very_short
video-eeg-session-manifest-v2-duration-diversity,,../video_materials/formal_v1/videos,2779,0,duration-bucket-round-robin-v1,[],17,7,vid_0841,0841.mp4,10.982000,very_short
video-eeg-session-manifest-v2-duration-diversity,,../video_materials/formal_v1/videos,2779,0,duration-bucket-round-robin-v1,[],17,7,vid_0871,0871.mp4,11.050000,very_short
video-eeg-session-manifest-v2-duration-diversity,,../video_materials/formal_v1/videos,2779,0,duration-bucket-round-robin-v1,[],17,7,vid_0873,0873.mp4,11.052000,very_short
video-eeg-session-manifest-v2-duration-diversity,,../video_materials/formal_v1/videos,2779,0,duration-bucket-round-robin-v1,[],17,7,vid_0908,0908.mp4,11.123000,very_short
video-eeg-session-manifest-v2-duration-diversity,,../video_materials/formal_v1/videos,2779,0,duration-bucket-round-robin-v1,[],17,7,vid_0914,0914.mp4,11.146000,very_short
video-eeg-session-manifest-v2-duration-diversity,,../video_materials/formal_v1/videos,2779,0,duration-bucket-round-robin-v1,[],17,7,vid_0929,0929.mp4,11.191000,very_short
video-eeg-session-manifest-v2-duration-diversity,,../video_materials/formal_v1/videos,2779,0,duration-bucket-round-robin-v1,[],17,7,vid_0961,0961.mp4,11.261000,very_short
video-eeg-session-manifest-v2-duration-diversity,,../video_materials/formal_v1/videos,2779,0,duration-bucket-round-robin-v1,[],17,7,vid_0964,0964.mp4,11.262000,very_short
video-eeg-session-manifest-v2-duration-diversity,,../video_materials/formal_v1/videos,2779,0,duration-bucket-round-robin-v1,[],17,7,vid_0985,0985.mp4,11.332000,very_short
video-eeg-session-manifest-v2-duration-diversity,,../video_materials/formal_v1/videos,2779,0,duration-bucket-round-robin-v1,[],17,7,vid_1006,1006.mp4,11.377000,very_short
video-eeg-session-manifest-v2-duration-diversity,,../video_materials/formal_v1/videos,2779,0,duration-bucket-round-robin-v1,[],17,7,vid_1027,1027.mp4,11.425000,very_short
video-eeg-session-manifest-v2-duration-diversity,,../video_materials/formal_v1/videos,2779,0,duration-bucket-round-robin-v1,[],17,7,vid_1041,1041.mp4,11.448000,very_short
video-eeg-session-manifest-v2-duration-diversity,,../video_materials/formal_v1/videos,2779,0,duration-bucket-round-robin-v1,[],17,7,vid_1045,1045.mp4,11.470000,very_short
video-eeg-session-manifest-v2-duration-diversity,,../video_materials/formal_v1/videos,2779,0,duration-bucket-round-robin-v1,[],17,7,vid_1071,1071.mp4,11.539000,very_short
video-eeg-session-manifest-v2-duration-diversity,,../video_materials/formal_v1/videos,2779,0,duration-bucket-round-robin-v1,[],17,7,vid_1090,1090.mp4,11.563000,very_short
video-eeg-session-manifest-v2-duration-diversity,,../video_materials/formal_v1/videos,2779,0,duration-bucket-round-robin-v1,[],17,7,vid_1108,1108.mp4,11.587000,very_short
video-eeg-session-manifest-v2-duration-diversity,,../video_materials/formal_v1/videos,2779,0,duration-bucket-round-robin-v1,[],17,7,vid_1131,1131.mp4,11.632000,very_short
video-eeg-session-manifest-v2-duration-diversity,,../video_materials/formal_v1/videos,2779,0,duration-bucket-round-robin-v1,[],17,7,vid_1135,1135.mp4,11.634000,very_short
video-eeg-session-manifest-v2-duration-diversity,,../video_materials/formal_v1/videos,2779,0,duration-bucket-round-robin-v1,[],17,7,vid_1154,1154.mp4,11.702000,very_short
video-eeg-session-manifest-v2-duration-diversity,,../video_materials/formal_v1/videos,2779,0,duration-bucket-round-robin-v1,[],17,7,vid_1170,1170.mp4,11.748000,very_short
video-eeg-session-manifest-v2-duration-diversity,,../video_materials/formal_v1/videos,2779,0,duration-bucket-round-robin-v1,[],17,7,vid_1197,1197.mp4,11.796000,very_short
video-eeg-session-manifest-v2-duration-diversity,,../video_materials/formal_v1/videos,2779,0,duration-bucket-round-robin-v1,[],17,7,vid_1209,1209.mp4,11.819000,very_short
video-eeg-session-manifest-v2-duration-diversity,,../video_materials/formal_v1/videos,2779,0,duration-bucket-round-robin-v1,[],17,7,vid_1211,1211.mp4,11.819000,very_short
video-eeg-session-manifest-v2-duration-diversity,,../video_materials/formal_v1/videos,2779,0,duration-bucket-round-robin-v1,[],17,7,vid_1249,1249.mp4,11.911000,very_short
video-eeg-session-manifest-v2-duration-diversity,,../video_materials/formal_v1/videos,2779,0,duration-bucket-round-robin-v1,[],17,7,vid_1265,1265.mp4,11.936000,very_short
video-eeg-session-manifest-v2-duration-diversity,,../video_materials/formal_v1/videos,2779,0,duration-bucket-round-robin-v1,[],17,7,vid_1268,1268.mp4,11.936000,very_short
video-eeg-session-manifest-v2-duration-diversity,,../video_materials/formal_v1/videos,2779,0,duration-bucket-round-robin-v1,[],17,7,vid_1294,1294.mp4,12.005000,very_short
video-eeg-session-manifest-v2-duration-diversity,,../video_materials/formal_v1/videos,2779,0,duration-bucket-round-robin-v1,[],17,7,vid_1317,1317.mp4,12.052000,very_short
video-eeg-session-manifest-v2-duration-diversity,,../video_materials/formal_v1/videos,2779,0,duration-bucket-round-robin-v1,[],17,7,vid_1323,1323.mp4,12.052000,very_short
video-eeg-session-manifest-v2-duration-diversity,,../video_materials/formal_v1/videos,2779,0,duration-bucket-round-robin-v1,[],17,7,vid_1340,1340.mp4,12.098000,very_short
video-eeg-session-manifest-v2-duration-diversity,,../video_materials/formal_v1/videos,2779,0,duration-bucket-round-robin-v1,[],17,7,vid_1358,1358.mp4,12.166000,very_short
video-eeg-session-manifest-v2-duration-diversity,,../video_materials/formal_v1/videos,2779,0,duration-bucket-round-robin-v1,[],17,7,vid_1371,1371.mp4,12.191000,very_short
video-eeg-session-manifest-v2-duration-diversity,,../video_materials/formal_v1/videos,2779,0,duration-bucket-round-robin-v1,[],17,7,vid_1398,1398.mp4,12.259000,very_short
video-eeg-session-manifest-v2-duration-diversity,,../video_materials/formal_v1/videos,2779,0,duration-bucket-round-robin-v1,[],17,7,vid_1405,1405.mp4,12.261000,very_short
video-eeg-session-manifest-v2-duration-diversity,,../video_materials/formal_v1/videos,2779,0,duration-bucket-round-robin-v1,[],17,7,vid_1438,1438.mp4,12.377000,very_short
video-eeg-session-manifest-v2-duration-diversity,,../video_materials/formal_v1/videos,2779,0,duration-bucket-round-robin-v1,[],17,7,vid_1439,1439.mp4,12.377000,very_short
video-eeg-session-manifest-v2-duration-diversity,,../video_materials/formal_v1/videos,2779,0,duration-bucket-round-robin-v1,[],17,7,vid_1472,1472.mp4,12.470000,very_short
video-eeg-session-manifest-v2-duration-diversity,,../video_materials/formal_v1/videos,2779,0,duration-bucket-round-robin-v1,[],17,7,vid_1473,1473.mp4,12.470000,very_short
video-eeg-session-manifest-v2-duration-diversity,,../video_materials/formal_v1/videos,2779,0,duration-bucket-round-robin-v1,[],17,7,vid_1496,1496.mp4,12.538000,very_short
video-eeg-session-manifest-v2-duration-diversity,,../video_materials/formal_v1/videos,2779,0,duration-bucket-round-robin-v1,[],17,7,vid_1514,1514.mp4,12.561000,very_short
video-eeg-session-manifest-v2-duration-diversity,,../video_materials/formal_v1/videos,2779,0,duration-bucket-round-robin-v1,[],17,7,vid_1523,1523.mp4,12.584000,very_short
video-eeg-session-manifest-v2-duration-diversity,,../video_materials/formal_v1/videos,2779,0,duration-bucket-round-robin-v1,[],17,7,vid_1558,1558.mp4,12.654000,very_short
video-eeg-session-manifest-v2-duration-diversity,,../video_materials/formal_v1/videos,2779,0,duration-bucket-round-robin-v1,[],17,7,vid_1559,1559.mp4,12.654000,very_short
video-eeg-session-manifest-v2-duration-diversity,,../video_materials/formal_v1/videos,2779,0,duration-bucket-round-robin-v1,[],17,7,vid_1583,1583.mp4,12.724000,very_short
video-eeg-session-manifest-v2-duration-diversity,,../video_materials/formal_v1/videos,2779,0,duration-bucket-round-robin-v1,[],17,7,vid_1603,1603.mp4,12.753000,short
video-eeg-session-manifest-v2-duration-diversity,,../video_materials/formal_v1/videos,2779,0,duration-bucket-round-robin-v1,[],17,7,vid_1618,1618.mp4,12.795000,short
video-eeg-session-manifest-v2-duration-diversity,,../video_materials/formal_v1/videos,2779,0,duration-bucket-round-robin-v1,[],17,7,vid_1635,1635.mp4,12.863000,short
video-eeg-session-manifest-v2-duration-diversity,,../video_materials/formal_v1/videos,2779,0,duration-bucket-round-robin-v1,[],17,7,vid_1651,1651.mp4,12.888000,short
video-eeg-session-manifest-v2-duration-diversity,,../video_materials/formal_v1/videos,2779,0,duration-bucket-round-robin-v1,[],17,7,vid_1673,1673.mp4,12.934000,short
video-eeg-session-manifest-v2-duration-diversity,,../video_materials/formal_v1/videos,2779,0,duration-bucket-round-robin-v1,[],17,7,vid_1690,1690.mp4,12.979000,short
video-eeg-session-manifest-v2-duration-diversity,,../video_materials/formal_v1/videos,2779,0,duration-bucket-round-robin-v1,[],17,7,vid_1705,1705.mp4,13.025000,short
video-eeg-session-manifest-v2-duration-diversity,,../video_materials/formal_v1/videos,2779,0,duration-bucket-round-robin-v1,[],17,7,vid_1726,1726.mp4,13.050000,short
video-eeg-session-manifest-v2-duration-diversity,,../video_materials/formal_v1/videos,2779,0,duration-bucket-round-robin-v1,[],17,7,vid_1734,1734.mp4,13.095000,short
video-eeg-session-manifest-v2-duration-diversity,,../video_materials/formal_v1/videos,2779,0,duration-bucket-round-robin-v1,[],17,7,vid_1758,1758.mp4,13.143000,short
video-eeg-session-manifest-v2-duration-diversity,,../video_materials/formal_v1/videos,2779,0,duration-bucket-round-robin-v1,[],17,7,vid_1769,1769.mp4,13.188000,short
video-eeg-session-manifest-v2-duration-diversity,,../video_materials/formal_v1/videos,2779,0,duration-bucket-round-robin-v1,[],17,7,vid_1785,1785.mp4,13.236000,short
video-eeg-session-manifest-v2-duration-diversity,,../video_materials/formal_v1/videos,2779,0,duration-bucket-round-robin-v1,[],17,7,vid_1798,1798.mp4,13.281000,short
video-eeg-session-manifest-v2-duration-diversity,,../video_materials/formal_v1/videos,2779,0,duration-bucket-round-robin-v1,[],17,7,vid_1822,1822.mp4,13.327000,short
video-eeg-session-manifest-v2-duration-diversity,,../video_materials/formal_v1/videos,2779,0,duration-bucket-round-robin-v1,[],17,7,vid_1842,1842.mp4,13.397000,short
video-eeg-session-manifest-v2-duration-diversity,,../video_materials/formal_v1/videos,2779,0,duration-bucket-round-robin-v1,[],17,7,vid_1864,1864.mp4,13.468000,short
video-eeg-session-manifest-v2-duration-diversity,,../video_materials/formal_v1/videos,2779,0,duration-bucket-round-robin-v1,[],17,7,vid_1877,1877.mp4,13.515000,short
video-eeg-session-manifest-v2-duration-diversity,,../video_materials/formal_v1/videos,2779,0,duration-bucket-round-robin-v1,[],17,7,vid_1888,1888.mp4,13.561000,short
video-eeg-session-manifest-v2-duration-diversity,,../video_materials/formal_v1/videos,2779,0,duration-bucket-round-robin-v1,[],17,7,vid_1907,1907.mp4,13.631000,short
video-eeg-session-manifest-v2-duration-diversity,,../video_materials/formal_v1/videos,2779,0,duration-bucket-round-robin-v1,[],17,7,vid_1930,1930.mp4,13.699000,short
video-eeg-session-manifest-v2-duration-diversity,,../video_materials/formal_v1/videos,2779,0,duration-bucket-round-robin-v1,[],17,7,vid_1943,1943.mp4,13.723000,short
video-eeg-session-manifest-v2-duration-diversity,,../video_materials/formal_v1/videos,2779,0,duration-bucket-round-robin-v1,[],17,7,vid_1957,1957.mp4,13.770000,short
video-eeg-session-manifest-v2-duration-diversity,,../video_materials/formal_v1/videos,2779,0,duration-bucket-round-robin-v1,[],17,7,vid_1980,1980.mp4,13.840000,short
video-eeg-session-manifest-v2-duration-diversity,,../video_materials/formal_v1/videos,2779,0,duration-bucket-round-robin-v1,[],17,7,vid_1999,1999.mp4,13.886000,short
video-eeg-session-manifest-v2-duration-diversity,,../video_materials/formal_v1/videos,2779,0,duration-bucket-round-robin-v1,[],17,7,vid_2013,2013.mp4,13.934000,short
video-eeg-session-manifest-v2-duration-diversity,,../video_materials/formal_v1/videos,2779,0,duration-bucket-round-robin-v1,[],17,7,vid_2027,2027.mp4,13.979000,short
video-eeg-session-manifest-v2-duration-diversity,,../video_materials/formal_v1/videos,2779,0,duration-bucket-round-robin-v1,[],17,7,vid_2047,2047.mp4,14.049000,short
video-eeg-session-manifest-v2-duration-diversity,,../video_materials/formal_v1/videos,2779,0,duration-bucket-round-robin-v1,[],17,7,vid_2062,2062.mp4,14.095000,short
video-eeg-session-manifest-v2-duration-diversity,,../video_materials/formal_v1/videos,2779,0,duration-bucket-round-robin-v1,[],17,7,vid_2081,2081.mp4,14.141000,short
video-eeg-session-manifest-v2-duration-diversity,,../video_materials/formal_v1/videos,2779,0,duration-bucket-round-robin-v1,[],17,7,vid_2089,2089.mp4,14.165000,short
video-eeg-session-manifest-v2-duration-diversity,,../video_materials/formal_v1/videos,2779,0,duration-bucket-round-robin-v1,[],17,7,vid_2115,2115.mp4,14.233000,short
video-eeg-session-manifest-v2-duration-diversity,,../video_materials/formal_v1/videos,2779,0,duration-bucket-round-robin-v1,[],17,7,vid_2128,2128.mp4,14.279000,short
video-eeg-session-manifest-v2-duration-diversity,,../video_materials/formal_v1/videos,2779,0,duration-bucket-round-robin-v1,[],17,7,vid_2151,2151.mp4,14.327000,short
video-eeg-session-manifest-v2-duration-diversity,,../video_materials/formal_v1/videos,2779,0,duration-bucket-round-robin-v1,[],17,7,vid_2167,2167.mp4,14.374000,short
video-eeg-session-manifest-v2-duration-diversity,,../video_materials/formal_v1/videos,2779,0,duration-bucket-round-robin-v1,[],17,7,vid_2185,2185.mp4,14.420000,short
video-eeg-session-manifest-v2-duration-diversity,,../video_materials/formal_v1/videos,2779,0,duration-bucket-round-robin-v1,[],17,7,vid_2197,2197.mp4,14.467000,short
video-eeg-session-manifest-v2-duration-diversity,,../video_materials/formal_v1/videos,2779,0,duration-bucket-round-robin-v1,[],17,7,vid_2216,2216.mp4,14.535000,short
video-eeg-session-manifest-v2-duration-diversity,,../video_materials/formal_v1/videos,2779,0,duration-bucket-round-robin-v1,[],17,7,vid_2228,2228.mp4,14.558000,short
video-eeg-session-manifest-v2-duration-diversity,,../video_materials/formal_v1/videos,2779,0,duration-bucket-round-robin-v1,[],17,7,vid_2249,2249.mp4,14.578000,short
video-eeg-session-manifest-v2-duration-diversity,,../video_materials/formal_v1/videos,2779,0,duration-bucket-round-robin-v1,[],17,7,vid_2264,2264.mp4,14.606000,short
video-eeg-session-manifest-v2-duration-diversity,,../video_materials/formal_v1/videos,2779,0,duration-bucket-round-robin-v1,[],17,7,vid_2283,2283.mp4,14.652000,short
video-eeg-session-manifest-v2-duration-diversity,,../video_materials/formal_v1/videos,2779,0,duration-bucket-round-robin-v1,[],17,7,vid_2296,2296.mp4,14.697000,short
video-eeg-session-manifest-v2-duration-diversity,,../video_materials/formal_v1/videos,2779,0,duration-bucket-round-robin-v1,[],17,7,vid_2320,2320.mp4,14.722000,short
video-eeg-session-manifest-v2-duration-diversity,,../video_materials/formal_v1/videos,2779,0,duration-bucket-round-robin-v1,[],17,7,vid_2335,2335.mp4,14.745000,short
video-eeg-session-manifest-v2-duration-diversity,,../video_materials/formal_v1/videos,2779,0,duration-bucket-round-robin-v1,[],17,7,vid_2352,2352.mp4,14.790000,short
video-eeg-session-manifest-v2-duration-diversity,,../video_materials/formal_v1/videos,2779,0,duration-bucket-round-robin-v1,[],17,7,vid_2366,2366.mp4,14.815000,short
video-eeg-session-manifest-v2-duration-diversity,,../video_materials/formal_v1/videos,2779,0,duration-bucket-round-robin-v1,[],17,7,vid_2384,2384.mp4,14.860000,short
video-eeg-session-manifest-v2-duration-diversity,,../video_materials/formal_v1/videos,2779,0,duration-bucket-round-robin-v1,[],17,7,vid_2403,2403.mp4,14.883000,short
video-eeg-session-manifest-v2-duration-diversity,,../video_materials/formal_v1/videos,2779,0,duration-bucket-round-robin-v1,[],17,7,vid_2417,2417.mp4,14.905000,short
video-eeg-session-manifest-v2-duration-diversity,,../video_materials/formal_v1/videos,2779,0,duration-bucket-round-robin-v1,[],17,7,vid_2435,2435.mp4,14.929000,short
video-eeg-session-manifest-v2-duration-diversity,,../video_materials/formal_v1/videos,2779,0,duration-bucket-round-robin-v1,[],17,7,vid_2456,2456.mp4,14.953000,short
video-eeg-session-manifest-v2-duration-diversity,,../video_materials/formal_v1/videos,2779,0,duration-bucket-round-robin-v1,[],17,7,vid_2472,2472.mp4,14.976000,short
video-eeg-session-manifest-v2-duration-diversity,,../video_materials/formal_v1/videos,2779,0,duration-bucket-round-robin-v1,[],17,7,vid_2491,2491.mp4,14.977000,short
video-eeg-session-manifest-v2-duration-diversity,,../video_materials/formal_v1/videos,2779,0,duration-bucket-round-robin-v1,[],17,7,vid_2505,2505.mp4,15.001000,short
video-eeg-session-manifest-v2-duration-diversity,,../video_materials/formal_v1/videos,2779,0,duration-bucket-round-robin-v1,[],17,7,vid_2543,2543.mp4,15.024000,short
video-eeg-session-manifest-v2-duration-diversity,,../video_materials/formal_v1/videos,2779,0,duration-bucket-round-robin-v1,[],17,7,vid_2553,2553.mp4,15.024000,short
video-eeg-session-manifest-v2-duration-diversity,,../video_materials/formal_v1/videos,2779,0,duration-bucket-round-robin-v1,[],17,7,vid_2557,2557.mp4,15.034000,short
video-eeg-session-manifest-v2-duration-diversity,,../video_materials/formal_v1/videos,2779,0,duration-bucket-round-robin-v1,[],17,7,vid_2577,2577.mp4,15.046000,short
video-eeg-session-manifest-v2-duration-diversity,,../video_materials/formal_v1/videos,2779,0,duration-bucket-round-robin-v1,[],17,7,vid_2597,2597.mp4,15.047000,short
video-eeg-session-manifest-v2-duration-diversity,,../video_materials/formal_v1/videos,2779,0,duration-bucket-round-robin-v1,[],17,7,vid_2598,2598.mp4,15.047000,short
video-eeg-session-manifest-v2-duration-diversity,,../video_materials/formal_v1/videos,2779,0,duration-bucket-round-robin-v1,[],17,7,vid_2633,2633.mp4,15.069000,short
video-eeg-session-manifest-v2-duration-diversity,,../video_materials/formal_v1/videos,2779,0,duration-bucket-round-robin-v1,[],17,7,vid_2637,2637.mp4,15.069000,short
video-eeg-session-manifest-v2-duration-diversity,,../video_materials/formal_v1/videos,2779,0,duration-bucket-round-robin-v1,[],17,7,vid_2657,2657.mp4,15.069000,short
video-eeg-session-manifest-v2-duration-diversity,,../video_materials/formal_v1/videos,2779,0,duration-bucket-round-robin-v1,[],17,7,vid_2662,2662.mp4,15.069000,short
video-eeg-session-manifest-v2-duration-diversity,,../video_materials/formal_v1/videos,2779,0,duration-bucket-round-robin-v1,[],17,7,vid_2699,2699.mp4,15.070000,short
video-eeg-session-manifest-v2-duration-diversity,,../video_materials/formal_v1/videos,2779,0,duration-bucket-round-robin-v1,[],17,7,vid_2710,2710.mp4,15.070000,short
video-eeg-session-manifest-v2-duration-diversity,,../video_materials/formal_v1/videos,2779,0,duration-bucket-round-robin-v1,[],17,7,vid_2711,2711.mp4,15.070000,short
video-eeg-session-manifest-v2-duration-diversity,,../video_materials/formal_v1/videos,2779,0,duration-bucket-round-robin-v1,[],17,7,vid_2743,2743.mp4,15.070000,short
video-eeg-session-manifest-v2-duration-diversity,,../video_materials/formal_v1/videos,2779,0,duration-bucket-round-robin-v1,[],17,8,vid_0023,0023.mp4,5.990000,very_short
video-eeg-session-manifest-v2-duration-diversity,,../video_materials/formal_v1/videos,2779,0,duration-bucket-round-robin-v1,[],17,8,vid_0034,0034.mp4,6.199000,very_short
video-eeg-session-manifest-v2-duration-diversity,,../video_materials/formal_v1/videos,2779,0,duration-bucket-round-robin-v1,[],17,8,vid_0051,0051.mp4,6.524000,very_short
video-eeg-session-manifest-v2-duration-diversity,,../video_materials/formal_v1/videos,2779,0,duration-bucket-round-robin-v1,[],17,8,vid_0067,0067.mp4,6.803000,very_short
video-eeg-session-manifest-v2-duration-diversity,,../video_materials/formal_v1/videos,2779,0,duration-bucket-round-robin-v1,[],17,8,vid_0085,0085.mp4,7.010000,very_short
video-eeg-session-manifest-v2-duration-diversity,,../video_materials/formal_v1/videos,2779,0,duration-bucket-round-robin-v1,[],17,8,vid_0095,0095.mp4,7.104000,very_short
video-eeg-session-manifest-v2-duration-diversity,,../video_materials/formal_v1/videos,2779,0,duration-bucket-round-robin-v1,[],17,8,vid_0116,0116.mp4,7.174000,very_short
video-eeg-session-manifest-v2-duration-diversity,,../video_materials/formal_v1/videos,2779,0,duration-bucket-round-robin-v1,[],17,8,vid_0133,0133.mp4,7.267000,very_short
video-eeg-session-manifest-v2-duration-diversity,,../video_materials/formal_v1/videos,2779,0,duration-bucket-round-robin-v1,[],17,8,vid_0155,0155.mp4,7.474000,very_short
video-eeg-session-manifest-v2-duration-diversity,,../video_materials/formal_v1/videos,2779,0,duration-bucket-round-robin-v1,[],17,8,vid_0167,0167.mp4,7.567000,very_short
video-eeg-session-manifest-v2-duration-diversity,,../video_materials/formal_v1/videos,2779,0,duration-bucket-round-robin-v1,[],17,8,vid_0189,0189.mp4,7.824000,very_short
video-eeg-session-manifest-v2-duration-diversity,,../video_materials/formal_v1/videos,2779,0,duration-bucket-round-robin-v1,[],17,8,vid_0202,0202.mp4,7.940000,very_short
video-eeg-session-manifest-v2-duration-diversity,,../video_materials/formal_v1/videos,2779,0,duration-bucket-round-robin-v1,[],17,8,vid_0219,0219.mp4,8.055000,very_short
video-eeg-session-manifest-v2-duration-diversity,,../video_materials/formal_v1/videos,2779,0,duration-bucket-round-robin-v1,[],17,8,vid_0231,0231.mp4,8.126000,very_short
video-eeg-session-manifest-v2-duration-diversity,,../video_materials/formal_v1/videos,2779,0,duration-bucket-round-robin-v1,[],17,8,vid_0257,0257.mp4,8.405000,very_short
video-eeg-session-manifest-v2-duration-diversity,,../video_materials/formal_v1/videos,2779,0,duration-bucket-round-robin-v1,[],17,8,vid_0269,0269.mp4,8.566000,very_short
video-eeg-session-manifest-v2-duration-diversity,,../video_materials/formal_v1/videos,2779,0,duration-bucket-round-robin-v1,[],17,8,vid_0292,0292.mp4,8.728000,very_short
video-eeg-session-manifest-v2-duration-diversity,,../video_materials/formal_v1/videos,2779,0,duration-bucket-round-robin-v1,[],17,8,vid_0306,0306.mp4,8.869000,very_short
video-eeg-session-manifest-v2-duration-diversity,,../video_materials/formal_v1/videos,2779,0,duration-bucket-round-robin-v1,[],17,8,vid_0319,0319.mp4,8.985000,very_short
video-eeg-session-manifest-v2-duration-diversity,,../video_materials/formal_v1/videos,2779,0,duration-bucket-round-robin-v1,[],17,8,vid_0343,0343.mp4,9.216000,very_short
video-eeg-session-manifest-v2-duration-diversity,,../video_materials/formal_v1/videos,2779,0,duration-bucket-round-robin-v1,[],17,8,vid_0354,0354.mp4,9.310000,very_short
video-eeg-session-manifest-v2-duration-diversity,,../video_materials/formal_v1/videos,2779,0,duration-bucket-round-robin-v1,[],17,8,vid_0364,0364.mp4,9.380000,very_short
video-eeg-session-manifest-v2-duration-diversity,,../video_materials/formal_v1/videos,2779,0,duration-bucket-round-robin-v1,[],17,8,vid_0399,0399.mp4,9.868000,very_short
video-eeg-session-manifest-v2-duration-diversity,,../video_materials/formal_v1/videos,2779,0,duration-bucket-round-robin-v1,[],17,8,vid_0400,0400.mp4,9.889000,very_short
video-eeg-session-manifest-v2-duration-diversity,,../video_materials/formal_v1/videos,2779,0,duration-bucket-round-robin-v1,[],17,8,vid_0420,0420.mp4,10.052000,very_short
video-eeg-session-manifest-v2-duration-diversity,,../video_materials/formal_v1/videos,2779,0,duration-bucket-round-robin-v1,[],17,8,vid_0437,0437.mp4,10.075000,very_short
video-eeg-session-manifest-v2-duration-diversity,,../video_materials/formal_v1/videos,2779,0,duration-bucket-round-robin-v1,[],17,8,vid_0470,0470.mp4,10.123000,very_short
video-eeg-session-manifest-v2-duration-diversity,,../video_materials/formal_v1/videos,2779,0,duration-bucket-round-robin-v1,[],17,8,vid_0477,0477.mp4,10.124000,very_short
video-eeg-session-manifest-v2-duration-diversity,,../video_materials/formal_v1/videos,2779,0,duration-bucket-round-robin-v1,[],17,8,vid_0495,0495.mp4,10.148000,very_short
video-eeg-session-manifest-v2-duration-diversity,,../video_materials/formal_v1/videos,2779,0,duration-bucket-round-robin-v1,[],17,8,vid_0515,0515.mp4,10.216000,very_short
video-eeg-session-manifest-v2-duration-diversity,,../video_materials/formal_v1/videos,2779,0,duration-bucket-round-robin-v1,[],17,8,vid_0517,0517.mp4,10.217000,very_short
video-eeg-session-manifest-v2-duration-diversity,,../video_materials/formal_v1/videos,2779,0,duration-bucket-round-robin-v1,[],17,8,vid_0541,0541.mp4,10.286000,very_short
video-eeg-session-manifest-v2-duration-diversity,,../video_materials/formal_v1/videos,2779,0,duration-bucket-round-robin-v1,[],17,8,vid_0563,0563.mp4,10.332000,very_short
video-eeg-session-manifest-v2-duration-diversity,,../video_materials/formal_v1/videos,2779,0,duration-bucket-round-robin-v1,[],17,8,vid_0584,0584.mp4,10.357000,very_short
video-eeg-session-manifest-v2-duration-diversity,,../video_materials/formal_v1/videos,2779,0,duration-bucket-round-robin-v1,[],17,8,vid_0595,0595.mp4,10.380000,very_short
video-eeg-session-manifest-v2-duration-diversity,,../video_materials/formal_v1/videos,2779,0,duration-bucket-round-robin-v1,[],17,8,vid_0614,0614.mp4,10.426000,very_short
video-eeg-session-manifest-v2-duration-diversity,,../video_materials/formal_v1/videos,2779,0,duration-bucket-round-robin-v1,[],17,8,vid_0635,0635.mp4,10.473000,very_short
video-eeg-session-manifest-v2-duration-diversity,,../video_materials/formal_v1/videos,2779,0,duration-bucket-round-robin-v1,[],17,8,vid_0643,0643.mp4,10.496000,very_short
video-eeg-session-manifest-v2-duration-diversity,,../video_materials/formal_v1/videos,2779,0,duration-bucket-round-robin-v1,[],17,8,vid_0669,0669.mp4,10.547000,very_short
video-eeg-session-manifest-v2-duration-diversity,,../video_materials/formal_v1/videos,2779,0,duration-bucket-round-robin-v1,[],17,8,vid_0682,0682.mp4,10.587000,very_short
video-eeg-session-manifest-v2-duration-diversity,,../video_materials/formal_v1/videos,2779,0,duration-bucket-round-robin-v1,[],17,8,vid_0689,0689.mp4,10.589000,very_short
video-eeg-session-manifest-v2-duration-diversity,,../video_materials/formal_v1/videos,2779,0,duration-bucket-round-robin-v1,[],17,8,vid_0713,0713.mp4,10.657000,very_short
video-eeg-session-manifest-v2-duration-diversity,,../video_materials/formal_v1/videos,2779,0,duration-bucket-round-robin-v1,[],17,8,vid_0730,0730.mp4,10.703000,very_short
video-eeg-session-manifest-v2-duration-diversity,,../video_materials/formal_v1/videos,2779,0,duration-bucket-round-robin-v1,[],17,8,vid_0748,0748.mp4,10.728000,very_short
video-eeg-session-manifest-v2-duration-diversity,,../video_materials/formal_v1/videos,2779,0,duration-bucket-round-robin-v1,[],17,8,vid_0772,0772.mp4,10.798000,very_short
video-eeg-session-manifest-v2-duration-diversity,,../video_materials/formal_v1/videos,2779,0,duration-bucket-round-robin-v1,[],17,8,vid_0779,0779.mp4,10.820000,very_short
video-eeg-session-manifest-v2-duration-diversity,,../video_materials/formal_v1/videos,2779,0,duration-bucket-round-robin-v1,[],17,8,vid_0796,0796.mp4,10.867000,very_short
video-eeg-session-manifest-v2-duration-diversity,,../video_materials/formal_v1/videos,2779,0,duration-bucket-round-robin-v1,[],17,8,vid_0819,0819.mp4,10.936000,very_short
video-eeg-session-manifest-v2-duration-diversity,,../video_materials/formal_v1/videos,2779,0,duration-bucket-round-robin-v1,[],17,8,vid_0849,0849.mp4,10.982000,very_short
video-eeg-session-manifest-v2-duration-diversity,,../video_materials/formal_v1/videos,2779,0,duration-bucket-round-robin-v1,[],17,8,vid_0856,0856.mp4,10.984000,very_short
video-eeg-session-manifest-v2-duration-diversity,,../video_materials/formal_v1/videos,2779,0,duration-bucket-round-robin-v1,[],17,8,vid_0862,0862.mp4,11.005000,very_short
video-eeg-session-manifest-v2-duration-diversity,,../video_materials/formal_v1/videos,2779,0,duration-bucket-round-robin-v1,[],17,8,vid_0888,0888.mp4,11.075000,very_short
video-eeg-session-manifest-v2-duration-diversity,,../video_materials/formal_v1/videos,2779,0,duration-bucket-round-robin-v1,[],17,8,vid_0896,0896.mp4,11.098000,very_short
video-eeg-session-manifest-v2-duration-diversity,,../video_materials/formal_v1/videos,2779,0,duration-bucket-round-robin-v1,[],17,8,vid_0921,0921.mp4,11.168000,very_short
video-eeg-session-manifest-v2-duration-diversity,,../video_materials/formal_v1/videos,2779,0,duration-bucket-round-robin-v1,[],17,8,vid_0931,0931.mp4,11.191000,very_short
video-eeg-session-manifest-v2-duration-diversity,,../video_materials/formal_v1/videos,2779,0,duration-bucket-round-robin-v1,[],17,8,vid_0954,0954.mp4,11.238000,very_short
video-eeg-session-manifest-v2-duration-diversity,,../video_materials/formal_v1/videos,2779,0,duration-bucket-round-robin-v1,[],17,8,vid_0971,0971.mp4,11.284000,very_short
video-eeg-session-manifest-v2-duration-diversity,,../video_materials/formal_v1/videos,2779,0,duration-bucket-round-robin-v1,[],17,8,vid_0983,0983.mp4,11.330000,very_short
video-eeg-session-manifest-v2-duration-diversity,,../video_materials/formal_v1/videos,2779,0,duration-bucket-round-robin-v1,[],17,8,vid_1010,1010.mp4,11.379000,very_short
video-eeg-session-manifest-v2-duration-diversity,,../video_materials/formal_v1/videos,2779,0,duration-bucket-round-robin-v1,[],17,8,vid_1017,1017.mp4,11.401000,very_short
video-eeg-session-manifest-v2-duration-diversity,,../video_materials/formal_v1/videos,2779,0,duration-bucket-round-robin-v1,[],17,8,vid_1029,1029.mp4,11.434000,very_short
video-eeg-session-manifest-v2-duration-diversity,,../video_materials/formal_v1/videos,2779,0,duration-bucket-round-robin-v1,[],17,8,vid_1059,1059.mp4,11.516000,very_short
video-eeg-session-manifest-v2-duration-diversity,,../video_materials/formal_v1/videos,2779,0,duration-bucket-round-robin-v1,[],17,8,vid_1065,1065.mp4,11.516000,very_short
video-eeg-session-manifest-v2-duration-diversity,,../video_materials/formal_v1/videos,2779,0,duration-bucket-round-robin-v1,[],17,8,vid_1089,1089.mp4,11.563000,very_short
video-eeg-session-manifest-v2-duration-diversity,,../video_materials/formal_v1/videos,2779,0,duration-bucket-round-robin-v1,[],17,8,vid_1104,1104.mp4,11.586000,very_short
video-eeg-session-manifest-v2-duration-diversity,,../video_materials/formal_v1/videos,2779,0,duration-bucket-round-robin-v1,[],17,8,vid_1123,1123.mp4,11.632000,very_short
video-eeg-session-manifest-v2-duration-diversity,,../video_materials/formal_v1/videos,2779,0,duration-bucket-round-robin-v1,[],17,8,vid_1127,1127.mp4,11.632000,very_short
video-eeg-session-manifest-v2-duration-diversity,,../video_materials/formal_v1/videos,2779,0,duration-bucket-round-robin-v1,[],17,8,vid_1162,1162.mp4,11.725000,very_short
video-eeg-session-manifest-v2-duration-diversity,,../video_materials/formal_v1/videos,2779,0,duration-bucket-round-robin-v1,[],17,8,vid_1167,1167.mp4,11.727000,very_short
video-eeg-session-manifest-v2-duration-diversity,,../video_materials/formal_v1/videos,2779,0,duration-bucket-round-robin-v1,[],17,8,vid_1192,1192.mp4,11.795000,very_short
video-eeg-session-manifest-v2-duration-diversity,,../video_materials/formal_v1/videos,2779,0,duration-bucket-round-robin-v1,[],17,8,vid_1214,1214.mp4,11.819000,very_short
video-eeg-session-manifest-v2-duration-diversity,,../video_materials/formal_v1/videos,2779,0,duration-bucket-round-robin-v1,[],17,8,vid_1218,1218.mp4,11.841000,very_short
video-eeg-session-manifest-v2-duration-diversity,,../video_materials/formal_v1/videos,2779,0,duration-bucket-round-robin-v1,[],17,8,vid_1244,1244.mp4,11.889000,very_short
video-eeg-session-manifest-v2-duration-diversity,,../video_materials/formal_v1/videos,2779,0,duration-bucket-round-robin-v1,[],17,8,vid_1257,1257.mp4,11.934000,very_short
video-eeg-session-manifest-v2-duration-diversity,,../video_materials/formal_v1/videos,2779,0,duration-bucket-round-robin-v1,[],17,8,vid_1272,1272.mp4,11.957000,very_short
video-eeg-session-manifest-v2-duration-diversity,,../video_materials/formal_v1/videos,2779,0,duration-bucket-round-robin-v1,[],17,8,vid_1293,1293.mp4,12.005000,very_short
video-eeg-session-manifest-v2-duration-diversity,,../video_materials/formal_v1/videos,2779,0,duration-bucket-round-robin-v1,[],17,8,vid_1301,1301.mp4,12.028000,very_short
video-eeg-session-manifest-v2-duration-diversity,,../video_materials/formal_v1/videos,2779,0,duration-bucket-round-robin-v1,[],17,8,vid_1333,1333.mp4,12.075000,very_short
video-eeg-session-manifest-v2-duration-diversity,,../video_materials/formal_v1/videos,2779,0,duration-bucket-round-robin-v1,[],17,8,vid_1337,1337.mp4,12.095000,very_short
video-eeg-session-manifest-v2-duration-diversity,,../video_materials/formal_v1/videos,2779,0,duration-bucket-round-robin-v1,[],17,8,vid_1363,1363.mp4,12.166000,very_short
video-eeg-session-manifest-v2-duration-diversity,,../video_materials/formal_v1/videos,2779,0,duration-bucket-round-robin-v1,[],17,8,vid_1370,1370.mp4,12.190000,very_short
video-eeg-session-manifest-v2-duration-diversity,,../video_materials/formal_v1/videos,2779,0,duration-bucket-round-robin-v1,[],17,8,vid_1402,1402.mp4,12.259000,very_short
video-eeg-session-manifest-v2-duration-diversity,,../video_materials/formal_v1/videos,2779,0,duration-bucket-round-robin-v1,[],17,8,vid_1410,1410.mp4,12.284000,very_short
video-eeg-session-manifest-v2-duration-diversity,,../video_materials/formal_v1/videos,2779,0,duration-bucket-round-robin-v1,[],17,8,vid_1433,1433.mp4,12.354000,very_short
video-eeg-session-manifest-v2-duration-diversity,,../video_materials/formal_v1/videos,2779,0,duration-bucket-round-robin-v1,[],17,8,vid_1449,1449.mp4,12.400000,very_short
video-eeg-session-manifest-v2-duration-diversity,,../video_materials/formal_v1/videos,2779,0,duration-bucket-round-robin-v1,[],17,8,vid_1455,1455.mp4,12.423000,very_short
video-eeg-session-manifest-v2-duration-diversity,,../video_materials/formal_v1/videos,2779,0,duration-bucket-round-robin-v1,[],17,8,vid_1485,1485.mp4,12.515000,very_short
video-eeg-session-manifest-v2-duration-diversity,,../video_materials/formal_v1/videos,2779,0,duration-bucket-round-robin-v1,[],17,8,vid_1492,1492.mp4,12.516000,very_short
video-eeg-session-manifest-v2-duration-diversity,,../video_materials/formal_v1/videos,2779,0,duration-bucket-round-robin-v1,[],17,8,vid_1508,1508.mp4,12.560000,very_short
video-eeg-session-manifest-v2-duration-diversity,,../video_materials/formal_v1/videos,2779,0,duration-bucket-round-robin-v1,[],17,8,vid_1534,1534.mp4,12.607000,very_short
video-eeg-session-manifest-v2-duration-diversity,,../video_materials/formal_v1/videos,2779,0,duration-bucket-round-robin-v1,[],17,8,vid_1554,1554.mp4,12.634000,very_short
video-eeg-session-manifest-v2-duration-diversity,,../video_materials/formal_v1/videos,2779,0,duration-bucket-round-robin-v1,[],17,8,vid_1555,1555.mp4,12.654000,very_short
video-eeg-session-manifest-v2-duration-diversity,,../video_materials/formal_v1/videos,2779,0,duration-bucket-round-robin-v1,[],17,8,vid_1588,1588.mp4,12.724000,very_short
video-eeg-session-manifest-v2-duration-diversity,,../video_materials/formal_v1/videos,2779,0,duration-bucket-round-robin-v1,[],17,8,vid_1591,1591.mp4,12.725000,short
video-eeg-session-manifest-v2-duration-diversity,,../video_materials/formal_v1/videos,2779,0,duration-bucket-round-robin-v1,[],17,8,vid_1615,1615.mp4,12.793000,short
video-eeg-session-manifest-v2-duration-diversity,,../video_materials/formal_v1/videos,2779,0,duration-bucket-round-robin-v1,[],17,8,vid_1629,1629.mp4,12.841000,short
video-eeg-session-manifest-v2-duration-diversity,,../video_materials/formal_v1/videos,2779,0,duration-bucket-round-robin-v1,[],17,8,vid_1642,1642.mp4,12.867000,short
video-eeg-session-manifest-v2-duration-diversity,,../video_materials/formal_v1/videos,2779,0,duration-bucket-round-robin-v1,[],17,8,vid_1665,1665.mp4,12.933000,short
video-eeg-session-manifest-v2-duration-diversity,,../video_materials/formal_v1/videos,2779,0,duration-bucket-round-robin-v1,[],17,8,vid_1672,1672.mp4,12.934000,short
video-eeg-session-manifest-v2-duration-diversity,,../video_materials/formal_v1/videos,2779,0,duration-bucket-round-robin-v1,[],17,8,vid_1703,1703.mp4,13.025000,short
video-eeg-session-manifest-v2-duration-diversity,,../video_materials/formal_v1/videos,2779,0,duration-bucket-round-robin-v1,[],17,8,vid_1706,1706.mp4,13.027000,short
video-eeg-session-manifest-v2-duration-diversity,,../video_materials/formal_v1/videos,2779,0,duration-bucket-round-robin-v1,[],17,8,vid_1729,1729.mp4,13.072000,short
video-eeg-session-manifest-v2-duration-diversity,,../video_materials/formal_v1/videos,2779,0,duration-bucket-round-robin-v1,[],17,8,vid_1743,1743.mp4,13.097000,short
video-eeg-session-manifest-v2-duration-diversity,,../video_materials/formal_v1/videos,2779,0,duration-bucket-round-robin-v1,[],17,8,vid_1760,1760.mp4,13.165000,short
video-eeg-session-manifest-v2-duration-diversity,,../video_materials/formal_v1/videos,2779,0,duration-bucket-round-robin-v1,[],17,8,vid_1781,1781.mp4,13.234000,short
video-eeg-session-manifest-v2-duration-diversity,,../video_materials/formal_v1/videos,2779,0,duration-bucket-round-robin-v1,[],17,8,vid_1799,1799.mp4,13.281000,short
video-eeg-session-manifest-v2-duration-diversity,,../video_materials/formal_v1/videos,2779,0,duration-bucket-round-robin-v1,[],17,8,vid_1816,1816.mp4,13.306000,short
video-eeg-session-manifest-v2-duration-diversity,,../video_materials/formal_v1/videos,2779,0,duration-bucket-round-robin-v1,[],17,8,vid_1828,1828.mp4,13.329000,short
video-eeg-session-manifest-v2-duration-diversity,,../video_materials/formal_v1/videos,2779,0,duration-bucket-round-robin-v1,[],17,8,vid_1846,1846.mp4,13.419000,short
video-eeg-session-manifest-v2-duration-diversity,,../video_materials/formal_v1/videos,2779,0,duration-bucket-round-robin-v1,[],17,8,vid_1865,1865.mp4,13.490000,short
video-eeg-session-manifest-v2-duration-diversity,,../video_materials/formal_v1/videos,2779,0,duration-bucket-round-robin-v1,[],17,8,vid_1885,1885.mp4,13.560000,short
video-eeg-session-manifest-v2-duration-diversity,,../video_materials/formal_v1/videos,2779,0,duration-bucket-round-robin-v1,[],17,8,vid_1897,1897.mp4,13.607000,short
video-eeg-session-manifest-v2-duration-diversity,,../video_materials/formal_v1/videos,2779,0,duration-bucket-round-robin-v1,[],17,8,vid_1920,1920.mp4,13.667000,short
video-eeg-session-manifest-v2-duration-diversity,,../video_materials/formal_v1/videos,2779,0,duration-bucket-round-robin-v1,[],17,8,vid_1931,1931.mp4,13.699000,short
video-eeg-session-manifest-v2-duration-diversity,,../video_materials/formal_v1/videos,2779,0,duration-bucket-round-robin-v1,[],17,8,vid_1950,1950.mp4,13.767000,short
video-eeg-session-manifest-v2-duration-diversity,,../video_materials/formal_v1/videos,2779,0,duration-bucket-round-robin-v1,[],17,8,vid_1967,1967.mp4,13.793000,short
video-eeg-session-manifest-v2-duration-diversity,,../video_materials/formal_v1/videos,2779,0,duration-bucket-round-robin-v1,[],17,8,vid_1983,1983.mp4,13.861000,short
video-eeg-session-manifest-v2-duration-diversity,,../video_materials/formal_v1/videos,2779,0,duration-bucket-round-robin-v1,[],17,8,vid_2005,2005.mp4,13.909000,short
video-eeg-session-manifest-v2-duration-diversity,,../video_materials/formal_v1/videos,2779,0,duration-bucket-round-robin-v1,[],17,8,vid_2017,2017.mp4,13.956000,short
video-eeg-session-manifest-v2-duration-diversity,,../video_materials/formal_v1/videos,2779,0,duration-bucket-round-robin-v1,[],17,8,vid_2032,2032.mp4,14.001000,short
video-eeg-session-manifest-v2-duration-diversity,,../video_materials/formal_v1/videos,2779,0,duration-bucket-round-robin-v1,[],17,8,vid_2056,2056.mp4,14.070000,short
video-eeg-session-manifest-v2-duration-diversity,,../video_materials/formal_v1/videos,2779,0,duration-bucket-round-robin-v1,[],17,8,vid_2071,2071.mp4,14.117000,short
video-eeg-session-manifest-v2-duration-diversity,,../video_materials/formal_v1/videos,2779,0,duration-bucket-round-robin-v1,[],17,8,vid_2092,2092.mp4,14.165000,short
video-eeg-session-manifest-v2-duration-diversity,,../video_materials/formal_v1/videos,2779,0,duration-bucket-round-robin-v1,[],17,8,vid_2104,2104.mp4,14.188000,short
video-eeg-session-manifest-v2-duration-diversity,,../video_materials/formal_v1/videos,2779,0,duration-bucket-round-robin-v1,[],17,8,vid_2122,2122.mp4,14.234000,short
video-eeg-session-manifest-v2-duration-diversity,,../video_materials/formal_v1/videos,2779,0,duration-bucket-round-robin-v1,[],17,8,vid_2134,2134.mp4,14.281000,short
video-eeg-session-manifest-v2-duration-diversity,,../video_materials/formal_v1/videos,2779,0,duration-bucket-round-robin-v1,[],17,8,vid_2153,2153.mp4,14.334000,short
video-eeg-session-manifest-v2-duration-diversity,,../video_materials/formal_v1/videos,2779,0,duration-bucket-round-robin-v1,[],17,8,vid_2169,2169.mp4,14.395000,short
video-eeg-session-manifest-v2-duration-diversity,,../video_materials/formal_v1/videos,2779,0,duration-bucket-round-robin-v1,[],17,8,vid_2187,2187.mp4,14.442000,short
video-eeg-session-manifest-v2-duration-diversity,,../video_materials/formal_v1/videos,2779,0,duration-bucket-round-robin-v1,[],17,8,vid_2204,2204.mp4,14.500000,short
video-eeg-session-manifest-v2-duration-diversity,,../video_materials/formal_v1/videos,2779,0,duration-bucket-round-robin-v1,[],17,8,vid_2219,2219.mp4,14.535000,short
video-eeg-session-manifest-v2-duration-diversity,,../video_materials/formal_v1/videos,2779,0,duration-bucket-round-robin-v1,[],17,8,vid_2240,2240.mp4,14.559000,short
video-eeg-session-manifest-v2-duration-diversity,,../video_materials/formal_v1/videos,2779,0,duration-bucket-round-robin-v1,[],17,8,vid_2251,2251.mp4,14.581000,short
video-eeg-session-manifest-v2-duration-diversity,,../video_materials/formal_v1/videos,2779,0,duration-bucket-round-robin-v1,[],17,8,vid_2270,2270.mp4,14.629000,short
video-eeg-session-manifest-v2-duration-diversity,,../video_materials/formal_v1/videos,2779,0,duration-bucket-round-robin-v1,[],17,8,vid_2289,2289.mp4,14.667000,short
video-eeg-session-manifest-v2-duration-diversity,,../video_materials/formal_v1/videos,2779,0,duration-bucket-round-robin-v1,[],17,8,vid_2305,2305.mp4,14.699000,short
video-eeg-session-manifest-v2-duration-diversity,,../video_materials/formal_v1/videos,2779,0,duration-bucket-round-robin-v1,[],17,8,vid_2324,2324.mp4,14.722000,short
video-eeg-session-manifest-v2-duration-diversity,,../video_materials/formal_v1/videos,2779,0,duration-bucket-round-robin-v1,[],17,8,vid_2346,2346.mp4,14.768000,short
video-eeg-session-manifest-v2-duration-diversity,,../video_materials/formal_v1/videos,2779,0,duration-bucket-round-robin-v1,[],17,8,vid_2360,2360.mp4,14.792000,short
video-eeg-session-manifest-v2-duration-diversity,,../video_materials/formal_v1/videos,2779,0,duration-bucket-round-robin-v1,[],17,8,vid_2375,2375.mp4,14.837000,short
video-eeg-session-manifest-v2-duration-diversity,,../video_materials/formal_v1/videos,2779,0,duration-bucket-round-robin-v1,[],17,8,vid_2392,2392.mp4,14.861000,short
video-eeg-session-manifest-v2-duration-diversity,,../video_materials/formal_v1/videos,2779,0,duration-bucket-round-robin-v1,[],17,8,vid_2414,2414.mp4,14.884000,short
video-eeg-session-manifest-v2-duration-diversity,,../video_materials/formal_v1/videos,2779,0,duration-bucket-round-robin-v1,[],17,8,vid_2429,2429.mp4,14.908000,short
video-eeg-session-manifest-v2-duration-diversity,,../video_materials/formal_v1/videos,2779,0,duration-bucket-round-robin-v1,[],17,8,vid_2449,2449.mp4,14.931000,short
video-eeg-session-manifest-v2-duration-diversity,,../video_materials/formal_v1/videos,2779,0,duration-bucket-round-robin-v1,[],17,8,vid_2463,2463.mp4,14.954000,short
video-eeg-session-manifest-v2-duration-diversity,,../video_materials/formal_v1/videos,2779,0,duration-bucket-round-robin-v1,[],17,8,vid_2483,2483.mp4,14.977000,short
video-eeg-session-manifest-v2-duration-diversity,,../video_materials/formal_v1/videos,2779,0,duration-bucket-round-robin-v1,[],17,8,vid_2495,2495.mp4,14.999000,short
video-eeg-session-manifest-v2-duration-diversity,,../video_materials/formal_v1/videos,2779,0,duration-bucket-round-robin-v1,[],17,8,vid_2512,2512.mp4,15.001000,short
video-eeg-session-manifest-v2-duration-diversity,,../video_materials/formal_v1/videos,2779,0,duration-bucket-round-robin-v1,[],17,8,vid_2519,2519.mp4,15.024000,short
video-eeg-session-manifest-v2-duration-diversity,,../video_materials/formal_v1/videos,2779,0,duration-bucket-round-robin-v1,[],17,8,vid_2552,2552.mp4,15.024000,short
video-eeg-session-manifest-v2-duration-diversity,,../video_materials/formal_v1/videos,2779,0,duration-bucket-round-robin-v1,[],17,8,vid_2560,2560.mp4,15.046000,short
video-eeg-session-manifest-v2-duration-diversity,,../video_materials/formal_v1/videos,2779,0,duration-bucket-round-robin-v1,[],17,8,vid_2565,2565.mp4,15.046000,short
video-eeg-session-manifest-v2-duration-diversity,,../video_materials/formal_v1/videos,2779,0,duration-bucket-round-robin-v1,[],17,8,vid_2587,2587.mp4,15.047000,short
video-eeg-session-manifest-v2-duration-diversity,,../video_materials/formal_v1/videos,2779,0,duration-bucket-round-robin-v1,[],17,8,vid_2616,2616.mp4,15.067000,short
video-eeg-session-manifest-v2-duration-diversity,,../video_materials/formal_v1/videos,2779,0,duration-bucket-round-robin-v1,[],17,8,vid_2645,2645.mp4,15.069000,short
video-eeg-session-manifest-v2-duration-diversity,,../video_materials/formal_v1/videos,2779,0,duration-bucket-round-robin-v1,[],17,8,vid_2649,2649.mp4,15.069000,short
video-eeg-session-manifest-v2-duration-diversity,,../video_materials/formal_v1/videos,2779,0,duration-bucket-round-robin-v1,[],17,8,vid_2664,2664.mp4,15.069000,short
video-eeg-session-manifest-v2-duration-diversity,,../video_materials/formal_v1/videos,2779,0,duration-bucket-round-robin-v1,[],17,8,vid_2679,2679.mp4,15.070000,short
video-eeg-session-manifest-v2-duration-diversity,,../video_materials/formal_v1/videos,2779,0,duration-bucket-round-robin-v1,[],17,8,vid_2708,2708.mp4,15.070000,short
video-eeg-session-manifest-v2-duration-diversity,,../video_materials/formal_v1/videos,2779,0,duration-bucket-round-robin-v1,[],17,8,vid_2726,2726.mp4,15.070000,short
video-eeg-session-manifest-v2-duration-diversity,,../video_materials/formal_v1/videos,2779,0,duration-bucket-round-robin-v1,[],17,8,vid_2729,2729.mp4,15.070000,short
video-eeg-session-manifest-v2-duration-diversity,,../video_materials/formal_v1/videos,2779,0,duration-bucket-round-robin-v1,[],17,8,vid_2742,2742.mp4,15.070000,short
video-eeg-session-manifest-v2-duration-diversity,,../video_materials/formal_v1/videos,2779,0,duration-bucket-round-robin-v1,[],17,8,vid_2780,2780.mp4,15.070000,short
video-eeg-session-manifest-v2-duration-diversity,,../video_materials/formal_v1/videos,2779,0,duration-bucket-round-robin-v1,[],17,9,vid_0016,0016.mp4,5.756000,very_short
video-eeg-session-manifest-v2-duration-diversity,,../video_materials/formal_v1/videos,2779,0,duration-bucket-round-robin-v1,[],17,9,vid_0038,0038.mp4,6.267000,very_short
video-eeg-session-manifest-v2-duration-diversity,,../video_materials/formal_v1/videos,2779,0,duration-bucket-round-robin-v1,[],17,9,vid_0043,0043.mp4,6.406000,very_short
video-eeg-session-manifest-v2-duration-diversity,,../video_materials/formal_v1/videos,2779,0,duration-bucket-round-robin-v1,[],17,9,vid_0074,0074.mp4,6.919000,very_short
video-eeg-session-manifest-v2-duration-diversity,,../video_materials/formal_v1/videos,2779,0,duration-bucket-round-robin-v1,[],17,9,vid_0079,0079.mp4,6.964000,very_short
video-eeg-session-manifest-v2-duration-diversity,,../video_materials/formal_v1/videos,2779,0,duration-bucket-round-robin-v1,[],17,9,vid_0102,0102.mp4,7.126000,very_short
video-eeg-session-manifest-v2-duration-diversity,,../video_materials/formal_v1/videos,2779,0,duration-bucket-round-robin-v1,[],17,9,vid_0111,0111.mp4,7.149000,very_short
video-eeg-session-manifest-v2-duration-diversity,,../video_materials/formal_v1/videos,2779,0,duration-bucket-round-robin-v1,[],17,9,vid_0131,0131.mp4,7.265000,very_short
video-eeg-session-manifest-v2-duration-diversity,,../video_materials/formal_v1/videos,2779,0,duration-bucket-round-robin-v1,[],17,9,vid_0159,0159.mp4,7.499000,very_short
video-eeg-session-manifest-v2-duration-diversity,,../video_materials/formal_v1/videos,2779,0,duration-bucket-round-robin-v1,[],17,9,vid_0166,0166.mp4,7.548000,very_short
video-eeg-session-manifest-v2-duration-diversity,,../video_materials/formal_v1/videos,2779,0,duration-bucket-round-robin-v1,[],17,9,vid_0195,0195.mp4,7.871000,very_short
video-eeg-session-manifest-v2-duration-diversity,,../video_materials/formal_v1/videos,2779,0,duration-bucket-round-robin-v1,[],17,9,vid_0196,0196.mp4,7.892000,very_short
video-eeg-session-manifest-v2-duration-diversity,,../video_materials/formal_v1/videos,2779,0,duration-bucket-round-robin-v1,[],17,9,vid_0213,0213.mp4,8.033000,very_short
video-eeg-session-manifest-v2-duration-diversity,,../video_materials/formal_v1/videos,2779,0,duration-bucket-round-robin-v1,[],17,9,vid_0234,0234.mp4,8.126000,very_short
video-eeg-session-manifest-v2-duration-diversity,,../video_materials/formal_v1/videos,2779,0,duration-bucket-round-robin-v1,[],17,9,vid_0260,0260.mp4,8.474000,very_short
video-eeg-session-manifest-v2-duration-diversity,,../video_materials/formal_v1/videos,2779,0,duration-bucket-round-robin-v1,[],17,9,vid_0267,0267.mp4,8.521000,very_short
video-eeg-session-manifest-v2-duration-diversity,,../video_materials/formal_v1/videos,2779,0,duration-bucket-round-robin-v1,[],17,9,vid_0287,0287.mp4,8.707000,very_short
video-eeg-session-manifest-v2-duration-diversity,,../video_materials/formal_v1/videos,2779,0,duration-bucket-round-robin-v1,[],17,9,vid_0313,0313.mp4,8.947000,very_short
video-eeg-session-manifest-v2-duration-diversity,,../video_materials/formal_v1/videos,2779,0,duration-bucket-round-robin-v1,[],17,9,vid_0328,0328.mp4,9.008000,very_short
video-eeg-session-manifest-v2-duration-diversity,,../video_materials/formal_v1/videos,2779,0,duration-bucket-round-robin-v1,[],17,9,vid_0334,0334.mp4,9.125000,very_short
video-eeg-session-manifest-v2-duration-diversity,,../video_materials/formal_v1/videos,2779,0,duration-bucket-round-robin-v1,[],17,9,vid_0356,0356.mp4,9.334000,very_short
video-eeg-session-manifest-v2-duration-diversity,,../video_materials/formal_v1/videos,2779,0,duration-bucket-round-robin-v1,[],17,9,vid_0372,0372.mp4,9.496000,very_short
video-eeg-session-manifest-v2-duration-diversity,,../video_materials/formal_v1/videos,2779,0,duration-bucket-round-robin-v1,[],17,9,vid_0393,0393.mp4,9.705000,very_short
video-eeg-session-manifest-v2-duration-diversity,,../video_materials/formal_v1/videos,2779,0,duration-bucket-round-robin-v1,[],17,9,vid_0406,0406.mp4,9.936000,very_short
video-eeg-session-manifest-v2-duration-diversity,,../video_materials/formal_v1/videos,2779,0,duration-bucket-round-robin-v1,[],17,9,vid_0435,0435.mp4,10.055000,very_short
video-eeg-session-manifest-v2-duration-diversity,,../video_materials/formal_v1/videos,2779,0,duration-bucket-round-robin-v1,[],17,9,vid_0445,0445.mp4,10.078000,very_short
video-eeg-session-manifest-v2-duration-diversity,,../video_materials/formal_v1/videos,2779,0,duration-bucket-round-robin-v1,[],17,9,vid_0463,0463.mp4,10.101000,very_short
video-eeg-session-manifest-v2-duration-diversity,,../video_materials/formal_v1/videos,2779,0,duration-bucket-round-robin-v1,[],17,9,vid_0471,0471.mp4,10.123000,very_short
video-eeg-session-manifest-v2-duration-diversity,,../video_materials/formal_v1/videos,2779,0,duration-bucket-round-robin-v1,[],17,9,vid_0504,0504.mp4,10.169000,very_short
video-eeg-session-manifest-v2-duration-diversity,,../video_materials/formal_v1/videos,2779,0,duration-bucket-round-robin-v1,[],17,9,vid_0506,0506.mp4,10.171000,very_short
video-eeg-session-manifest-v2-duration-diversity,,../video_materials/formal_v1/videos,2779,0,duration-bucket-round-robin-v1,[],17,9,vid_0532,0532.mp4,10.264000,very_short
video-eeg-session-manifest-v2-duration-diversity,,../video_materials/formal_v1/videos,2779,0,duration-bucket-round-robin-v1,[],17,9,vid_0545,0545.mp4,10.287000,very_short
video-eeg-session-manifest-v2-duration-diversity,,../video_materials/formal_v1/videos,2779,0,duration-bucket-round-robin-v1,[],17,9,vid_0554,0554.mp4,10.309000,very_short
video-eeg-session-manifest-v2-duration-diversity,,../video_materials/formal_v1/videos,2779,0,duration-bucket-round-robin-v1,[],17,9,vid_0576,0576.mp4,10.355000,very_short
video-eeg-session-manifest-v2-duration-diversity,,../video_materials/formal_v1/videos,2779,0,duration-bucket-round-robin-v1,[],17,9,vid_0588,0588.mp4,10.377000,very_short
video-eeg-session-manifest-v2-duration-diversity,,../video_materials/formal_v1/videos,2779,0,duration-bucket-round-robin-v1,[],17,9,vid_0621,0621.mp4,10.448000,very_short
video-eeg-session-manifest-v2-duration-diversity,,../video_materials/formal_v1/videos,2779,0,duration-bucket-round-robin-v1,[],17,9,vid_0625,0625.mp4,10.449000,very_short
video-eeg-session-manifest-v2-duration-diversity,,../video_materials/formal_v1/videos,2779,0,duration-bucket-round-robin-v1,[],17,9,vid_0639,0639.mp4,10.495000,very_short
video-eeg-session-manifest-v2-duration-diversity,,../video_materials/formal_v1/videos,2779,0,duration-bucket-round-robin-v1,[],17,9,vid_0671,0671.mp4,10.564000,very_short
video-eeg-session-manifest-v2-duration-diversity,,../video_materials/formal_v1/videos,2779,0,duration-bucket-round-robin-v1,[],17,9,vid_0678,0678.mp4,10.564000,very_short
video-eeg-session-manifest-v2-duration-diversity,,../video_materials/formal_v1/videos,2779,0,duration-bucket-round-robin-v1,[],17,9,vid_0697,0697.mp4,10.611000,very_short
video-eeg-session-manifest-v2-duration-diversity,,../video_materials/formal_v1/videos,2779,0,duration-bucket-round-robin-v1,[],17,9,vid_0706,0706.mp4,10.634000,very_short
video-eeg-session-manifest-v2-duration-diversity,,../video_materials/formal_v1/videos,2779,0,duration-bucket-round-robin-v1,[],17,9,vid_0742,0742.mp4,10.727000,very_short
video-eeg-session-manifest-v2-duration-diversity,,../video_materials/formal_v1/videos,2779,0,duration-bucket-round-robin-v1,[],17,9,vid_0747,0747.mp4,10.728000,very_short
video-eeg-session-manifest-v2-duration-diversity,,../video_materials/formal_v1/videos,2779,0,duration-bucket-round-robin-v1,[],17,9,vid_0762,0762.mp4,10.775000,very_short
video-eeg-session-manifest-v2-duration-diversity,,../video_materials/formal_v1/videos,2779,0,duration-bucket-round-robin-v1,[],17,9,vid_0784,0784.mp4,10.843000,very_short
video-eeg-session-manifest-v2-duration-diversity,,../video_materials/formal_v1/videos,2779,0,duration-bucket-round-robin-v1,[],17,9,vid_0795,0795.mp4,10.867000,very_short
video-eeg-session-manifest-v2-duration-diversity,,../video_materials/formal_v1/videos,2779,0,duration-bucket-round-robin-v1,[],17,9,vid_0818,0818.mp4,10.936000,very_short
video-eeg-session-manifest-v2-duration-diversity,,../video_materials/formal_v1/videos,2779,0,duration-bucket-round-robin-v1,[],17,9,vid_0824,0824.mp4,10.959000,very_short
video-eeg-session-manifest-v2-duration-diversity,,../video_materials/formal_v1/videos,2779,0,duration-bucket-round-robin-v1,[],17,9,vid_0844,0844.mp4,10.982000,very_short
video-eeg-session-manifest-v2-duration-diversity,,../video_materials/formal_v1/videos,2779,0,duration-bucket-round-robin-v1,[],17,9,vid_0865,0865.mp4,11.029000,very_short
video-eeg-session-manifest-v2-duration-diversity,,../video_materials/formal_v1/videos,2779,0,duration-bucket-round-robin-v1,[],17,9,vid_0889,0889.mp4,11.075000,very_short
video-eeg-session-manifest-v2-duration-diversity,,../video_materials/formal_v1/videos,2779,0,duration-bucket-round-robin-v1,[],17,9,vid_0898,0898.mp4,11.098000,very_short
video-eeg-session-manifest-v2-duration-diversity,,../video_materials/formal_v1/videos,2779,0,duration-bucket-round-robin-v1,[],17,9,vid_0917,0917.mp4,11.166000,very_short
video-eeg-session-manifest-v2-duration-diversity,,../video_materials/formal_v1/videos,2779,0,duration-bucket-round-robin-v1,[],17,9,vid_0942,0942.mp4,11.214000,very_short
video-eeg-session-manifest-v2-duration-diversity,,../video_materials/formal_v1/videos,2779,0,duration-bucket-round-robin-v1,[],17,9,vid_0947,0947.mp4,11.216000,very_short
video-eeg-session-manifest-v2-duration-diversity,,../video_materials/formal_v1/videos,2779,0,duration-bucket-round-robin-v1,[],17,9,vid_0969,0969.mp4,11.284000,very_short
video-eeg-session-manifest-v2-duration-diversity,,../video_materials/formal_v1/videos,2779,0,duration-bucket-round-robin-v1,[],17,9,vid_0990,0990.mp4,11.334000,very_short
video-eeg-session-manifest-v2-duration-diversity,,../video_materials/formal_v1/videos,2779,0,duration-bucket-round-robin-v1,[],17,9,vid_1002,1002.mp4,11.355000,very_short
video-eeg-session-manifest-v2-duration-diversity,,../video_materials/formal_v1/videos,2779,0,duration-bucket-round-robin-v1,[],17,9,vid_1019,1019.mp4,11.423000,very_short
video-eeg-session-manifest-v2-duration-diversity,,../video_materials/formal_v1/videos,2779,0,duration-bucket-round-robin-v1,[],17,9,vid_1038,1038.mp4,11.448000,very_short
video-eeg-session-manifest-v2-duration-diversity,,../video_materials/formal_v1/videos,2779,0,duration-bucket-round-robin-v1,[],17,9,vid_1054,1054.mp4,11.494000,very_short
video-eeg-session-manifest-v2-duration-diversity,,../video_materials/formal_v1/videos,2779,0,duration-bucket-round-robin-v1,[],17,9,vid_1072,1072.mp4,11.539000,very_short
video-eeg-session-manifest-v2-duration-diversity,,../video_materials/formal_v1/videos,2779,0,duration-bucket-round-robin-v1,[],17,9,vid_1095,1095.mp4,11.564000,very_short
video-eeg-session-manifest-v2-duration-diversity,,../video_materials/formal_v1/videos,2779,0,duration-bucket-round-robin-v1,[],17,9,vid_1111,1111.mp4,11.588000,very_short
video-eeg-session-manifest-v2-duration-diversity,,../video_materials/formal_v1/videos,2779,0,duration-bucket-round-robin-v1,[],17,9,vid_1119,1119.mp4,11.610000,very_short
video-eeg-session-manifest-v2-duration-diversity,,../video_materials/formal_v1/videos,2779,0,duration-bucket-round-robin-v1,[],17,9,vid_1157,1157.mp4,11.703000,very_short
video-eeg-session-manifest-v2-duration-diversity,,../video_materials/formal_v1/videos,2779,0,duration-bucket-round-robin-v1,[],17,9,vid_1178,1178.mp4,11.750000,very_short
video-eeg-session-manifest-v2-duration-diversity,,../video_materials/formal_v1/videos,2779,0,duration-bucket-round-robin-v1,[],17,9,vid_1182,1182.mp4,11.772000,very_short
video-eeg-session-manifest-v2-duration-diversity,,../video_materials/formal_v1/videos,2779,0,duration-bucket-round-robin-v1,[],17,9,vid_1206,1206.mp4,11.818000,very_short
video-eeg-session-manifest-v2-duration-diversity,,../video_materials/formal_v1/videos,2779,0,duration-bucket-round-robin-v1,[],17,9,vid_1234,1234.mp4,11.866000,very_short
video-eeg-session-manifest-v2-duration-diversity,,../video_materials/formal_v1/videos,2779,0,duration-bucket-round-robin-v1,[],17,9,vid_1237,1237.mp4,11.866000,very_short
video-eeg-session-manifest-v2-duration-diversity,,../video_materials/formal_v1/videos,2779,0,duration-bucket-round-robin-v1,[],17,9,vid_1258,1258.mp4,11.934000,very_short
video-eeg-session-manifest-v2-duration-diversity,,../video_materials/formal_v1/videos,2779,0,duration-bucket-round-robin-v1,[],17,9,vid_1277,1277.mp4,11.959000,very_short
video-eeg-session-manifest-v2-duration-diversity,,../video_materials/formal_v1/videos,2779,0,duration-bucket-round-robin-v1,[],17,9,vid_1295,1295.mp4,12.005000,very_short
video-eeg-session-manifest-v2-duration-diversity,,../video_materials/formal_v1/videos,2779,0,duration-bucket-round-robin-v1,[],17,9,vid_1305,1305.mp4,12.028000,very_short
video-eeg-session-manifest-v2-duration-diversity,,../video_materials/formal_v1/videos,2779,0,duration-bucket-round-robin-v1,[],17,9,vid_1322,1322.mp4,12.052000,very_short
video-eeg-session-manifest-v2-duration-diversity,,../video_materials/formal_v1/videos,2779,0,duration-bucket-round-robin-v1,[],17,9,vid_1346,1346.mp4,12.121000,very_short
video-eeg-session-manifest-v2-duration-diversity,,../video_materials/formal_v1/videos,2779,0,duration-bucket-round-robin-v1,[],17,9,vid_1364,1364.mp4,12.166000,very_short
video-eeg-session-manifest-v2-duration-diversity,,../video_materials/formal_v1/videos,2779,0,duration-bucket-round-robin-v1,[],17,9,vid_1373,1373.mp4,12.191000,very_short
video-eeg-session-manifest-v2-duration-diversity,,../video_materials/formal_v1/videos,2779,0,duration-bucket-round-robin-v1,[],17,9,vid_1403,1403.mp4,12.259000,very_short
video-eeg-session-manifest-v2-duration-diversity,,../video_materials/formal_v1/videos,2779,0,duration-bucket-round-robin-v1,[],17,9,vid_1418,1418.mp4,12.307000,very_short
video-eeg-session-manifest-v2-duration-diversity,,../video_materials/formal_v1/videos,2779,0,duration-bucket-round-robin-v1,[],17,9,vid_1419,1419.mp4,12.307000,very_short
video-eeg-session-manifest-v2-duration-diversity,,../video_materials/formal_v1/videos,2779,0,duration-bucket-round-robin-v1,[],17,9,vid_1452,1452.mp4,12.420000,very_short
video-eeg-session-manifest-v2-duration-diversity,,../video_materials/formal_v1/videos,2779,0,duration-bucket-round-robin-v1,[],17,9,vid_1454,1454.mp4,12.422000,very_short
video-eeg-session-manifest-v2-duration-diversity,,../video_materials/formal_v1/videos,2779,0,duration-bucket-round-robin-v1,[],17,9,vid_1487,1487.mp4,12.515000,very_short
video-eeg-session-manifest-v2-duration-diversity,,../video_materials/formal_v1/videos,2779,0,duration-bucket-round-robin-v1,[],17,9,vid_1491,1491.mp4,12.516000,very_short
video-eeg-session-manifest-v2-duration-diversity,,../video_materials/formal_v1/videos,2779,0,duration-bucket-round-robin-v1,[],17,9,vid_1507,1507.mp4,12.560000,very_short
video-eeg-session-manifest-v2-duration-diversity,,../video_materials/formal_v1/videos,2779,0,duration-bucket-round-robin-v1,[],17,9,vid_1536,1536.mp4,12.609000,very_short
video-eeg-session-manifest-v2-duration-diversity,,../video_materials/formal_v1/videos,2779,0,duration-bucket-round-robin-v1,[],17,9,vid_1552,1552.mp4,12.632000,very_short
video-eeg-session-manifest-v2-duration-diversity,,../video_materials/formal_v1/videos,2779,0,duration-bucket-round-robin-v1,[],17,9,vid_1557,1557.mp4,12.654000,very_short
video-eeg-session-manifest-v2-duration-diversity,,../video_materials/formal_v1/videos,2779,0,duration-bucket-round-robin-v1,[],17,9,vid_1586,1586.mp4,12.724000,very_short
video-eeg-session-manifest-v2-duration-diversity,,../video_materials/formal_v1/videos,2779,0,duration-bucket-round-robin-v1,[],17,9,vid_1590,1590.mp4,12.725000,short
video-eeg-session-manifest-v2-duration-diversity,,../video_materials/formal_v1/videos,2779,0,duration-bucket-round-robin-v1,[],17,9,vid_1612,1612.mp4,12.792000,short
video-eeg-session-manifest-v2-duration-diversity,,../video_materials/formal_v1/videos,2779,0,duration-bucket-round-robin-v1,[],17,9,vid_1626,1626.mp4,12.830000,short
video-eeg-session-manifest-v2-duration-diversity,,../video_materials/formal_v1/videos,2779,0,duration-bucket-round-robin-v1,[],17,9,vid_1647,1647.mp4,12.886000,short
video-eeg-session-manifest-v2-duration-diversity,,../video_materials/formal_v1/videos,2779,0,duration-bucket-round-robin-v1,[],17,9,vid_1663,1663.mp4,12.933000,short
video-eeg-session-manifest-v2-duration-diversity,,../video_materials/formal_v1/videos,2779,0,duration-bucket-round-robin-v1,[],17,9,vid_1680,1680.mp4,12.956000,short
video-eeg-session-manifest-v2-duration-diversity,,../video_materials/formal_v1/videos,2779,0,duration-bucket-round-robin-v1,[],17,9,vid_1694,1694.mp4,12.980000,short
video-eeg-session-manifest-v2-duration-diversity,,../video_materials/formal_v1/videos,2779,0,duration-bucket-round-robin-v1,[],17,9,vid_1717,1717.mp4,13.049000,short
video-eeg-session-manifest-v2-duration-diversity,,../video_materials/formal_v1/videos,2779,0,duration-bucket-round-robin-v1,[],17,9,vid_1731,1731.mp4,13.073000,short
video-eeg-session-manifest-v2-duration-diversity,,../video_materials/formal_v1/videos,2779,0,duration-bucket-round-robin-v1,[],17,9,vid_1745,1745.mp4,13.097000,short
video-eeg-session-manifest-v2-duration-diversity,,../video_materials/formal_v1/videos,2779,0,duration-bucket-round-robin-v1,[],17,9,vid_1768,1768.mp4,13.188000,short
video-eeg-session-manifest-v2-duration-diversity,,../video_materials/formal_v1/videos,2779,0,duration-bucket-round-robin-v1,[],17,9,vid_1779,1779.mp4,13.200000,short
video-eeg-session-manifest-v2-duration-diversity,,../video_materials/formal_v1/videos,2779,0,duration-bucket-round-robin-v1,[],17,9,vid_1804,1804.mp4,13.281000,short
video-eeg-session-manifest-v2-duration-diversity,,../video_materials/formal_v1/videos,2779,0,duration-bucket-round-robin-v1,[],17,9,vid_1818,1818.mp4,13.306000,short
video-eeg-session-manifest-v2-duration-diversity,,../video_materials/formal_v1/videos,2779,0,duration-bucket-round-robin-v1,[],17,9,vid_1836,1836.mp4,13.352000,short
video-eeg-session-manifest-v2-duration-diversity,,../video_materials/formal_v1/videos,2779,0,duration-bucket-round-robin-v1,[],17,9,vid_1850,1850.mp4,13.422000,short
video-eeg-session-manifest-v2-duration-diversity,,../video_materials/formal_v1/videos,2779,0,duration-bucket-round-robin-v1,[],17,9,vid_1862,1862.mp4,13.468000,short
video-eeg-session-manifest-v2-duration-diversity,,../video_materials/formal_v1/videos,2779,0,duration-bucket-round-robin-v1,[],17,9,vid_1884,1884.mp4,13.560000,short
video-eeg-session-manifest-v2-duration-diversity,,../video_materials/formal_v1/videos,2779,0,duration-bucket-round-robin-v1,[],17,9,vid_1898,1898.mp4,13.607000,short
video-eeg-session-manifest-v2-duration-diversity,,../video_materials/formal_v1/videos,2779,0,duration-bucket-round-robin-v1,[],17,9,vid_1911,1911.mp4,13.652000,short
video-eeg-session-manifest-v2-duration-diversity,,../video_materials/formal_v1/videos,2779,0,duration-bucket-round-robin-v1,[],17,9,vid_1936,1936.mp4,13.722000,short
video-eeg-session-manifest-v2-duration-diversity,,../video_materials/formal_v1/videos,2779,0,duration-bucket-round-robin-v1,[],17,9,vid_1953,1953.mp4,13.768000,short
video-eeg-session-manifest-v2-duration-diversity,,../video_materials/formal_v1/videos,2779,0,duration-bucket-round-robin-v1,[],17,9,vid_1964,1964.mp4,13.793000,short
video-eeg-session-manifest-v2-duration-diversity,,../video_materials/formal_v1/videos,2779,0,duration-bucket-round-robin-v1,[],17,9,vid_1989,1989.mp4,13.867000,short
video-eeg-session-manifest-v2-duration-diversity,,../video_materials/formal_v1/videos,2779,0,duration-bucket-round-robin-v1,[],17,9,vid_1998,1998.mp4,13.886000,short
video-eeg-session-manifest-v2-duration-diversity,,../video_materials/formal_v1/videos,2779,0,duration-bucket-round-robin-v1,[],17,9,vid_2019,2019.mp4,13.956000,short
video-eeg-session-manifest-v2-duration-diversity,,../video_materials/formal_v1/videos,2779,0,duration-bucket-round-robin-v1,[],17,9,vid_2042,2042.mp4,14.025000,short
video-eeg-session-manifest-v2-duration-diversity,,../video_materials/formal_v1/videos,2779,0,duration-bucket-round-robin-v1,[],17,9,vid_2050,2050.mp4,14.049000,short
video-eeg-session-manifest-v2-duration-diversity,,../video_materials/formal_v1/videos,2779,0,duration-bucket-round-robin-v1,[],17,9,vid_2070,2070.mp4,14.117000,short
video-eeg-session-manifest-v2-duration-diversity,,../video_materials/formal_v1/videos,2779,0,duration-bucket-round-robin-v1,[],17,9,vid_2086,2086.mp4,14.162000,short
video-eeg-session-manifest-v2-duration-diversity,,../video_materials/formal_v1/videos,2779,0,duration-bucket-round-robin-v1,[],17,9,vid_2109,2109.mp4,14.210000,short
video-eeg-session-manifest-v2-duration-diversity,,../video_materials/formal_v1/videos,2779,0,duration-bucket-round-robin-v1,[],17,9,vid_2120,2120.mp4,14.234000,short
video-eeg-session-manifest-v2-duration-diversity,,../video_materials/formal_v1/videos,2779,0,duration-bucket-round-robin-v1,[],17,9,vid_2142,2142.mp4,14.303000,short
video-eeg-session-manifest-v2-duration-diversity,,../video_materials/formal_v1/videos,2779,0,duration-bucket-round-robin-v1,[],17,9,vid_2158,2158.mp4,14.349000,short
video-eeg-session-manifest-v2-duration-diversity,,../video_materials/formal_v1/videos,2779,0,duration-bucket-round-robin-v1,[],17,9,vid_2174,2174.mp4,14.397000,short
video-eeg-session-manifest-v2-duration-diversity,,../video_materials/formal_v1/videos,2779,0,duration-bucket-round-robin-v1,[],17,9,vid_2189,2189.mp4,14.443000,short
video-eeg-session-manifest-v2-duration-diversity,,../video_materials/formal_v1/videos,2779,0,duration-bucket-round-robin-v1,[],17,9,vid_2209,2209.mp4,14.513000,short
video-eeg-session-manifest-v2-duration-diversity,,../video_materials/formal_v1/videos,2779,0,duration-bucket-round-robin-v1,[],17,9,vid_2225,2225.mp4,14.536000,short
video-eeg-session-manifest-v2-duration-diversity,,../video_materials/formal_v1/videos,2779,0,duration-bucket-round-robin-v1,[],17,9,vid_2247,2247.mp4,14.559000,short
video-eeg-session-manifest-v2-duration-diversity,,../video_materials/formal_v1/videos,2779,0,duration-bucket-round-robin-v1,[],17,9,vid_2256,2256.mp4,14.583000,short
video-eeg-session-manifest-v2-duration-diversity,,../video_materials/formal_v1/videos,2779,0,duration-bucket-round-robin-v1,[],17,9,vid_2276,2276.mp4,14.651000,short
video-eeg-session-manifest-v2-duration-diversity,,../video_materials/formal_v1/videos,2779,0,duration-bucket-round-robin-v1,[],17,9,vid_2291,2291.mp4,14.674000,short
video-eeg-session-manifest-v2-duration-diversity,,../video_materials/formal_v1/videos,2779,0,duration-bucket-round-robin-v1,[],17,9,vid_2303,2303.mp4,14.699000,short
video-eeg-session-manifest-v2-duration-diversity,,../video_materials/formal_v1/videos,2779,0,duration-bucket-round-robin-v1,[],17,9,vid_2327,2327.mp4,14.744000,short
video-eeg-session-manifest-v2-duration-diversity,,../video_materials/formal_v1/videos,2779,0,duration-bucket-round-robin-v1,[],17,9,vid_2342,2342.mp4,14.768000,short
video-eeg-session-manifest-v2-duration-diversity,,../video_materials/formal_v1/videos,2779,0,duration-bucket-round-robin-v1,[],17,9,vid_2363,2363.mp4,14.812000,short
video-eeg-session-manifest-v2-duration-diversity,,../video_materials/formal_v1/videos,2779,0,duration-bucket-round-robin-v1,[],17,9,vid_2380,2380.mp4,14.838000,short
video-eeg-session-manifest-v2-duration-diversity,,../video_materials/formal_v1/videos,2779,0,duration-bucket-round-robin-v1,[],17,9,vid_2397,2397.mp4,14.882000,short
video-eeg-session-manifest-v2-duration-diversity,,../video_materials/formal_v1/videos,2779,0,duration-bucket-round-robin-v1,[],17,9,vid_2407,2407.mp4,14.884000,short
video-eeg-session-manifest-v2-duration-diversity,,../video_materials/formal_v1/videos,2779,0,duration-bucket-round-robin-v1,[],17,9,vid_2431,2431.mp4,14.928000,short
video-eeg-session-manifest-v2-duration-diversity,,../video_materials/formal_v1/videos,2779,0,duration-bucket-round-robin-v1,[],17,9,vid_2448,2448.mp4,14.931000,short
video-eeg-session-manifest-v2-duration-diversity,,../video_materials/formal_v1/videos,2779,0,duration-bucket-round-robin-v1,[],17,9,vid_2462,2462.mp4,14.954000,short
video-eeg-session-manifest-v2-duration-diversity,,../video_materials/formal_v1/videos,2779,0,duration-bucket-round-robin-v1,[],17,9,vid_2480,2480.mp4,14.977000,short
video-eeg-session-manifest-v2-duration-diversity,,../video_materials/formal_v1/videos,2779,0,duration-bucket-round-robin-v1,[],17,9,vid_2498,2498.mp4,14.999000,short
video-eeg-session-manifest-v2-duration-diversity,,../video_materials/formal_v1/videos,2779,0,duration-bucket-round-robin-v1,[],17,9,vid_2517,2517.mp4,15.022000,short
video-eeg-session-manifest-v2-duration-diversity,,../video_materials/formal_v1/videos,2779,0,duration-bucket-round-robin-v1,[],17,9,vid_2537,2537.mp4,15.024000,short
video-eeg-session-manifest-v2-duration-diversity,,../video_materials/formal_v1/videos,2779,0,duration-bucket-round-robin-v1,[],17,9,vid_2544,2544.mp4,15.024000,short
video-eeg-session-manifest-v2-duration-diversity,,../video_materials/formal_v1/videos,2779,0,duration-bucket-round-robin-v1,[],17,9,vid_2566,2566.mp4,15.046000,short
video-eeg-session-manifest-v2-duration-diversity,,../video_materials/formal_v1/videos,2779,0,duration-bucket-round-robin-v1,[],17,9,vid_2595,2595.mp4,15.047000,short
video-eeg-session-manifest-v2-duration-diversity,,../video_materials/formal_v1/videos,2779,0,duration-bucket-round-robin-v1,[],17,9,vid_2607,2607.mp4,15.047000,short
video-eeg-session-manifest-v2-duration-diversity,,../video_materials/formal_v1/videos,2779,0,duration-bucket-round-robin-v1,[],17,9,vid_2628,2628.mp4,15.069000,short
video-eeg-session-manifest-v2-duration-diversity,,../video_materials/formal_v1/videos,2779,0,duration-bucket-round-robin-v1,[],17,9,vid_2640,2640.mp4,15.069000,short
video-eeg-session-manifest-v2-duration-diversity,,../video_materials/formal_v1/videos,2779,0,duration-bucket-round-robin-v1,[],17,9,vid_2658,2658.mp4,15.069000,short
video-eeg-session-manifest-v2-duration-diversity,,../video_materials/formal_v1/videos,2779,0,duration-bucket-round-robin-v1,[],17,9,vid_2670,2670.mp4,15.069000,short
video-eeg-session-manifest-v2-duration-diversity,,../video_materials/formal_v1/videos,2779,0,duration-bucket-round-robin-v1,[],17,9,vid_2685,2685.mp4,15.070000,short
video-eeg-session-manifest-v2-duration-diversity,,../video_materials/formal_v1/videos,2779,0,duration-bucket-round-robin-v1,[],17,9,vid_2704,2704.mp4,15.070000,short
video-eeg-session-manifest-v2-duration-diversity,,../video_materials/formal_v1/videos,2779,0,duration-bucket-round-robin-v1,[],17,9,vid_2706,2706.mp4,15.070000,short
video-eeg-session-manifest-v2-duration-diversity,,../video_materials/formal_v1/videos,2779,0,duration-bucket-round-robin-v1,[],17,9,vid_2712,2712.mp4,15.070000,short
video-eeg-session-manifest-v2-duration-diversity,,../video_materials/formal_v1/videos,2779,0,duration-bucket-round-robin-v1,[],17,9,vid_2719,2719.mp4,15.070000,short
video-eeg-session-manifest-v2-duration-diversity,,../video_materials/formal_v1/videos,2779,0,duration-bucket-round-robin-v1,[],17,9,vid_2724,2724.mp4,15.070000,short
video-eeg-session-manifest-v2-duration-diversity,,../video_materials/formal_v1/videos,2779,0,duration-bucket-round-robin-v1,[],17,9,vid_2748,2748.mp4,15.070000,short
video-eeg-session-manifest-v2-duration-diversity,,../video_materials/formal_v1/videos,2779,0,duration-bucket-round-robin-v1,[],17,9,vid_2760,2760.mp4,15.070000,short
video-eeg-session-manifest-v2-duration-diversity,,../video_materials/formal_v1/videos,2779,0,duration-bucket-round-robin-v1,[],17,10,vid_0005,0005.mp4,5.177000,very_short
video-eeg-session-manifest-v2-duration-diversity,,../video_materials/formal_v1/videos,2779,0,duration-bucket-round-robin-v1,[],17,10,vid_0011,0011.mp4,5.525000,very_short
video-eeg-session-manifest-v2-duration-diversity,,../video_materials/formal_v1/videos,2779,0,duration-bucket-round-robin-v1,[],17,10,vid_0040,0040.mp4,6.361000,very_short
video-eeg-session-manifest-v2-duration-diversity,,../video_materials/formal_v1/videos,2779,0,duration-bucket-round-robin-v1,[],17,10,vid_0048,0048.mp4,6.454000,very_short
video-eeg-session-manifest-v2-duration-diversity,,../video_materials/formal_v1/videos,2779,0,duration-bucket-round-robin-v1,[],17,10,vid_0072,0072.mp4,6.849000,very_short
video-eeg-session-manifest-v2-duration-diversity,,../video_materials/formal_v1/videos,2779,0,duration-bucket-round-robin-v1,[],17,10,vid_0084,0084.mp4,6.988000,very_short
video-eeg-session-manifest-v2-duration-diversity,,../video_materials/formal_v1/videos,2779,0,duration-bucket-round-robin-v1,[],17,10,vid_0097,0097.mp4,7.104000,very_short
video-eeg-session-manifest-v2-duration-diversity,,../video_materials/formal_v1/videos,2779,0,duration-bucket-round-robin-v1,[],17,10,vid_0115,0115.mp4,7.174000,very_short
video-eeg-session-manifest-v2-duration-diversity,,../video_materials/formal_v1/videos,2779,0,duration-bucket-round-robin-v1,[],17,10,vid_0134,0134.mp4,7.267000,very_short
video-eeg-session-manifest-v2-duration-diversity,,../video_materials/formal_v1/videos,2779,0,duration-bucket-round-robin-v1,[],17,10,vid_0156,0156.mp4,7.476000,very_short
video-eeg-session-manifest-v2-duration-diversity,,../video_materials/formal_v1/videos,2779,0,duration-bucket-round-robin-v1,[],17,10,vid_0178,0178.mp4,7.664000,very_short
video-eeg-session-manifest-v2-duration-diversity,,../video_materials/formal_v1/videos,2779,0,duration-bucket-round-robin-v1,[],17,10,vid_0179,0179.mp4,7.683000,very_short
video-eeg-session-manifest-v2-duration-diversity,,../video_materials/formal_v1/videos,2779,0,duration-bucket-round-robin-v1,[],17,10,vid_0212,0212.mp4,8.010000,very_short
video-eeg-session-manifest-v2-duration-diversity,,../video_materials/formal_v1/videos,2779,0,duration-bucket-round-robin-v1,[],17,10,vid_0230,0230.mp4,8.103000,very_short
video-eeg-session-manifest-v2-duration-diversity,,../video_materials/formal_v1/videos,2779,0,duration-bucket-round-robin-v1,[],17,10,vid_0246,0246.mp4,8.196000,very_short
video-eeg-session-manifest-v2-duration-diversity,,../video_materials/formal_v1/videos,2779,0,duration-bucket-round-robin-v1,[],17,10,vid_0247,0247.mp4,8.218000,very_short
video-eeg-session-manifest-v2-duration-diversity,,../video_materials/formal_v1/videos,2779,0,duration-bucket-round-robin-v1,[],17,10,vid_0280,0280.mp4,8.639000,very_short
video-eeg-session-manifest-v2-duration-diversity,,../video_materials/formal_v1/videos,2779,0,duration-bucket-round-robin-v1,[],17,10,vid_0293,0293.mp4,8.752000,very_short
video-eeg-session-manifest-v2-duration-diversity,,../video_materials/formal_v1/videos,2779,0,duration-bucket-round-robin-v1,[],17,10,vid_0298,0298.mp4,8.798000,very_short
video-eeg-session-manifest-v2-duration-diversity,,../video_materials/formal_v1/videos,2779,0,duration-bucket-round-robin-v1,[],17,10,vid_0316,0316.mp4,8.969000,very_short
video-eeg-session-manifest-v2-duration-diversity,,../video_materials/formal_v1/videos,2779,0,duration-bucket-round-robin-v1,[],17,10,vid_0348,0348.mp4,9.264000,very_short
video-eeg-session-manifest-v2-duration-diversity,,../video_materials/formal_v1/videos,2779,0,duration-bucket-round-robin-v1,[],17,10,vid_0352,0352.mp4,9.287000,very_short
video-eeg-session-manifest-v2-duration-diversity,,../video_materials/formal_v1/videos,2779,0,duration-bucket-round-robin-v1,[],17,10,vid_0379,0379.mp4,9.542000,very_short
video-eeg-session-manifest-v2-duration-diversity,,../video_materials/formal_v1/videos,2779,0,duration-bucket-round-robin-v1,[],17,10,vid_0385,0385.mp4,9.635000,very_short
video-eeg-session-manifest-v2-duration-diversity,,../video_materials/formal_v1/videos,2779,0,duration-bucket-round-robin-v1,[],17,10,vid_0414,0414.mp4,9.982000,very_short
video-eeg-session-manifest-v2-duration-diversity,,../video_materials/formal_v1/videos,2779,0,duration-bucket-round-robin-v1,[],17,10,vid_0429,0429.mp4,10.055000,very_short
video-eeg-session-manifest-v2-duration-diversity,,../video_materials/formal_v1/videos,2779,0,duration-bucket-round-robin-v1,[],17,10,vid_0433,0433.mp4,10.055000,very_short
video-eeg-session-manifest-v2-duration-diversity,,../video_materials/formal_v1/videos,2779,0,duration-bucket-round-robin-v1,[],17,10,vid_0465,0465.mp4,10.122000,very_short
video-eeg-session-manifest-v2-duration-diversity,,../video_materials/formal_v1/videos,2779,0,duration-bucket-round-robin-v1,[],17,10,vid_0476,0476.mp4,10.124000,very_short
video-eeg-session-manifest-v2-duration-diversity,,../video_materials/formal_v1/videos,2779,0,duration-bucket-round-robin-v1,[],17,10,vid_0497,0497.mp4,10.159000,very_short
video-eeg-session-manifest-v2-duration-diversity,,../video_materials/formal_v1/videos,2779,0,duration-bucket-round-robin-v1,[],17,10,vid_0501,0501.mp4,10.169000,very_short
video-eeg-session-manifest-v2-duration-diversity,,../video_materials/formal_v1/videos,2779,0,duration-bucket-round-robin-v1,[],17,10,vid_0529,0529.mp4,10.262000,very_short
video-eeg-session-manifest-v2-duration-diversity,,../video_materials/formal_v1/videos,2779,0,duration-bucket-round-robin-v1,[],17,10,vid_0548,0548.mp4,10.287000,very_short
video-eeg-session-manifest-v2-duration-diversity,,../video_materials/formal_v1/videos,2779,0,duration-bucket-round-robin-v1,[],17,10,vid_0562,0562.mp4,10.332000,very_short
video-eeg-session-manifest-v2-duration-diversity,,../video_materials/formal_v1/videos,2779,0,duration-bucket-round-robin-v1,[],17,10,vid_0573,0573.mp4,10.333000,very_short
video-eeg-session-manifest-v2-duration-diversity,,../video_materials/formal_v1/videos,2779,0,duration-bucket-round-robin-v1,[],17,10,vid_0600,0600.mp4,10.402000,very_short
video-eeg-session-manifest-v2-duration-diversity,,../video_materials/formal_v1/videos,2779,0,duration-bucket-round-robin-v1,[],17,10,vid_0615,0615.mp4,10.426000,very_short
video-eeg-session-manifest-v2-duration-diversity,,../video_materials/formal_v1/videos,2779,0,duration-bucket-round-robin-v1,[],17,10,vid_0623,0623.mp4,10.448000,very_short
video-eeg-session-manifest-v2-duration-diversity,,../video_materials/formal_v1/videos,2779,0,duration-bucket-round-robin-v1,[],17,10,vid_0652,0652.mp4,10.519000,very_short
video-eeg-session-manifest-v2-duration-diversity,,../video_materials/formal_v1/videos,2779,0,duration-bucket-round-robin-v1,[],17,10,vid_0668,0668.mp4,10.542000,very_short
video-eeg-session-manifest-v2-duration-diversity,,../video_materials/formal_v1/videos,2779,0,duration-bucket-round-robin-v1,[],17,10,vid_0683,0683.mp4,10.587000,very_short
video-eeg-session-manifest-v2-duration-diversity,,../video_materials/formal_v1/videos,2779,0,duration-bucket-round-robin-v1,[],17,10,vid_0692,0692.mp4,10.589000,very_short
video-eeg-session-manifest-v2-duration-diversity,,../video_materials/formal_v1/videos,2779,0,duration-bucket-round-robin-v1,[],17,10,vid_0716,0716.mp4,10.657000,very_short
video-eeg-session-manifest-v2-duration-diversity,,../video_materials/formal_v1/videos,2779,0,duration-bucket-round-robin-v1,[],17,10,vid_0735,0735.mp4,10.705000,very_short
video-eeg-session-manifest-v2-duration-diversity,,../video_materials/formal_v1/videos,2779,0,duration-bucket-round-robin-v1,[],17,10,vid_0750,0750.mp4,10.728000,very_short
video-eeg-session-manifest-v2-duration-diversity,,../video_materials/formal_v1/videos,2779,0,duration-bucket-round-robin-v1,[],17,10,vid_0769,0769.mp4,10.796000,very_short
video-eeg-session-manifest-v2-duration-diversity,,../video_materials/formal_v1/videos,2779,0,duration-bucket-round-robin-v1,[],17,10,vid_0777,0777.mp4,10.820000,very_short
video-eeg-session-manifest-v2-duration-diversity,,../video_materials/formal_v1/videos,2779,0,duration-bucket-round-robin-v1,[],17,10,vid_0806,0806.mp4,10.889000,very_short
video-eeg-session-manifest-v2-duration-diversity,,../video_materials/formal_v1/videos,2779,0,duration-bucket-round-robin-v1,[],17,10,vid_0813,0813.mp4,10.914000,very_short
video-eeg-session-manifest-v2-duration-diversity,,../video_materials/formal_v1/videos,2779,0,duration-bucket-round-robin-v1,[],17,10,vid_0827,0827.mp4,10.959000,very_short
video-eeg-session-manifest-v2-duration-diversity,,../video_materials/formal_v1/videos,2779,0,duration-bucket-round-robin-v1,[],17,10,vid_0845,0845.mp4,10.982000,very_short
video-eeg-session-manifest-v2-duration-diversity,,../video_materials/formal_v1/videos,2779,0,duration-bucket-round-robin-v1,[],17,10,vid_0879,0879.mp4,11.052000,very_short
video-eeg-session-manifest-v2-duration-diversity,,../video_materials/formal_v1/videos,2779,0,duration-bucket-round-robin-v1,[],17,10,vid_0882,0882.mp4,11.053000,very_short
video-eeg-session-manifest-v2-duration-diversity,,../video_materials/formal_v1/videos,2779,0,duration-bucket-round-robin-v1,[],17,10,vid_0902,0902.mp4,11.100000,very_short
video-eeg-session-manifest-v2-duration-diversity,,../video_materials/formal_v1/videos,2779,0,duration-bucket-round-robin-v1,[],17,10,vid_0920,0920.mp4,11.168000,very_short
video-eeg-session-manifest-v2-duration-diversity,,../video_materials/formal_v1/videos,2779,0,duration-bucket-round-robin-v1,[],17,10,vid_0934,0934.mp4,11.193000,very_short
video-eeg-session-manifest-v2-duration-diversity,,../video_materials/formal_v1/videos,2779,0,duration-bucket-round-robin-v1,[],17,10,vid_0952,0952.mp4,11.238000,very_short
video-eeg-session-manifest-v2-duration-diversity,,../video_materials/formal_v1/videos,2779,0,duration-bucket-round-robin-v1,[],17,10,vid_0963,0963.mp4,11.261000,very_short
video-eeg-session-manifest-v2-duration-diversity,,../video_materials/formal_v1/videos,2779,0,duration-bucket-round-robin-v1,[],17,10,vid_0993,0993.mp4,11.354000,very_short
video-eeg-session-manifest-v2-duration-diversity,,../video_materials/formal_v1/videos,2779,0,duration-bucket-round-robin-v1,[],17,10,vid_1000,1000.mp4,11.355000,very_short
video-eeg-session-manifest-v2-duration-diversity,,../video_materials/formal_v1/videos,2779,0,duration-bucket-round-robin-v1,[],17,10,vid_1018,1018.mp4,11.422000,very_short
video-eeg-session-manifest-v2-duration-diversity,,../video_materials/formal_v1/videos,2779,0,duration-bucket-round-robin-v1,[],17,10,vid_1047,1047.mp4,11.470000,very_short
video-eeg-session-manifest-v2-duration-diversity,,../video_materials/formal_v1/videos,2779,0,duration-bucket-round-robin-v1,[],17,10,vid_1049,1049.mp4,11.470000,very_short
video-eeg-session-manifest-v2-duration-diversity,,../video_materials/formal_v1/videos,2779,0,duration-bucket-round-robin-v1,[],17,10,vid_1073,1073.mp4,11.539000,very_short
video-eeg-session-manifest-v2-duration-diversity,,../video_materials/formal_v1/videos,2779,0,duration-bucket-round-robin-v1,[],17,10,vid_1087,1087.mp4,11.563000,very_short
video-eeg-session-manifest-v2-duration-diversity,,../video_materials/formal_v1/videos,2779,0,duration-bucket-round-robin-v1,[],17,10,vid_1105,1105.mp4,11.586000,very_short
video-eeg-session-manifest-v2-duration-diversity,,../video_materials/formal_v1/videos,2779,0,duration-bucket-round-robin-v1,[],17,10,vid_1125,1125.mp4,11.632000,very_short
video-eeg-session-manifest-v2-duration-diversity,,../video_materials/formal_v1/videos,2779,0,duration-bucket-round-robin-v1,[],17,10,vid_1138,1138.mp4,11.634000,very_short
video-eeg-session-manifest-v2-duration-diversity,,../video_materials/formal_v1/videos,2779,0,duration-bucket-round-robin-v1,[],17,10,vid_1155,1155.mp4,11.702000,very_short
video-eeg-session-manifest-v2-duration-diversity,,../video_materials/formal_v1/videos,2779,0,duration-bucket-round-robin-v1,[],17,10,vid_1180,1180.mp4,11.750000,very_short
video-eeg-session-manifest-v2-duration-diversity,,../video_materials/formal_v1/videos,2779,0,duration-bucket-round-robin-v1,[],17,10,vid_1188,1188.mp4,11.779000,very_short
video-eeg-session-manifest-v2-duration-diversity,,../video_materials/formal_v1/videos,2779,0,duration-bucket-round-robin-v1,[],17,10,vid_1205,1205.mp4,11.818000,very_short
video-eeg-session-manifest-v2-duration-diversity,,../video_materials/formal_v1/videos,2779,0,duration-bucket-round-robin-v1,[],17,10,vid_1221,1221.mp4,11.843000,very_short
video-eeg-session-manifest-v2-duration-diversity,,../video_materials/formal_v1/videos,2779,0,duration-bucket-round-robin-v1,[],17,10,vid_1240,1240.mp4,11.889000,very_short
video-eeg-session-manifest-v2-duration-diversity,,../video_materials/formal_v1/videos,2779,0,duration-bucket-round-robin-v1,[],17,10,vid_1262,1262.mp4,11.934000,very_short
video-eeg-session-manifest-v2-duration-diversity,,../video_materials/formal_v1/videos,2779,0,duration-bucket-round-robin-v1,[],17,10,vid_1271,1271.mp4,11.936000,very_short
video-eeg-session-manifest-v2-duration-diversity,,../video_materials/formal_v1/videos,2779,0,duration-bucket-round-robin-v1,[],17,10,vid_1299,1299.mp4,12.027000,very_short
video-eeg-session-manifest-v2-duration-diversity,,../video_materials/formal_v1/videos,2779,0,duration-bucket-round-robin-v1,[],17,10,vid_1302,1302.mp4,12.028000,very_short
video-eeg-session-manifest-v2-duration-diversity,,../video_materials/formal_v1/videos,2779,0,duration-bucket-round-robin-v1,[],17,10,vid_1318,1318.mp4,12.052000,very_short
video-eeg-session-manifest-v2-duration-diversity,,../video_materials/formal_v1/videos,2779,0,duration-bucket-round-robin-v1,[],17,10,vid_1342,1342.mp4,12.118000,very_short
video-eeg-session-manifest-v2-duration-diversity,,../video_materials/formal_v1/videos,2779,0,duration-bucket-round-robin-v1,[],17,10,vid_1360,1360.mp4,12.166000,very_short
video-eeg-session-manifest-v2-duration-diversity,,../video_materials/formal_v1/videos,2779,0,duration-bucket-round-robin-v1,[],17,10,vid_1378,1378.mp4,12.203000,very_short
video-eeg-session-manifest-v2-duration-diversity,,../video_materials/formal_v1/videos,2779,0,duration-bucket-round-robin-v1,[],17,10,vid_1389,1389.mp4,12.236000,very_short
video-eeg-session-manifest-v2-duration-diversity,,../video_materials/formal_v1/videos,2779,0,duration-bucket-round-robin-v1,[],17,10,vid_1420,1420.mp4,12.307000,very_short
video-eeg-session-manifest-v2-duration-diversity,,../video_materials/formal_v1/videos,2779,0,duration-bucket-round-robin-v1,[],17,10,vid_1425,1425.mp4,12.330000,very_short
video-eeg-session-manifest-v2-duration-diversity,,../video_materials/formal_v1/videos,2779,0,duration-bucket-round-robin-v1,[],17,10,vid_1444,1444.mp4,12.399000,very_short
video-eeg-session-manifest-v2-duration-diversity,,../video_materials/formal_v1/videos,2779,0,duration-bucket-round-robin-v1,[],17,10,vid_1462,1462.mp4,12.445000,very_short
video-eeg-session-manifest-v2-duration-diversity,,../video_materials/formal_v1/videos,2779,0,duration-bucket-round-robin-v1,[],17,10,vid_1478,1478.mp4,12.493000,very_short
video-eeg-session-manifest-v2-duration-diversity,,../video_materials/formal_v1/videos,2779,0,duration-bucket-round-robin-v1,[],17,10,vid_1498,1498.mp4,12.538000,very_short
video-eeg-session-manifest-v2-duration-diversity,,../video_materials/formal_v1/videos,2779,0,duration-bucket-round-robin-v1,[],17,10,vid_1518,1518.mp4,12.562000,very_short
video-eeg-session-manifest-v2-duration-diversity,,../video_materials/formal_v1/videos,2779,0,duration-bucket-round-robin-v1,[],17,10,vid_1529,1529.mp4,12.586000,very_short
video-eeg-session-manifest-v2-duration-diversity,,../video_materials/formal_v1/videos,2779,0,duration-bucket-round-robin-v1,[],17,10,vid_1546,1546.mp4,12.631000,very_short
video-eeg-session-manifest-v2-duration-diversity,,../video_materials/formal_v1/videos,2779,0,duration-bucket-round-robin-v1,[],17,10,vid_1564,1564.mp4,12.677000,very_short
video-eeg-session-manifest-v2-duration-diversity,,../video_materials/formal_v1/videos,2779,0,duration-bucket-round-robin-v1,[],17,10,vid_1580,1580.mp4,12.711000,very_short
video-eeg-session-manifest-v2-duration-diversity,,../video_materials/formal_v1/videos,2779,0,duration-bucket-round-robin-v1,[],17,10,vid_1606,1606.mp4,12.770000,short
video-eeg-session-manifest-v2-duration-diversity,,../video_materials/formal_v1/videos,2779,0,duration-bucket-round-robin-v1,[],17,10,vid_1614,1614.mp4,12.793000,short
video-eeg-session-manifest-v2-duration-diversity,,../video_materials/formal_v1/videos,2779,0,duration-bucket-round-robin-v1,[],17,10,vid_1636,1636.mp4,12.863000,short
video-eeg-session-manifest-v2-duration-diversity,,../video_materials/formal_v1/videos,2779,0,duration-bucket-round-robin-v1,[],17,10,vid_1657,1657.mp4,12.909000,short
video-eeg-session-manifest-v2-duration-diversity,,../video_materials/formal_v1/videos,2779,0,duration-bucket-round-robin-v1,[],17,10,vid_1670,1670.mp4,12.934000,short
video-eeg-session-manifest-v2-duration-diversity,,../video_materials/formal_v1/videos,2779,0,duration-bucket-round-robin-v1,[],17,10,vid_1683,1683.mp4,12.957000,short
video-eeg-session-manifest-v2-duration-diversity,,../video_materials/formal_v1/videos,2779,0,duration-bucket-round-robin-v1,[],17,10,vid_1710,1710.mp4,13.027000,short
video-eeg-session-manifest-v2-duration-diversity,,../video_materials/formal_v1/videos,2779,0,duration-bucket-round-robin-v1,[],17,10,vid_1718,1718.mp4,13.050000,short
video-eeg-session-manifest-v2-duration-diversity,,../video_materials/formal_v1/videos,2779,0,duration-bucket-round-robin-v1,[],17,10,vid_1739,1739.mp4,13.095000,short
video-eeg-session-manifest-v2-duration-diversity,,../video_materials/formal_v1/videos,2779,0,duration-bucket-round-robin-v1,[],17,10,vid_1759,1759.mp4,13.143000,short
video-eeg-session-manifest-v2-duration-diversity,,../video_materials/formal_v1/videos,2779,0,duration-bucket-round-robin-v1,[],17,10,vid_1777,1777.mp4,13.189000,short
video-eeg-session-manifest-v2-duration-diversity,,../video_materials/formal_v1/videos,2779,0,duration-bucket-round-robin-v1,[],17,10,vid_1788,1788.mp4,13.236000,short
video-eeg-session-manifest-v2-duration-diversity,,../video_materials/formal_v1/videos,2779,0,duration-bucket-round-robin-v1,[],17,10,vid_1807,1807.mp4,13.282000,short
video-eeg-session-manifest-v2-duration-diversity,,../video_materials/formal_v1/videos,2779,0,duration-bucket-round-robin-v1,[],17,10,vid_1825,1825.mp4,13.327000,short
video-eeg-session-manifest-v2-duration-diversity,,../video_materials/formal_v1/videos,2779,0,duration-bucket-round-robin-v1,[],17,10,vid_1843,1843.mp4,13.397000,short
video-eeg-session-manifest-v2-duration-diversity,,../video_materials/formal_v1/videos,2779,0,duration-bucket-round-robin-v1,[],17,10,vid_1856,1856.mp4,13.445000,short
video-eeg-session-manifest-v2-duration-diversity,,../video_materials/formal_v1/videos,2779,0,duration-bucket-round-robin-v1,[],17,10,vid_1874,1874.mp4,13.515000,short
video-eeg-session-manifest-v2-duration-diversity,,../video_materials/formal_v1/videos,2779,0,duration-bucket-round-robin-v1,[],17,10,vid_1891,1891.mp4,13.583000,short
video-eeg-session-manifest-v2-duration-diversity,,../video_materials/formal_v1/videos,2779,0,duration-bucket-round-robin-v1,[],17,10,vid_1905,1905.mp4,13.631000,short
video-eeg-session-manifest-v2-duration-diversity,,../video_materials/formal_v1/videos,2779,0,duration-bucket-round-robin-v1,[],17,10,vid_1928,1928.mp4,13.697000,short
video-eeg-session-manifest-v2-duration-diversity,,../video_materials/formal_v1/videos,2779,0,duration-bucket-round-robin-v1,[],17,10,vid_1944,1944.mp4,13.723000,short
video-eeg-session-manifest-v2-duration-diversity,,../video_materials/formal_v1/videos,2779,0,duration-bucket-round-robin-v1,[],17,10,vid_1959,1959.mp4,13.770000,short
video-eeg-session-manifest-v2-duration-diversity,,../video_materials/formal_v1/videos,2779,0,duration-bucket-round-robin-v1,[],17,10,vid_1978,1978.mp4,13.838000,short
video-eeg-session-manifest-v2-duration-diversity,,../video_materials/formal_v1/videos,2779,0,duration-bucket-round-robin-v1,[],17,10,vid_1997,1997.mp4,13.886000,short
video-eeg-session-manifest-v2-duration-diversity,,../video_materials/formal_v1/videos,2779,0,duration-bucket-round-robin-v1,[],17,10,vid_2011,2011.mp4,13.932000,short
video-eeg-session-manifest-v2-duration-diversity,,../video_materials/formal_v1/videos,2779,0,duration-bucket-round-robin-v1,[],17,10,vid_2026,2026.mp4,13.978000,short
video-eeg-session-manifest-v2-duration-diversity,,../video_materials/formal_v1/videos,2779,0,duration-bucket-round-robin-v1,[],17,10,vid_2052,2052.mp4,14.049000,short
video-eeg-session-manifest-v2-duration-diversity,,../video_materials/formal_v1/videos,2779,0,duration-bucket-round-robin-v1,[],17,10,vid_2066,2066.mp4,14.095000,short
video-eeg-session-manifest-v2-duration-diversity,,../video_materials/formal_v1/videos,2779,0,duration-bucket-round-robin-v1,[],17,10,vid_2082,2082.mp4,14.141000,short
video-eeg-session-manifest-v2-duration-diversity,,../video_materials/formal_v1/videos,2779,0,duration-bucket-round-robin-v1,[],17,10,vid_2094,2094.mp4,14.170000,short
video-eeg-session-manifest-v2-duration-diversity,,../video_materials/formal_v1/videos,2779,0,duration-bucket-round-robin-v1,[],17,10,vid_2119,2119.mp4,14.234000,short
video-eeg-session-manifest-v2-duration-diversity,,../video_materials/formal_v1/videos,2779,0,duration-bucket-round-robin-v1,[],17,10,vid_2130,2130.mp4,14.279000,short
video-eeg-session-manifest-v2-duration-diversity,,../video_materials/formal_v1/videos,2779,0,duration-bucket-round-robin-v1,[],17,10,vid_2149,2149.mp4,14.327000,short
video-eeg-session-manifest-v2-duration-diversity,,../video_materials/formal_v1/videos,2779,0,duration-bucket-round-robin-v1,[],17,10,vid_2163,2163.mp4,14.374000,short
video-eeg-session-manifest-v2-duration-diversity,,../video_materials/formal_v1/videos,2779,0,duration-bucket-round-robin-v1,[],17,10,vid_2178,2178.mp4,14.420000,short
video-eeg-session-manifest-v2-duration-diversity,,../video_materials/formal_v1/videos,2779,0,duration-bucket-round-robin-v1,[],17,10,vid_2198,2198.mp4,14.467000,short
video-eeg-session-manifest-v2-duration-diversity,,../video_materials/formal_v1/videos,2779,0,duration-bucket-round-robin-v1,[],17,10,vid_2217,2217.mp4,14.535000,short
video-eeg-session-manifest-v2-duration-diversity,,../video_materials/formal_v1/videos,2779,0,duration-bucket-round-robin-v1,[],17,10,vid_2231,2231.mp4,14.558000,short
video-eeg-session-manifest-v2-duration-diversity,,../video_materials/formal_v1/videos,2779,0,duration-bucket-round-robin-v1,[],17,10,vid_2253,2253.mp4,14.581000,short
video-eeg-session-manifest-v2-duration-diversity,,../video_materials/formal_v1/videos,2779,0,duration-bucket-round-robin-v1,[],17,10,vid_2267,2267.mp4,14.606000,short
video-eeg-session-manifest-v2-duration-diversity,,../video_materials/formal_v1/videos,2779,0,duration-bucket-round-robin-v1,[],17,10,vid_2285,2285.mp4,14.652000,short
video-eeg-session-manifest-v2-duration-diversity,,../video_materials/formal_v1/videos,2779,0,duration-bucket-round-robin-v1,[],17,10,vid_2297,2297.mp4,14.697000,short
video-eeg-session-manifest-v2-duration-diversity,,../video_materials/formal_v1/videos,2779,0,duration-bucket-round-robin-v1,[],17,10,vid_2322,2322.mp4,14.722000,short
video-eeg-session-manifest-v2-duration-diversity,,../video_materials/formal_v1/videos,2779,0,duration-bucket-round-robin-v1,[],17,10,vid_2339,2339.mp4,14.767000,short
video-eeg-session-manifest-v2-duration-diversity,,../video_materials/formal_v1/videos,2779,0,duration-bucket-round-robin-v1,[],17,10,vid_2349,2349.mp4,14.790000,short
video-eeg-session-manifest-v2-duration-diversity,,../video_materials/formal_v1/videos,2779,0,duration-bucket-round-robin-v1,[],17,10,vid_2370,2370.mp4,14.824000,short
video-eeg-session-manifest-v2-duration-diversity,,../video_materials/formal_v1/videos,2779,0,duration-bucket-round-robin-v1,[],17,10,vid_2385,2385.mp4,14.860000,short
video-eeg-session-manifest-v2-duration-diversity,,../video_materials/formal_v1/videos,2779,0,duration-bucket-round-robin-v1,[],17,10,vid_2401,2401.mp4,14.883000,short
video-eeg-session-manifest-v2-duration-diversity,,../video_materials/formal_v1/videos,2779,0,duration-bucket-round-robin-v1,[],17,10,vid_2426,2426.mp4,14.908000,short
video-eeg-session-manifest-v2-duration-diversity,,../video_materials/formal_v1/videos,2779,0,duration-bucket-round-robin-v1,[],17,10,vid_2437,2437.mp4,14.930000,short
video-eeg-session-manifest-v2-duration-diversity,,../video_materials/formal_v1/videos,2779,0,duration-bucket-round-robin-v1,[],17,10,vid_2453,2453.mp4,14.953000,short
video-eeg-session-manifest-v2-duration-diversity,,../video_materials/formal_v1/videos,2779,0,duration-bucket-round-robin-v1,[],17,10,vid_2481,2481.mp4,14.977000,short
video-eeg-session-manifest-v2-duration-diversity,,../video_materials/formal_v1/videos,2779,0,duration-bucket-round-robin-v1,[],17,10,vid_2485,2485.mp4,14.977000,short
video-eeg-session-manifest-v2-duration-diversity,,../video_materials/formal_v1/videos,2779,0,duration-bucket-round-robin-v1,[],17,10,vid_2527,2527.mp4,15.024000,short
video-eeg-session-manifest-v2-duration-diversity,,../video_materials/formal_v1/videos,2779,0,duration-bucket-round-robin-v1,[],17,10,vid_2541,2541.mp4,15.024000,short
video-eeg-session-manifest-v2-duration-diversity,,../video_materials/formal_v1/videos,2779,0,duration-bucket-round-robin-v1,[],17,10,vid_2555,2555.mp4,15.034000,short
video-eeg-session-manifest-v2-duration-diversity,,../video_materials/formal_v1/videos,2779,0,duration-bucket-round-robin-v1,[],17,10,vid_2576,2576.mp4,15.046000,short
video-eeg-session-manifest-v2-duration-diversity,,../video_materials/formal_v1/videos,2779,0,duration-bucket-round-robin-v1,[],17,10,vid_2585,2585.mp4,15.047000,short
video-eeg-session-manifest-v2-duration-diversity,,../video_materials/formal_v1/videos,2779,0,duration-bucket-round-robin-v1,[],17,10,vid_2605,2605.mp4,15.047000,short
video-eeg-session-manifest-v2-duration-diversity,,../video_materials/formal_v1/videos,2779,0,duration-bucket-round-robin-v1,[],17,10,vid_2626,2626.mp4,15.069000,short
video-eeg-session-manifest-v2-duration-diversity,,../video_materials/formal_v1/videos,2779,0,duration-bucket-round-robin-v1,[],17,10,vid_2659,2659.mp4,15.069000,short
video-eeg-session-manifest-v2-duration-diversity,,../video_materials/formal_v1/videos,2779,0,duration-bucket-round-robin-v1,[],17,10,vid_2666,2666.mp4,15.069000,short
video-eeg-session-manifest-v2-duration-diversity,,../video_materials/formal_v1/videos,2779,0,duration-bucket-round-robin-v1,[],17,10,vid_2668,2668.mp4,15.069000,short
video-eeg-session-manifest-v2-duration-diversity,,../video_materials/formal_v1/videos,2779,0,duration-bucket-round-robin-v1,[],17,10,vid_2687,2687.mp4,15.070000,short
video-eeg-session-manifest-v2-duration-diversity,,../video_materials/formal_v1/videos,2779,0,duration-bucket-round-robin-v1,[],17,10,vid_2720,2720.mp4,15.070000,short
video-eeg-session-manifest-v2-duration-diversity,,../video_materials/formal_v1/videos,2779,0,duration-bucket-round-robin-v1,[],17,10,vid_2731,2731.mp4,15.070000,short
video-eeg-session-manifest-v2-duration-diversity,,../video_materials/formal_v1/videos,2779,0,duration-bucket-round-robin-v1,[],17,10,vid_2736,2736.mp4,15.070000,short
video-eeg-session-manifest-v2-duration-diversity,,../video_materials/formal_v1/videos,2779,0,duration-bucket-round-robin-v1,[],17,10,vid_2737,2737.mp4,15.070000,short
video-eeg-session-manifest-v2-duration-diversity,,../video_materials/formal_v1/videos,2779,0,duration-bucket-round-robin-v1,[],17,10,vid_2767,2767.mp4,15.070000,short
video-eeg-session-manifest-v2-duration-diversity,,../video_materials/formal_v1/videos,2779,0,duration-bucket-round-robin-v1,[],17,11,vid_0020,0020.mp4,5.826000,very_short
video-eeg-session-manifest-v2-duration-diversity,,../video_materials/formal_v1/videos,2779,0,duration-bucket-round-robin-v1,[],17,11,vid_0031,0031.mp4,6.176000,very_short
video-eeg-session-manifest-v2-duration-diversity,,../video_materials/formal_v1/videos,2779,0,duration-bucket-round-robin-v1,[],17,11,vid_0056,0056.mp4,6.594000,very_short
video-eeg-session-manifest-v2-duration-diversity,,../video_materials/formal_v1/videos,2779,0,duration-bucket-round-robin-v1,[],17,11,vid_0062,0062.mp4,6.731000,very_short
video-eeg-session-manifest-v2-duration-diversity,,../video_materials/formal_v1/videos,2779,0,duration-bucket-round-robin-v1,[],17,11,vid_0091,0091.mp4,7.058000,very_short
video-eeg-session-manifest-v2-duration-diversity,,../video_materials/formal_v1/videos,2779,0,duration-bucket-round-robin-v1,[],17,11,vid_0098,0098.mp4,7.104000,very_short
video-eeg-session-manifest-v2-duration-diversity,,../video_materials/formal_v1/videos,2779,0,duration-bucket-round-robin-v1,[],17,11,vid_0127,0127.mp4,7.244000,very_short
video-eeg-session-manifest-v2-duration-diversity,,../video_materials/formal_v1/videos,2779,0,duration-bucket-round-robin-v1,[],17,11,vid_0137,0137.mp4,7.267000,very_short
video-eeg-session-manifest-v2-duration-diversity,,../video_materials/formal_v1/videos,2779,0,duration-bucket-round-robin-v1,[],17,11,vid_0151,0151.mp4,7.360000,very_short
video-eeg-session-manifest-v2-duration-diversity,,../video_materials/formal_v1/videos,2779,0,duration-bucket-round-robin-v1,[],17,11,vid_0175,0175.mp4,7.662000,very_short
video-eeg-session-manifest-v2-duration-diversity,,../video_materials/formal_v1/videos,2779,0,duration-bucket-round-robin-v1,[],17,11,vid_0183,0183.mp4,7.731000,very_short
video-eeg-session-manifest-v2-duration-diversity,,../video_materials/formal_v1/videos,2779,0,duration-bucket-round-robin-v1,[],17,11,vid_0208,0208.mp4,7.987000,very_short
video-eeg-session-manifest-v2-duration-diversity,,../video_materials/formal_v1/videos,2779,0,duration-bucket-round-robin-v1,[],17,11,vid_0221,0221.mp4,8.056000,very_short
video-eeg-session-manifest-v2-duration-diversity,,../video_materials/formal_v1/videos,2779,0,duration-bucket-round-robin-v1,[],17,11,vid_0240,0240.mp4,8.171000,very_short
video-eeg-session-manifest-v2-duration-diversity,,../video_materials/formal_v1/videos,2779,0,duration-bucket-round-robin-v1,[],17,11,vid_0253,0253.mp4,8.334000,very_short
video-eeg-session-manifest-v2-duration-diversity,,../video_materials/formal_v1/videos,2779,0,duration-bucket-round-robin-v1,[],17,11,vid_0274,0274.mp4,8.590000,very_short
video-eeg-session-manifest-v2-duration-diversity,,../video_materials/formal_v1/videos,2779,0,duration-bucket-round-robin-v1,[],17,11,vid_0281,0281.mp4,8.660000,very_short
video-eeg-session-manifest-v2-duration-diversity,,../video_materials/formal_v1/videos,2779,0,duration-bucket-round-robin-v1,[],17,11,vid_0309,0309.mp4,8.937000,very_short
video-eeg-session-manifest-v2-duration-diversity,,../video_materials/formal_v1/videos,2779,0,duration-bucket-round-robin-v1,[],17,11,vid_0324,0324.mp4,9.007000,very_short
video-eeg-session-manifest-v2-duration-diversity,,../video_materials/formal_v1/videos,2779,0,duration-bucket-round-robin-v1,[],17,11,vid_0338,0338.mp4,9.171000,very_short
video-eeg-session-manifest-v2-duration-diversity,,../video_materials/formal_v1/videos,2779,0,duration-bucket-round-robin-v1,[],17,11,vid_0362,0362.mp4,9.357000,very_short
video-eeg-session-manifest-v2-duration-diversity,,../video_materials/formal_v1/videos,2779,0,duration-bucket-round-robin-v1,[],17,11,vid_0376,0376.mp4,9.496000,very_short
video-eeg-session-manifest-v2-duration-diversity,,../video_materials/formal_v1/videos,2779,0,duration-bucket-round-robin-v1,[],17,11,vid_0389,0389.mp4,9.659000,very_short
video-eeg-session-manifest-v2-duration-diversity,,../video_materials/formal_v1/videos,2779,0,duration-bucket-round-robin-v1,[],17,11,vid_0411,0411.mp4,9.960000,very_short
video-eeg-session-manifest-v2-duration-diversity,,../video_materials/formal_v1/videos,2779,0,duration-bucket-round-robin-v1,[],17,11,vid_0418,0418.mp4,10.030000,very_short
video-eeg-session-manifest-v2-duration-diversity,,../video_materials/formal_v1/videos,2779,0,duration-bucket-round-robin-v1,[],17,11,vid_0449,0449.mp4,10.100000,very_short
video-eeg-session-manifest-v2-duration-diversity,,../video_materials/formal_v1/videos,2779,0,duration-bucket-round-robin-v1,[],17,11,vid_0462,0462.mp4,10.101000,very_short
video-eeg-session-manifest-v2-duration-diversity,,../video_materials/formal_v1/videos,2779,0,duration-bucket-round-robin-v1,[],17,11,vid_0480,0480.mp4,10.124000,very_short
video-eeg-session-manifest-v2-duration-diversity,,../video_materials/formal_v1/videos,2779,0,duration-bucket-round-robin-v1,[],17,11,vid_0482,0482.mp4,10.146000,very_short
video-eeg-session-manifest-v2-duration-diversity,,../video_materials/formal_v1/videos,2779,0,duration-bucket-round-robin-v1,[],17,11,vid_0507,0507.mp4,10.193000,very_short
video-eeg-session-manifest-v2-duration-diversity,,../video_materials/formal_v1/videos,2779,0,duration-bucket-round-robin-v1,[],17,11,vid_0534,0534.mp4,10.264000,very_short
video-eeg-session-manifest-v2-duration-diversity,,../video_materials/formal_v1/videos,2779,0,duration-bucket-round-robin-v1,[],17,11,vid_0538,0538.mp4,10.268000,very_short
video-eeg-session-manifest-v2-duration-diversity,,../video_materials/formal_v1/videos,2779,0,duration-bucket-round-robin-v1,[],17,11,vid_0559,0559.mp4,10.331000,very_short
video-eeg-session-manifest-v2-duration-diversity,,../video_materials/formal_v1/videos,2779,0,duration-bucket-round-robin-v1,[],17,11,vid_0586,0586.mp4,10.357000,very_short
video-eeg-session-manifest-v2-duration-diversity,,../video_materials/formal_v1/videos,2779,0,duration-bucket-round-robin-v1,[],17,11,vid_0590,0590.mp4,10.378000,very_short
video-eeg-session-manifest-v2-duration-diversity,,../video_materials/formal_v1/videos,2779,0,duration-bucket-round-robin-v1,[],17,11,vid_0610,0610.mp4,10.425000,very_short
video-eeg-session-manifest-v2-duration-diversity,,../video_materials/formal_v1/videos,2779,0,duration-bucket-round-robin-v1,[],17,11,vid_0634,0634.mp4,10.473000,very_short
video-eeg-session-manifest-v2-duration-diversity,,../video_materials/formal_v1/videos,2779,0,duration-bucket-round-robin-v1,[],17,11,vid_0645,0645.mp4,10.496000,very_short
video-eeg-session-manifest-v2-duration-diversity,,../video_materials/formal_v1/videos,2779,0,duration-bucket-round-robin-v1,[],17,11,vid_0655,0655.mp4,10.541000,very_short
video-eeg-session-manifest-v2-duration-diversity,,../video_materials/formal_v1/videos,2779,0,duration-bucket-round-robin-v1,[],17,11,vid_0679,0679.mp4,10.587000,very_short
video-eeg-session-manifest-v2-duration-diversity,,../video_materials/formal_v1/videos,2779,0,duration-bucket-round-robin-v1,[],17,11,vid_0694,0694.mp4,10.589000,very_short
video-eeg-session-manifest-v2-duration-diversity,,../video_materials/formal_v1/videos,2779,0,duration-bucket-round-robin-v1,[],17,11,vid_0721,0721.mp4,10.680000,very_short
video-eeg-session-manifest-v2-duration-diversity,,../video_materials/formal_v1/videos,2779,0,duration-bucket-round-robin-v1,[],17,11,vid_0726,0726.mp4,10.682000,very_short
video-eeg-session-manifest-v2-duration-diversity,,../video_materials/formal_v1/videos,2779,0,duration-bucket-round-robin-v1,[],17,11,vid_0755,0755.mp4,10.751000,very_short
video-eeg-session-manifest-v2-duration-diversity,,../video_materials/formal_v1/videos,2779,0,duration-bucket-round-robin-v1,[],17,11,vid_0763,0763.mp4,10.775000,very_short
video-eeg-session-manifest-v2-duration-diversity,,../video_materials/formal_v1/videos,2779,0,duration-bucket-round-robin-v1,[],17,11,vid_0774,0774.mp4,10.818000,very_short
video-eeg-session-manifest-v2-duration-diversity,,../video_materials/formal_v1/videos,2779,0,duration-bucket-round-robin-v1,[],17,11,vid_0801,0801.mp4,10.889000,very_short
video-eeg-session-manifest-v2-duration-diversity,,../video_materials/formal_v1/videos,2779,0,duration-bucket-round-robin-v1,[],17,11,vid_0822,0822.mp4,10.937000,very_short
video-eeg-session-manifest-v2-duration-diversity,,../video_materials/formal_v1/videos,2779,0,duration-bucket-round-robin-v1,[],17,11,vid_0833,0833.mp4,10.960000,very_short
video-eeg-session-manifest-v2-duration-diversity,,../video_materials/formal_v1/videos,2779,0,duration-bucket-round-robin-v1,[],17,11,vid_0858,0858.mp4,10.984000,very_short
video-eeg-session-manifest-v2-duration-diversity,,../video_materials/formal_v1/videos,2779,0,duration-bucket-round-robin-v1,[],17,11,vid_0869,0869.mp4,11.030000,very_short
video-eeg-session-manifest-v2-duration-diversity,,../video_materials/formal_v1/videos,2779,0,duration-bucket-round-robin-v1,[],17,11,vid_0877,0877.mp4,11.052000,very_short
video-eeg-session-manifest-v2-duration-diversity,,../video_materials/formal_v1/videos,2779,0,duration-bucket-round-robin-v1,[],17,11,vid_0907,0907.mp4,11.121000,very_short
video-eeg-session-manifest-v2-duration-diversity,,../video_materials/formal_v1/videos,2779,0,duration-bucket-round-robin-v1,[],17,11,vid_0915,0915.mp4,11.146000,very_short
video-eeg-session-manifest-v2-duration-diversity,,../video_materials/formal_v1/videos,2779,0,duration-bucket-round-robin-v1,[],17,11,vid_0945,0945.mp4,11.214000,very_short
video-eeg-session-manifest-v2-duration-diversity,,../video_materials/formal_v1/videos,2779,0,duration-bucket-round-robin-v1,[],17,11,vid_0957,0957.mp4,11.239000,very_short
video-eeg-session-manifest-v2-duration-diversity,,../video_materials/formal_v1/videos,2779,0,duration-bucket-round-robin-v1,[],17,11,vid_0965,0965.mp4,11.262000,very_short
video-eeg-session-manifest-v2-duration-diversity,,../video_materials/formal_v1/videos,2779,0,duration-bucket-round-robin-v1,[],17,11,vid_0980,0980.mp4,11.329000,very_short
video-eeg-session-manifest-v2-duration-diversity,,../video_materials/formal_v1/videos,2779,0,duration-bucket-round-robin-v1,[],17,11,vid_1005,1005.mp4,11.377000,very_short
video-eeg-session-manifest-v2-duration-diversity,,../video_materials/formal_v1/videos,2779,0,duration-bucket-round-robin-v1,[],17,11,vid_1015,1015.mp4,11.401000,very_short
video-eeg-session-manifest-v2-duration-diversity,,../video_materials/formal_v1/videos,2779,0,duration-bucket-round-robin-v1,[],17,11,vid_1031,1031.mp4,11.446000,very_short
video-eeg-session-manifest-v2-duration-diversity,,../video_materials/formal_v1/videos,2779,0,duration-bucket-round-robin-v1,[],17,11,vid_1062,1062.mp4,11.516000,very_short
video-eeg-session-manifest-v2-duration-diversity,,../video_materials/formal_v1/videos,2779,0,duration-bucket-round-robin-v1,[],17,11,vid_1068,1068.mp4,11.518000,very_short
video-eeg-session-manifest-v2-duration-diversity,,../video_materials/formal_v1/videos,2779,0,duration-bucket-round-robin-v1,[],17,11,vid_1088,1088.mp4,11.563000,very_short
video-eeg-session-manifest-v2-duration-diversity,,../video_materials/formal_v1/videos,2779,0,duration-bucket-round-robin-v1,[],17,11,vid_1112,1112.mp4,11.600000,very_short
video-eeg-session-manifest-v2-duration-diversity,,../video_materials/formal_v1/videos,2779,0,duration-bucket-round-robin-v1,[],17,11,vid_1117,1117.mp4,11.609000,very_short
video-eeg-session-manifest-v2-duration-diversity,,../video_materials/formal_v1/videos,2779,0,duration-bucket-round-robin-v1,[],17,11,vid_1140,1140.mp4,11.655000,very_short
video-eeg-session-manifest-v2-duration-diversity,,../video_materials/formal_v1/videos,2779,0,duration-bucket-round-robin-v1,[],17,11,vid_1156,1156.mp4,11.703000,very_short
video-eeg-session-manifest-v2-duration-diversity,,../video_materials/formal_v1/videos,2779,0,duration-bucket-round-robin-v1,[],17,11,vid_1179,1179.mp4,11.750000,very_short
video-eeg-session-manifest-v2-duration-diversity,,../video_materials/formal_v1/videos,2779,0,duration-bucket-round-robin-v1,[],17,11,vid_1183,1183.mp4,11.772000,very_short
video-eeg-session-manifest-v2-duration-diversity,,../video_materials/formal_v1/videos,2779,0,duration-bucket-round-robin-v1,[],17,11,vid_1203,1203.mp4,11.818000,very_short
video-eeg-session-manifest-v2-duration-diversity,,../video_materials/formal_v1/videos,2779,0,duration-bucket-round-robin-v1,[],17,11,vid_1232,1232.mp4,11.866000,very_short
video-eeg-session-manifest-v2-duration-diversity,,../video_materials/formal_v1/videos,2779,0,duration-bucket-round-robin-v1,[],17,11,vid_1236,1236.mp4,11.866000,very_short
video-eeg-session-manifest-v2-duration-diversity,,../video_materials/formal_v1/videos,2779,0,duration-bucket-round-robin-v1,[],17,11,vid_1260,1260.mp4,11.934000,very_short
video-eeg-session-manifest-v2-duration-diversity,,../video_materials/formal_v1/videos,2779,0,duration-bucket-round-robin-v1,[],17,11,vid_1276,1276.mp4,11.959000,very_short
video-eeg-session-manifest-v2-duration-diversity,,../video_materials/formal_v1/videos,2779,0,duration-bucket-round-robin-v1,[],17,11,vid_1296,1296.mp4,12.005000,very_short
video-eeg-session-manifest-v2-duration-diversity,,../video_materials/formal_v1/videos,2779,0,duration-bucket-round-robin-v1,[],17,11,vid_1308,1308.mp4,12.028000,very_short
video-eeg-session-manifest-v2-duration-diversity,,../video_materials/formal_v1/videos,2779,0,duration-bucket-round-robin-v1,[],17,11,vid_1315,1315.mp4,12.052000,very_short
video-eeg-session-manifest-v2-duration-diversity,,../video_materials/formal_v1/videos,2779,0,duration-bucket-round-robin-v1,[],17,11,vid_1347,1347.mp4,12.121000,very_short
video-eeg-session-manifest-v2-duration-diversity,,../video_materials/formal_v1/videos,2779,0,duration-bucket-round-robin-v1,[],17,11,vid_1366,1366.mp4,12.168000,very_short
video-eeg-session-manifest-v2-duration-diversity,,../video_materials/formal_v1/videos,2779,0,duration-bucket-round-robin-v1,[],17,11,vid_1384,1384.mp4,12.214000,very_short
video-eeg-session-manifest-v2-duration-diversity,,../video_materials/formal_v1/videos,2779,0,duration-bucket-round-robin-v1,[],17,11,vid_1387,1387.mp4,12.214000,very_short
video-eeg-session-manifest-v2-duration-diversity,,../video_materials/formal_v1/videos,2779,0,duration-bucket-round-robin-v1,[],17,11,vid_1414,1414.mp4,12.306000,very_short
video-eeg-session-manifest-v2-duration-diversity,,../video_materials/formal_v1/videos,2779,0,duration-bucket-round-robin-v1,[],17,11,vid_1423,1423.mp4,12.329000,very_short
video-eeg-session-manifest-v2-duration-diversity,,../video_materials/formal_v1/videos,2779,0,duration-bucket-round-robin-v1,[],17,11,vid_1441,1441.mp4,12.397000,very_short
video-eeg-session-manifest-v2-duration-diversity,,../video_materials/formal_v1/videos,2779,0,duration-bucket-round-robin-v1,[],17,11,vid_1468,1468.mp4,12.468000,very_short
video-eeg-session-manifest-v2-duration-diversity,,../video_materials/formal_v1/videos,2779,0,duration-bucket-round-robin-v1,[],17,11,vid_1470,1470.mp4,12.470000,very_short
video-eeg-session-manifest-v2-duration-diversity,,../video_materials/formal_v1/videos,2779,0,duration-bucket-round-robin-v1,[],17,11,vid_1500,1500.mp4,12.538000,very_short
video-eeg-session-manifest-v2-duration-diversity,,../video_materials/formal_v1/videos,2779,0,duration-bucket-round-robin-v1,[],17,11,vid_1511,1511.mp4,12.561000,very_short
video-eeg-session-manifest-v2-duration-diversity,,../video_materials/formal_v1/videos,2779,0,duration-bucket-round-robin-v1,[],17,11,vid_1530,1530.mp4,12.586000,very_short
video-eeg-session-manifest-v2-duration-diversity,,../video_materials/formal_v1/videos,2779,0,duration-bucket-round-robin-v1,[],17,11,vid_1540,1540.mp4,12.629000,very_short
video-eeg-session-manifest-v2-duration-diversity,,../video_materials/formal_v1/videos,2779,0,duration-bucket-round-robin-v1,[],17,11,vid_1572,1572.mp4,12.700000,very_short
video-eeg-session-manifest-v2-duration-diversity,,../video_materials/formal_v1/videos,2779,0,duration-bucket-round-robin-v1,[],17,11,vid_1579,1579.mp4,12.702000,very_short
video-eeg-session-manifest-v2-duration-diversity,,../video_materials/formal_v1/videos,2779,0,duration-bucket-round-robin-v1,[],17,11,vid_1593,1593.mp4,12.747000,short
video-eeg-session-manifest-v2-duration-diversity,,../video_materials/formal_v1/videos,2779,0,duration-bucket-round-robin-v1,[],17,11,vid_1613,1613.mp4,12.793000,short
video-eeg-session-manifest-v2-duration-diversity,,../video_materials/formal_v1/videos,2779,0,duration-bucket-round-robin-v1,[],17,11,vid_1623,1623.mp4,12.818000,short
video-eeg-session-manifest-v2-duration-diversity,,../video_materials/formal_v1/videos,2779,0,duration-bucket-round-robin-v1,[],17,11,vid_1643,1643.mp4,12.885000,short
video-eeg-session-manifest-v2-duration-diversity,,../video_materials/formal_v1/videos,2779,0,duration-bucket-round-robin-v1,[],17,11,vid_1664,1664.mp4,12.933000,short
video-eeg-session-manifest-v2-duration-diversity,,../video_materials/formal_v1/videos,2779,0,duration-bucket-round-robin-v1,[],17,11,vid_1681,1681.mp4,12.956000,short
video-eeg-session-manifest-v2-duration-diversity,,../video_materials/formal_v1/videos,2779,0,duration-bucket-round-robin-v1,[],17,11,vid_1692,1692.mp4,12.980000,short
video-eeg-session-manifest-v2-duration-diversity,,../video_materials/formal_v1/videos,2779,0,duration-bucket-round-robin-v1,[],17,11,vid_1716,1716.mp4,13.049000,short
video-eeg-session-manifest-v2-duration-diversity,,../video_materials/formal_v1/videos,2779,0,duration-bucket-round-robin-v1,[],17,11,vid_1732,1732.mp4,13.073000,short
video-eeg-session-manifest-v2-duration-diversity,,../video_materials/formal_v1/videos,2779,0,duration-bucket-round-robin-v1,[],17,11,vid_1744,1744.mp4,13.097000,short
video-eeg-session-manifest-v2-duration-diversity,,../video_materials/formal_v1/videos,2779,0,duration-bucket-round-robin-v1,[],17,11,vid_1761,1761.mp4,13.165000,short
video-eeg-session-manifest-v2-duration-diversity,,../video_materials/formal_v1/videos,2779,0,duration-bucket-round-robin-v1,[],17,11,vid_1783,1783.mp4,13.234000,short
video-eeg-session-manifest-v2-duration-diversity,,../video_materials/formal_v1/videos,2779,0,duration-bucket-round-robin-v1,[],17,11,vid_1797,1797.mp4,13.267000,short
video-eeg-session-manifest-v2-duration-diversity,,../video_materials/formal_v1/videos,2779,0,duration-bucket-round-robin-v1,[],17,11,vid_1815,1815.mp4,13.304000,short
video-eeg-session-manifest-v2-duration-diversity,,../video_materials/formal_v1/videos,2779,0,duration-bucket-round-robin-v1,[],17,11,vid_1834,1834.mp4,13.352000,short
video-eeg-session-manifest-v2-duration-diversity,,../video_materials/formal_v1/videos,2779,0,duration-bucket-round-robin-v1,[],17,11,vid_1845,1845.mp4,13.400000,short
video-eeg-session-manifest-v2-duration-diversity,,../video_materials/formal_v1/videos,2779,0,duration-bucket-round-robin-v1,[],17,11,vid_1870,1870.mp4,13.510000,short
video-eeg-session-manifest-v2-duration-diversity,,../video_materials/formal_v1/videos,2779,0,duration-bucket-round-robin-v1,[],17,11,vid_1881,1881.mp4,13.536000,short
video-eeg-session-manifest-v2-duration-diversity,,../video_materials/formal_v1/videos,2779,0,duration-bucket-round-robin-v1,[],17,11,vid_1902,1902.mp4,13.629000,short
video-eeg-session-manifest-v2-duration-diversity,,../video_materials/formal_v1/videos,2779,0,duration-bucket-round-robin-v1,[],17,11,vid_1915,1915.mp4,13.654000,short
video-eeg-session-manifest-v2-duration-diversity,,../video_materials/formal_v1/videos,2779,0,duration-bucket-round-robin-v1,[],17,11,vid_1932,1932.mp4,13.699000,short
video-eeg-session-manifest-v2-duration-diversity,,../video_materials/formal_v1/videos,2779,0,duration-bucket-round-robin-v1,[],17,11,vid_1951,1951.mp4,13.767000,short
video-eeg-session-manifest-v2-duration-diversity,,../video_materials/formal_v1/videos,2779,0,duration-bucket-round-robin-v1,[],17,11,vid_1968,1968.mp4,13.793000,short
video-eeg-session-manifest-v2-duration-diversity,,../video_materials/formal_v1/videos,2779,0,duration-bucket-round-robin-v1,[],17,11,vid_1982,1982.mp4,13.861000,short
video-eeg-session-manifest-v2-duration-diversity,,../video_materials/formal_v1/videos,2779,0,duration-bucket-round-robin-v1,[],17,11,vid_2006,2006.mp4,13.914000,short
video-eeg-session-manifest-v2-duration-diversity,,../video_materials/formal_v1/videos,2779,0,duration-bucket-round-robin-v1,[],17,11,vid_2020,2020.mp4,13.956000,short
video-eeg-session-manifest-v2-duration-diversity,,../video_materials/formal_v1/videos,2779,0,duration-bucket-round-robin-v1,[],17,11,vid_2031,2031.mp4,14.001000,short
video-eeg-session-manifest-v2-duration-diversity,,../video_materials/formal_v1/videos,2779,0,duration-bucket-round-robin-v1,[],17,11,vid_2054,2054.mp4,14.070000,short
video-eeg-session-manifest-v2-duration-diversity,,../video_materials/formal_v1/videos,2779,0,duration-bucket-round-robin-v1,[],17,11,vid_2073,2073.mp4,14.118000,short
video-eeg-session-manifest-v2-duration-diversity,,../video_materials/formal_v1/videos,2779,0,duration-bucket-round-robin-v1,[],17,11,vid_2090,2090.mp4,14.165000,short
video-eeg-session-manifest-v2-duration-diversity,,../video_materials/formal_v1/videos,2779,0,duration-bucket-round-robin-v1,[],17,11,vid_2102,2102.mp4,14.188000,short
video-eeg-session-manifest-v2-duration-diversity,,../video_materials/formal_v1/videos,2779,0,duration-bucket-round-robin-v1,[],17,11,vid_2125,2125.mp4,14.256000,short
video-eeg-session-manifest-v2-duration-diversity,,../video_materials/formal_v1/videos,2779,0,duration-bucket-round-robin-v1,[],17,11,vid_2138,2138.mp4,14.281000,short
video-eeg-session-manifest-v2-duration-diversity,,../video_materials/formal_v1/videos,2779,0,duration-bucket-round-robin-v1,[],17,11,vid_2156,2156.mp4,14.349000,short
video-eeg-session-manifest-v2-duration-diversity,,../video_materials/formal_v1/videos,2779,0,duration-bucket-round-robin-v1,[],17,11,vid_2173,2173.mp4,14.395000,short
video-eeg-session-manifest-v2-duration-diversity,,../video_materials/formal_v1/videos,2779,0,duration-bucket-round-robin-v1,[],17,11,vid_2188,2188.mp4,14.443000,short
video-eeg-session-manifest-v2-duration-diversity,,../video_materials/formal_v1/videos,2779,0,duration-bucket-round-robin-v1,[],17,11,vid_2206,2206.mp4,14.512000,short
video-eeg-session-manifest-v2-duration-diversity,,../video_materials/formal_v1/videos,2779,0,duration-bucket-round-robin-v1,[],17,11,vid_2222,2222.mp4,14.536000,short
video-eeg-session-manifest-v2-duration-diversity,,../video_materials/formal_v1/videos,2779,0,duration-bucket-round-robin-v1,[],17,11,vid_2246,2246.mp4,14.559000,short
video-eeg-session-manifest-v2-duration-diversity,,../video_materials/formal_v1/videos,2779,0,duration-bucket-round-robin-v1,[],17,11,vid_2261,2261.mp4,14.604000,short
video-eeg-session-manifest-v2-duration-diversity,,../video_materials/formal_v1/videos,2779,0,duration-bucket-round-robin-v1,[],17,11,vid_2274,2274.mp4,14.651000,short
video-eeg-session-manifest-v2-duration-diversity,,../video_materials/formal_v1/videos,2779,0,duration-bucket-round-robin-v1,[],17,11,vid_2293,2293.mp4,14.676000,short
video-eeg-session-manifest-v2-duration-diversity,,../video_materials/formal_v1/videos,2779,0,duration-bucket-round-robin-v1,[],17,11,vid_2310,2310.mp4,14.700000,short
video-eeg-session-manifest-v2-duration-diversity,,../video_materials/formal_v1/videos,2779,0,duration-bucket-round-robin-v1,[],17,11,vid_2329,2329.mp4,14.744000,short
video-eeg-session-manifest-v2-duration-diversity,,../video_materials/formal_v1/videos,2779,0,duration-bucket-round-robin-v1,[],17,11,vid_2345,2345.mp4,14.768000,short
video-eeg-session-manifest-v2-duration-diversity,,../video_materials/formal_v1/videos,2779,0,duration-bucket-round-robin-v1,[],17,11,vid_2356,2356.mp4,14.792000,short
video-eeg-session-manifest-v2-duration-diversity,,../video_materials/formal_v1/videos,2779,0,duration-bucket-round-robin-v1,[],17,11,vid_2379,2379.mp4,14.838000,short
video-eeg-session-manifest-v2-duration-diversity,,../video_materials/formal_v1/videos,2779,0,duration-bucket-round-robin-v1,[],17,11,vid_2391,2391.mp4,14.861000,short
video-eeg-session-manifest-v2-duration-diversity,,../video_materials/formal_v1/videos,2779,0,duration-bucket-round-robin-v1,[],17,11,vid_2412,2412.mp4,14.884000,short
video-eeg-session-manifest-v2-duration-diversity,,../video_materials/formal_v1/videos,2779,0,duration-bucket-round-robin-v1,[],17,11,vid_2425,2425.mp4,14.908000,short
video-eeg-session-manifest-v2-duration-diversity,,../video_materials/formal_v1/videos,2779,0,duration-bucket-round-robin-v1,[],17,11,vid_2439,2439.mp4,14.931000,short
video-eeg-session-manifest-v2-duration-diversity,,../video_materials/formal_v1/videos,2779,0,duration-bucket-round-robin-v1,[],17,11,vid_2460,2460.mp4,14.954000,short
video-eeg-session-manifest-v2-duration-diversity,,../video_materials/formal_v1/videos,2779,0,duration-bucket-round-robin-v1,[],17,11,vid_2474,2474.mp4,14.977000,short
video-eeg-session-manifest-v2-duration-diversity,,../video_materials/formal_v1/videos,2779,0,duration-bucket-round-robin-v1,[],17,11,vid_2496,2496.mp4,14.999000,short
video-eeg-session-manifest-v2-duration-diversity,,../video_materials/formal_v1/videos,2779,0,duration-bucket-round-robin-v1,[],17,11,vid_2513,2513.mp4,15.016000,short
video-eeg-session-manifest-v2-duration-diversity,,../video_materials/formal_v1/videos,2779,0,duration-bucket-round-robin-v1,[],17,11,vid_2528,2528.mp4,15.024000,short
video-eeg-session-manifest-v2-duration-diversity,,../video_materials/formal_v1/videos,2779,0,duration-bucket-round-robin-v1,[],17,11,vid_2551,2551.mp4,15.024000,short
video-eeg-session-manifest-v2-duration-diversity,,../video_materials/formal_v1/videos,2779,0,duration-bucket-round-robin-v1,[],17,11,vid_2561,2561.mp4,15.046000,short
video-eeg-session-manifest-v2-duration-diversity,,../video_materials/formal_v1/videos,2779,0,duration-bucket-round-robin-v1,[],17,11,vid_2579,2579.mp4,15.046000,short
video-eeg-session-manifest-v2-duration-diversity,,../video_materials/formal_v1/videos,2779,0,duration-bucket-round-robin-v1,[],17,11,vid_2591,2591.mp4,15.047000,short
video-eeg-session-manifest-v2-duration-diversity,,../video_materials/formal_v1/videos,2779,0,duration-bucket-round-robin-v1,[],17,11,vid_2614,2614.mp4,15.067000,short
video-eeg-session-manifest-v2-duration-diversity,,../video_materials/formal_v1/videos,2779,0,duration-bucket-round-robin-v1,[],17,11,vid_2638,2638.mp4,15.069000,short
video-eeg-session-manifest-v2-duration-diversity,,../video_materials/formal_v1/videos,2779,0,duration-bucket-round-robin-v1,[],17,11,vid_2656,2656.mp4,15.069000,short
video-eeg-session-manifest-v2-duration-diversity,,../video_materials/formal_v1/videos,2779,0,duration-bucket-round-robin-v1,[],17,11,vid_2675,2675.mp4,15.069000,short
video-eeg-session-manifest-v2-duration-diversity,,../video_materials/formal_v1/videos,2779,0,duration-bucket-round-robin-v1,[],17,11,vid_2709,2709.mp4,15.070000,short
video-eeg-session-manifest-v2-duration-diversity,,../video_materials/formal_v1/videos,2779,0,duration-bucket-round-robin-v1,[],17,11,vid_2714,2714.mp4,15.070000,short
video-eeg-session-manifest-v2-duration-diversity,,../video_materials/formal_v1/videos,2779,0,duration-bucket-round-robin-v1,[],17,11,vid_2723,2723.mp4,15.070000,short
video-eeg-session-manifest-v2-duration-diversity,,../video_materials/formal_v1/videos,2779,0,duration-bucket-round-robin-v1,[],17,11,vid_2740,2740.mp4,15.070000,short
video-eeg-session-manifest-v2-duration-diversity,,../video_materials/formal_v1/videos,2779,0,duration-bucket-round-robin-v1,[],17,11,vid_2746,2746.mp4,15.070000,short
video-eeg-session-manifest-v2-duration-diversity,,../video_materials/formal_v1/videos,2779,0,duration-bucket-round-robin-v1,[],17,11,vid_2751,2751.mp4,15.070000,short
video-eeg-session-manifest-v2-duration-diversity,,../video_materials/formal_v1/videos,2779,0,duration-bucket-round-robin-v1,[],17,11,vid_2762,2762.mp4,15.070000,short
video-eeg-session-manifest-v2-duration-diversity,,../video_materials/formal_v1/videos,2779,0,duration-bucket-round-robin-v1,[],17,11,vid_2770,2770.mp4,15.070000,short
video-eeg-session-manifest-v2-duration-diversity,,../video_materials/formal_v1/videos,2779,0,duration-bucket-round-robin-v1,[],17,12,vid_0006,0006.mp4,5.363000,very_short
video-eeg-session-manifest-v2-duration-diversity,,../video_materials/formal_v1/videos,2779,0,duration-bucket-round-robin-v1,[],17,12,vid_0012,0012.mp4,5.572000,very_short
video-eeg-session-manifest-v2-duration-diversity,,../video_materials/formal_v1/videos,2779,0,duration-bucket-round-robin-v1,[],17,12,vid_0027,0027.mp4,6.151000,very_short
video-eeg-session-manifest-v2-duration-diversity,,../video_materials/formal_v1/videos,2779,0,duration-bucket-round-robin-v1,[],17,12,vid_0058,0058.mp4,6.686000,very_short
video-eeg-session-manifest-v2-duration-diversity,,../video_materials/formal_v1/videos,2779,0,duration-bucket-round-robin-v1,[],17,12,vid_0063,0063.mp4,6.733000,very_short
video-eeg-session-manifest-v2-duration-diversity,,../video_materials/formal_v1/videos,2779,0,duration-bucket-round-robin-v1,[],17,12,vid_0088,0088.mp4,7.035000,very_short
video-eeg-session-manifest-v2-duration-diversity,,../video_materials/formal_v1/videos,2779,0,duration-bucket-round-robin-v1,[],17,12,vid_0110,0110.mp4,7.128000,very_short
video-eeg-session-manifest-v2-duration-diversity,,../video_materials/formal_v1/videos,2779,0,duration-bucket-round-robin-v1,[],17,12,vid_0122,0122.mp4,7.197000,very_short
video-eeg-session-manifest-v2-duration-diversity,,../video_materials/formal_v1/videos,2779,0,duration-bucket-round-robin-v1,[],17,12,vid_0144,0144.mp4,7.313000,very_short
video-eeg-session-manifest-v2-duration-diversity,,../video_materials/formal_v1/videos,2779,0,duration-bucket-round-robin-v1,[],17,12,vid_0150,0150.mp4,7.360000,very_short
video-eeg-session-manifest-v2-duration-diversity,,../video_materials/formal_v1/videos,2779,0,duration-bucket-round-robin-v1,[],17,12,vid_0174,0174.mp4,7.662000,very_short
video-eeg-session-manifest-v2-duration-diversity,,../video_materials/formal_v1/videos,2779,0,duration-bucket-round-robin-v1,[],17,12,vid_0181,0181.mp4,7.708000,very_short
video-eeg-session-manifest-v2-duration-diversity,,../video_materials/formal_v1/videos,2779,0,duration-bucket-round-robin-v1,[],17,12,vid_0211,0211.mp4,8.010000,very_short
video-eeg-session-manifest-v2-duration-diversity,,../video_materials/formal_v1/videos,2779,0,duration-bucket-round-robin-v1,[],17,12,vid_0226,0226.mp4,8.080000,very_short
video-eeg-session-manifest-v2-duration-diversity,,../video_materials/formal_v1/videos,2779,0,duration-bucket-round-robin-v1,[],17,12,vid_0245,0245.mp4,8.196000,very_short
video-eeg-session-manifest-v2-duration-diversity,,../video_materials/formal_v1/videos,2779,0,duration-bucket-round-robin-v1,[],17,12,vid_0249,0249.mp4,8.242000,very_short
video-eeg-session-manifest-v2-duration-diversity,,../video_materials/formal_v1/videos,2779,0,duration-bucket-round-robin-v1,[],17,12,vid_0276,0276.mp4,8.614000,very_short
video-eeg-session-manifest-v2-duration-diversity,,../video_materials/formal_v1/videos,2779,0,duration-bucket-round-robin-v1,[],17,12,vid_0297,0297.mp4,8.776000,very_short
video-eeg-session-manifest-v2-duration-diversity,,../video_materials/formal_v1/videos,2779,0,duration-bucket-round-robin-v1,[],17,12,vid_0299,0299.mp4,8.798000,very_short
video-eeg-session-manifest-v2-duration-diversity,,../video_materials/formal_v1/videos,2779,0,duration-bucket-round-robin-v1,[],17,12,vid_0322,0322.mp4,9.007000,very_short
video-eeg-session-manifest-v2-duration-diversity,,../video_materials/formal_v1/videos,2779,0,duration-bucket-round-robin-v1,[],17,12,vid_0342,0342.mp4,9.203000,very_short
video-eeg-session-manifest-v2-duration-diversity,,../video_materials/formal_v1/videos,2779,0,duration-bucket-round-robin-v1,[],17,12,vid_0363,0363.mp4,9.357000,very_short
video-eeg-session-manifest-v2-duration-diversity,,../video_materials/formal_v1/videos,2779,0,duration-bucket-round-robin-v1,[],17,12,vid_0369,0369.mp4,9.403000,very_short
video-eeg-session-manifest-v2-duration-diversity,,../video_materials/formal_v1/videos,2779,0,duration-bucket-round-robin-v1,[],17,12,vid_0397,0397.mp4,9.798000,very_short
video-eeg-session-manifest-v2-duration-diversity,,../video_materials/formal_v1/videos,2779,0,duration-bucket-round-robin-v1,[],17,12,vid_0401,0401.mp4,9.891000,very_short
video-eeg-session-manifest-v2-duration-diversity,,../video_materials/formal_v1/videos,2779,0,duration-bucket-round-robin-v1,[],17,12,vid_0422,0422.mp4,10.053000,very_short
video-eeg-session-manifest-v2-duration-diversity,,../video_materials/formal_v1/videos,2779,0,duration-bucket-round-robin-v1,[],17,12,vid_0442,0442.mp4,10.077000,very_short
video-eeg-session-manifest-v2-duration-diversity,,../video_materials/formal_v1/videos,2779,0,duration-bucket-round-robin-v1,[],17,12,vid_0452,0452.mp4,10.100000,very_short
video-eeg-session-manifest-v2-duration-diversity,,../video_materials/formal_v1/videos,2779,0,duration-bucket-round-robin-v1,[],17,12,vid_0484,0484.mp4,10.146000,very_short
video-eeg-session-manifest-v2-duration-diversity,,../video_materials/formal_v1/videos,2779,0,duration-bucket-round-robin-v1,[],17,12,vid_0490,0490.mp4,10.148000,very_short
video-eeg-session-manifest-v2-duration-diversity,,../video_materials/formal_v1/videos,2779,0,duration-bucket-round-robin-v1,[],17,12,vid_0511,0511.mp4,10.194000,very_short
video-eeg-session-manifest-v2-duration-diversity,,../video_materials/formal_v1/videos,2779,0,duration-bucket-round-robin-v1,[],17,12,vid_0525,0525.mp4,10.239000,very_short
video-eeg-session-manifest-v2-duration-diversity,,../video_materials/formal_v1/videos,2779,0,duration-bucket-round-robin-v1,[],17,12,vid_0551,0551.mp4,10.300000,very_short
video-eeg-session-manifest-v2-duration-diversity,,../video_materials/formal_v1/videos,2779,0,duration-bucket-round-robin-v1,[],17,12,vid_0556,0556.mp4,10.310000,very_short
video-eeg-session-manifest-v2-duration-diversity,,../video_materials/formal_v1/videos,2779,0,duration-bucket-round-robin-v1,[],17,12,vid_0580,0580.mp4,10.355000,very_short
video-eeg-session-manifest-v2-duration-diversity,,../video_materials/formal_v1/videos,2779,0,duration-bucket-round-robin-v1,[],17,12,vid_0602,0602.mp4,10.402000,very_short
video-eeg-session-manifest-v2-duration-diversity,,../video_materials/formal_v1/videos,2779,0,duration-bucket-round-robin-v1,[],17,12,vid_0604,0604.mp4,10.402000,very_short
video-eeg-session-manifest-v2-duration-diversity,,../video_materials/formal_v1/videos,2779,0,duration-bucket-round-robin-v1,[],17,12,vid_0633,0633.mp4,10.471000,very_short
video-eeg-session-manifest-v2-duration-diversity,,../video_materials/formal_v1/videos,2779,0,duration-bucket-round-robin-v1,[],17,12,vid_0638,0638.mp4,10.495000,very_short
video-eeg-session-manifest-v2-duration-diversity,,../video_materials/formal_v1/videos,2779,0,duration-bucket-round-robin-v1,[],17,12,vid_0661,0661.mp4,10.541000,very_short
video-eeg-session-manifest-v2-duration-diversity,,../video_materials/formal_v1/videos,2779,0,duration-bucket-round-robin-v1,[],17,12,vid_0688,0688.mp4,10.587000,very_short
video-eeg-session-manifest-v2-duration-diversity,,../video_materials/formal_v1/videos,2779,0,duration-bucket-round-robin-v1,[],17,12,vid_0696,0696.mp4,10.611000,very_short
video-eeg-session-manifest-v2-duration-diversity,,../video_materials/formal_v1/videos,2779,0,duration-bucket-round-robin-v1,[],17,12,vid_0715,0715.mp4,10.657000,very_short
video-eeg-session-manifest-v2-duration-diversity,,../video_materials/formal_v1/videos,2779,0,duration-bucket-round-robin-v1,[],17,12,vid_0723,0723.mp4,10.680000,very_short
video-eeg-session-manifest-v2-duration-diversity,,../video_materials/formal_v1/videos,2779,0,duration-bucket-round-robin-v1,[],17,12,vid_0752,0752.mp4,10.750000,very_short
video-eeg-session-manifest-v2-duration-diversity,,../video_materials/formal_v1/videos,2779,0,duration-bucket-round-robin-v1,[],17,12,vid_0758,0758.mp4,10.773000,very_short
video-eeg-session-manifest-v2-duration-diversity,,../video_materials/formal_v1/videos,2779,0,duration-bucket-round-robin-v1,[],17,12,vid_0786,0786.mp4,10.844000,very_short
video-eeg-session-manifest-v2-duration-diversity,,../video_materials/formal_v1/videos,2779,0,duration-bucket-round-robin-v1,[],17,12,vid_0799,0799.mp4,10.867000,very_short
video-eeg-session-manifest-v2-duration-diversity,,../video_materials/formal_v1/videos,2779,0,duration-bucket-round-robin-v1,[],17,12,vid_0815,0815.mp4,10.934000,very_short
video-eeg-session-manifest-v2-duration-diversity,,../video_materials/formal_v1/videos,2779,0,duration-bucket-round-robin-v1,[],17,12,vid_0846,0846.mp4,10.982000,very_short
video-eeg-session-manifest-v2-duration-diversity,,../video_materials/formal_v1/videos,2779,0,duration-bucket-round-robin-v1,[],17,12,vid_0852,0852.mp4,10.984000,very_short
video-eeg-session-manifest-v2-duration-diversity,,../video_materials/formal_v1/videos,2779,0,duration-bucket-round-robin-v1,[],17,12,vid_0863,0863.mp4,11.005000,very_short
video-eeg-session-manifest-v2-duration-diversity,,../video_materials/formal_v1/videos,2779,0,duration-bucket-round-robin-v1,[],17,12,vid_0886,0886.mp4,11.074000,very_short
video-eeg-session-manifest-v2-duration-diversity,,../video_materials/formal_v1/videos,2779,0,duration-bucket-round-robin-v1,[],17,12,vid_0893,0893.mp4,11.098000,very_short
video-eeg-session-manifest-v2-duration-diversity,,../video_materials/formal_v1/videos,2779,0,duration-bucket-round-robin-v1,[],17,12,vid_0919,0919.mp4,11.168000,very_short
video-eeg-session-manifest-v2-duration-diversity,,../video_materials/formal_v1/videos,2779,0,duration-bucket-round-robin-v1,[],17,12,vid_0937,0937.mp4,11.193000,very_short
video-eeg-session-manifest-v2-duration-diversity,,../video_materials/formal_v1/videos,2779,0,duration-bucket-round-robin-v1,[],17,12,vid_0948,0948.mp4,11.216000,very_short
video-eeg-session-manifest-v2-duration-diversity,,../video_materials/formal_v1/videos,2779,0,duration-bucket-round-robin-v1,[],17,12,vid_0976,0976.mp4,11.306000,very_short
video-eeg-session-manifest-v2-duration-diversity,,../video_materials/formal_v1/videos,2779,0,duration-bucket-round-robin-v1,[],17,12,vid_0978,0978.mp4,11.309000,very_short
video-eeg-session-manifest-v2-duration-diversity,,../video_materials/formal_v1/videos,2779,0,duration-bucket-round-robin-v1,[],17,12,vid_1013,1013.mp4,11.400000,very_short
video-eeg-session-manifest-v2-duration-diversity,,../video_materials/formal_v1/videos,2779,0,duration-bucket-round-robin-v1,[],17,12,vid_1016,1016.mp4,11.401000,very_short
video-eeg-session-manifest-v2-duration-diversity,,../video_materials/formal_v1/videos,2779,0,duration-bucket-round-robin-v1,[],17,12,vid_1044,1044.mp4,11.470000,very_short
video-eeg-session-manifest-v2-duration-diversity,,../video_materials/formal_v1/videos,2779,0,duration-bucket-round-robin-v1,[],17,12,vid_1046,1046.mp4,11.470000,very_short
video-eeg-session-manifest-v2-duration-diversity,,../video_materials/formal_v1/videos,2779,0,duration-bucket-round-robin-v1,[],17,12,vid_1070,1070.mp4,11.538000,very_short
video-eeg-session-manifest-v2-duration-diversity,,../video_materials/formal_v1/videos,2779,0,duration-bucket-round-robin-v1,[],17,12,vid_1085,1085.mp4,11.563000,very_short
video-eeg-session-manifest-v2-duration-diversity,,../video_materials/formal_v1/videos,2779,0,duration-bucket-round-robin-v1,[],17,12,vid_1100,1100.mp4,11.586000,very_short
video-eeg-session-manifest-v2-duration-diversity,,../video_materials/formal_v1/videos,2779,0,duration-bucket-round-robin-v1,[],17,12,vid_1114,1114.mp4,11.609000,very_short
video-eeg-session-manifest-v2-duration-diversity,,../video_materials/formal_v1/videos,2779,0,duration-bucket-round-robin-v1,[],17,12,vid_1146,1146.mp4,11.679000,very_short
video-eeg-session-manifest-v2-duration-diversity,,../video_materials/formal_v1/videos,2779,0,duration-bucket-round-robin-v1,[],17,12,vid_1151,1151.mp4,11.680000,very_short
video-eeg-session-manifest-v2-duration-diversity,,../video_materials/formal_v1/videos,2779,0,duration-bucket-round-robin-v1,[],17,12,vid_1173,1173.mp4,11.748000,very_short
video-eeg-session-manifest-v2-duration-diversity,,../video_materials/formal_v1/videos,2779,0,duration-bucket-round-robin-v1,[],17,12,vid_1194,1194.mp4,11.796000,very_short
video-eeg-session-manifest-v2-duration-diversity,,../video_materials/formal_v1/videos,2779,0,duration-bucket-round-robin-v1,[],17,12,vid_1201,1201.mp4,11.800000,very_short
video-eeg-session-manifest-v2-duration-diversity,,../video_materials/formal_v1/videos,2779,0,duration-bucket-round-robin-v1,[],17,12,vid_1233,1233.mp4,11.866000,very_short
video-eeg-session-manifest-v2-duration-diversity,,../video_materials/formal_v1/videos,2779,0,duration-bucket-round-robin-v1,[],17,12,vid_1235,1235.mp4,11.866000,very_short
video-eeg-session-manifest-v2-duration-diversity,,../video_materials/formal_v1/videos,2779,0,duration-bucket-round-robin-v1,[],17,12,vid_1264,1264.mp4,11.934000,very_short
video-eeg-session-manifest-v2-duration-diversity,,../video_materials/formal_v1/videos,2779,0,duration-bucket-round-robin-v1,[],17,12,vid_1274,1274.mp4,11.957000,very_short
video-eeg-session-manifest-v2-duration-diversity,,../video_materials/formal_v1/videos,2779,0,duration-bucket-round-robin-v1,[],17,12,vid_1291,1291.mp4,12.004000,very_short
video-eeg-session-manifest-v2-duration-diversity,,../video_materials/formal_v1/videos,2779,0,duration-bucket-round-robin-v1,[],17,12,vid_1303,1303.mp4,12.028000,very_short
video-eeg-session-manifest-v2-duration-diversity,,../video_materials/formal_v1/videos,2779,0,duration-bucket-round-robin-v1,[],17,12,vid_1329,1329.mp4,12.052000,very_short
video-eeg-session-manifest-v2-duration-diversity,,../video_materials/formal_v1/videos,2779,0,duration-bucket-round-robin-v1,[],17,12,vid_1354,1354.mp4,12.143000,very_short
video-eeg-session-manifest-v2-duration-diversity,,../video_materials/formal_v1/videos,2779,0,duration-bucket-round-robin-v1,[],17,12,vid_1357,1357.mp4,12.145000,very_short
video-eeg-session-manifest-v2-duration-diversity,,../video_materials/formal_v1/videos,2779,0,duration-bucket-round-robin-v1,[],17,12,vid_1374,1374.mp4,12.191000,very_short
video-eeg-session-manifest-v2-duration-diversity,,../video_materials/formal_v1/videos,2779,0,duration-bucket-round-robin-v1,[],17,12,vid_1395,1395.mp4,12.258000,very_short
video-eeg-session-manifest-v2-duration-diversity,,../video_materials/formal_v1/videos,2779,0,duration-bucket-round-robin-v1,[],17,12,vid_1407,1407.mp4,12.282000,very_short
video-eeg-session-manifest-v2-duration-diversity,,../video_materials/formal_v1/videos,2779,0,duration-bucket-round-robin-v1,[],17,12,vid_1430,1430.mp4,12.352000,very_short
video-eeg-session-manifest-v2-duration-diversity,,../video_materials/formal_v1/videos,2779,0,duration-bucket-round-robin-v1,[],17,12,vid_1447,1447.mp4,12.400000,very_short
video-eeg-session-manifest-v2-duration-diversity,,../video_materials/formal_v1/videos,2779,0,duration-bucket-round-robin-v1,[],17,12,vid_1460,1460.mp4,12.434000,very_short
video-eeg-session-manifest-v2-duration-diversity,,../video_materials/formal_v1/videos,2779,0,duration-bucket-round-robin-v1,[],17,12,vid_1477,1477.mp4,12.491000,very_short
video-eeg-session-manifest-v2-duration-diversity,,../video_materials/formal_v1/videos,2779,0,duration-bucket-round-robin-v1,[],17,12,vid_1493,1493.mp4,12.534000,very_short
video-eeg-session-manifest-v2-duration-diversity,,../video_materials/formal_v1/videos,2779,0,duration-bucket-round-robin-v1,[],17,12,vid_1510,1510.mp4,12.561000,very_short
video-eeg-session-manifest-v2-duration-diversity,,../video_materials/formal_v1/videos,2779,0,duration-bucket-round-robin-v1,[],17,12,vid_1532,1532.mp4,12.586000,very_short
video-eeg-session-manifest-v2-duration-diversity,,../video_materials/formal_v1/videos,2779,0,duration-bucket-round-robin-v1,[],17,12,vid_1539,1539.mp4,12.629000,very_short
video-eeg-session-manifest-v2-duration-diversity,,../video_materials/formal_v1/videos,2779,0,duration-bucket-round-robin-v1,[],17,12,vid_1573,1573.mp4,12.700000,very_short
video-eeg-session-manifest-v2-duration-diversity,,../video_materials/formal_v1/videos,2779,0,duration-bucket-round-robin-v1,[],17,12,vid_1575,1575.mp4,12.702000,very_short
video-eeg-session-manifest-v2-duration-diversity,,../video_materials/formal_v1/videos,2779,0,duration-bucket-round-robin-v1,[],17,12,vid_1604,1604.mp4,12.766000,short
video-eeg-session-manifest-v2-duration-diversity,,../video_materials/formal_v1/videos,2779,0,duration-bucket-round-robin-v1,[],17,12,vid_1619,1619.mp4,12.795000,short
video-eeg-session-manifest-v2-duration-diversity,,../video_materials/formal_v1/videos,2779,0,duration-bucket-round-robin-v1,[],17,12,vid_1637,1637.mp4,12.863000,short
video-eeg-session-manifest-v2-duration-diversity,,../video_materials/formal_v1/videos,2779,0,duration-bucket-round-robin-v1,[],17,12,vid_1650,1650.mp4,12.888000,short
video-eeg-session-manifest-v2-duration-diversity,,../video_materials/formal_v1/videos,2779,0,duration-bucket-round-robin-v1,[],17,12,vid_1668,1668.mp4,12.934000,short
video-eeg-session-manifest-v2-duration-diversity,,../video_materials/formal_v1/videos,2779,0,duration-bucket-round-robin-v1,[],17,12,vid_1691,1691.mp4,12.979000,short
video-eeg-session-manifest-v2-duration-diversity,,../video_materials/formal_v1/videos,2779,0,duration-bucket-round-robin-v1,[],17,12,vid_1711,1711.mp4,13.027000,short
video-eeg-session-manifest-v2-duration-diversity,,../video_materials/formal_v1/videos,2779,0,duration-bucket-round-robin-v1,[],17,12,vid_1724,1724.mp4,13.050000,short
video-eeg-session-manifest-v2-duration-diversity,,../video_materials/formal_v1/videos,2779,0,duration-bucket-round-robin-v1,[],17,12,vid_1741,1741.mp4,13.097000,short
video-eeg-session-manifest-v2-duration-diversity,,../video_materials/formal_v1/videos,2779,0,duration-bucket-round-robin-v1,[],17,12,vid_1752,1752.mp4,13.120000,short
video-eeg-session-manifest-v2-duration-diversity,,../video_materials/formal_v1/videos,2779,0,duration-bucket-round-robin-v1,[],17,12,vid_1767,1767.mp4,13.188000,short
video-eeg-session-manifest-v2-duration-diversity,,../video_materials/formal_v1/videos,2779,0,duration-bucket-round-robin-v1,[],17,12,vid_1791,1791.mp4,13.258000,short
video-eeg-session-manifest-v2-duration-diversity,,../video_materials/formal_v1/videos,2779,0,duration-bucket-round-robin-v1,[],17,12,vid_1805,1805.mp4,13.282000,short
video-eeg-session-manifest-v2-duration-diversity,,../video_materials/formal_v1/videos,2779,0,duration-bucket-round-robin-v1,[],17,12,vid_1826,1826.mp4,13.329000,short
video-eeg-session-manifest-v2-duration-diversity,,../video_materials/formal_v1/videos,2779,0,duration-bucket-round-robin-v1,[],17,12,vid_1838,1838.mp4,13.374000,short
video-eeg-session-manifest-v2-duration-diversity,,../video_materials/formal_v1/videos,2779,0,duration-bucket-round-robin-v1,[],17,12,vid_1860,1860.mp4,13.467000,short
video-eeg-session-manifest-v2-duration-diversity,,../video_materials/formal_v1/videos,2779,0,duration-bucket-round-robin-v1,[],17,12,vid_1876,1876.mp4,13.515000,short
video-eeg-session-manifest-v2-duration-diversity,,../video_materials/formal_v1/videos,2779,0,duration-bucket-round-robin-v1,[],17,12,vid_1893,1893.mp4,13.584000,short
video-eeg-session-manifest-v2-duration-diversity,,../video_materials/formal_v1/videos,2779,0,duration-bucket-round-robin-v1,[],17,12,vid_1906,1906.mp4,13.631000,short
video-eeg-session-manifest-v2-duration-diversity,,../video_materials/formal_v1/videos,2779,0,duration-bucket-round-robin-v1,[],17,12,vid_1921,1921.mp4,13.676000,short
video-eeg-session-manifest-v2-duration-diversity,,../video_materials/formal_v1/videos,2779,0,duration-bucket-round-robin-v1,[],17,12,vid_1947,1947.mp4,13.745000,short
video-eeg-session-manifest-v2-duration-diversity,,../video_materials/formal_v1/videos,2779,0,duration-bucket-round-robin-v1,[],17,12,vid_1960,1960.mp4,13.786000,short
video-eeg-session-manifest-v2-duration-diversity,,../video_materials/formal_v1/videos,2779,0,duration-bucket-round-robin-v1,[],17,12,vid_1973,1973.mp4,13.816000,short
video-eeg-session-manifest-v2-duration-diversity,,../video_materials/formal_v1/videos,2779,0,duration-bucket-round-robin-v1,[],17,12,vid_1990,1990.mp4,13.885000,short
video-eeg-session-manifest-v2-duration-diversity,,../video_materials/formal_v1/videos,2779,0,duration-bucket-round-robin-v1,[],17,12,vid_2007,2007.mp4,13.930000,short
video-eeg-session-manifest-v2-duration-diversity,,../video_materials/formal_v1/videos,2779,0,duration-bucket-round-robin-v1,[],17,12,vid_2033,2033.mp4,14.001000,short
video-eeg-session-manifest-v2-duration-diversity,,../video_materials/formal_v1/videos,2779,0,duration-bucket-round-robin-v1,[],17,12,vid_2040,2040.mp4,14.025000,short
video-eeg-session-manifest-v2-duration-diversity,,../video_materials/formal_v1/videos,2779,0,duration-bucket-round-robin-v1,[],17,12,vid_2059,2059.mp4,14.094000,short
video-eeg-session-manifest-v2-duration-diversity,,../video_materials/formal_v1/videos,2779,0,duration-bucket-round-robin-v1,[],17,12,vid_2077,2077.mp4,14.140000,short
video-eeg-session-manifest-v2-duration-diversity,,../video_materials/formal_v1/videos,2779,0,duration-bucket-round-robin-v1,[],17,12,vid_2097,2097.mp4,14.186000,short
video-eeg-session-manifest-v2-duration-diversity,,../video_materials/formal_v1/videos,2779,0,duration-bucket-round-robin-v1,[],17,12,vid_2111,2111.mp4,14.210000,short
video-eeg-session-manifest-v2-duration-diversity,,../video_materials/formal_v1/videos,2779,0,duration-bucket-round-robin-v1,[],17,12,vid_2131,2131.mp4,14.279000,short
video-eeg-session-manifest-v2-duration-diversity,,../video_materials/formal_v1/videos,2779,0,duration-bucket-round-robin-v1,[],17,12,vid_2144,2144.mp4,14.304000,short
video-eeg-session-manifest-v2-duration-diversity,,../video_materials/formal_v1/videos,2779,0,duration-bucket-round-robin-v1,[],17,12,vid_2162,2162.mp4,14.372000,short
video-eeg-session-manifest-v2-duration-diversity,,../video_materials/formal_v1/videos,2779,0,duration-bucket-round-robin-v1,[],17,12,vid_2179,2179.mp4,14.420000,short
video-eeg-session-manifest-v2-duration-diversity,,../video_materials/formal_v1/videos,2779,0,duration-bucket-round-robin-v1,[],17,12,vid_2193,2193.mp4,14.465000,short
video-eeg-session-manifest-v2-duration-diversity,,../video_materials/formal_v1/videos,2779,0,duration-bucket-round-robin-v1,[],17,12,vid_2213,2213.mp4,14.525000,short
video-eeg-session-manifest-v2-duration-diversity,,../video_materials/formal_v1/videos,2779,0,duration-bucket-round-robin-v1,[],17,12,vid_2236,2236.mp4,14.558000,short
video-eeg-session-manifest-v2-duration-diversity,,../video_materials/formal_v1/videos,2779,0,duration-bucket-round-robin-v1,[],17,12,vid_2238,2238.mp4,14.559000,short
video-eeg-session-manifest-v2-duration-diversity,,../video_materials/formal_v1/videos,2779,0,duration-bucket-round-robin-v1,[],17,12,vid_2265,2265.mp4,14.606000,short
video-eeg-session-manifest-v2-duration-diversity,,../video_materials/formal_v1/videos,2779,0,duration-bucket-round-robin-v1,[],17,12,vid_2282,2282.mp4,14.652000,short
video-eeg-session-manifest-v2-duration-diversity,,../video_materials/formal_v1/videos,2779,0,duration-bucket-round-robin-v1,[],17,12,vid_2299,2299.mp4,14.697000,short
video-eeg-session-manifest-v2-duration-diversity,,../video_materials/formal_v1/videos,2779,0,duration-bucket-round-robin-v1,[],17,12,vid_2316,2316.mp4,14.721000,short
video-eeg-session-manifest-v2-duration-diversity,,../video_materials/formal_v1/videos,2779,0,duration-bucket-round-robin-v1,[],17,12,vid_2333,2333.mp4,14.745000,short
video-eeg-session-manifest-v2-duration-diversity,,../video_materials/formal_v1/videos,2779,0,duration-bucket-round-robin-v1,[],17,12,vid_2350,2350.mp4,14.790000,short
video-eeg-session-manifest-v2-duration-diversity,,../video_materials/formal_v1/videos,2779,0,duration-bucket-round-robin-v1,[],17,12,vid_2367,2367.mp4,14.815000,short
video-eeg-session-manifest-v2-duration-diversity,,../video_materials/formal_v1/videos,2779,0,duration-bucket-round-robin-v1,[],17,12,vid_2377,2377.mp4,14.838000,short
video-eeg-session-manifest-v2-duration-diversity,,../video_materials/formal_v1/videos,2779,0,duration-bucket-round-robin-v1,[],17,12,vid_2405,2405.mp4,14.883000,short
video-eeg-session-manifest-v2-duration-diversity,,../video_materials/formal_v1/videos,2779,0,duration-bucket-round-robin-v1,[],17,12,vid_2418,2418.mp4,14.905000,short
video-eeg-session-manifest-v2-duration-diversity,,../video_materials/formal_v1/videos,2779,0,duration-bucket-round-robin-v1,[],17,12,vid_2434,2434.mp4,14.929000,short
video-eeg-session-manifest-v2-duration-diversity,,../video_materials/formal_v1/videos,2779,0,duration-bucket-round-robin-v1,[],17,12,vid_2445,2445.mp4,14.931000,short
video-eeg-session-manifest-v2-duration-diversity,,../video_materials/formal_v1/videos,2779,0,duration-bucket-round-robin-v1,[],17,12,vid_2468,2468.mp4,14.975000,short
video-eeg-session-manifest-v2-duration-diversity,,../video_materials/formal_v1/videos,2779,0,duration-bucket-round-robin-v1,[],17,12,vid_2482,2482.mp4,14.977000,short
video-eeg-session-manifest-v2-duration-diversity,,../video_materials/formal_v1/videos,2779,0,duration-bucket-round-robin-v1,[],17,12,vid_2506,2506.mp4,15.001000,short
video-eeg-session-manifest-v2-duration-diversity,,../video_materials/formal_v1/videos,2779,0,duration-bucket-round-robin-v1,[],17,12,vid_2529,2529.mp4,15.024000,short
video-eeg-session-manifest-v2-duration-diversity,,../video_materials/formal_v1/videos,2779,0,duration-bucket-round-robin-v1,[],17,12,vid_2533,2533.mp4,15.024000,short
video-eeg-session-manifest-v2-duration-diversity,,../video_materials/formal_v1/videos,2779,0,duration-bucket-round-robin-v1,[],17,12,vid_2548,2548.mp4,15.024000,short
video-eeg-session-manifest-v2-duration-diversity,,../video_materials/formal_v1/videos,2779,0,duration-bucket-round-robin-v1,[],17,12,vid_2572,2572.mp4,15.046000,short
video-eeg-session-manifest-v2-duration-diversity,,../video_materials/formal_v1/videos,2779,0,duration-bucket-round-robin-v1,[],17,12,vid_2603,2603.mp4,15.047000,short
video-eeg-session-manifest-v2-duration-diversity,,../video_materials/formal_v1/videos,2779,0,duration-bucket-round-robin-v1,[],17,12,vid_2609,2609.mp4,15.047000,short
video-eeg-session-manifest-v2-duration-diversity,,../video_materials/formal_v1/videos,2779,0,duration-bucket-round-robin-v1,[],17,12,vid_2631,2631.mp4,15.069000,short
video-eeg-session-manifest-v2-duration-diversity,,../video_materials/formal_v1/videos,2779,0,duration-bucket-round-robin-v1,[],17,12,vid_2661,2661.mp4,15.069000,short
video-eeg-session-manifest-v2-duration-diversity,,../video_materials/formal_v1/videos,2779,0,duration-bucket-round-robin-v1,[],17,12,vid_2672,2672.mp4,15.069000,short
video-eeg-session-manifest-v2-duration-diversity,,../video_materials/formal_v1/videos,2779,0,duration-bucket-round-robin-v1,[],17,12,vid_2677,2677.mp4,15.069000,short
video-eeg-session-manifest-v2-duration-diversity,,../video_materials/formal_v1/videos,2779,0,duration-bucket-round-robin-v1,[],17,12,vid_2680,2680.mp4,15.070000,short
video-eeg-session-manifest-v2-duration-diversity,,../video_materials/formal_v1/videos,2779,0,duration-bucket-round-robin-v1,[],17,12,vid_2682,2682.mp4,15.070000,short
video-eeg-session-manifest-v2-duration-diversity,,../video_materials/formal_v1/videos,2779,0,duration-bucket-round-robin-v1,[],17,12,vid_2684,2684.mp4,15.070000,short
video-eeg-session-manifest-v2-duration-diversity,,../video_materials/formal_v1/videos,2779,0,duration-bucket-round-robin-v1,[],17,12,vid_2728,2728.mp4,15.070000,short
video-eeg-session-manifest-v2-duration-diversity,,../video_materials/formal_v1/videos,2779,0,duration-bucket-round-robin-v1,[],17,12,vid_2774,2774.mp4,15.070000,short
video-eeg-session-manifest-v2-duration-diversity,,../video_materials/formal_v1/videos,2779,0,duration-bucket-round-robin-v1,[],17,12,vid_2779,2779.mp4,15.070000,short
video-eeg-session-manifest-v2-duration-diversity,,../video_materials/formal_v1/videos,2779,0,duration-bucket-round-robin-v1,[],17,13,vid_0007,0007.mp4,5.388000,very_short
video-eeg-session-manifest-v2-duration-diversity,,../video_materials/formal_v1/videos,2779,0,duration-bucket-round-robin-v1,[],17,13,vid_0010,0010.mp4,5.479000,very_short
video-eeg-session-manifest-v2-duration-diversity,,../video_materials/formal_v1/videos,2779,0,duration-bucket-round-robin-v1,[],17,13,vid_0042,0042.mp4,6.385000,very_short
video-eeg-session-manifest-v2-duration-diversity,,../video_materials/formal_v1/videos,2779,0,duration-bucket-round-robin-v1,[],17,13,vid_0047,0047.mp4,6.454000,very_short
video-eeg-session-manifest-v2-duration-diversity,,../video_materials/formal_v1/videos,2779,0,duration-bucket-round-robin-v1,[],17,13,vid_0071,0071.mp4,6.849000,very_short
video-eeg-session-manifest-v2-duration-diversity,,../video_materials/formal_v1/videos,2779,0,duration-bucket-round-robin-v1,[],17,13,vid_0083,0083.mp4,6.987000,very_short
video-eeg-session-manifest-v2-duration-diversity,,../video_materials/formal_v1/videos,2779,0,duration-bucket-round-robin-v1,[],17,13,vid_0108,0108.mp4,7.128000,very_short
video-eeg-session-manifest-v2-duration-diversity,,../video_materials/formal_v1/videos,2779,0,duration-bucket-round-robin-v1,[],17,13,vid_0124,0124.mp4,7.219000,very_short
video-eeg-session-manifest-v2-duration-diversity,,../video_materials/formal_v1/videos,2779,0,duration-bucket-round-robin-v1,[],17,13,vid_0141,0141.mp4,7.292000,very_short
video-eeg-session-manifest-v2-duration-diversity,,../video_materials/formal_v1/videos,2779,0,duration-bucket-round-robin-v1,[],17,13,vid_0147,0147.mp4,7.337000,very_short
video-eeg-session-manifest-v2-duration-diversity,,../video_materials/formal_v1/videos,2779,0,duration-bucket-round-robin-v1,[],17,13,vid_0169,0169.mp4,7.615000,very_short
video-eeg-session-manifest-v2-duration-diversity,,../video_materials/formal_v1/videos,2779,0,duration-bucket-round-robin-v1,[],17,13,vid_0187,0187.mp4,7.801000,very_short
video-eeg-session-manifest-v2-duration-diversity,,../video_materials/formal_v1/videos,2779,0,duration-bucket-round-robin-v1,[],17,13,vid_0203,0203.mp4,7.962000,very_short
video-eeg-session-manifest-v2-duration-diversity,,../video_materials/formal_v1/videos,2779,0,duration-bucket-round-robin-v1,[],17,13,vid_0220,0220.mp4,8.055000,very_short
video-eeg-session-manifest-v2-duration-diversity,,../video_materials/formal_v1/videos,2779,0,duration-bucket-round-robin-v1,[],17,13,vid_0238,0238.mp4,8.126000,very_short
video-eeg-session-manifest-v2-duration-diversity,,../video_materials/formal_v1/videos,2779,0,duration-bucket-round-robin-v1,[],17,13,vid_0256,0256.mp4,8.405000,very_short
video-eeg-session-manifest-v2-duration-diversity,,../video_materials/formal_v1/videos,2779,0,duration-bucket-round-robin-v1,[],17,13,vid_0270,0270.mp4,8.567000,very_short
video-eeg-session-manifest-v2-duration-diversity,,../video_materials/formal_v1/videos,2779,0,duration-bucket-round-robin-v1,[],17,13,vid_0284,0284.mp4,8.707000,very_short
video-eeg-session-manifest-v2-duration-diversity,,../video_materials/formal_v1/videos,2779,0,duration-bucket-round-robin-v1,[],17,13,vid_0308,0308.mp4,8.892000,very_short
video-eeg-session-manifest-v2-duration-diversity,,../video_materials/formal_v1/videos,2779,0,duration-bucket-round-robin-v1,[],17,13,vid_0320,0320.mp4,8.985000,very_short
video-eeg-session-manifest-v2-duration-diversity,,../video_materials/formal_v1/videos,2779,0,duration-bucket-round-robin-v1,[],17,13,vid_0344,0344.mp4,9.217000,very_short
video-eeg-session-manifest-v2-duration-diversity,,../video_materials/formal_v1/videos,2779,0,duration-bucket-round-robin-v1,[],17,13,vid_0365,0365.mp4,9.380000,very_short
video-eeg-session-manifest-v2-duration-diversity,,../video_materials/formal_v1/videos,2779,0,duration-bucket-round-robin-v1,[],17,13,vid_0368,0368.mp4,9.403000,very_short
video-eeg-session-manifest-v2-duration-diversity,,../video_materials/formal_v1/videos,2779,0,duration-bucket-round-robin-v1,[],17,13,vid_0396,0396.mp4,9.751000,very_short
video-eeg-session-manifest-v2-duration-diversity,,../video_materials/formal_v1/videos,2779,0,duration-bucket-round-robin-v1,[],17,13,vid_0403,0403.mp4,9.907000,very_short
video-eeg-session-manifest-v2-duration-diversity,,../video_materials/formal_v1/videos,2779,0,duration-bucket-round-robin-v1,[],17,13,vid_0423,0423.mp4,10.053000,very_short
video-eeg-session-manifest-v2-duration-diversity,,../video_materials/formal_v1/videos,2779,0,duration-bucket-round-robin-v1,[],17,13,vid_0438,0438.mp4,10.077000,very_short
video-eeg-session-manifest-v2-duration-diversity,,../video_materials/formal_v1/videos,2779,0,duration-bucket-round-robin-v1,[],17,13,vid_0458,0458.mp4,10.100000,very_short
video-eeg-session-manifest-v2-duration-diversity,,../video_materials/formal_v1/videos,2779,0,duration-bucket-round-robin-v1,[],17,13,vid_0488,0488.mp4,10.146000,very_short
video-eeg-session-manifest-v2-duration-diversity,,../video_materials/formal_v1/videos,2779,0,duration-bucket-round-robin-v1,[],17,13,vid_0491,0491.mp4,10.148000,very_short
video-eeg-session-manifest-v2-duration-diversity,,../video_materials/formal_v1/videos,2779,0,duration-bucket-round-robin-v1,[],17,13,vid_0512,0512.mp4,10.194000,very_short
video-eeg-session-manifest-v2-duration-diversity,,../video_materials/formal_v1/videos,2779,0,duration-bucket-round-robin-v1,[],17,13,vid_0524,0524.mp4,10.239000,very_short
video-eeg-session-manifest-v2-duration-diversity,,../video_materials/formal_v1/videos,2779,0,duration-bucket-round-robin-v1,[],17,13,vid_0546,0546.mp4,10.287000,very_short
video-eeg-session-manifest-v2-duration-diversity,,../video_materials/formal_v1/videos,2779,0,duration-bucket-round-robin-v1,[],17,13,vid_0560,0560.mp4,10.332000,very_short
video-eeg-session-manifest-v2-duration-diversity,,../video_materials/formal_v1/videos,2779,0,duration-bucket-round-robin-v1,[],17,13,vid_0585,0585.mp4,10.357000,very_short
video-eeg-session-manifest-v2-duration-diversity,,../video_materials/formal_v1/videos,2779,0,duration-bucket-round-robin-v1,[],17,13,vid_0597,0597.mp4,10.380000,very_short
video-eeg-session-manifest-v2-duration-diversity,,../video_materials/formal_v1/videos,2779,0,duration-bucket-round-robin-v1,[],17,13,vid_0603,0603.mp4,10.402000,very_short
video-eeg-session-manifest-v2-duration-diversity,,../video_materials/formal_v1/videos,2779,0,duration-bucket-round-robin-v1,[],17,13,vid_0637,0637.mp4,10.494000,very_short
video-eeg-session-manifest-v2-duration-diversity,,../video_materials/formal_v1/videos,2779,0,duration-bucket-round-robin-v1,[],17,13,vid_0648,0648.mp4,10.496000,very_short
video-eeg-session-manifest-v2-duration-diversity,,../video_materials/formal_v1/videos,2779,0,duration-bucket-round-robin-v1,[],17,13,vid_0659,0659.mp4,10.541000,very_short
video-eeg-session-manifest-v2-duration-diversity,,../video_materials/formal_v1/videos,2779,0,duration-bucket-round-robin-v1,[],17,13,vid_0676,0676.mp4,10.564000,very_short
video-eeg-session-manifest-v2-duration-diversity,,../video_materials/formal_v1/videos,2779,0,duration-bucket-round-robin-v1,[],17,13,vid_0704,0704.mp4,10.634000,very_short
video-eeg-session-manifest-v2-duration-diversity,,../video_materials/formal_v1/videos,2779,0,duration-bucket-round-robin-v1,[],17,13,vid_0712,0712.mp4,10.635000,very_short
video-eeg-session-manifest-v2-duration-diversity,,../video_materials/formal_v1/videos,2779,0,duration-bucket-round-robin-v1,[],17,13,vid_0732,0732.mp4,10.703000,very_short
video-eeg-session-manifest-v2-duration-diversity,,../video_materials/formal_v1/videos,2779,0,duration-bucket-round-robin-v1,[],17,13,vid_0751,0751.mp4,10.734000,very_short
video-eeg-session-manifest-v2-duration-diversity,,../video_materials/formal_v1/videos,2779,0,duration-bucket-round-robin-v1,[],17,13,vid_0764,0764.mp4,10.775000,very_short
video-eeg-session-manifest-v2-duration-diversity,,../video_materials/formal_v1/videos,2779,0,duration-bucket-round-robin-v1,[],17,13,vid_0783,0783.mp4,10.843000,very_short
video-eeg-session-manifest-v2-duration-diversity,,../video_materials/formal_v1/videos,2779,0,duration-bucket-round-robin-v1,[],17,13,vid_0798,0798.mp4,10.867000,very_short
video-eeg-session-manifest-v2-duration-diversity,,../video_materials/formal_v1/videos,2779,0,duration-bucket-round-robin-v1,[],17,13,vid_0814,0814.mp4,10.934000,very_short
video-eeg-session-manifest-v2-duration-diversity,,../video_materials/formal_v1/videos,2779,0,duration-bucket-round-robin-v1,[],17,13,vid_0848,0848.mp4,10.982000,very_short
video-eeg-session-manifest-v2-duration-diversity,,../video_materials/formal_v1/videos,2779,0,duration-bucket-round-robin-v1,[],17,13,vid_0850,0850.mp4,10.984000,very_short
video-eeg-session-manifest-v2-duration-diversity,,../video_materials/formal_v1/videos,2779,0,duration-bucket-round-robin-v1,[],17,13,vid_0861,0861.mp4,11.005000,very_short
video-eeg-session-manifest-v2-duration-diversity,,../video_materials/formal_v1/videos,2779,0,duration-bucket-round-robin-v1,[],17,13,vid_0887,0887.mp4,11.075000,very_short
video-eeg-session-manifest-v2-duration-diversity,,../video_materials/formal_v1/videos,2779,0,duration-bucket-round-robin-v1,[],17,13,vid_0894,0894.mp4,11.098000,very_short
video-eeg-session-manifest-v2-duration-diversity,,../video_materials/formal_v1/videos,2779,0,duration-bucket-round-robin-v1,[],17,13,vid_0918,0918.mp4,11.168000,very_short
video-eeg-session-manifest-v2-duration-diversity,,../video_materials/formal_v1/videos,2779,0,duration-bucket-round-robin-v1,[],17,13,vid_0928,0928.mp4,11.191000,very_short
video-eeg-session-manifest-v2-duration-diversity,,../video_materials/formal_v1/videos,2779,0,duration-bucket-round-robin-v1,[],17,13,vid_0951,0951.mp4,11.238000,very_short
video-eeg-session-manifest-v2-duration-diversity,,../video_materials/formal_v1/videos,2779,0,duration-bucket-round-robin-v1,[],17,13,vid_0987,0987.mp4,11.332000,very_short
video-eeg-session-manifest-v2-duration-diversity,,../video_materials/formal_v1/videos,2779,0,duration-bucket-round-robin-v1,[],17,13,vid_0992,0992.mp4,11.354000,very_short
video-eeg-session-manifest-v2-duration-diversity,,../video_materials/formal_v1/videos,2779,0,duration-bucket-round-robin-v1,[],17,13,vid_1024,1024.mp4,11.425000,very_short
video-eeg-session-manifest-v2-duration-diversity,,../video_materials/formal_v1/videos,2779,0,duration-bucket-round-robin-v1,[],17,13,vid_1039,1039.mp4,11.448000,very_short
video-eeg-session-manifest-v2-duration-diversity,,../video_materials/formal_v1/videos,2779,0,duration-bucket-round-robin-v1,[],17,13,vid_1057,1057.mp4,11.494000,very_short
video-eeg-session-manifest-v2-duration-diversity,,../video_materials/formal_v1/videos,2779,0,duration-bucket-round-robin-v1,[],17,13,vid_1069,1069.mp4,11.534000,very_short
video-eeg-session-manifest-v2-duration-diversity,,../video_materials/formal_v1/videos,2779,0,duration-bucket-round-robin-v1,[],17,13,vid_1082,1082.mp4,11.563000,very_short
video-eeg-session-manifest-v2-duration-diversity,,../video_materials/formal_v1/videos,2779,0,duration-bucket-round-robin-v1,[],17,13,vid_1106,1106.mp4,11.586000,very_short
video-eeg-session-manifest-v2-duration-diversity,,../video_materials/formal_v1/videos,2779,0,duration-bucket-round-robin-v1,[],17,13,vid_1116,1116.mp4,11.609000,very_short
video-eeg-session-manifest-v2-duration-diversity,,../video_materials/formal_v1/videos,2779,0,duration-bucket-round-robin-v1,[],17,13,vid_1147,1147.mp4,11.679000,very_short
video-eeg-session-manifest-v2-duration-diversity,,../video_materials/formal_v1/videos,2779,0,duration-bucket-round-robin-v1,[],17,13,vid_1149,1149.mp4,11.680000,very_short
video-eeg-session-manifest-v2-duration-diversity,,../video_materials/formal_v1/videos,2779,0,duration-bucket-round-robin-v1,[],17,13,vid_1171,1171.mp4,11.748000,very_short
video-eeg-session-manifest-v2-duration-diversity,,../video_materials/formal_v1/videos,2779,0,duration-bucket-round-robin-v1,[],17,13,vid_1196,1196.mp4,11.796000,very_short
video-eeg-session-manifest-v2-duration-diversity,,../video_materials/formal_v1/videos,2779,0,duration-bucket-round-robin-v1,[],17,13,vid_1199,1199.mp4,11.799000,very_short
video-eeg-session-manifest-v2-duration-diversity,,../video_materials/formal_v1/videos,2779,0,duration-bucket-round-robin-v1,[],17,13,vid_1227,1227.mp4,11.864000,very_short
video-eeg-session-manifest-v2-duration-diversity,,../video_materials/formal_v1/videos,2779,0,duration-bucket-round-robin-v1,[],17,13,vid_1230,1230.mp4,11.866000,very_short
video-eeg-session-manifest-v2-duration-diversity,,../video_materials/formal_v1/videos,2779,0,duration-bucket-round-robin-v1,[],17,13,vid_1253,1253.mp4,11.933000,very_short
video-eeg-session-manifest-v2-duration-diversity,,../video_materials/formal_v1/videos,2779,0,duration-bucket-round-robin-v1,[],17,13,vid_1283,1283.mp4,11.981000,very_short
video-eeg-session-manifest-v2-duration-diversity,,../video_materials/formal_v1/videos,2779,0,duration-bucket-round-robin-v1,[],17,13,vid_1290,1290.mp4,11.982000,very_short
video-eeg-session-manifest-v2-duration-diversity,,../video_materials/formal_v1/videos,2779,0,duration-bucket-round-robin-v1,[],17,13,vid_1309,1309.mp4,12.050000,very_short
video-eeg-session-manifest-v2-duration-diversity,,../video_materials/formal_v1/videos,2779,0,duration-bucket-round-robin-v1,[],17,13,vid_1320,1320.mp4,12.052000,very_short
video-eeg-session-manifest-v2-duration-diversity,,../video_materials/formal_v1/videos,2779,0,duration-bucket-round-robin-v1,[],17,13,vid_1344,1344.mp4,12.121000,very_short
video-eeg-session-manifest-v2-duration-diversity,,../video_materials/formal_v1/videos,2779,0,duration-bucket-round-robin-v1,[],17,13,vid_1353,1353.mp4,12.143000,very_short
video-eeg-session-manifest-v2-duration-diversity,,../video_materials/formal_v1/videos,2779,0,duration-bucket-round-robin-v1,[],17,13,vid_1381,1381.mp4,12.213000,very_short
video-eeg-session-manifest-v2-duration-diversity,,../video_materials/formal_v1/videos,2779,0,duration-bucket-round-robin-v1,[],17,13,vid_1394,1394.mp4,12.237000,very_short
video-eeg-session-manifest-v2-duration-diversity,,../video_materials/formal_v1/videos,2779,0,duration-bucket-round-robin-v1,[],17,13,vid_1408,1408.mp4,12.282000,very_short
video-eeg-session-manifest-v2-duration-diversity,,../video_materials/formal_v1/videos,2779,0,duration-bucket-round-robin-v1,[],17,13,vid_1429,1429.mp4,12.352000,very_short
video-eeg-session-manifest-v2-duration-diversity,,../video_materials/formal_v1/videos,2779,0,duration-bucket-round-robin-v1,[],17,13,vid_1443,1443.mp4,12.399000,very_short
video-eeg-session-manifest-v2-duration-diversity,,../video_materials/formal_v1/videos,2779,0,duration-bucket-round-robin-v1,[],17,13,vid_1465,1465.mp4,12.446000,very_short
video-eeg-session-manifest-v2-duration-diversity,,../video_materials/formal_v1/videos,2779,0,duration-bucket-round-robin-v1,[],17,13,vid_1482,1482.mp4,12.493000,very_short
video-eeg-session-manifest-v2-duration-diversity,,../video_materials/formal_v1/videos,2779,0,duration-bucket-round-robin-v1,[],17,13,vid_1501,1501.mp4,12.539000,very_short
video-eeg-session-manifest-v2-duration-diversity,,../video_materials/formal_v1/videos,2779,0,duration-bucket-round-robin-v1,[],17,13,vid_1520,1520.mp4,12.567000,very_short
video-eeg-session-manifest-v2-duration-diversity,,../video_materials/formal_v1/videos,2779,0,duration-bucket-round-robin-v1,[],17,13,vid_1531,1531.mp4,12.586000,very_short
video-eeg-session-manifest-v2-duration-diversity,,../video_materials/formal_v1/videos,2779,0,duration-bucket-round-robin-v1,[],17,13,vid_1549,1549.mp4,12.631000,very_short
video-eeg-session-manifest-v2-duration-diversity,,../video_materials/formal_v1/videos,2779,0,duration-bucket-round-robin-v1,[],17,13,vid_1568,1568.mp4,12.679000,very_short
video-eeg-session-manifest-v2-duration-diversity,,../video_materials/formal_v1/videos,2779,0,duration-bucket-round-robin-v1,[],17,13,vid_1576,1576.mp4,12.702000,very_short
video-eeg-session-manifest-v2-duration-diversity,,../video_materials/formal_v1/videos,2779,0,duration-bucket-round-robin-v1,[],17,13,vid_1607,1607.mp4,12.770000,short
video-eeg-session-manifest-v2-duration-diversity,,../video_materials/formal_v1/videos,2779,0,duration-bucket-round-robin-v1,[],17,13,vid_1617,1617.mp4,12.794000,short
video-eeg-session-manifest-v2-duration-diversity,,../video_materials/formal_v1/videos,2779,0,duration-bucket-round-robin-v1,[],17,13,vid_1634,1634.mp4,12.863000,short
video-eeg-session-manifest-v2-duration-diversity,,../video_materials/formal_v1/videos,2779,0,duration-bucket-round-robin-v1,[],17,13,vid_1654,1654.mp4,12.888000,short
video-eeg-session-manifest-v2-duration-diversity,,../video_materials/formal_v1/videos,2779,0,duration-bucket-round-robin-v1,[],17,13,vid_1675,1675.mp4,12.934000,short
video-eeg-session-manifest-v2-duration-diversity,,../video_materials/formal_v1/videos,2779,0,duration-bucket-round-robin-v1,[],17,13,vid_1689,1689.mp4,12.979000,short
video-eeg-session-manifest-v2-duration-diversity,,../video_materials/formal_v1/videos,2779,0,duration-bucket-round-robin-v1,[],17,13,vid_1704,1704.mp4,13.025000,short
video-eeg-session-manifest-v2-duration-diversity,,../video_materials/formal_v1/videos,2779,0,duration-bucket-round-robin-v1,[],17,13,vid_1727,1727.mp4,13.050000,short
video-eeg-session-manifest-v2-duration-diversity,,../video_materials/formal_v1/videos,2779,0,duration-bucket-round-robin-v1,[],17,13,vid_1737,1737.mp4,13.095000,short
video-eeg-session-manifest-v2-duration-diversity,,../video_materials/formal_v1/videos,2779,0,duration-bucket-round-robin-v1,[],17,13,vid_1754,1754.mp4,13.129000,short
video-eeg-session-manifest-v2-duration-diversity,,../video_materials/formal_v1/videos,2779,0,duration-bucket-round-robin-v1,[],17,13,vid_1772,1772.mp4,13.188000,short
video-eeg-session-manifest-v2-duration-diversity,,../video_materials/formal_v1/videos,2779,0,duration-bucket-round-robin-v1,[],17,13,vid_1793,1793.mp4,13.258000,short
video-eeg-session-manifest-v2-duration-diversity,,../video_materials/formal_v1/videos,2779,0,duration-bucket-round-robin-v1,[],17,13,vid_1810,1810.mp4,13.286000,short
video-eeg-session-manifest-v2-duration-diversity,,../video_materials/formal_v1/videos,2779,0,duration-bucket-round-robin-v1,[],17,13,vid_1820,1820.mp4,13.306000,short
video-eeg-session-manifest-v2-duration-diversity,,../video_materials/formal_v1/videos,2779,0,duration-bucket-round-robin-v1,[],17,13,vid_1840,1840.mp4,13.397000,short
video-eeg-session-manifest-v2-duration-diversity,,../video_materials/formal_v1/videos,2779,0,duration-bucket-round-robin-v1,[],17,13,vid_1857,1857.mp4,13.467000,short
video-eeg-session-manifest-v2-duration-diversity,,../video_materials/formal_v1/videos,2779,0,duration-bucket-round-robin-v1,[],17,13,vid_1872,1872.mp4,13.515000,short
video-eeg-session-manifest-v2-duration-diversity,,../video_materials/formal_v1/videos,2779,0,duration-bucket-round-robin-v1,[],17,13,vid_1890,1890.mp4,13.571000,short
video-eeg-session-manifest-v2-duration-diversity,,../video_materials/formal_v1/videos,2779,0,duration-bucket-round-robin-v1,[],17,13,vid_1912,1912.mp4,13.652000,short
video-eeg-session-manifest-v2-duration-diversity,,../video_materials/formal_v1/videos,2779,0,duration-bucket-round-robin-v1,[],17,13,vid_1923,1923.mp4,13.677000,short
video-eeg-session-manifest-v2-duration-diversity,,../video_materials/formal_v1/videos,2779,0,duration-bucket-round-robin-v1,[],17,13,vid_1942,1942.mp4,13.723000,short
video-eeg-session-manifest-v2-duration-diversity,,../video_materials/formal_v1/videos,2779,0,duration-bucket-round-robin-v1,[],17,13,vid_1961,1961.mp4,13.792000,short
video-eeg-session-manifest-v2-duration-diversity,,../video_materials/formal_v1/videos,2779,0,duration-bucket-round-robin-v1,[],17,13,vid_1975,1975.mp4,13.816000,short
video-eeg-session-manifest-v2-duration-diversity,,../video_materials/formal_v1/videos,2779,0,duration-bucket-round-robin-v1,[],17,13,vid_1996,1996.mp4,13.886000,short
video-eeg-session-manifest-v2-duration-diversity,,../video_materials/formal_v1/videos,2779,0,duration-bucket-round-robin-v1,[],17,13,vid_2010,2010.mp4,13.932000,short
video-eeg-session-manifest-v2-duration-diversity,,../video_materials/formal_v1/videos,2779,0,duration-bucket-round-robin-v1,[],17,13,vid_2028,2028.mp4,13.979000,short
video-eeg-session-manifest-v2-duration-diversity,,../video_materials/formal_v1/videos,2779,0,duration-bucket-round-robin-v1,[],17,13,vid_2043,2043.mp4,14.047000,short
video-eeg-session-manifest-v2-duration-diversity,,../video_materials/formal_v1/videos,2779,0,duration-bucket-round-robin-v1,[],17,13,vid_2063,2063.mp4,14.095000,short
video-eeg-session-manifest-v2-duration-diversity,,../video_materials/formal_v1/videos,2779,0,duration-bucket-round-robin-v1,[],17,13,vid_2075,2075.mp4,14.131000,short
video-eeg-session-manifest-v2-duration-diversity,,../video_materials/formal_v1/videos,2779,0,duration-bucket-round-robin-v1,[],17,13,vid_2095,2095.mp4,14.186000,short
video-eeg-session-manifest-v2-duration-diversity,,../video_materials/formal_v1/videos,2779,0,duration-bucket-round-robin-v1,[],17,13,vid_2113,2113.mp4,14.220000,short
video-eeg-session-manifest-v2-duration-diversity,,../video_materials/formal_v1/videos,2779,0,duration-bucket-round-robin-v1,[],17,13,vid_2129,2129.mp4,14.279000,short
video-eeg-session-manifest-v2-duration-diversity,,../video_materials/formal_v1/videos,2779,0,duration-bucket-round-robin-v1,[],17,13,vid_2143,2143.mp4,14.304000,short
video-eeg-session-manifest-v2-duration-diversity,,../video_materials/formal_v1/videos,2779,0,duration-bucket-round-robin-v1,[],17,13,vid_2161,2161.mp4,14.372000,short
video-eeg-session-manifest-v2-duration-diversity,,../video_materials/formal_v1/videos,2779,0,duration-bucket-round-robin-v1,[],17,13,vid_2182,2182.mp4,14.420000,short
video-eeg-session-manifest-v2-duration-diversity,,../video_materials/formal_v1/videos,2779,0,duration-bucket-round-robin-v1,[],17,13,vid_2196,2196.mp4,14.467000,short
video-eeg-session-manifest-v2-duration-diversity,,../video_materials/formal_v1/videos,2779,0,duration-bucket-round-robin-v1,[],17,13,vid_2208,2208.mp4,14.513000,short
video-eeg-session-manifest-v2-duration-diversity,,../video_materials/formal_v1/videos,2779,0,duration-bucket-round-robin-v1,[],17,13,vid_2234,2234.mp4,14.558000,short
video-eeg-session-manifest-v2-duration-diversity,,../video_materials/formal_v1/videos,2779,0,duration-bucket-round-robin-v1,[],17,13,vid_2248,2248.mp4,14.559000,short
video-eeg-session-manifest-v2-duration-diversity,,../video_materials/formal_v1/videos,2779,0,duration-bucket-round-robin-v1,[],17,13,vid_2266,2266.mp4,14.606000,short
video-eeg-session-manifest-v2-duration-diversity,,../video_materials/formal_v1/videos,2779,0,duration-bucket-round-robin-v1,[],17,13,vid_2280,2280.mp4,14.651000,short
video-eeg-session-manifest-v2-duration-diversity,,../video_materials/formal_v1/videos,2779,0,duration-bucket-round-robin-v1,[],17,13,vid_2300,2300.mp4,14.697000,short
video-eeg-session-manifest-v2-duration-diversity,,../video_materials/formal_v1/videos,2779,0,duration-bucket-round-robin-v1,[],17,13,vid_2313,2313.mp4,14.720000,short
video-eeg-session-manifest-v2-duration-diversity,,../video_materials/formal_v1/videos,2779,0,duration-bucket-round-robin-v1,[],17,13,vid_2331,2331.mp4,14.745000,short
video-eeg-session-manifest-v2-duration-diversity,,../video_materials/formal_v1/videos,2779,0,duration-bucket-round-robin-v1,[],17,13,vid_2348,2348.mp4,14.787000,short
video-eeg-session-manifest-v2-duration-diversity,,../video_materials/formal_v1/videos,2779,0,duration-bucket-round-robin-v1,[],17,13,vid_2365,2365.mp4,14.813000,short
video-eeg-session-manifest-v2-duration-diversity,,../video_materials/formal_v1/videos,2779,0,duration-bucket-round-robin-v1,[],17,13,vid_2383,2383.mp4,14.852000,short
video-eeg-session-manifest-v2-duration-diversity,,../video_materials/formal_v1/videos,2779,0,duration-bucket-round-robin-v1,[],17,13,vid_2404,2404.mp4,14.883000,short
video-eeg-session-manifest-v2-duration-diversity,,../video_materials/formal_v1/videos,2779,0,duration-bucket-round-robin-v1,[],17,13,vid_2416,2416.mp4,14.900000,short
video-eeg-session-manifest-v2-duration-diversity,,../video_materials/formal_v1/videos,2779,0,duration-bucket-round-robin-v1,[],17,13,vid_2432,2432.mp4,14.929000,short
video-eeg-session-manifest-v2-duration-diversity,,../video_materials/formal_v1/videos,2779,0,duration-bucket-round-robin-v1,[],17,13,vid_2451,2451.mp4,14.934000,short
video-eeg-session-manifest-v2-duration-diversity,,../video_materials/formal_v1/videos,2779,0,duration-bucket-round-robin-v1,[],17,13,vid_2467,2467.mp4,14.967000,short
video-eeg-session-manifest-v2-duration-diversity,,../video_materials/formal_v1/videos,2779,0,duration-bucket-round-robin-v1,[],17,13,vid_2476,2476.mp4,14.977000,short
video-eeg-session-manifest-v2-duration-diversity,,../video_materials/formal_v1/videos,2779,0,duration-bucket-round-robin-v1,[],17,13,vid_2510,2510.mp4,15.001000,short
video-eeg-session-manifest-v2-duration-diversity,,../video_materials/formal_v1/videos,2779,0,duration-bucket-round-robin-v1,[],17,13,vid_2518,2518.mp4,15.023000,short
video-eeg-session-manifest-v2-duration-diversity,,../video_materials/formal_v1/videos,2779,0,duration-bucket-round-robin-v1,[],17,13,vid_2520,2520.mp4,15.024000,short
video-eeg-session-manifest-v2-duration-diversity,,../video_materials/formal_v1/videos,2779,0,duration-bucket-round-robin-v1,[],17,13,vid_2524,2524.mp4,15.024000,short
video-eeg-session-manifest-v2-duration-diversity,,../video_materials/formal_v1/videos,2779,0,duration-bucket-round-robin-v1,[],17,13,vid_2562,2562.mp4,15.046000,short
video-eeg-session-manifest-v2-duration-diversity,,../video_materials/formal_v1/videos,2779,0,duration-bucket-round-robin-v1,[],17,13,vid_2583,2583.mp4,15.047000,short
video-eeg-session-manifest-v2-duration-diversity,,../video_materials/formal_v1/videos,2779,0,duration-bucket-round-robin-v1,[],17,13,vid_2602,2602.mp4,15.047000,short
video-eeg-session-manifest-v2-duration-diversity,,../video_materials/formal_v1/videos,2779,0,duration-bucket-round-robin-v1,[],17,13,vid_2620,2620.mp4,15.069000,short
video-eeg-session-manifest-v2-duration-diversity,,../video_materials/formal_v1/videos,2779,0,duration-bucket-round-robin-v1,[],17,13,vid_2629,2629.mp4,15.069000,short
video-eeg-session-manifest-v2-duration-diversity,,../video_materials/formal_v1/videos,2779,0,duration-bucket-round-robin-v1,[],17,13,vid_2651,2651.mp4,15.069000,short
video-eeg-session-manifest-v2-duration-diversity,,../video_materials/formal_v1/videos,2779,0,duration-bucket-round-robin-v1,[],17,13,vid_2674,2674.mp4,15.069000,short
video-eeg-session-manifest-v2-duration-diversity,,../video_materials/formal_v1/videos,2779,0,duration-bucket-round-robin-v1,[],17,13,vid_2713,2713.mp4,15.070000,short
video-eeg-session-manifest-v2-duration-diversity,,../video_materials/formal_v1/videos,2779,0,duration-bucket-round-robin-v1,[],17,13,vid_2732,2732.mp4,15.070000,short
video-eeg-session-manifest-v2-duration-diversity,,../video_materials/formal_v1/videos,2779,0,duration-bucket-round-robin-v1,[],17,13,vid_2733,2733.mp4,15.070000,short
video-eeg-session-manifest-v2-duration-diversity,,../video_materials/formal_v1/videos,2779,0,duration-bucket-round-robin-v1,[],17,13,vid_2735,2735.mp4,15.070000,short
video-eeg-session-manifest-v2-duration-diversity,,../video_materials/formal_v1/videos,2779,0,duration-bucket-round-robin-v1,[],17,13,vid_2749,2749.mp4,15.070000,short
video-eeg-session-manifest-v2-duration-diversity,,../video_materials/formal_v1/videos,2779,0,duration-bucket-round-robin-v1,[],17,13,vid_2765,2765.mp4,15.070000,short
video-eeg-session-manifest-v2-duration-diversity,,../video_materials/formal_v1/videos,2779,0,duration-bucket-round-robin-v1,[],17,14,vid_0024,0024.mp4,6.128000,very_short
video-eeg-session-manifest-v2-duration-diversity,,../video_materials/formal_v1/videos,2779,0,duration-bucket-round-robin-v1,[],17,14,vid_0030,0030.mp4,6.152000,very_short
video-eeg-session-manifest-v2-duration-diversity,,../video_materials/formal_v1/videos,2779,0,duration-bucket-round-robin-v1,[],17,14,vid_0055,0055.mp4,6.592000,very_short
video-eeg-session-manifest-v2-duration-diversity,,../video_materials/formal_v1/videos,2779,0,duration-bucket-round-robin-v1,[],17,14,vid_0064,0064.mp4,6.756000,very_short
video-eeg-session-manifest-v2-duration-diversity,,../video_materials/formal_v1/videos,2779,0,duration-bucket-round-robin-v1,[],17,14,vid_0090,0090.mp4,7.035000,very_short
video-eeg-session-manifest-v2-duration-diversity,,../video_materials/formal_v1/videos,2779,0,duration-bucket-round-robin-v1,[],17,14,vid_0103,0103.mp4,7.128000,very_short
video-eeg-session-manifest-v2-duration-diversity,,../video_materials/formal_v1/videos,2779,0,duration-bucket-round-robin-v1,[],17,14,vid_0119,0119.mp4,7.197000,very_short
video-eeg-session-manifest-v2-duration-diversity,,../video_materials/formal_v1/videos,2779,0,duration-bucket-round-robin-v1,[],17,14,vid_0143,0143.mp4,7.313000,very_short
video-eeg-session-manifest-v2-duration-diversity,,../video_materials/formal_v1/videos,2779,0,duration-bucket-round-robin-v1,[],17,14,vid_0145,0145.mp4,7.313000,very_short
video-eeg-session-manifest-v2-duration-diversity,,../video_materials/formal_v1/videos,2779,0,duration-bucket-round-robin-v1,[],17,14,vid_0171,0171.mp4,7.637000,very_short
video-eeg-session-manifest-v2-duration-diversity,,../video_materials/formal_v1/videos,2779,0,duration-bucket-round-robin-v1,[],17,14,vid_0186,0186.mp4,7.801000,very_short
video-eeg-session-manifest-v2-duration-diversity,,../video_materials/formal_v1/videos,2779,0,duration-bucket-round-robin-v1,[],17,14,vid_0207,0207.mp4,7.966000,very_short
video-eeg-session-manifest-v2-duration-diversity,,../video_materials/formal_v1/videos,2779,0,duration-bucket-round-robin-v1,[],17,14,vid_0227,0227.mp4,8.080000,very_short
video-eeg-session-manifest-v2-duration-diversity,,../video_materials/formal_v1/videos,2779,0,duration-bucket-round-robin-v1,[],17,14,vid_0241,0241.mp4,8.173000,very_short
video-eeg-session-manifest-v2-duration-diversity,,../video_materials/formal_v1/videos,2779,0,duration-bucket-round-robin-v1,[],17,14,vid_0251,0251.mp4,8.289000,very_short
video-eeg-session-manifest-v2-duration-diversity,,../video_materials/formal_v1/videos,2779,0,duration-bucket-round-robin-v1,[],17,14,vid_0278,0278.mp4,8.614000,very_short
video-eeg-session-manifest-v2-duration-diversity,,../video_materials/formal_v1/videos,2779,0,duration-bucket-round-robin-v1,[],17,14,vid_0289,0289.mp4,8.728000,very_short
video-eeg-session-manifest-v2-duration-diversity,,../video_materials/formal_v1/videos,2779,0,duration-bucket-round-robin-v1,[],17,14,vid_0303,0303.mp4,8.846000,very_short
video-eeg-session-manifest-v2-duration-diversity,,../video_materials/formal_v1/videos,2779,0,duration-bucket-round-robin-v1,[],17,14,vid_0315,0315.mp4,8.962000,very_short
video-eeg-session-manifest-v2-duration-diversity,,../video_materials/formal_v1/videos,2779,0,duration-bucket-round-robin-v1,[],17,14,vid_0347,0347.mp4,9.264000,very_short
video-eeg-session-manifest-v2-duration-diversity,,../video_materials/formal_v1/videos,2779,0,duration-bucket-round-robin-v1,[],17,14,vid_0351,0351.mp4,9.287000,very_short
video-eeg-session-manifest-v2-duration-diversity,,../video_materials/formal_v1/videos,2779,0,duration-bucket-round-robin-v1,[],17,14,vid_0381,0381.mp4,9.564000,very_short
video-eeg-session-manifest-v2-duration-diversity,,../video_materials/formal_v1/videos,2779,0,duration-bucket-round-robin-v1,[],17,14,vid_0384,0384.mp4,9.612000,very_short
video-eeg-session-manifest-v2-duration-diversity,,../video_materials/formal_v1/videos,2779,0,duration-bucket-round-robin-v1,[],17,14,vid_0415,0415.mp4,9.984000,very_short
video-eeg-session-manifest-v2-duration-diversity,,../video_materials/formal_v1/videos,2779,0,duration-bucket-round-robin-v1,[],17,14,vid_0430,0430.mp4,10.055000,very_short
video-eeg-session-manifest-v2-duration-diversity,,../video_materials/formal_v1/videos,2779,0,duration-bucket-round-robin-v1,[],17,14,vid_0436,0436.mp4,10.055000,very_short
video-eeg-session-manifest-v2-duration-diversity,,../video_materials/formal_v1/videos,2779,0,duration-bucket-round-robin-v1,[],17,14,vid_0467,0467.mp4,10.123000,very_short
video-eeg-session-manifest-v2-duration-diversity,,../video_materials/formal_v1/videos,2779,0,duration-bucket-round-robin-v1,[],17,14,vid_0478,0478.mp4,10.124000,very_short
video-eeg-session-manifest-v2-duration-diversity,,../video_materials/formal_v1/videos,2779,0,duration-bucket-round-robin-v1,[],17,14,vid_0492,0492.mp4,10.148000,very_short
video-eeg-session-manifest-v2-duration-diversity,,../video_materials/formal_v1/videos,2779,0,duration-bucket-round-robin-v1,[],17,14,vid_0519,0519.mp4,10.217000,very_short
video-eeg-session-manifest-v2-duration-diversity,,../video_materials/formal_v1/videos,2779,0,duration-bucket-round-robin-v1,[],17,14,vid_0520,0520.mp4,10.217000,very_short
video-eeg-session-manifest-v2-duration-diversity,,../video_materials/formal_v1/videos,2779,0,duration-bucket-round-robin-v1,[],17,14,vid_0540,0540.mp4,10.285000,very_short
video-eeg-session-manifest-v2-duration-diversity,,../video_materials/formal_v1/videos,2779,0,duration-bucket-round-robin-v1,[],17,14,vid_0557,0557.mp4,10.331000,very_short
video-eeg-session-manifest-v2-duration-diversity,,../video_materials/formal_v1/videos,2779,0,duration-bucket-round-robin-v1,[],17,14,vid_0581,0581.mp4,10.357000,very_short
video-eeg-session-manifest-v2-duration-diversity,,../video_materials/formal_v1/videos,2779,0,duration-bucket-round-robin-v1,[],17,14,vid_0589,0589.mp4,10.378000,very_short
video-eeg-session-manifest-v2-duration-diversity,,../video_materials/formal_v1/videos,2779,0,duration-bucket-round-robin-v1,[],17,14,vid_0616,0616.mp4,10.426000,very_short
video-eeg-session-manifest-v2-duration-diversity,,../video_materials/formal_v1/videos,2779,0,duration-bucket-round-robin-v1,[],17,14,vid_0630,0630.mp4,10.471000,very_short
video-eeg-session-manifest-v2-duration-diversity,,../video_materials/formal_v1/videos,2779,0,duration-bucket-round-robin-v1,[],17,14,vid_0642,0642.mp4,10.496000,very_short
video-eeg-session-manifest-v2-duration-diversity,,../video_materials/formal_v1/videos,2779,0,duration-bucket-round-robin-v1,[],17,14,vid_0658,0658.mp4,10.541000,very_short
video-eeg-session-manifest-v2-duration-diversity,,../video_materials/formal_v1/videos,2779,0,duration-bucket-round-robin-v1,[],17,14,vid_0681,0681.mp4,10.587000,very_short
video-eeg-session-manifest-v2-duration-diversity,,../video_materials/formal_v1/videos,2779,0,duration-bucket-round-robin-v1,[],17,14,vid_0691,0691.mp4,10.589000,very_short
video-eeg-session-manifest-v2-duration-diversity,,../video_materials/formal_v1/videos,2779,0,duration-bucket-round-robin-v1,[],17,14,vid_0722,0722.mp4,10.680000,very_short
video-eeg-session-manifest-v2-duration-diversity,,../video_materials/formal_v1/videos,2779,0,duration-bucket-round-robin-v1,[],17,14,vid_0727,0727.mp4,10.682000,very_short
video-eeg-session-manifest-v2-duration-diversity,,../video_materials/formal_v1/videos,2779,0,duration-bucket-round-robin-v1,[],17,14,vid_0756,0756.mp4,10.751000,very_short
video-eeg-session-manifest-v2-duration-diversity,,../video_materials/formal_v1/videos,2779,0,duration-bucket-round-robin-v1,[],17,14,vid_0757,0757.mp4,10.751000,very_short
video-eeg-session-manifest-v2-duration-diversity,,../video_materials/formal_v1/videos,2779,0,duration-bucket-round-robin-v1,[],17,14,vid_0789,0789.mp4,10.863000,very_short
video-eeg-session-manifest-v2-duration-diversity,,../video_materials/formal_v1/videos,2779,0,duration-bucket-round-robin-v1,[],17,14,vid_0797,0797.mp4,10.867000,very_short
video-eeg-session-manifest-v2-duration-diversity,,../video_materials/formal_v1/videos,2779,0,duration-bucket-round-robin-v1,[],17,14,vid_0821,0821.mp4,10.936000,very_short
video-eeg-session-manifest-v2-duration-diversity,,../video_materials/formal_v1/videos,2779,0,duration-bucket-round-robin-v1,[],17,14,vid_0834,0834.mp4,10.960000,very_short
video-eeg-session-manifest-v2-duration-diversity,,../video_materials/formal_v1/videos,2779,0,duration-bucket-round-robin-v1,[],17,14,vid_0857,0857.mp4,10.984000,very_short
video-eeg-session-manifest-v2-duration-diversity,,../video_materials/formal_v1/videos,2779,0,duration-bucket-round-robin-v1,[],17,14,vid_0867,0867.mp4,11.030000,very_short
video-eeg-session-manifest-v2-duration-diversity,,../video_materials/formal_v1/videos,2779,0,duration-bucket-round-robin-v1,[],17,14,vid_0878,0878.mp4,11.052000,very_short
video-eeg-session-manifest-v2-duration-diversity,,../video_materials/formal_v1/videos,2779,0,duration-bucket-round-robin-v1,[],17,14,vid_0904,0904.mp4,11.121000,very_short
video-eeg-session-manifest-v2-duration-diversity,,../video_materials/formal_v1/videos,2779,0,duration-bucket-round-robin-v1,[],17,14,vid_0912,0912.mp4,11.145000,very_short
video-eeg-session-manifest-v2-duration-diversity,,../video_materials/formal_v1/videos,2779,0,duration-bucket-round-robin-v1,[],17,14,vid_0940,0940.mp4,11.214000,very_short
video-eeg-session-manifest-v2-duration-diversity,,../video_materials/formal_v1/videos,2779,0,duration-bucket-round-robin-v1,[],17,14,vid_0946,0946.mp4,11.216000,very_short
video-eeg-session-manifest-v2-duration-diversity,,../video_materials/formal_v1/videos,2779,0,duration-bucket-round-robin-v1,[],17,14,vid_0977,0977.mp4,11.307000,very_short
video-eeg-session-manifest-v2-duration-diversity,,../video_materials/formal_v1/videos,2779,0,duration-bucket-round-robin-v1,[],17,14,vid_0979,0979.mp4,11.309000,very_short
video-eeg-session-manifest-v2-duration-diversity,,../video_materials/formal_v1/videos,2779,0,duration-bucket-round-robin-v1,[],17,14,vid_1004,1004.mp4,11.377000,very_short
video-eeg-session-manifest-v2-duration-diversity,,../video_materials/formal_v1/videos,2779,0,duration-bucket-round-robin-v1,[],17,14,vid_1012,1012.mp4,11.400000,very_short
video-eeg-session-manifest-v2-duration-diversity,,../video_materials/formal_v1/videos,2779,0,duration-bucket-round-robin-v1,[],17,14,vid_1030,1030.mp4,11.445000,very_short
video-eeg-session-manifest-v2-duration-diversity,,../video_materials/formal_v1/videos,2779,0,duration-bucket-round-robin-v1,[],17,14,vid_1060,1060.mp4,11.516000,very_short
video-eeg-session-manifest-v2-duration-diversity,,../video_materials/formal_v1/videos,2779,0,duration-bucket-round-robin-v1,[],17,14,vid_1063,1063.mp4,11.516000,very_short
video-eeg-session-manifest-v2-duration-diversity,,../video_materials/formal_v1/videos,2779,0,duration-bucket-round-robin-v1,[],17,14,vid_1086,1086.mp4,11.563000,very_short
video-eeg-session-manifest-v2-duration-diversity,,../video_materials/formal_v1/videos,2779,0,duration-bucket-round-robin-v1,[],17,14,vid_1101,1101.mp4,11.586000,very_short
video-eeg-session-manifest-v2-duration-diversity,,../video_materials/formal_v1/videos,2779,0,duration-bucket-round-robin-v1,[],17,14,vid_1126,1126.mp4,11.632000,very_short
video-eeg-session-manifest-v2-duration-diversity,,../video_materials/formal_v1/videos,2779,0,duration-bucket-round-robin-v1,[],17,14,vid_1137,1137.mp4,11.634000,very_short
video-eeg-session-manifest-v2-duration-diversity,,../video_materials/formal_v1/videos,2779,0,duration-bucket-round-robin-v1,[],17,14,vid_1161,1161.mp4,11.725000,very_short
video-eeg-session-manifest-v2-duration-diversity,,../video_materials/formal_v1/videos,2779,0,duration-bucket-round-robin-v1,[],17,14,vid_1169,1169.mp4,11.734000,very_short
video-eeg-session-manifest-v2-duration-diversity,,../video_materials/formal_v1/videos,2779,0,duration-bucket-round-robin-v1,[],17,14,vid_1191,1191.mp4,11.795000,very_short
video-eeg-session-manifest-v2-duration-diversity,,../video_materials/formal_v1/videos,2779,0,duration-bucket-round-robin-v1,[],17,14,vid_1212,1212.mp4,11.819000,very_short
video-eeg-session-manifest-v2-duration-diversity,,../video_materials/formal_v1/videos,2779,0,duration-bucket-round-robin-v1,[],17,14,vid_1225,1225.mp4,11.843000,very_short
video-eeg-session-manifest-v2-duration-diversity,,../video_materials/formal_v1/videos,2779,0,duration-bucket-round-robin-v1,[],17,14,vid_1243,1243.mp4,11.889000,very_short
video-eeg-session-manifest-v2-duration-diversity,,../video_materials/formal_v1/videos,2779,0,duration-bucket-round-robin-v1,[],17,14,vid_1252,1252.mp4,11.912000,very_short
video-eeg-session-manifest-v2-duration-diversity,,../video_materials/formal_v1/videos,2779,0,duration-bucket-round-robin-v1,[],17,14,vid_1280,1280.mp4,11.981000,very_short
video-eeg-session-manifest-v2-duration-diversity,,../video_materials/formal_v1/videos,2779,0,duration-bucket-round-robin-v1,[],17,14,vid_1288,1288.mp4,11.982000,very_short
video-eeg-session-manifest-v2-duration-diversity,,../video_materials/formal_v1/videos,2779,0,duration-bucket-round-robin-v1,[],17,14,vid_1311,1311.mp4,12.050000,very_short
video-eeg-session-manifest-v2-duration-diversity,,../video_materials/formal_v1/videos,2779,0,duration-bucket-round-robin-v1,[],17,14,vid_1326,1326.mp4,12.052000,very_short
video-eeg-session-manifest-v2-duration-diversity,,../video_materials/formal_v1/videos,2779,0,duration-bucket-round-robin-v1,[],17,14,vid_1349,1349.mp4,12.121000,very_short
video-eeg-session-manifest-v2-duration-diversity,,../video_materials/formal_v1/videos,2779,0,duration-bucket-round-robin-v1,[],17,14,vid_1352,1352.mp4,12.143000,very_short
video-eeg-session-manifest-v2-duration-diversity,,../video_materials/formal_v1/videos,2779,0,duration-bucket-round-robin-v1,[],17,14,vid_1380,1380.mp4,12.213000,very_short
video-eeg-session-manifest-v2-duration-diversity,,../video_materials/formal_v1/videos,2779,0,duration-bucket-round-robin-v1,[],17,14,vid_1396,1396.mp4,12.259000,very_short
video-eeg-session-manifest-v2-duration-diversity,,../video_materials/formal_v1/videos,2779,0,duration-bucket-round-robin-v1,[],17,14,vid_1406,1406.mp4,12.261000,very_short
video-eeg-session-manifest-v2-duration-diversity,,../video_materials/formal_v1/videos,2779,0,duration-bucket-round-robin-v1,[],17,14,vid_1431,1431.mp4,12.352000,very_short
video-eeg-session-manifest-v2-duration-diversity,,../video_materials/formal_v1/videos,2779,0,duration-bucket-round-robin-v1,[],17,14,vid_1442,1442.mp4,12.399000,very_short
video-eeg-session-manifest-v2-duration-diversity,,../video_materials/formal_v1/videos,2779,0,duration-bucket-round-robin-v1,[],17,14,vid_1464,1464.mp4,12.446000,very_short
video-eeg-session-manifest-v2-duration-diversity,,../video_materials/formal_v1/videos,2779,0,duration-bucket-round-robin-v1,[],17,14,vid_1480,1480.mp4,12.493000,very_short
video-eeg-session-manifest-v2-duration-diversity,,../video_materials/formal_v1/videos,2779,0,duration-bucket-round-robin-v1,[],17,14,vid_1505,1505.mp4,12.539000,very_short
video-eeg-session-manifest-v2-duration-diversity,,../video_materials/formal_v1/videos,2779,0,duration-bucket-round-robin-v1,[],17,14,vid_1521,1521.mp4,12.567000,very_short
video-eeg-session-manifest-v2-duration-diversity,,../video_materials/formal_v1/videos,2779,0,duration-bucket-round-robin-v1,[],17,14,vid_1525,1525.mp4,12.586000,very_short
video-eeg-session-manifest-v2-duration-diversity,,../video_materials/formal_v1/videos,2779,0,duration-bucket-round-robin-v1,[],17,14,vid_1550,1550.mp4,12.631000,very_short
video-eeg-session-manifest-v2-duration-diversity,,../video_materials/formal_v1/videos,2779,0,duration-bucket-round-robin-v1,[],17,14,vid_1567,1567.mp4,12.679000,very_short
video-eeg-session-manifest-v2-duration-diversity,,../video_materials/formal_v1/videos,2779,0,duration-bucket-round-robin-v1,[],17,14,vid_1577,1577.mp4,12.702000,very_short
video-eeg-session-manifest-v2-duration-diversity,,../video_materials/formal_v1/videos,2779,0,duration-bucket-round-robin-v1,[],17,14,vid_1602,1602.mp4,12.748000,short
video-eeg-session-manifest-v2-duration-diversity,,../video_materials/formal_v1/videos,2779,0,duration-bucket-round-robin-v1,[],17,14,vid_1616,1616.mp4,12.793000,short
video-eeg-session-manifest-v2-duration-diversity,,../video_materials/formal_v1/videos,2779,0,duration-bucket-round-robin-v1,[],17,14,vid_1625,1625.mp4,12.818000,short
video-eeg-session-manifest-v2-duration-diversity,,../video_materials/formal_v1/videos,2779,0,duration-bucket-round-robin-v1,[],17,14,vid_1645,1645.mp4,12.886000,short
video-eeg-session-manifest-v2-duration-diversity,,../video_materials/formal_v1/videos,2779,0,duration-bucket-round-robin-v1,[],17,14,vid_1666,1666.mp4,12.933000,short
video-eeg-session-manifest-v2-duration-diversity,,../video_materials/formal_v1/videos,2779,0,duration-bucket-round-robin-v1,[],17,14,vid_1684,1684.mp4,12.957000,short
video-eeg-session-manifest-v2-duration-diversity,,../video_materials/formal_v1/videos,2779,0,duration-bucket-round-robin-v1,[],17,14,vid_1693,1693.mp4,12.980000,short
video-eeg-session-manifest-v2-duration-diversity,,../video_materials/formal_v1/videos,2779,0,duration-bucket-round-robin-v1,[],17,14,vid_1713,1713.mp4,13.049000,short
video-eeg-session-manifest-v2-duration-diversity,,../video_materials/formal_v1/videos,2779,0,duration-bucket-round-robin-v1,[],17,14,vid_1730,1730.mp4,13.073000,short
video-eeg-session-manifest-v2-duration-diversity,,../video_materials/formal_v1/videos,2779,0,duration-bucket-round-robin-v1,[],17,14,vid_1748,1748.mp4,13.100000,short
video-eeg-session-manifest-v2-duration-diversity,,../video_materials/formal_v1/videos,2779,0,duration-bucket-round-robin-v1,[],17,14,vid_1764,1764.mp4,13.166000,short
video-eeg-session-manifest-v2-duration-diversity,,../video_materials/formal_v1/videos,2779,0,duration-bucket-round-robin-v1,[],17,14,vid_1784,1784.mp4,13.234000,short
video-eeg-session-manifest-v2-duration-diversity,,../video_materials/formal_v1/videos,2779,0,duration-bucket-round-robin-v1,[],17,14,vid_1796,1796.mp4,13.259000,short
video-eeg-session-manifest-v2-duration-diversity,,../video_materials/formal_v1/videos,2779,0,duration-bucket-round-robin-v1,[],17,14,vid_1814,1814.mp4,13.303000,short
video-eeg-session-manifest-v2-duration-diversity,,../video_materials/formal_v1/videos,2779,0,duration-bucket-round-robin-v1,[],17,14,vid_1835,1835.mp4,13.352000,short
video-eeg-session-manifest-v2-duration-diversity,,../video_materials/formal_v1/videos,2779,0,duration-bucket-round-robin-v1,[],17,14,vid_1852,1852.mp4,13.422000,short
video-eeg-session-manifest-v2-duration-diversity,,../video_materials/formal_v1/videos,2779,0,duration-bucket-round-robin-v1,[],17,14,vid_1868,1868.mp4,13.491000,short
video-eeg-session-manifest-v2-duration-diversity,,../video_materials/formal_v1/videos,2779,0,duration-bucket-round-robin-v1,[],17,14,vid_1883,1883.mp4,13.538000,short
video-eeg-session-manifest-v2-duration-diversity,,../video_materials/formal_v1/videos,2779,0,duration-bucket-round-robin-v1,[],17,14,vid_1901,1901.mp4,13.629000,short
video-eeg-session-manifest-v2-duration-diversity,,../video_materials/formal_v1/videos,2779,0,duration-bucket-round-robin-v1,[],17,14,vid_1918,1918.mp4,13.654000,short
video-eeg-session-manifest-v2-duration-diversity,,../video_materials/formal_v1/videos,2779,0,duration-bucket-round-robin-v1,[],17,14,vid_1929,1929.mp4,13.699000,short
video-eeg-session-manifest-v2-duration-diversity,,../video_materials/formal_v1/videos,2779,0,duration-bucket-round-robin-v1,[],17,14,vid_1952,1952.mp4,13.768000,short
video-eeg-session-manifest-v2-duration-diversity,,../video_materials/formal_v1/videos,2779,0,duration-bucket-round-robin-v1,[],17,14,vid_1969,1969.mp4,13.793000,short
video-eeg-session-manifest-v2-duration-diversity,,../video_materials/formal_v1/videos,2779,0,duration-bucket-round-robin-v1,[],17,14,vid_1985,1985.mp4,13.861000,short
video-eeg-session-manifest-v2-duration-diversity,,../video_materials/formal_v1/videos,2779,0,duration-bucket-round-robin-v1,[],17,14,vid_2002,2002.mp4,13.900000,short
video-eeg-session-manifest-v2-duration-diversity,,../video_materials/formal_v1/videos,2779,0,duration-bucket-round-robin-v1,[],17,14,vid_2014,2014.mp4,13.954000,short
video-eeg-session-manifest-v2-duration-diversity,,../video_materials/formal_v1/videos,2779,0,duration-bucket-round-robin-v1,[],17,14,vid_2038,2038.mp4,14.024000,short
video-eeg-session-manifest-v2-duration-diversity,,../video_materials/formal_v1/videos,2779,0,duration-bucket-round-robin-v1,[],17,14,vid_2049,2049.mp4,14.049000,short
video-eeg-session-manifest-v2-duration-diversity,,../video_materials/formal_v1/videos,2779,0,duration-bucket-round-robin-v1,[],17,14,vid_2064,2064.mp4,14.095000,short
video-eeg-session-manifest-v2-duration-diversity,,../video_materials/formal_v1/videos,2779,0,duration-bucket-round-robin-v1,[],17,14,vid_2083,2083.mp4,14.141000,short
video-eeg-session-manifest-v2-duration-diversity,,../video_materials/formal_v1/videos,2779,0,duration-bucket-round-robin-v1,[],17,14,vid_2098,2098.mp4,14.188000,short
video-eeg-session-manifest-v2-duration-diversity,,../video_materials/formal_v1/videos,2779,0,duration-bucket-round-robin-v1,[],17,14,vid_2121,2121.mp4,14.234000,short
video-eeg-session-manifest-v2-duration-diversity,,../video_materials/formal_v1/videos,2779,0,duration-bucket-round-robin-v1,[],17,14,vid_2135,2135.mp4,14.281000,short
video-eeg-session-manifest-v2-duration-diversity,,../video_materials/formal_v1/videos,2779,0,duration-bucket-round-robin-v1,[],17,14,vid_2150,2150.mp4,14.327000,short
video-eeg-session-manifest-v2-duration-diversity,,../video_materials/formal_v1/videos,2779,0,duration-bucket-round-robin-v1,[],17,14,vid_2171,2171.mp4,14.395000,short
video-eeg-session-manifest-v2-duration-diversity,,../video_materials/formal_v1/videos,2779,0,duration-bucket-round-robin-v1,[],17,14,vid_2186,2186.mp4,14.440000,short
video-eeg-session-manifest-v2-duration-diversity,,../video_materials/formal_v1/videos,2779,0,duration-bucket-round-robin-v1,[],17,14,vid_2201,2201.mp4,14.490000,short
video-eeg-session-manifest-v2-duration-diversity,,../video_materials/formal_v1/videos,2779,0,duration-bucket-round-robin-v1,[],17,14,vid_2218,2218.mp4,14.535000,short
video-eeg-session-manifest-v2-duration-diversity,,../video_materials/formal_v1/videos,2779,0,duration-bucket-round-robin-v1,[],17,14,vid_2243,2243.mp4,14.559000,short
video-eeg-session-manifest-v2-duration-diversity,,../video_materials/formal_v1/videos,2779,0,duration-bucket-round-robin-v1,[],17,14,vid_2254,2254.mp4,14.581000,short
video-eeg-session-manifest-v2-duration-diversity,,../video_materials/formal_v1/videos,2779,0,duration-bucket-round-robin-v1,[],17,14,vid_2272,2272.mp4,14.629000,short
video-eeg-session-manifest-v2-duration-diversity,,../video_materials/formal_v1/videos,2779,0,duration-bucket-round-robin-v1,[],17,14,vid_2284,2284.mp4,14.652000,short
video-eeg-session-manifest-v2-duration-diversity,,../video_materials/formal_v1/videos,2779,0,duration-bucket-round-robin-v1,[],17,14,vid_2302,2302.mp4,14.699000,short
video-eeg-session-manifest-v2-duration-diversity,,../video_materials/formal_v1/videos,2779,0,duration-bucket-round-robin-v1,[],17,14,vid_2318,2318.mp4,14.722000,short
video-eeg-session-manifest-v2-duration-diversity,,../video_materials/formal_v1/videos,2779,0,duration-bucket-round-robin-v1,[],17,14,vid_2338,2338.mp4,14.767000,short
video-eeg-session-manifest-v2-duration-diversity,,../video_materials/formal_v1/videos,2779,0,duration-bucket-round-robin-v1,[],17,14,vid_2358,2358.mp4,14.792000,short
video-eeg-session-manifest-v2-duration-diversity,,../video_materials/formal_v1/videos,2779,0,duration-bucket-round-robin-v1,[],17,14,vid_2374,2374.mp4,14.837000,short
video-eeg-session-manifest-v2-duration-diversity,,../video_materials/formal_v1/videos,2779,0,duration-bucket-round-robin-v1,[],17,14,vid_2390,2390.mp4,14.861000,short
video-eeg-session-manifest-v2-duration-diversity,,../video_materials/formal_v1/videos,2779,0,duration-bucket-round-robin-v1,[],17,14,vid_2409,2409.mp4,14.884000,short
video-eeg-session-manifest-v2-duration-diversity,,../video_materials/formal_v1/videos,2779,0,duration-bucket-round-robin-v1,[],17,14,vid_2423,2423.mp4,14.908000,short
video-eeg-session-manifest-v2-duration-diversity,,../video_materials/formal_v1/videos,2779,0,duration-bucket-round-robin-v1,[],17,14,vid_2443,2443.mp4,14.931000,short
video-eeg-session-manifest-v2-duration-diversity,,../video_materials/formal_v1/videos,2779,0,duration-bucket-round-robin-v1,[],17,14,vid_2465,2465.mp4,14.954000,short
video-eeg-session-manifest-v2-duration-diversity,,../video_materials/formal_v1/videos,2779,0,duration-bucket-round-robin-v1,[],17,14,vid_2486,2486.mp4,14.977000,short
video-eeg-session-manifest-v2-duration-diversity,,../video_materials/formal_v1/videos,2779,0,duration-bucket-round-robin-v1,[],17,14,vid_2488,2488.mp4,14.977000,short
video-eeg-session-manifest-v2-duration-diversity,,../video_materials/formal_v1/videos,2779,0,duration-bucket-round-robin-v1,[],17,14,vid_2509,2509.mp4,15.001000,short
video-eeg-session-manifest-v2-duration-diversity,,../video_materials/formal_v1/videos,2779,0,duration-bucket-round-robin-v1,[],17,14,vid_2532,2532.mp4,15.024000,short
video-eeg-session-manifest-v2-duration-diversity,,../video_materials/formal_v1/videos,2779,0,duration-bucket-round-robin-v1,[],17,14,vid_2549,2549.mp4,15.024000,short
video-eeg-session-manifest-v2-duration-diversity,,../video_materials/formal_v1/videos,2779,0,duration-bucket-round-robin-v1,[],17,14,vid_2563,2563.mp4,15.046000,short
video-eeg-session-manifest-v2-duration-diversity,,../video_materials/formal_v1/videos,2779,0,duration-bucket-round-robin-v1,[],17,14,vid_2575,2575.mp4,15.046000,short
video-eeg-session-manifest-v2-duration-diversity,,../video_materials/formal_v1/videos,2779,0,duration-bucket-round-robin-v1,[],17,14,vid_2593,2593.mp4,15.047000,short
video-eeg-session-manifest-v2-duration-diversity,,../video_materials/formal_v1/videos,2779,0,duration-bucket-round-robin-v1,[],17,14,vid_2601,2601.mp4,15.047000,short
video-eeg-session-manifest-v2-duration-diversity,,../video_materials/formal_v1/videos,2779,0,duration-bucket-round-robin-v1,[],17,14,vid_2654,2654.mp4,15.069000,short
video-eeg-session-manifest-v2-duration-diversity,,../video_materials/formal_v1/videos,2779,0,duration-bucket-round-robin-v1,[],17,14,vid_2663,2663.mp4,15.069000,short
video-eeg-session-manifest-v2-duration-diversity,,../video_materials/formal_v1/videos,2779,0,duration-bucket-round-robin-v1,[],17,14,vid_2669,2669.mp4,15.069000,short
video-eeg-session-manifest-v2-duration-diversity,,../video_materials/formal_v1/videos,2779,0,duration-bucket-round-robin-v1,[],17,14,vid_2695,2695.mp4,15.070000,short
video-eeg-session-manifest-v2-duration-diversity,,../video_materials/formal_v1/videos,2779,0,duration-bucket-round-robin-v1,[],17,14,vid_2702,2702.mp4,15.070000,short
video-eeg-session-manifest-v2-duration-diversity,,../video_materials/formal_v1/videos,2779,0,duration-bucket-round-robin-v1,[],17,14,vid_2722,2722.mp4,15.070000,short
video-eeg-session-manifest-v2-duration-diversity,,../video_materials/formal_v1/videos,2779,0,duration-bucket-round-robin-v1,[],17,14,vid_2744,2744.mp4,15.070000,short
video-eeg-session-manifest-v2-duration-diversity,,../video_materials/formal_v1/videos,2779,0,duration-bucket-round-robin-v1,[],17,14,vid_2745,2745.mp4,15.070000,short
video-eeg-session-manifest-v2-duration-diversity,,../video_materials/formal_v1/videos,2779,0,duration-bucket-round-robin-v1,[],17,14,vid_2768,2768.mp4,15.070000,short
video-eeg-session-manifest-v2-duration-diversity,,../video_materials/formal_v1/videos,2779,0,duration-bucket-round-robin-v1,[],17,14,vid_2777,2777.mp4,15.070000,short
video-eeg-session-manifest-v2-duration-diversity,,../video_materials/formal_v1/videos,2779,0,duration-bucket-round-robin-v1,[],17,15,vid_0018,0018.mp4,5.758000,very_short
video-eeg-session-manifest-v2-duration-diversity,,../video_materials/formal_v1/videos,2779,0,duration-bucket-round-robin-v1,[],17,15,vid_0033,0033.mp4,6.197000,very_short
video-eeg-session-manifest-v2-duration-diversity,,../video_materials/formal_v1/videos,2779,0,duration-bucket-round-robin-v1,[],17,15,vid_0053,0053.mp4,6.570000,very_short
video-eeg-session-manifest-v2-duration-diversity,,../video_materials/formal_v1/videos,2779,0,duration-bucket-round-robin-v1,[],17,15,vid_0065,0065.mp4,6.779000,very_short
video-eeg-session-manifest-v2-duration-diversity,,../video_materials/formal_v1/videos,2779,0,duration-bucket-round-robin-v1,[],17,15,vid_0086,0086.mp4,7.012000,very_short
video-eeg-session-manifest-v2-duration-diversity,,../video_materials/formal_v1/videos,2779,0,duration-bucket-round-robin-v1,[],17,15,vid_0107,0107.mp4,7.128000,very_short
video-eeg-session-manifest-v2-duration-diversity,,../video_materials/formal_v1/videos,2779,0,duration-bucket-round-robin-v1,[],17,15,vid_0121,0121.mp4,7.197000,very_short
video-eeg-session-manifest-v2-duration-diversity,,../video_materials/formal_v1/videos,2779,0,duration-bucket-round-robin-v1,[],17,15,vid_0142,0142.mp4,7.313000,very_short
video-eeg-session-manifest-v2-duration-diversity,,../video_materials/formal_v1/videos,2779,0,duration-bucket-round-robin-v1,[],17,15,vid_0149,0149.mp4,7.339000,very_short
video-eeg-session-manifest-v2-duration-diversity,,../video_materials/formal_v1/videos,2779,0,duration-bucket-round-robin-v1,[],17,15,vid_0173,0173.mp4,7.660000,very_short
video-eeg-session-manifest-v2-duration-diversity,,../video_materials/formal_v1/videos,2779,0,duration-bucket-round-robin-v1,[],17,15,vid_0184,0184.mp4,7.753000,very_short
video-eeg-session-manifest-v2-duration-diversity,,../video_materials/formal_v1/videos,2779,0,duration-bucket-round-robin-v1,[],17,15,vid_0204,0204.mp4,7.964000,very_short
video-eeg-session-manifest-v2-duration-diversity,,../video_materials/formal_v1/videos,2779,0,duration-bucket-round-robin-v1,[],17,15,vid_0215,0215.mp4,8.033000,very_short
video-eeg-session-manifest-v2-duration-diversity,,../video_materials/formal_v1/videos,2779,0,duration-bucket-round-robin-v1,[],17,15,vid_0237,0237.mp4,8.126000,very_short
video-eeg-session-manifest-v2-duration-diversity,,../video_materials/formal_v1/videos,2779,0,duration-bucket-round-robin-v1,[],17,15,vid_0258,0258.mp4,8.426000,very_short
video-eeg-session-manifest-v2-duration-diversity,,../video_materials/formal_v1/videos,2779,0,duration-bucket-round-robin-v1,[],17,15,vid_0272,0272.mp4,8.569000,very_short
video-eeg-session-manifest-v2-duration-diversity,,../video_materials/formal_v1/videos,2779,0,duration-bucket-round-robin-v1,[],17,15,vid_0283,0283.mp4,8.682000,very_short
video-eeg-session-manifest-v2-duration-diversity,,../video_materials/formal_v1/videos,2779,0,duration-bucket-round-robin-v1,[],17,15,vid_0314,0314.mp4,8.961000,very_short
video-eeg-session-manifest-v2-duration-diversity,,../video_materials/formal_v1/videos,2779,0,duration-bucket-round-robin-v1,[],17,15,vid_0327,0327.mp4,9.008000,very_short
video-eeg-session-manifest-v2-duration-diversity,,../video_materials/formal_v1/videos,2779,0,duration-bucket-round-robin-v1,[],17,15,vid_0336,0336.mp4,9.125000,very_short
video-eeg-session-manifest-v2-duration-diversity,,../video_materials/formal_v1/videos,2779,0,duration-bucket-round-robin-v1,[],17,15,vid_0366,0366.mp4,9.380000,very_short
video-eeg-session-manifest-v2-duration-diversity,,../video_materials/formal_v1/videos,2779,0,duration-bucket-round-robin-v1,[],17,15,vid_0370,0370.mp4,9.426000,very_short
video-eeg-session-manifest-v2-duration-diversity,,../video_materials/formal_v1/videos,2779,0,duration-bucket-round-robin-v1,[],17,15,vid_0395,0395.mp4,9.750000,very_short
video-eeg-session-manifest-v2-duration-diversity,,../video_materials/formal_v1/videos,2779,0,duration-bucket-round-robin-v1,[],17,15,vid_0404,0404.mp4,9.914000,very_short
video-eeg-session-manifest-v2-duration-diversity,,../video_materials/formal_v1/videos,2779,0,duration-bucket-round-robin-v1,[],17,15,vid_0428,0428.mp4,10.053000,very_short
video-eeg-session-manifest-v2-duration-diversity,,../video_materials/formal_v1/videos,2779,0,duration-bucket-round-robin-v1,[],17,15,vid_0440,0440.mp4,10.077000,very_short
video-eeg-session-manifest-v2-duration-diversity,,../video_materials/formal_v1/videos,2779,0,duration-bucket-round-robin-v1,[],17,15,vid_0453,0453.mp4,10.100000,very_short
video-eeg-session-manifest-v2-duration-diversity,,../video_materials/formal_v1/videos,2779,0,duration-bucket-round-robin-v1,[],17,15,vid_0474,0474.mp4,10.123000,very_short
video-eeg-session-manifest-v2-duration-diversity,,../video_materials/formal_v1/videos,2779,0,duration-bucket-round-robin-v1,[],17,15,vid_0485,0485.mp4,10.146000,very_short
video-eeg-session-manifest-v2-duration-diversity,,../video_materials/formal_v1/videos,2779,0,duration-bucket-round-robin-v1,[],17,15,vid_0514,0514.mp4,10.216000,very_short
video-eeg-session-manifest-v2-duration-diversity,,../video_materials/formal_v1/videos,2779,0,duration-bucket-round-robin-v1,[],17,15,vid_0527,0527.mp4,10.239000,very_short
video-eeg-session-manifest-v2-duration-diversity,,../video_materials/formal_v1/videos,2779,0,duration-bucket-round-robin-v1,[],17,15,vid_0542,0542.mp4,10.287000,very_short
video-eeg-session-manifest-v2-duration-diversity,,../video_materials/formal_v1/videos,2779,0,duration-bucket-round-robin-v1,[],17,15,vid_0561,0561.mp4,10.332000,very_short
video-eeg-session-manifest-v2-duration-diversity,,../video_materials/formal_v1/videos,2779,0,duration-bucket-round-robin-v1,[],17,15,vid_0571,0571.mp4,10.333000,very_short
video-eeg-session-manifest-v2-duration-diversity,,../video_materials/formal_v1/videos,2779,0,duration-bucket-round-robin-v1,[],17,15,vid_0601,0601.mp4,10.402000,very_short
video-eeg-session-manifest-v2-duration-diversity,,../video_materials/formal_v1/videos,2779,0,duration-bucket-round-robin-v1,[],17,15,vid_0612,0612.mp4,10.426000,very_short
video-eeg-session-manifest-v2-duration-diversity,,../video_materials/formal_v1/videos,2779,0,duration-bucket-round-robin-v1,[],17,15,vid_0620,0620.mp4,10.448000,very_short
video-eeg-session-manifest-v2-duration-diversity,,../video_materials/formal_v1/videos,2779,0,duration-bucket-round-robin-v1,[],17,15,vid_0651,0651.mp4,10.519000,very_short
video-eeg-session-manifest-v2-duration-diversity,,../video_materials/formal_v1/videos,2779,0,duration-bucket-round-robin-v1,[],17,15,vid_0664,0664.mp4,10.542000,very_short
video-eeg-session-manifest-v2-duration-diversity,,../video_materials/formal_v1/videos,2779,0,duration-bucket-round-robin-v1,[],17,15,vid_0684,0684.mp4,10.587000,very_short
video-eeg-session-manifest-v2-duration-diversity,,../video_materials/formal_v1/videos,2779,0,duration-bucket-round-robin-v1,[],17,15,vid_0690,0690.mp4,10.589000,very_short
video-eeg-session-manifest-v2-duration-diversity,,../video_materials/formal_v1/videos,2779,0,duration-bucket-round-robin-v1,[],17,15,vid_0717,0717.mp4,10.657000,very_short
video-eeg-session-manifest-v2-duration-diversity,,../video_materials/formal_v1/videos,2779,0,duration-bucket-round-robin-v1,[],17,15,vid_0736,0736.mp4,10.705000,very_short
video-eeg-session-manifest-v2-duration-diversity,,../video_materials/formal_v1/videos,2779,0,duration-bucket-round-robin-v1,[],17,15,vid_0746,0746.mp4,10.728000,very_short
video-eeg-session-manifest-v2-duration-diversity,,../video_materials/formal_v1/videos,2779,0,duration-bucket-round-robin-v1,[],17,15,vid_0767,0767.mp4,10.796000,very_short
video-eeg-session-manifest-v2-duration-diversity,,../video_materials/formal_v1/videos,2779,0,duration-bucket-round-robin-v1,[],17,15,vid_0780,0780.mp4,10.820000,very_short
video-eeg-session-manifest-v2-duration-diversity,,../video_materials/formal_v1/videos,2779,0,duration-bucket-round-robin-v1,[],17,15,vid_0802,0802.mp4,10.889000,very_short
video-eeg-session-manifest-v2-duration-diversity,,../video_materials/formal_v1/videos,2779,0,duration-bucket-round-robin-v1,[],17,15,vid_0812,0812.mp4,10.914000,very_short
video-eeg-session-manifest-v2-duration-diversity,,../video_materials/formal_v1/videos,2779,0,duration-bucket-round-robin-v1,[],17,15,vid_0839,0839.mp4,10.982000,very_short
video-eeg-session-manifest-v2-duration-diversity,,../video_materials/formal_v1/videos,2779,0,duration-bucket-round-robin-v1,[],17,15,vid_0854,0854.mp4,10.984000,very_short
video-eeg-session-manifest-v2-duration-diversity,,../video_materials/formal_v1/videos,2779,0,duration-bucket-round-robin-v1,[],17,15,vid_0860,0860.mp4,11.004000,very_short
video-eeg-session-manifest-v2-duration-diversity,,../video_materials/formal_v1/videos,2779,0,duration-bucket-round-robin-v1,[],17,15,vid_0875,0875.mp4,11.052000,very_short
video-eeg-session-manifest-v2-duration-diversity,,../video_materials/formal_v1/videos,2779,0,duration-bucket-round-robin-v1,[],17,15,vid_0909,0909.mp4,11.143000,very_short
video-eeg-session-manifest-v2-duration-diversity,,../video_materials/formal_v1/videos,2779,0,duration-bucket-round-robin-v1,[],17,15,vid_0913,0913.mp4,11.146000,very_short
video-eeg-session-manifest-v2-duration-diversity,,../video_materials/formal_v1/videos,2779,0,duration-bucket-round-robin-v1,[],17,15,vid_0943,0943.mp4,11.214000,very_short
video-eeg-session-manifest-v2-duration-diversity,,../video_materials/formal_v1/videos,2779,0,duration-bucket-round-robin-v1,[],17,15,vid_0949,0949.mp4,11.216000,very_short
video-eeg-session-manifest-v2-duration-diversity,,../video_materials/formal_v1/videos,2779,0,duration-bucket-round-robin-v1,[],17,15,vid_0972,0972.mp4,11.284000,very_short
video-eeg-session-manifest-v2-duration-diversity,,../video_materials/formal_v1/videos,2779,0,duration-bucket-round-robin-v1,[],17,15,vid_0989,0989.mp4,11.334000,very_short
video-eeg-session-manifest-v2-duration-diversity,,../video_materials/formal_v1/videos,2779,0,duration-bucket-round-robin-v1,[],17,15,vid_0998,0998.mp4,11.355000,very_short
video-eeg-session-manifest-v2-duration-diversity,,../video_materials/formal_v1/videos,2779,0,duration-bucket-round-robin-v1,[],17,15,vid_1021,1021.mp4,11.423000,very_short
video-eeg-session-manifest-v2-duration-diversity,,../video_materials/formal_v1/videos,2779,0,duration-bucket-round-robin-v1,[],17,15,vid_1035,1035.mp4,11.447000,very_short
video-eeg-session-manifest-v2-duration-diversity,,../video_materials/formal_v1/videos,2779,0,duration-bucket-round-robin-v1,[],17,15,vid_1052,1052.mp4,11.494000,very_short
video-eeg-session-manifest-v2-duration-diversity,,../video_materials/formal_v1/videos,2779,0,duration-bucket-round-robin-v1,[],17,15,vid_1077,1077.mp4,11.541000,very_short
video-eeg-session-manifest-v2-duration-diversity,,../video_materials/formal_v1/videos,2779,0,duration-bucket-round-robin-v1,[],17,15,vid_1094,1094.mp4,11.564000,very_short
video-eeg-session-manifest-v2-duration-diversity,,../video_materials/formal_v1/videos,2779,0,duration-bucket-round-robin-v1,[],17,15,vid_1110,1110.mp4,11.587000,very_short
video-eeg-session-manifest-v2-duration-diversity,,../video_materials/formal_v1/videos,2779,0,duration-bucket-round-robin-v1,[],17,15,vid_1118,1118.mp4,11.609000,very_short
video-eeg-session-manifest-v2-duration-diversity,,../video_materials/formal_v1/videos,2779,0,duration-bucket-round-robin-v1,[],17,15,vid_1143,1143.mp4,11.657000,very_short
video-eeg-session-manifest-v2-duration-diversity,,../video_materials/formal_v1/videos,2779,0,duration-bucket-round-robin-v1,[],17,15,vid_1158,1158.mp4,11.703000,very_short
video-eeg-session-manifest-v2-duration-diversity,,../video_materials/formal_v1/videos,2779,0,duration-bucket-round-robin-v1,[],17,15,vid_1177,1177.mp4,11.750000,very_short
video-eeg-session-manifest-v2-duration-diversity,,../video_materials/formal_v1/videos,2779,0,duration-bucket-round-robin-v1,[],17,15,vid_1187,1187.mp4,11.773000,very_short
video-eeg-session-manifest-v2-duration-diversity,,../video_materials/formal_v1/videos,2779,0,duration-bucket-round-robin-v1,[],17,15,vid_1215,1215.mp4,11.819000,very_short
video-eeg-session-manifest-v2-duration-diversity,,../video_materials/formal_v1/videos,2779,0,duration-bucket-round-robin-v1,[],17,15,vid_1224,1224.mp4,11.843000,very_short
video-eeg-session-manifest-v2-duration-diversity,,../video_materials/formal_v1/videos,2779,0,duration-bucket-round-robin-v1,[],17,15,vid_1247,1247.mp4,11.900000,very_short
video-eeg-session-manifest-v2-duration-diversity,,../video_materials/formal_v1/videos,2779,0,duration-bucket-round-robin-v1,[],17,15,vid_1251,1251.mp4,11.912000,very_short
video-eeg-session-manifest-v2-duration-diversity,,../video_materials/formal_v1/videos,2779,0,duration-bucket-round-robin-v1,[],17,15,vid_1281,1281.mp4,11.981000,very_short
video-eeg-session-manifest-v2-duration-diversity,,../video_materials/formal_v1/videos,2779,0,duration-bucket-round-robin-v1,[],17,15,vid_1287,1287.mp4,11.982000,very_short
video-eeg-session-manifest-v2-duration-diversity,,../video_materials/formal_v1/videos,2779,0,duration-bucket-round-robin-v1,[],17,15,vid_1321,1321.mp4,12.052000,very_short
video-eeg-session-manifest-v2-duration-diversity,,../video_materials/formal_v1/videos,2779,0,duration-bucket-round-robin-v1,[],17,15,vid_1328,1328.mp4,12.052000,very_short
video-eeg-session-manifest-v2-duration-diversity,,../video_materials/formal_v1/videos,2779,0,duration-bucket-round-robin-v1,[],17,15,vid_1348,1348.mp4,12.121000,very_short
video-eeg-session-manifest-v2-duration-diversity,,../video_materials/formal_v1/videos,2779,0,duration-bucket-round-robin-v1,[],17,15,vid_1356,1356.mp4,12.145000,very_short
video-eeg-session-manifest-v2-duration-diversity,,../video_materials/formal_v1/videos,2779,0,duration-bucket-round-robin-v1,[],17,15,vid_1382,1382.mp4,12.213000,very_short
video-eeg-session-manifest-v2-duration-diversity,,../video_materials/formal_v1/videos,2779,0,duration-bucket-round-robin-v1,[],17,15,vid_1392,1392.mp4,12.237000,very_short
video-eeg-session-manifest-v2-duration-diversity,,../video_materials/formal_v1/videos,2779,0,duration-bucket-round-robin-v1,[],17,15,vid_1412,1412.mp4,12.284000,very_short
video-eeg-session-manifest-v2-duration-diversity,,../video_materials/formal_v1/videos,2779,0,duration-bucket-round-robin-v1,[],17,15,vid_1427,1427.mp4,12.352000,very_short
video-eeg-session-manifest-v2-duration-diversity,,../video_materials/formal_v1/videos,2779,0,duration-bucket-round-robin-v1,[],17,15,vid_1435,1435.mp4,12.377000,very_short
video-eeg-session-manifest-v2-duration-diversity,,../video_materials/formal_v1/videos,2779,0,duration-bucket-round-robin-v1,[],17,15,vid_1467,1467.mp4,12.468000,very_short
video-eeg-session-manifest-v2-duration-diversity,,../video_materials/formal_v1/videos,2779,0,duration-bucket-round-robin-v1,[],17,15,vid_1479,1479.mp4,12.493000,very_short
video-eeg-session-manifest-v2-duration-diversity,,../video_materials/formal_v1/videos,2779,0,duration-bucket-round-robin-v1,[],17,15,vid_1503,1503.mp4,12.539000,very_short
video-eeg-session-manifest-v2-duration-diversity,,../video_materials/formal_v1/videos,2779,0,duration-bucket-round-robin-v1,[],17,15,vid_1506,1506.mp4,12.540000,very_short
video-eeg-session-manifest-v2-duration-diversity,,../video_materials/formal_v1/videos,2779,0,duration-bucket-round-robin-v1,[],17,15,vid_1537,1537.mp4,12.609000,very_short
video-eeg-session-manifest-v2-duration-diversity,,../video_materials/formal_v1/videos,2779,0,duration-bucket-round-robin-v1,[],17,15,vid_1541,1541.mp4,12.631000,very_short
video-eeg-session-manifest-v2-duration-diversity,,../video_materials/formal_v1/videos,2779,0,duration-bucket-round-robin-v1,[],17,15,vid_1565,1565.mp4,12.677000,very_short
video-eeg-session-manifest-v2-duration-diversity,,../video_materials/formal_v1/videos,2779,0,duration-bucket-round-robin-v1,[],17,15,vid_1578,1578.mp4,12.702000,very_short
video-eeg-session-manifest-v2-duration-diversity,,../video_materials/formal_v1/videos,2779,0,duration-bucket-round-robin-v1,[],17,15,vid_1596,1596.mp4,12.748000,short
video-eeg-session-manifest-v2-duration-diversity,,../video_materials/formal_v1/videos,2779,0,duration-bucket-round-robin-v1,[],17,15,vid_1609,1609.mp4,12.771000,short
video-eeg-session-manifest-v2-duration-diversity,,../video_materials/formal_v1/videos,2779,0,duration-bucket-round-robin-v1,[],17,15,vid_1627,1627.mp4,12.840000,short
video-eeg-session-manifest-v2-duration-diversity,,../video_materials/formal_v1/videos,2779,0,duration-bucket-round-robin-v1,[],17,15,vid_1644,1644.mp4,12.886000,short
video-eeg-session-manifest-v2-duration-diversity,,../video_materials/formal_v1/videos,2779,0,duration-bucket-round-robin-v1,[],17,15,vid_1659,1659.mp4,12.911000,short
video-eeg-session-manifest-v2-duration-diversity,,../video_materials/formal_v1/videos,2779,0,duration-bucket-round-robin-v1,[],17,15,vid_1676,1676.mp4,12.954000,short
video-eeg-session-manifest-v2-duration-diversity,,../video_materials/formal_v1/videos,2779,0,duration-bucket-round-robin-v1,[],17,15,vid_1695,1695.mp4,13.000000,short
video-eeg-session-manifest-v2-duration-diversity,,../video_materials/formal_v1/videos,2779,0,duration-bucket-round-robin-v1,[],17,15,vid_1712,1712.mp4,13.027000,short
video-eeg-session-manifest-v2-duration-diversity,,../video_materials/formal_v1/videos,2779,0,duration-bucket-round-robin-v1,[],17,15,vid_1736,1736.mp4,13.095000,short
video-eeg-session-manifest-v2-duration-diversity,,../video_materials/formal_v1/videos,2779,0,duration-bucket-round-robin-v1,[],17,15,vid_1740,1740.mp4,13.097000,short
video-eeg-session-manifest-v2-duration-diversity,,../video_materials/formal_v1/videos,2779,0,duration-bucket-round-robin-v1,[],17,15,vid_1762,1762.mp4,13.165000,short
video-eeg-session-manifest-v2-duration-diversity,,../video_materials/formal_v1/videos,2779,0,duration-bucket-round-robin-v1,[],17,15,vid_1787,1787.mp4,13.236000,short
video-eeg-session-manifest-v2-duration-diversity,,../video_materials/formal_v1/videos,2779,0,duration-bucket-round-robin-v1,[],17,15,vid_1795,1795.mp4,13.259000,short
video-eeg-session-manifest-v2-duration-diversity,,../video_materials/formal_v1/videos,2779,0,duration-bucket-round-robin-v1,[],17,15,vid_1813,1813.mp4,13.300000,short
video-eeg-session-manifest-v2-duration-diversity,,../video_materials/formal_v1/videos,2779,0,duration-bucket-round-robin-v1,[],17,15,vid_1830,1830.mp4,13.352000,short
video-eeg-session-manifest-v2-duration-diversity,,../video_materials/formal_v1/videos,2779,0,duration-bucket-round-robin-v1,[],17,15,vid_1853,1853.mp4,13.434000,short
video-eeg-session-manifest-v2-duration-diversity,,../video_materials/formal_v1/videos,2779,0,duration-bucket-round-robin-v1,[],17,15,vid_1863,1863.mp4,13.468000,short
video-eeg-session-manifest-v2-duration-diversity,,../video_materials/formal_v1/videos,2779,0,duration-bucket-round-robin-v1,[],17,15,vid_1886,1886.mp4,13.560000,short
video-eeg-session-manifest-v2-duration-diversity,,../video_materials/formal_v1/videos,2779,0,duration-bucket-round-robin-v1,[],17,15,vid_1899,1899.mp4,13.608000,short
video-eeg-session-manifest-v2-duration-diversity,,../video_materials/formal_v1/videos,2779,0,duration-bucket-round-robin-v1,[],17,15,vid_1916,1916.mp4,13.654000,short
video-eeg-session-manifest-v2-duration-diversity,,../video_materials/formal_v1/videos,2779,0,duration-bucket-round-robin-v1,[],17,15,vid_1938,1938.mp4,13.722000,short
video-eeg-session-manifest-v2-duration-diversity,,../video_materials/formal_v1/videos,2779,0,duration-bucket-round-robin-v1,[],17,15,vid_1946,1946.mp4,13.745000,short
video-eeg-session-manifest-v2-duration-diversity,,../video_materials/formal_v1/videos,2779,0,duration-bucket-round-robin-v1,[],17,15,vid_1972,1972.mp4,13.815000,short
video-eeg-session-manifest-v2-duration-diversity,,../video_materials/formal_v1/videos,2779,0,duration-bucket-round-robin-v1,[],17,15,vid_1986,1986.mp4,13.863000,short
video-eeg-session-manifest-v2-duration-diversity,,../video_materials/formal_v1/videos,2779,0,duration-bucket-round-robin-v1,[],17,15,vid_2001,2001.mp4,13.886000,short
video-eeg-session-manifest-v2-duration-diversity,,../video_materials/formal_v1/videos,2779,0,duration-bucket-round-robin-v1,[],17,15,vid_2023,2023.mp4,13.976000,short
video-eeg-session-manifest-v2-duration-diversity,,../video_materials/formal_v1/videos,2779,0,duration-bucket-round-robin-v1,[],17,15,vid_2035,2035.mp4,14.002000,short
video-eeg-session-manifest-v2-duration-diversity,,../video_materials/formal_v1/videos,2779,0,duration-bucket-round-robin-v1,[],17,15,vid_2057,2057.mp4,14.072000,short
video-eeg-session-manifest-v2-duration-diversity,,../video_materials/formal_v1/videos,2779,0,duration-bucket-round-robin-v1,[],17,15,vid_2072,2072.mp4,14.118000,short
video-eeg-session-manifest-v2-duration-diversity,,../video_materials/formal_v1/videos,2779,0,duration-bucket-round-robin-v1,[],17,15,vid_2079,2079.mp4,14.141000,short
video-eeg-session-manifest-v2-duration-diversity,,../video_materials/formal_v1/videos,2779,0,duration-bucket-round-robin-v1,[],17,15,vid_2106,2106.mp4,14.208000,short
video-eeg-session-manifest-v2-duration-diversity,,../video_materials/formal_v1/videos,2779,0,duration-bucket-round-robin-v1,[],17,15,vid_2118,2118.mp4,14.234000,short
video-eeg-session-manifest-v2-duration-diversity,,../video_materials/formal_v1/videos,2779,0,duration-bucket-round-robin-v1,[],17,15,vid_2140,2140.mp4,14.303000,short
video-eeg-session-manifest-v2-duration-diversity,,../video_materials/formal_v1/videos,2779,0,duration-bucket-round-robin-v1,[],17,15,vid_2157,2157.mp4,14.349000,short
video-eeg-session-manifest-v2-duration-diversity,,../video_materials/formal_v1/videos,2779,0,duration-bucket-round-robin-v1,[],17,15,vid_2175,2175.mp4,14.397000,short
video-eeg-session-manifest-v2-duration-diversity,,../video_materials/formal_v1/videos,2779,0,duration-bucket-round-robin-v1,[],17,15,vid_2192,2192.mp4,14.447000,short
video-eeg-session-manifest-v2-duration-diversity,,../video_materials/formal_v1/videos,2779,0,duration-bucket-round-robin-v1,[],17,15,vid_2210,2210.mp4,14.513000,short
video-eeg-session-manifest-v2-duration-diversity,,../video_materials/formal_v1/videos,2779,0,duration-bucket-round-robin-v1,[],17,15,vid_2227,2227.mp4,14.536000,short
video-eeg-session-manifest-v2-duration-diversity,,../video_materials/formal_v1/videos,2779,0,duration-bucket-round-robin-v1,[],17,15,vid_2242,2242.mp4,14.559000,short
video-eeg-session-manifest-v2-duration-diversity,,../video_materials/formal_v1/videos,2779,0,duration-bucket-round-robin-v1,[],17,15,vid_2258,2258.mp4,14.583000,short
video-eeg-session-manifest-v2-duration-diversity,,../video_materials/formal_v1/videos,2779,0,duration-bucket-round-robin-v1,[],17,15,vid_2275,2275.mp4,14.651000,short
video-eeg-session-manifest-v2-duration-diversity,,../video_materials/formal_v1/videos,2779,0,duration-bucket-round-robin-v1,[],17,15,vid_2290,2290.mp4,14.674000,short
video-eeg-session-manifest-v2-duration-diversity,,../video_materials/formal_v1/videos,2779,0,duration-bucket-round-robin-v1,[],17,15,vid_2307,2307.mp4,14.699000,short
video-eeg-session-manifest-v2-duration-diversity,,../video_materials/formal_v1/videos,2779,0,duration-bucket-round-robin-v1,[],17,15,vid_2330,2330.mp4,14.744000,short
video-eeg-session-manifest-v2-duration-diversity,,../video_materials/formal_v1/videos,2779,0,duration-bucket-round-robin-v1,[],17,15,vid_2341,2341.mp4,14.768000,short
video-eeg-session-manifest-v2-duration-diversity,,../video_materials/formal_v1/videos,2779,0,duration-bucket-round-robin-v1,[],17,15,vid_2362,2362.mp4,14.810000,short
video-eeg-session-manifest-v2-duration-diversity,,../video_materials/formal_v1/videos,2779,0,duration-bucket-round-robin-v1,[],17,15,vid_2382,2382.mp4,14.838000,short
video-eeg-session-manifest-v2-duration-diversity,,../video_materials/formal_v1/videos,2779,0,duration-bucket-round-robin-v1,[],17,15,vid_2395,2395.mp4,14.880000,short
video-eeg-session-manifest-v2-duration-diversity,,../video_materials/formal_v1/videos,2779,0,duration-bucket-round-robin-v1,[],17,15,vid_2413,2413.mp4,14.884000,short
video-eeg-session-manifest-v2-duration-diversity,,../video_materials/formal_v1/videos,2779,0,duration-bucket-round-robin-v1,[],17,15,vid_2430,2430.mp4,14.921000,short
video-eeg-session-manifest-v2-duration-diversity,,../video_materials/formal_v1/videos,2779,0,duration-bucket-round-robin-v1,[],17,15,vid_2450,2450.mp4,14.931000,short
video-eeg-session-manifest-v2-duration-diversity,,../video_materials/formal_v1/videos,2779,0,duration-bucket-round-robin-v1,[],17,15,vid_2458,2458.mp4,14.954000,short
video-eeg-session-manifest-v2-duration-diversity,,../video_materials/formal_v1/videos,2779,0,duration-bucket-round-robin-v1,[],17,15,vid_2490,2490.mp4,14.977000,short
video-eeg-session-manifest-v2-duration-diversity,,../video_materials/formal_v1/videos,2779,0,duration-bucket-round-robin-v1,[],17,15,vid_2497,2497.mp4,14.999000,short
video-eeg-session-manifest-v2-duration-diversity,,../video_materials/formal_v1/videos,2779,0,duration-bucket-round-robin-v1,[],17,15,vid_2515,2515.mp4,15.021000,short
video-eeg-session-manifest-v2-duration-diversity,,../video_materials/formal_v1/videos,2779,0,duration-bucket-round-robin-v1,[],17,15,vid_2526,2526.mp4,15.024000,short
video-eeg-session-manifest-v2-duration-diversity,,../video_materials/formal_v1/videos,2779,0,duration-bucket-round-robin-v1,[],17,15,vid_2530,2530.mp4,15.024000,short
video-eeg-session-manifest-v2-duration-diversity,,../video_materials/formal_v1/videos,2779,0,duration-bucket-round-robin-v1,[],17,15,vid_2567,2567.mp4,15.046000,short
video-eeg-session-manifest-v2-duration-diversity,,../video_materials/formal_v1/videos,2779,0,duration-bucket-round-robin-v1,[],17,15,vid_2589,2589.mp4,15.047000,short
video-eeg-session-manifest-v2-duration-diversity,,../video_materials/formal_v1/videos,2779,0,duration-bucket-round-robin-v1,[],17,15,vid_2610,2610.mp4,15.047000,short
video-eeg-session-manifest-v2-duration-diversity,,../video_materials/formal_v1/videos,2779,0,duration-bucket-round-robin-v1,[],17,15,vid_2625,2625.mp4,15.069000,short
video-eeg-session-manifest-v2-duration-diversity,,../video_materials/formal_v1/videos,2779,0,duration-bucket-round-robin-v1,[],17,15,vid_2642,2642.mp4,15.069000,short
video-eeg-session-manifest-v2-duration-diversity,,../video_materials/formal_v1/videos,2779,0,duration-bucket-round-robin-v1,[],17,15,vid_2644,2644.mp4,15.069000,short
video-eeg-session-manifest-v2-duration-diversity,,../video_materials/formal_v1/videos,2779,0,duration-bucket-round-robin-v1,[],17,15,vid_2653,2653.mp4,15.069000,short
video-eeg-session-manifest-v2-duration-diversity,,../video_materials/formal_v1/videos,2779,0,duration-bucket-round-robin-v1,[],17,15,vid_2678,2678.mp4,15.070000,short
video-eeg-session-manifest-v2-duration-diversity,,../video_materials/formal_v1/videos,2779,0,duration-bucket-round-robin-v1,[],17,15,vid_2717,2717.mp4,15.070000,short
video-eeg-session-manifest-v2-duration-diversity,,../video_materials/formal_v1/videos,2779,0,duration-bucket-round-robin-v1,[],17,15,vid_2747,2747.mp4,15.070000,short
video-eeg-session-manifest-v2-duration-diversity,,../video_materials/formal_v1/videos,2779,0,duration-bucket-round-robin-v1,[],17,15,vid_2752,2752.mp4,15.070000,short
video-eeg-session-manifest-v2-duration-diversity,,../video_materials/formal_v1/videos,2779,0,duration-bucket-round-robin-v1,[],17,15,vid_2756,2756.mp4,15.070000,short
video-eeg-session-manifest-v2-duration-diversity,,../video_materials/formal_v1/videos,2779,0,duration-bucket-round-robin-v1,[],17,15,vid_2763,2763.mp4,15.070000,short
video-eeg-session-manifest-v2-duration-diversity,,../video_materials/formal_v1/videos,2779,0,duration-bucket-round-robin-v1,[],17,15,vid_2778,2778.mp4,15.070000,short
video-eeg-session-manifest-v2-duration-diversity,,../video_materials/formal_v1/videos,2779,0,duration-bucket-round-robin-v1,[],17,16,vid_0008,0008.mp4,5.479000,very_short
video-eeg-session-manifest-v2-duration-diversity,,../video_materials/formal_v1/videos,2779,0,duration-bucket-round-robin-v1,[],17,16,vid_0009,0009.mp4,5.479000,very_short
video-eeg-session-manifest-v2-duration-diversity,,../video_materials/formal_v1/videos,2779,0,duration-bucket-round-robin-v1,[],17,16,vid_0041,0041.mp4,6.361000,very_short
video-eeg-session-manifest-v2-duration-diversity,,../video_materials/formal_v1/videos,2779,0,duration-bucket-round-robin-v1,[],17,16,vid_0049,0049.mp4,6.477000,very_short
video-eeg-session-manifest-v2-duration-diversity,,../video_materials/formal_v1/videos,2779,0,duration-bucket-round-robin-v1,[],17,16,vid_0070,0070.mp4,6.826000,very_short
video-eeg-session-manifest-v2-duration-diversity,,../video_materials/formal_v1/videos,2779,0,duration-bucket-round-robin-v1,[],17,16,vid_0082,0082.mp4,6.987000,very_short
video-eeg-session-manifest-v2-duration-diversity,,../video_materials/formal_v1/videos,2779,0,duration-bucket-round-robin-v1,[],17,16,vid_0094,0094.mp4,7.103000,very_short
video-eeg-session-manifest-v2-duration-diversity,,../video_materials/formal_v1/videos,2779,0,duration-bucket-round-robin-v1,[],17,16,vid_0118,0118.mp4,7.196000,very_short
video-eeg-session-manifest-v2-duration-diversity,,../video_materials/formal_v1/videos,2779,0,duration-bucket-round-robin-v1,[],17,16,vid_0139,0139.mp4,7.267000,very_short
video-eeg-session-manifest-v2-duration-diversity,,../video_materials/formal_v1/videos,2779,0,duration-bucket-round-robin-v1,[],17,16,vid_0154,0154.mp4,7.453000,very_short
video-eeg-session-manifest-v2-duration-diversity,,../video_materials/formal_v1/videos,2779,0,duration-bucket-round-robin-v1,[],17,16,vid_0168,0168.mp4,7.571000,very_short
video-eeg-session-manifest-v2-duration-diversity,,../video_materials/formal_v1/videos,2779,0,duration-bucket-round-robin-v1,[],17,16,vid_0190,0190.mp4,7.824000,very_short
video-eeg-session-manifest-v2-duration-diversity,,../video_materials/formal_v1/videos,2779,0,duration-bucket-round-robin-v1,[],17,16,vid_0201,0201.mp4,7.940000,very_short
video-eeg-session-manifest-v2-duration-diversity,,../video_materials/formal_v1/videos,2779,0,duration-bucket-round-robin-v1,[],17,16,vid_0222,0222.mp4,8.056000,very_short
video-eeg-session-manifest-v2-duration-diversity,,../video_materials/formal_v1/videos,2779,0,duration-bucket-round-robin-v1,[],17,16,vid_0233,0233.mp4,8.126000,very_short
video-eeg-session-manifest-v2-duration-diversity,,../video_materials/formal_v1/videos,2779,0,duration-bucket-round-robin-v1,[],17,16,vid_0255,0255.mp4,8.405000,very_short
video-eeg-session-manifest-v2-duration-diversity,,../video_materials/formal_v1/videos,2779,0,duration-bucket-round-robin-v1,[],17,16,vid_0271,0271.mp4,8.569000,very_short
video-eeg-session-manifest-v2-duration-diversity,,../video_materials/formal_v1/videos,2779,0,duration-bucket-round-robin-v1,[],17,16,vid_0290,0290.mp4,8.728000,very_short
video-eeg-session-manifest-v2-duration-diversity,,../video_materials/formal_v1/videos,2779,0,duration-bucket-round-robin-v1,[],17,16,vid_0305,0305.mp4,8.869000,very_short
video-eeg-session-manifest-v2-duration-diversity,,../video_materials/formal_v1/videos,2779,0,duration-bucket-round-robin-v1,[],17,16,vid_0329,0329.mp4,9.055000,very_short
video-eeg-session-manifest-v2-duration-diversity,,../video_materials/formal_v1/videos,2779,0,duration-bucket-round-robin-v1,[],17,16,vid_0335,0335.mp4,9.125000,very_short
video-eeg-session-manifest-v2-duration-diversity,,../video_materials/formal_v1/videos,2779,0,duration-bucket-round-robin-v1,[],17,16,vid_0355,0355.mp4,9.334000,very_short
video-eeg-session-manifest-v2-duration-diversity,,../video_materials/formal_v1/videos,2779,0,duration-bucket-round-robin-v1,[],17,16,vid_0375,0375.mp4,9.496000,very_short
video-eeg-session-manifest-v2-duration-diversity,,../video_materials/formal_v1/videos,2779,0,duration-bucket-round-robin-v1,[],17,16,vid_0392,0392.mp4,9.704000,very_short
video-eeg-session-manifest-v2-duration-diversity,,../video_materials/formal_v1/videos,2779,0,duration-bucket-round-robin-v1,[],17,16,vid_0408,0408.mp4,9.937000,very_short
video-eeg-session-manifest-v2-duration-diversity,,../video_materials/formal_v1/videos,2779,0,duration-bucket-round-robin-v1,[],17,16,vid_0425,0425.mp4,10.053000,very_short
video-eeg-session-manifest-v2-duration-diversity,,../video_materials/formal_v1/videos,2779,0,duration-bucket-round-robin-v1,[],17,16,vid_0447,0447.mp4,10.078000,very_short
video-eeg-session-manifest-v2-duration-diversity,,../video_materials/formal_v1/videos,2779,0,duration-bucket-round-robin-v1,[],17,16,vid_0451,0451.mp4,10.100000,very_short
video-eeg-session-manifest-v2-duration-diversity,,../video_materials/formal_v1/videos,2779,0,duration-bucket-round-robin-v1,[],17,16,vid_0481,0481.mp4,10.134000,very_short
video-eeg-session-manifest-v2-duration-diversity,,../video_materials/formal_v1/videos,2779,0,duration-bucket-round-robin-v1,[],17,16,vid_0489,0489.mp4,10.148000,very_short
video-eeg-session-manifest-v2-duration-diversity,,../video_materials/formal_v1/videos,2779,0,duration-bucket-round-robin-v1,[],17,16,vid_0518,0518.mp4,10.217000,very_short
video-eeg-session-manifest-v2-duration-diversity,,../video_materials/formal_v1/videos,2779,0,duration-bucket-round-robin-v1,[],17,16,vid_0521,0521.mp4,10.217000,very_short
video-eeg-session-manifest-v2-duration-diversity,,../video_materials/formal_v1/videos,2779,0,duration-bucket-round-robin-v1,[],17,16,vid_0550,0550.mp4,10.287000,very_short
video-eeg-session-manifest-v2-duration-diversity,,../video_materials/formal_v1/videos,2779,0,duration-bucket-round-robin-v1,[],17,16,vid_0568,0568.mp4,10.332000,very_short
video-eeg-session-manifest-v2-duration-diversity,,../video_materials/formal_v1/videos,2779,0,duration-bucket-round-robin-v1,[],17,16,vid_0582,0582.mp4,10.357000,very_short
video-eeg-session-manifest-v2-duration-diversity,,../video_materials/formal_v1/videos,2779,0,duration-bucket-round-robin-v1,[],17,16,vid_0594,0594.mp4,10.380000,very_short
video-eeg-session-manifest-v2-duration-diversity,,../video_materials/formal_v1/videos,2779,0,duration-bucket-round-robin-v1,[],17,16,vid_0608,0608.mp4,10.415000,very_short
video-eeg-session-manifest-v2-duration-diversity,,../video_materials/formal_v1/videos,2779,0,duration-bucket-round-robin-v1,[],17,16,vid_0628,0628.mp4,10.470000,very_short
video-eeg-session-manifest-v2-duration-diversity,,../video_materials/formal_v1/videos,2779,0,duration-bucket-round-robin-v1,[],17,16,vid_0641,0641.mp4,10.496000,very_short
video-eeg-session-manifest-v2-duration-diversity,,../video_materials/formal_v1/videos,2779,0,duration-bucket-round-robin-v1,[],17,16,vid_0656,0656.mp4,10.541000,very_short
video-eeg-session-manifest-v2-duration-diversity,,../video_materials/formal_v1/videos,2779,0,duration-bucket-round-robin-v1,[],17,16,vid_0680,0680.mp4,10.587000,very_short
video-eeg-session-manifest-v2-duration-diversity,,../video_materials/formal_v1/videos,2779,0,duration-bucket-round-robin-v1,[],17,16,vid_0698,0698.mp4,10.611000,very_short
video-eeg-session-manifest-v2-duration-diversity,,../video_materials/formal_v1/videos,2779,0,duration-bucket-round-robin-v1,[],17,16,vid_0718,0718.mp4,10.657000,very_short
video-eeg-session-manifest-v2-duration-diversity,,../video_materials/formal_v1/videos,2779,0,duration-bucket-round-robin-v1,[],17,16,vid_0724,0724.mp4,10.680000,very_short
video-eeg-session-manifest-v2-duration-diversity,,../video_materials/formal_v1/videos,2779,0,duration-bucket-round-robin-v1,[],17,16,vid_0753,0753.mp4,10.750000,very_short
video-eeg-session-manifest-v2-duration-diversity,,../video_materials/formal_v1/videos,2779,0,duration-bucket-round-robin-v1,[],17,16,vid_0761,0761.mp4,10.773000,very_short
video-eeg-session-manifest-v2-duration-diversity,,../video_materials/formal_v1/videos,2779,0,duration-bucket-round-robin-v1,[],17,16,vid_0785,0785.mp4,10.843000,very_short
video-eeg-session-manifest-v2-duration-diversity,,../video_materials/formal_v1/videos,2779,0,duration-bucket-round-robin-v1,[],17,16,vid_0793,0793.mp4,10.867000,very_short
video-eeg-session-manifest-v2-duration-diversity,,../video_materials/formal_v1/videos,2779,0,duration-bucket-round-robin-v1,[],17,16,vid_0816,0816.mp4,10.936000,very_short
video-eeg-session-manifest-v2-duration-diversity,,../video_materials/formal_v1/videos,2779,0,duration-bucket-round-robin-v1,[],17,16,vid_0828,0828.mp4,10.959000,very_short
video-eeg-session-manifest-v2-duration-diversity,,../video_materials/formal_v1/videos,2779,0,duration-bucket-round-robin-v1,[],17,16,vid_0843,0843.mp4,10.982000,very_short
video-eeg-session-manifest-v2-duration-diversity,,../video_materials/formal_v1/videos,2779,0,duration-bucket-round-robin-v1,[],17,16,vid_0866,0866.mp4,11.029000,very_short
video-eeg-session-manifest-v2-duration-diversity,,../video_materials/formal_v1/videos,2779,0,duration-bucket-round-robin-v1,[],17,16,vid_0891,0891.mp4,11.075000,very_short
video-eeg-session-manifest-v2-duration-diversity,,../video_materials/formal_v1/videos,2779,0,duration-bucket-round-robin-v1,[],17,16,vid_0892,0892.mp4,11.098000,very_short
video-eeg-session-manifest-v2-duration-diversity,,../video_materials/formal_v1/videos,2779,0,duration-bucket-round-robin-v1,[],17,16,vid_0924,0924.mp4,11.169000,very_short
video-eeg-session-manifest-v2-duration-diversity,,../video_materials/formal_v1/videos,2779,0,duration-bucket-round-robin-v1,[],17,16,vid_0935,0935.mp4,11.193000,very_short
video-eeg-session-manifest-v2-duration-diversity,,../video_materials/formal_v1/videos,2779,0,duration-bucket-round-robin-v1,[],17,16,vid_0944,0944.mp4,11.214000,very_short
video-eeg-session-manifest-v2-duration-diversity,,../video_materials/formal_v1/videos,2779,0,duration-bucket-round-robin-v1,[],17,16,vid_0974,0974.mp4,11.306000,very_short
video-eeg-session-manifest-v2-duration-diversity,,../video_materials/formal_v1/videos,2779,0,duration-bucket-round-robin-v1,[],17,16,vid_0988,0988.mp4,11.332000,very_short
video-eeg-session-manifest-v2-duration-diversity,,../video_materials/formal_v1/videos,2779,0,duration-bucket-round-robin-v1,[],17,16,vid_1001,1001.mp4,11.355000,very_short
video-eeg-session-manifest-v2-duration-diversity,,../video_materials/formal_v1/videos,2779,0,duration-bucket-round-robin-v1,[],17,16,vid_1026,1026.mp4,11.425000,very_short
video-eeg-session-manifest-v2-duration-diversity,,../video_materials/formal_v1/videos,2779,0,duration-bucket-round-robin-v1,[],17,16,vid_1042,1042.mp4,11.448000,very_short
video-eeg-session-manifest-v2-duration-diversity,,../video_materials/formal_v1/videos,2779,0,duration-bucket-round-robin-v1,[],17,16,vid_1053,1053.mp4,11.494000,very_short
video-eeg-session-manifest-v2-duration-diversity,,../video_materials/formal_v1/videos,2779,0,duration-bucket-round-robin-v1,[],17,16,vid_1076,1076.mp4,11.541000,very_short
video-eeg-session-manifest-v2-duration-diversity,,../video_materials/formal_v1/videos,2779,0,duration-bucket-round-robin-v1,[],17,16,vid_1080,1080.mp4,11.541000,very_short
video-eeg-session-manifest-v2-duration-diversity,,../video_materials/formal_v1/videos,2779,0,duration-bucket-round-robin-v1,[],17,16,vid_1113,1113.mp4,11.609000,very_short
video-eeg-session-manifest-v2-duration-diversity,,../video_materials/formal_v1/videos,2779,0,duration-bucket-round-robin-v1,[],17,16,vid_1120,1120.mp4,11.610000,very_short
video-eeg-session-manifest-v2-duration-diversity,,../video_materials/formal_v1/videos,2779,0,duration-bucket-round-robin-v1,[],17,16,vid_1133,1133.mp4,11.634000,very_short
video-eeg-session-manifest-v2-duration-diversity,,../video_materials/formal_v1/videos,2779,0,duration-bucket-round-robin-v1,[],17,16,vid_1159,1159.mp4,11.725000,very_short
video-eeg-session-manifest-v2-duration-diversity,,../video_materials/formal_v1/videos,2779,0,duration-bucket-round-robin-v1,[],17,16,vid_1168,1168.mp4,11.734000,very_short
video-eeg-session-manifest-v2-duration-diversity,,../video_materials/formal_v1/videos,2779,0,duration-bucket-round-robin-v1,[],17,16,vid_1189,1189.mp4,11.795000,very_short
video-eeg-session-manifest-v2-duration-diversity,,../video_materials/formal_v1/videos,2779,0,duration-bucket-round-robin-v1,[],17,16,vid_1207,1207.mp4,11.819000,very_short
video-eeg-session-manifest-v2-duration-diversity,,../video_materials/formal_v1/videos,2779,0,duration-bucket-round-robin-v1,[],17,16,vid_1220,1220.mp4,11.843000,very_short
video-eeg-session-manifest-v2-duration-diversity,,../video_materials/formal_v1/videos,2779,0,duration-bucket-round-robin-v1,[],17,16,vid_1242,1242.mp4,11.889000,very_short
video-eeg-session-manifest-v2-duration-diversity,,../video_materials/formal_v1/videos,2779,0,duration-bucket-round-robin-v1,[],17,16,vid_1250,1250.mp4,11.911000,very_short
video-eeg-session-manifest-v2-duration-diversity,,../video_materials/formal_v1/videos,2779,0,duration-bucket-round-robin-v1,[],17,16,vid_1279,1279.mp4,11.979000,very_short
video-eeg-session-manifest-v2-duration-diversity,,../video_materials/formal_v1/videos,2779,0,duration-bucket-round-robin-v1,[],17,16,vid_1289,1289.mp4,11.982000,very_short
video-eeg-session-manifest-v2-duration-diversity,,../video_materials/formal_v1/videos,2779,0,duration-bucket-round-robin-v1,[],17,16,vid_1314,1314.mp4,12.050000,very_short
video-eeg-session-manifest-v2-duration-diversity,,../video_materials/formal_v1/videos,2779,0,duration-bucket-round-robin-v1,[],17,16,vid_1332,1332.mp4,12.075000,very_short
video-eeg-session-manifest-v2-duration-diversity,,../video_materials/formal_v1/videos,2779,0,duration-bucket-round-robin-v1,[],17,16,vid_1335,1335.mp4,12.075000,very_short
video-eeg-session-manifest-v2-duration-diversity,,../video_materials/formal_v1/videos,2779,0,duration-bucket-round-robin-v1,[],17,16,vid_1369,1369.mp4,12.190000,very_short
video-eeg-session-manifest-v2-duration-diversity,,../video_materials/formal_v1/videos,2779,0,duration-bucket-round-robin-v1,[],17,16,vid_1376,1376.mp4,12.191000,very_short
video-eeg-session-manifest-v2-duration-diversity,,../video_materials/formal_v1/videos,2779,0,duration-bucket-round-robin-v1,[],17,16,vid_1388,1388.mp4,12.234000,very_short
video-eeg-session-manifest-v2-duration-diversity,,../video_materials/formal_v1/videos,2779,0,duration-bucket-round-robin-v1,[],17,16,vid_1416,1416.mp4,12.306000,very_short
video-eeg-session-manifest-v2-duration-diversity,,../video_materials/formal_v1/videos,2779,0,duration-bucket-round-robin-v1,[],17,16,vid_1421,1421.mp4,12.329000,very_short
video-eeg-session-manifest-v2-duration-diversity,,../video_materials/formal_v1/videos,2779,0,duration-bucket-round-robin-v1,[],17,16,vid_1453,1453.mp4,12.422000,very_short
video-eeg-session-manifest-v2-duration-diversity,,../video_materials/formal_v1/videos,2779,0,duration-bucket-round-robin-v1,[],17,16,vid_1458,1458.mp4,12.423000,very_short
video-eeg-session-manifest-v2-duration-diversity,,../video_materials/formal_v1/videos,2779,0,duration-bucket-round-robin-v1,[],17,16,vid_1475,1475.mp4,12.491000,very_short
video-eeg-session-manifest-v2-duration-diversity,,../video_materials/formal_v1/videos,2779,0,duration-bucket-round-robin-v1,[],17,16,vid_1494,1494.mp4,12.534000,very_short
video-eeg-session-manifest-v2-duration-diversity,,../video_materials/formal_v1/videos,2779,0,duration-bucket-round-robin-v1,[],17,16,vid_1515,1515.mp4,12.561000,very_short
video-eeg-session-manifest-v2-duration-diversity,,../video_materials/formal_v1/videos,2779,0,duration-bucket-round-robin-v1,[],17,16,vid_1527,1527.mp4,12.586000,very_short
video-eeg-session-manifest-v2-duration-diversity,,../video_materials/formal_v1/videos,2779,0,duration-bucket-round-robin-v1,[],17,16,vid_1542,1542.mp4,12.631000,very_short
video-eeg-session-manifest-v2-duration-diversity,,../video_materials/formal_v1/videos,2779,0,duration-bucket-round-robin-v1,[],17,16,vid_1571,1571.mp4,12.700000,very_short
video-eeg-session-manifest-v2-duration-diversity,,../video_materials/formal_v1/videos,2779,0,duration-bucket-round-robin-v1,[],17,16,vid_1574,1574.mp4,12.700000,very_short
video-eeg-session-manifest-v2-duration-diversity,,../video_materials/formal_v1/videos,2779,0,duration-bucket-round-robin-v1,[],17,16,vid_1599,1599.mp4,12.748000,short
video-eeg-session-manifest-v2-duration-diversity,,../video_materials/formal_v1/videos,2779,0,duration-bucket-round-robin-v1,[],17,16,vid_1624,1624.mp4,12.818000,short
video-eeg-session-manifest-v2-duration-diversity,,../video_materials/formal_v1/videos,2779,0,duration-bucket-round-robin-v1,[],17,16,vid_1640,1640.mp4,12.864000,short
video-eeg-session-manifest-v2-duration-diversity,,../video_materials/formal_v1/videos,2779,0,duration-bucket-round-robin-v1,[],17,16,vid_1653,1653.mp4,12.888000,short
video-eeg-session-manifest-v2-duration-diversity,,../video_materials/formal_v1/videos,2779,0,duration-bucket-round-robin-v1,[],17,16,vid_1671,1671.mp4,12.934000,short
video-eeg-session-manifest-v2-duration-diversity,,../video_materials/formal_v1/videos,2779,0,duration-bucket-round-robin-v1,[],17,16,vid_1685,1685.mp4,12.957000,short
video-eeg-session-manifest-v2-duration-diversity,,../video_materials/formal_v1/videos,2779,0,duration-bucket-round-robin-v1,[],17,16,vid_1700,1700.mp4,13.025000,short
video-eeg-session-manifest-v2-duration-diversity,,../video_materials/formal_v1/videos,2779,0,duration-bucket-round-robin-v1,[],17,16,vid_1723,1723.mp4,13.050000,short
video-eeg-session-manifest-v2-duration-diversity,,../video_materials/formal_v1/videos,2779,0,duration-bucket-round-robin-v1,[],17,16,vid_1742,1742.mp4,13.097000,short
video-eeg-session-manifest-v2-duration-diversity,,../video_materials/formal_v1/videos,2779,0,duration-bucket-round-robin-v1,[],17,16,vid_1757,1757.mp4,13.143000,short
video-eeg-session-manifest-v2-duration-diversity,,../video_materials/formal_v1/videos,2779,0,duration-bucket-round-robin-v1,[],17,16,vid_1778,1778.mp4,13.189000,short
video-eeg-session-manifest-v2-duration-diversity,,../video_materials/formal_v1/videos,2779,0,duration-bucket-round-robin-v1,[],17,16,vid_1786,1786.mp4,13.236000,short
video-eeg-session-manifest-v2-duration-diversity,,../video_materials/formal_v1/videos,2779,0,duration-bucket-round-robin-v1,[],17,16,vid_1809,1809.mp4,13.282000,short
video-eeg-session-manifest-v2-duration-diversity,,../video_materials/formal_v1/videos,2779,0,duration-bucket-round-robin-v1,[],17,16,vid_1823,1823.mp4,13.327000,short
video-eeg-session-manifest-v2-duration-diversity,,../video_materials/formal_v1/videos,2779,0,duration-bucket-round-robin-v1,[],17,16,vid_1844,1844.mp4,13.398000,short
video-eeg-session-manifest-v2-duration-diversity,,../video_materials/formal_v1/videos,2779,0,duration-bucket-round-robin-v1,[],17,16,vid_1855,1855.mp4,13.443000,short
video-eeg-session-manifest-v2-duration-diversity,,../video_materials/formal_v1/videos,2779,0,duration-bucket-round-robin-v1,[],17,16,vid_1873,1873.mp4,13.515000,short
video-eeg-session-manifest-v2-duration-diversity,,../video_materials/formal_v1/videos,2779,0,duration-bucket-round-robin-v1,[],17,16,vid_1894,1894.mp4,13.600000,short
video-eeg-session-manifest-v2-duration-diversity,,../video_materials/formal_v1/videos,2779,0,duration-bucket-round-robin-v1,[],17,16,vid_1910,1910.mp4,13.634000,short
video-eeg-session-manifest-v2-duration-diversity,,../video_materials/formal_v1/videos,2779,0,duration-bucket-round-robin-v1,[],17,16,vid_1927,1927.mp4,13.677000,short
video-eeg-session-manifest-v2-duration-diversity,,../video_materials/formal_v1/videos,2779,0,duration-bucket-round-robin-v1,[],17,16,vid_1941,1941.mp4,13.723000,short
video-eeg-session-manifest-v2-duration-diversity,,../video_materials/formal_v1/videos,2779,0,duration-bucket-round-robin-v1,[],17,16,vid_1956,1956.mp4,13.769000,short
video-eeg-session-manifest-v2-duration-diversity,,../video_materials/formal_v1/videos,2779,0,duration-bucket-round-robin-v1,[],17,16,vid_1979,1979.mp4,13.840000,short
video-eeg-session-manifest-v2-duration-diversity,,../video_materials/formal_v1/videos,2779,0,duration-bucket-round-robin-v1,[],17,16,vid_1993,1993.mp4,13.885000,short
video-eeg-session-manifest-v2-duration-diversity,,../video_materials/formal_v1/videos,2779,0,duration-bucket-round-robin-v1,[],17,16,vid_2012,2012.mp4,13.932000,short
video-eeg-session-manifest-v2-duration-diversity,,../video_materials/formal_v1/videos,2779,0,duration-bucket-round-robin-v1,[],17,16,vid_2029,2029.mp4,13.979000,short
video-eeg-session-manifest-v2-duration-diversity,,../video_materials/formal_v1/videos,2779,0,duration-bucket-round-robin-v1,[],17,16,vid_2051,2051.mp4,14.049000,short
video-eeg-session-manifest-v2-duration-diversity,,../video_materials/formal_v1/videos,2779,0,duration-bucket-round-robin-v1,[],17,16,vid_2065,2065.mp4,14.095000,short
video-eeg-session-manifest-v2-duration-diversity,,../video_materials/formal_v1/videos,2779,0,duration-bucket-round-robin-v1,[],17,16,vid_2085,2085.mp4,14.141000,short
video-eeg-session-manifest-v2-duration-diversity,,../video_materials/formal_v1/videos,2779,0,duration-bucket-round-robin-v1,[],17,16,vid_2093,2093.mp4,14.165000,short
video-eeg-session-manifest-v2-duration-diversity,,../video_materials/formal_v1/videos,2779,0,duration-bucket-round-robin-v1,[],17,16,vid_2114,2114.mp4,14.233000,short
video-eeg-session-manifest-v2-duration-diversity,,../video_materials/formal_v1/videos,2779,0,duration-bucket-round-robin-v1,[],17,16,vid_2126,2126.mp4,14.258000,short
video-eeg-session-manifest-v2-duration-diversity,,../video_materials/formal_v1/videos,2779,0,duration-bucket-round-robin-v1,[],17,16,vid_2147,2147.mp4,14.326000,short
video-eeg-session-manifest-v2-duration-diversity,,../video_materials/formal_v1/videos,2779,0,duration-bucket-round-robin-v1,[],17,16,vid_2160,2160.mp4,14.350000,short
video-eeg-session-manifest-v2-duration-diversity,,../video_materials/formal_v1/videos,2779,0,duration-bucket-round-robin-v1,[],17,16,vid_2181,2181.mp4,14.420000,short
video-eeg-session-manifest-v2-duration-diversity,,../video_materials/formal_v1/videos,2779,0,duration-bucket-round-robin-v1,[],17,16,vid_2194,2194.mp4,14.465000,short
video-eeg-session-manifest-v2-duration-diversity,,../video_materials/formal_v1/videos,2779,0,duration-bucket-round-robin-v1,[],17,16,vid_2211,2211.mp4,14.513000,short
video-eeg-session-manifest-v2-duration-diversity,,../video_materials/formal_v1/videos,2779,0,duration-bucket-round-robin-v1,[],17,16,vid_2230,2230.mp4,14.558000,short
video-eeg-session-manifest-v2-duration-diversity,,../video_materials/formal_v1/videos,2779,0,duration-bucket-round-robin-v1,[],17,16,vid_2241,2241.mp4,14.559000,short
video-eeg-session-manifest-v2-duration-diversity,,../video_materials/formal_v1/videos,2779,0,duration-bucket-round-robin-v1,[],17,16,vid_2262,2262.mp4,14.604000,short
video-eeg-session-manifest-v2-duration-diversity,,../video_materials/formal_v1/videos,2779,0,duration-bucket-round-robin-v1,[],17,16,vid_2278,2278.mp4,14.651000,short
video-eeg-session-manifest-v2-duration-diversity,,../video_materials/formal_v1/videos,2779,0,duration-bucket-round-robin-v1,[],17,16,vid_2301,2301.mp4,14.697000,short
video-eeg-session-manifest-v2-duration-diversity,,../video_materials/formal_v1/videos,2779,0,duration-bucket-round-robin-v1,[],17,16,vid_2314,2314.mp4,14.720000,short
video-eeg-session-manifest-v2-duration-diversity,,../video_materials/formal_v1/videos,2779,0,duration-bucket-round-robin-v1,[],17,16,vid_2328,2328.mp4,14.744000,short
video-eeg-session-manifest-v2-duration-diversity,,../video_materials/formal_v1/videos,2779,0,duration-bucket-round-robin-v1,[],17,16,vid_2347,2347.mp4,14.786000,short
video-eeg-session-manifest-v2-duration-diversity,,../video_materials/formal_v1/videos,2779,0,duration-bucket-round-robin-v1,[],17,16,vid_2364,2364.mp4,14.813000,short
video-eeg-session-manifest-v2-duration-diversity,,../video_materials/formal_v1/videos,2779,0,duration-bucket-round-robin-v1,[],17,16,vid_2376,2376.mp4,14.838000,short
video-eeg-session-manifest-v2-duration-diversity,,../video_materials/formal_v1/videos,2779,0,duration-bucket-round-robin-v1,[],17,16,vid_2398,2398.mp4,14.882000,short
video-eeg-session-manifest-v2-duration-diversity,,../video_materials/formal_v1/videos,2779,0,duration-bucket-round-robin-v1,[],17,16,vid_2411,2411.mp4,14.884000,short
video-eeg-session-manifest-v2-duration-diversity,,../video_materials/formal_v1/videos,2779,0,duration-bucket-round-robin-v1,[],17,16,vid_2436,2436.mp4,14.929000,short
video-eeg-session-manifest-v2-duration-diversity,,../video_materials/formal_v1/videos,2779,0,duration-bucket-round-robin-v1,[],17,16,vid_2446,2446.mp4,14.931000,short
video-eeg-session-manifest-v2-duration-diversity,,../video_materials/formal_v1/videos,2779,0,duration-bucket-round-robin-v1,[],17,16,vid_2466,2466.mp4,14.959000,short
video-eeg-session-manifest-v2-duration-diversity,,../video_materials/formal_v1/videos,2779,0,duration-bucket-round-robin-v1,[],17,16,vid_2484,2484.mp4,14.977000,short
video-eeg-session-manifest-v2-duration-diversity,,../video_materials/formal_v1/videos,2779,0,duration-bucket-round-robin-v1,[],17,16,vid_2500,2500.mp4,15.000000,short
video-eeg-session-manifest-v2-duration-diversity,,../video_materials/formal_v1/videos,2779,0,duration-bucket-round-robin-v1,[],17,16,vid_2516,2516.mp4,15.022000,short
video-eeg-session-manifest-v2-duration-diversity,,../video_materials/formal_v1/videos,2779,0,duration-bucket-round-robin-v1,[],17,16,vid_2535,2535.mp4,15.024000,short
video-eeg-session-manifest-v2-duration-diversity,,../video_materials/formal_v1/videos,2779,0,duration-bucket-round-robin-v1,[],17,16,vid_2538,2538.mp4,15.024000,short
video-eeg-session-manifest-v2-duration-diversity,,../video_materials/formal_v1/videos,2779,0,duration-bucket-round-robin-v1,[],17,16,vid_2580,2580.mp4,15.046000,short
video-eeg-session-manifest-v2-duration-diversity,,../video_materials/formal_v1/videos,2779,0,duration-bucket-round-robin-v1,[],17,16,vid_2584,2584.mp4,15.047000,short
video-eeg-session-manifest-v2-duration-diversity,,../video_materials/formal_v1/videos,2779,0,duration-bucket-round-robin-v1,[],17,16,vid_2604,2604.mp4,15.047000,short
video-eeg-session-manifest-v2-duration-diversity,,../video_materials/formal_v1/videos,2779,0,duration-bucket-round-robin-v1,[],17,16,vid_2634,2634.mp4,15.069000,short
video-eeg-session-manifest-v2-duration-diversity,,../video_materials/formal_v1/videos,2779,0,duration-bucket-round-robin-v1,[],17,16,vid_2643,2643.mp4,15.069000,short
video-eeg-session-manifest-v2-duration-diversity,,../video_materials/formal_v1/videos,2779,0,duration-bucket-round-robin-v1,[],17,16,vid_2647,2647.mp4,15.069000,short
video-eeg-session-manifest-v2-duration-diversity,,../video_materials/formal_v1/videos,2779,0,duration-bucket-round-robin-v1,[],17,16,vid_2650,2650.mp4,15.069000,short
video-eeg-session-manifest-v2-duration-diversity,,../video_materials/formal_v1/videos,2779,0,duration-bucket-round-robin-v1,[],17,16,vid_2683,2683.mp4,15.070000,short
video-eeg-session-manifest-v2-duration-diversity,,../video_materials/formal_v1/videos,2779,0,duration-bucket-round-robin-v1,[],17,16,vid_2686,2686.mp4,15.070000,short
video-eeg-session-manifest-v2-duration-diversity,,../video_materials/formal_v1/videos,2779,0,duration-bucket-round-robin-v1,[],17,16,vid_2707,2707.mp4,15.070000,short
video-eeg-session-manifest-v2-duration-diversity,,../video_materials/formal_v1/videos,2779,0,duration-bucket-round-robin-v1,[],17,16,vid_2738,2738.mp4,15.070000,short
video-eeg-session-manifest-v2-duration-diversity,,../video_materials/formal_v1/videos,2779,0,duration-bucket-round-robin-v1,[],17,16,vid_2766,2766.mp4,15.070000,short
video-eeg-session-manifest-v2-duration-diversity,,../video_materials/formal_v1/videos,2779,0,duration-bucket-round-robin-v1,[],17,16,vid_6990,6990.mp4,42.778000,very_long
video-eeg-session-manifest-v2-duration-diversity,,../video_materials/formal_v1/videos,2779,0,duration-bucket-round-robin-v1,[],17,17,vid_0025,0025.mp4,6.129000,very_short
video-eeg-session-manifest-v2-duration-diversity,,../video_materials/formal_v1/videos,2779,0,duration-bucket-round-robin-v1,[],17,17,vid_0029,0029.mp4,6.152000,very_short
video-eeg-session-manifest-v2-duration-diversity,,../video_materials/formal_v1/videos,2779,0,duration-bucket-round-robin-v1,[],17,17,vid_0054,0054.mp4,6.570000,very_short
video-eeg-session-manifest-v2-duration-diversity,,../video_materials/formal_v1/videos,2779,0,duration-bucket-round-robin-v1,[],17,17,vid_0066,0066.mp4,6.779000,very_short
video-eeg-session-manifest-v2-duration-diversity,,../video_materials/formal_v1/videos,2779,0,duration-bucket-round-robin-v1,[],17,17,vid_0089,0089.mp4,7.035000,very_short
video-eeg-session-manifest-v2-duration-diversity,,../video_materials/formal_v1/videos,2779,0,duration-bucket-round-robin-v1,[],17,17,vid_0104,0104.mp4,7.128000,very_short
video-eeg-session-manifest-v2-duration-diversity,,../video_materials/formal_v1/videos,2779,0,duration-bucket-round-robin-v1,[],17,17,vid_0123,0123.mp4,7.197000,very_short
video-eeg-session-manifest-v2-duration-diversity,,../video_materials/formal_v1/videos,2779,0,duration-bucket-round-robin-v1,[],17,17,vid_0138,0138.mp4,7.267000,very_short
video-eeg-session-manifest-v2-duration-diversity,,../video_materials/formal_v1/videos,2779,0,duration-bucket-round-robin-v1,[],17,17,vid_0152,0152.mp4,7.406000,very_short
video-eeg-session-manifest-v2-duration-diversity,,../video_materials/formal_v1/videos,2779,0,duration-bucket-round-robin-v1,[],17,17,vid_0177,0177.mp4,7.662000,very_short
video-eeg-session-manifest-v2-duration-diversity,,../video_materials/formal_v1/videos,2779,0,duration-bucket-round-robin-v1,[],17,17,vid_0182,0182.mp4,7.708000,very_short
video-eeg-session-manifest-v2-duration-diversity,,../video_materials/formal_v1/videos,2779,0,duration-bucket-round-robin-v1,[],17,17,vid_0209,0209.mp4,7.987000,very_short
video-eeg-session-manifest-v2-duration-diversity,,../video_materials/formal_v1/videos,2779,0,duration-bucket-round-robin-v1,[],17,17,vid_0225,0225.mp4,8.080000,very_short
video-eeg-session-manifest-v2-duration-diversity,,../video_materials/formal_v1/videos,2779,0,duration-bucket-round-robin-v1,[],17,17,vid_0239,0239.mp4,8.148000,very_short
video-eeg-session-manifest-v2-duration-diversity,,../video_materials/formal_v1/videos,2779,0,duration-bucket-round-robin-v1,[],17,17,vid_0254,0254.mp4,8.335000,very_short
video-eeg-session-manifest-v2-duration-diversity,,../video_materials/formal_v1/videos,2779,0,duration-bucket-round-robin-v1,[],17,17,vid_0275,0275.mp4,8.590000,very_short
video-eeg-session-manifest-v2-duration-diversity,,../video_materials/formal_v1/videos,2779,0,duration-bucket-round-robin-v1,[],17,17,vid_0296,0296.mp4,8.776000,very_short
video-eeg-session-manifest-v2-duration-diversity,,../video_materials/formal_v1/videos,2779,0,duration-bucket-round-robin-v1,[],17,17,vid_0300,0300.mp4,8.799000,very_short
video-eeg-session-manifest-v2-duration-diversity,,../video_materials/formal_v1/videos,2779,0,duration-bucket-round-robin-v1,[],17,17,vid_0317,0317.mp4,8.984000,very_short
video-eeg-session-manifest-v2-duration-diversity,,../video_materials/formal_v1/videos,2779,0,duration-bucket-round-robin-v1,[],17,17,vid_0346,0346.mp4,9.241000,very_short
video-eeg-session-manifest-v2-duration-diversity,,../video_materials/formal_v1/videos,2779,0,duration-bucket-round-robin-v1,[],17,17,vid_0350,0350.mp4,9.286000,very_short
video-eeg-session-manifest-v2-duration-diversity,,../video_materials/formal_v1/videos,2779,0,duration-bucket-round-robin-v1,[],17,17,vid_0378,0378.mp4,9.542000,very_short
video-eeg-session-manifest-v2-duration-diversity,,../video_materials/formal_v1/videos,2779,0,duration-bucket-round-robin-v1,[],17,17,vid_0386,0386.mp4,9.659000,very_short
video-eeg-session-manifest-v2-duration-diversity,,../video_materials/formal_v1/videos,2779,0,duration-bucket-round-robin-v1,[],17,17,vid_0413,0413.mp4,9.960000,very_short
video-eeg-session-manifest-v2-duration-diversity,,../video_materials/formal_v1/videos,2779,0,duration-bucket-round-robin-v1,[],17,17,vid_0431,0431.mp4,10.055000,very_short
video-eeg-session-manifest-v2-duration-diversity,,../video_materials/formal_v1/videos,2779,0,duration-bucket-round-robin-v1,[],17,17,vid_0432,0432.mp4,10.055000,very_short
video-eeg-session-manifest-v2-duration-diversity,,../video_materials/formal_v1/videos,2779,0,duration-bucket-round-robin-v1,[],17,17,vid_0464,0464.mp4,10.121000,very_short
video-eeg-session-manifest-v2-duration-diversity,,../video_materials/formal_v1/videos,2779,0,duration-bucket-round-robin-v1,[],17,17,vid_0475,0475.mp4,10.124000,very_short
video-eeg-session-manifest-v2-duration-diversity,,../video_materials/formal_v1/videos,2779,0,duration-bucket-round-robin-v1,[],17,17,vid_0494,0494.mp4,10.148000,very_short
video-eeg-session-manifest-v2-duration-diversity,,../video_materials/formal_v1/videos,2779,0,duration-bucket-round-robin-v1,[],17,17,vid_0513,0513.mp4,10.216000,very_short
video-eeg-session-manifest-v2-duration-diversity,,../video_materials/formal_v1/videos,2779,0,duration-bucket-round-robin-v1,[],17,17,vid_0522,0522.mp4,10.217000,very_short
video-eeg-session-manifest-v2-duration-diversity,,../video_materials/formal_v1/videos,2779,0,duration-bucket-round-robin-v1,[],17,17,vid_0552,0552.mp4,10.307000,very_short
video-eeg-session-manifest-v2-duration-diversity,,../video_materials/formal_v1/videos,2779,0,duration-bucket-round-robin-v1,[],17,17,vid_0553,0553.mp4,10.309000,very_short
video-eeg-session-manifest-v2-duration-diversity,,../video_materials/formal_v1/videos,2779,0,duration-bucket-round-robin-v1,[],17,17,vid_0578,0578.mp4,10.355000,very_short
video-eeg-session-manifest-v2-duration-diversity,,../video_materials/formal_v1/videos,2779,0,duration-bucket-round-robin-v1,[],17,17,vid_0606,0606.mp4,10.402000,very_short
video-eeg-session-manifest-v2-duration-diversity,,../video_materials/formal_v1/videos,2779,0,duration-bucket-round-robin-v1,[],17,17,vid_0607,0607.mp4,10.403000,very_short
video-eeg-session-manifest-v2-duration-diversity,,../video_materials/formal_v1/videos,2779,0,duration-bucket-round-robin-v1,[],17,17,vid_0629,0629.mp4,10.470000,very_short
video-eeg-session-manifest-v2-duration-diversity,,../video_materials/formal_v1/videos,2779,0,duration-bucket-round-robin-v1,[],17,17,vid_0644,0644.mp4,10.496000,very_short
video-eeg-session-manifest-v2-duration-diversity,,../video_materials/formal_v1/videos,2779,0,duration-bucket-round-robin-v1,[],17,17,vid_0660,0660.mp4,10.541000,very_short
video-eeg-session-manifest-v2-duration-diversity,,../video_materials/formal_v1/videos,2779,0,duration-bucket-round-robin-v1,[],17,17,vid_0686,0686.mp4,10.587000,very_short
video-eeg-session-manifest-v2-duration-diversity,,../video_materials/formal_v1/videos,2779,0,duration-bucket-round-robin-v1,[],17,17,vid_0699,0699.mp4,10.612000,very_short
video-eeg-session-manifest-v2-duration-diversity,,../video_materials/formal_v1/videos,2779,0,duration-bucket-round-robin-v1,[],17,17,vid_0720,0720.mp4,10.658000,very_short
video-eeg-session-manifest-v2-duration-diversity,,../video_materials/formal_v1/videos,2779,0,duration-bucket-round-robin-v1,[],17,17,vid_0725,0725.mp4,10.680000,very_short
video-eeg-session-manifest-v2-duration-diversity,,../video_materials/formal_v1/videos,2779,0,duration-bucket-round-robin-v1,[],17,17,vid_0754,0754.mp4,10.751000,very_short
video-eeg-session-manifest-v2-duration-diversity,,../video_materials/formal_v1/videos,2779,0,duration-bucket-round-robin-v1,[],17,17,vid_0765,0765.mp4,10.775000,very_short
video-eeg-session-manifest-v2-duration-diversity,,../video_materials/formal_v1/videos,2779,0,duration-bucket-round-robin-v1,[],17,17,vid_0787,0787.mp4,10.844000,very_short
video-eeg-session-manifest-v2-duration-diversity,,../video_materials/formal_v1/videos,2779,0,duration-bucket-round-robin-v1,[],17,17,vid_0794,0794.mp4,10.867000,very_short
video-eeg-session-manifest-v2-duration-diversity,,../video_materials/formal_v1/videos,2779,0,duration-bucket-round-robin-v1,[],17,17,vid_0817,0817.mp4,10.936000,very_short
video-eeg-session-manifest-v2-duration-diversity,,../video_materials/formal_v1/videos,2779,0,duration-bucket-round-robin-v1,[],17,17,vid_0837,0837.mp4,10.982000,very_short
video-eeg-session-manifest-v2-duration-diversity,,../video_materials/formal_v1/videos,2779,0,duration-bucket-round-robin-v1,[],17,17,vid_0851,0851.mp4,10.984000,very_short
video-eeg-session-manifest-v2-duration-diversity,,../video_materials/formal_v1/videos,2779,0,duration-bucket-round-robin-v1,[],17,17,vid_0853,0853.mp4,10.984000,very_short
video-eeg-session-manifest-v2-duration-diversity,,../video_materials/formal_v1/videos,2779,0,duration-bucket-round-robin-v1,[],17,17,vid_0897,0897.mp4,11.098000,very_short
video-eeg-session-manifest-v2-duration-diversity,,../video_materials/formal_v1/videos,2779,0,duration-bucket-round-robin-v1,[],17,17,vid_0901,0901.mp4,11.100000,very_short
video-eeg-session-manifest-v2-duration-diversity,,../video_materials/formal_v1/videos,2779,0,duration-bucket-round-robin-v1,[],17,17,vid_0911,0911.mp4,11.145000,very_short
video-eeg-session-manifest-v2-duration-diversity,,../video_materials/formal_v1/videos,2779,0,duration-bucket-round-robin-v1,[],17,17,vid_0938,0938.mp4,11.209000,very_short
video-eeg-session-manifest-v2-duration-diversity,,../video_materials/formal_v1/videos,2779,0,duration-bucket-round-robin-v1,[],17,17,vid_0955,0955.mp4,11.239000,very_short
video-eeg-session-manifest-v2-duration-diversity,,../video_materials/formal_v1/videos,2779,0,duration-bucket-round-robin-v1,[],17,17,vid_0960,0960.mp4,11.261000,very_short
video-eeg-session-manifest-v2-duration-diversity,,../video_materials/formal_v1/videos,2779,0,duration-bucket-round-robin-v1,[],17,17,vid_0991,0991.mp4,11.354000,very_short
video-eeg-session-manifest-v2-duration-diversity,,../video_materials/formal_v1/videos,2779,0,duration-bucket-round-robin-v1,[],17,17,vid_0999,0999.mp4,11.355000,very_short
video-eeg-session-manifest-v2-duration-diversity,,../video_materials/formal_v1/videos,2779,0,duration-bucket-round-robin-v1,[],17,17,vid_1023,1023.mp4,11.425000,very_short
video-eeg-session-manifest-v2-duration-diversity,,../video_materials/formal_v1/videos,2779,0,duration-bucket-round-robin-v1,[],17,17,vid_1037,1037.mp4,11.448000,very_short
video-eeg-session-manifest-v2-duration-diversity,,../video_materials/formal_v1/videos,2779,0,duration-bucket-round-robin-v1,[],17,17,vid_1051,1051.mp4,11.494000,very_short
video-eeg-session-manifest-v2-duration-diversity,,../video_materials/formal_v1/videos,2779,0,duration-bucket-round-robin-v1,[],17,17,vid_1067,1067.mp4,11.518000,very_short
video-eeg-session-manifest-v2-duration-diversity,,../video_materials/formal_v1/videos,2779,0,duration-bucket-round-robin-v1,[],17,17,vid_1083,1083.mp4,11.563000,very_short
video-eeg-session-manifest-v2-duration-diversity,,../video_materials/formal_v1/videos,2779,0,duration-bucket-round-robin-v1,[],17,17,vid_1102,1102.mp4,11.586000,very_short
video-eeg-session-manifest-v2-duration-diversity,,../video_materials/formal_v1/videos,2779,0,duration-bucket-round-robin-v1,[],17,17,vid_1129,1129.mp4,11.632000,very_short
video-eeg-session-manifest-v2-duration-diversity,,../video_materials/formal_v1/videos,2779,0,duration-bucket-round-robin-v1,[],17,17,vid_1139,1139.mp4,11.634000,very_short
video-eeg-session-manifest-v2-duration-diversity,,../video_materials/formal_v1/videos,2779,0,duration-bucket-round-robin-v1,[],17,17,vid_1166,1166.mp4,11.727000,very_short
video-eeg-session-manifest-v2-duration-diversity,,../video_materials/formal_v1/videos,2779,0,duration-bucket-round-robin-v1,[],17,17,vid_1193,1193.mp4,11.795000,very_short
video-eeg-session-manifest-v2-duration-diversity,,../video_materials/formal_v1/videos,2779,0,duration-bucket-round-robin-v1,[],17,17,vid_1210,1210.mp4,11.819000,very_short
video-eeg-session-manifest-v2-duration-diversity,,../video_materials/formal_v1/videos,2779,0,duration-bucket-round-robin-v1,[],17,17,vid_1217,1217.mp4,11.830000,very_short
video-eeg-session-manifest-v2-duration-diversity,,../video_materials/formal_v1/videos,2779,0,duration-bucket-round-robin-v1,[],17,17,vid_1248,1248.mp4,11.909000,very_short
video-eeg-session-manifest-v2-duration-diversity,,../video_materials/formal_v1/videos,2779,0,duration-bucket-round-robin-v1,[],17,17,vid_1266,1266.mp4,11.936000,very_short
video-eeg-session-manifest-v2-duration-diversity,,../video_materials/formal_v1/videos,2779,0,duration-bucket-round-robin-v1,[],17,17,vid_1267,1267.mp4,11.936000,very_short
video-eeg-session-manifest-v2-duration-diversity,,../video_materials/formal_v1/videos,2779,0,duration-bucket-round-robin-v1,[],17,17,vid_1292,1292.mp4,12.005000,very_short
video-eeg-session-manifest-v2-duration-diversity,,../video_materials/formal_v1/videos,2779,0,duration-bucket-round-robin-v1,[],17,17,vid_1324,1324.mp4,12.052000,very_short
video-eeg-session-manifest-v2-duration-diversity,,../video_materials/formal_v1/videos,2779,0,duration-bucket-round-robin-v1,[],17,17,vid_1325,1325.mp4,12.052000,very_short
video-eeg-session-manifest-v2-duration-diversity,,../video_materials/formal_v1/videos,2779,0,duration-bucket-round-robin-v1,[],17,17,vid_1341,1341.mp4,12.100000,very_short
video-eeg-session-manifest-v2-duration-diversity,,../video_materials/formal_v1/videos,2779,0,duration-bucket-round-robin-v1,[],17,17,vid_1362,1362.mp4,12.166000,very_short
video-eeg-session-manifest-v2-duration-diversity,,../video_materials/formal_v1/videos,2779,0,duration-bucket-round-robin-v1,[],17,17,vid_1375,1375.mp4,12.191000,very_short
video-eeg-session-manifest-v2-duration-diversity,,../video_materials/formal_v1/videos,2779,0,duration-bucket-round-robin-v1,[],17,17,vid_1399,1399.mp4,12.259000,very_short
video-eeg-session-manifest-v2-duration-diversity,,../video_materials/formal_v1/videos,2779,0,duration-bucket-round-robin-v1,[],17,17,vid_1400,1400.mp4,12.259000,very_short
video-eeg-session-manifest-v2-duration-diversity,,../video_materials/formal_v1/videos,2779,0,duration-bucket-round-robin-v1,[],17,17,vid_1436,1436.mp4,12.377000,very_short
video-eeg-session-manifest-v2-duration-diversity,,../video_materials/formal_v1/videos,2779,0,duration-bucket-round-robin-v1,[],17,17,vid_1450,1450.mp4,12.400000,very_short
video-eeg-session-manifest-v2-duration-diversity,,../video_materials/formal_v1/videos,2779,0,duration-bucket-round-robin-v1,[],17,17,vid_1457,1457.mp4,12.423000,very_short
video-eeg-session-manifest-v2-duration-diversity,,../video_materials/formal_v1/videos,2779,0,duration-bucket-round-robin-v1,[],17,17,vid_1486,1486.mp4,12.515000,very_short
video-eeg-session-manifest-v2-duration-diversity,,../video_materials/formal_v1/videos,2779,0,duration-bucket-round-robin-v1,[],17,17,vid_1490,1490.mp4,12.516000,very_short
video-eeg-session-manifest-v2-duration-diversity,,../video_materials/formal_v1/videos,2779,0,duration-bucket-round-robin-v1,[],17,17,vid_1513,1513.mp4,12.561000,very_short
video-eeg-session-manifest-v2-duration-diversity,,../video_materials/formal_v1/videos,2779,0,duration-bucket-round-robin-v1,[],17,17,vid_1528,1528.mp4,12.586000,very_short
video-eeg-session-manifest-v2-duration-diversity,,../video_materials/formal_v1/videos,2779,0,duration-bucket-round-robin-v1,[],17,17,vid_1548,1548.mp4,12.631000,very_short
video-eeg-session-manifest-v2-duration-diversity,,../video_materials/formal_v1/videos,2779,0,duration-bucket-round-robin-v1,[],17,17,vid_1569,1569.mp4,12.700000,very_short
video-eeg-session-manifest-v2-duration-diversity,,../video_materials/formal_v1/videos,2779,0,duration-bucket-round-robin-v1,[],17,17,vid_1570,1570.mp4,12.700000,very_short
video-eeg-session-manifest-v2-duration-diversity,,../video_materials/formal_v1/videos,2779,0,duration-bucket-round-robin-v1,[],17,17,vid_1592,1592.mp4,12.747000,short
video-eeg-session-manifest-v2-duration-diversity,,../video_materials/formal_v1/videos,2779,0,duration-bucket-round-robin-v1,[],17,17,vid_1611,1611.mp4,12.792000,short
video-eeg-session-manifest-v2-duration-diversity,,../video_materials/formal_v1/videos,2779,0,duration-bucket-round-robin-v1,[],17,17,vid_1630,1630.mp4,12.841000,short
video-eeg-session-manifest-v2-duration-diversity,,../video_materials/formal_v1/videos,2779,0,duration-bucket-round-robin-v1,[],17,17,vid_1641,1641.mp4,12.864000,short
video-eeg-session-manifest-v2-duration-diversity,,../video_materials/formal_v1/videos,2779,0,duration-bucket-round-robin-v1,[],17,17,vid_1662,1662.mp4,12.931000,short
video-eeg-session-manifest-v2-duration-diversity,,../video_materials/formal_v1/videos,2779,0,duration-bucket-round-robin-v1,[],17,17,vid_1682,1682.mp4,12.956000,short
video-eeg-session-manifest-v2-duration-diversity,,../video_materials/formal_v1/videos,2779,0,duration-bucket-round-robin-v1,[],17,17,vid_1696,1696.mp4,13.002000,short
video-eeg-session-manifest-v2-duration-diversity,,../video_materials/formal_v1/videos,2779,0,duration-bucket-round-robin-v1,[],17,17,vid_1715,1715.mp4,13.049000,short
video-eeg-session-manifest-v2-duration-diversity,,../video_materials/formal_v1/videos,2779,0,duration-bucket-round-robin-v1,[],17,17,vid_1719,1719.mp4,13.050000,short
video-eeg-session-manifest-v2-duration-diversity,,../video_materials/formal_v1/videos,2779,0,duration-bucket-round-robin-v1,[],17,17,vid_1753,1753.mp4,13.120000,short
video-eeg-session-manifest-v2-duration-diversity,,../video_materials/formal_v1/videos,2779,0,duration-bucket-round-robin-v1,[],17,17,vid_1771,1771.mp4,13.188000,short
video-eeg-session-manifest-v2-duration-diversity,,../video_materials/formal_v1/videos,2779,0,duration-bucket-round-robin-v1,[],17,17,vid_1776,1776.mp4,13.189000,short
video-eeg-session-manifest-v2-duration-diversity,,../video_materials/formal_v1/videos,2779,0,duration-bucket-round-robin-v1,[],17,17,vid_1803,1803.mp4,13.281000,short
video-eeg-session-manifest-v2-duration-diversity,,../video_materials/formal_v1/videos,2779,0,duration-bucket-round-robin-v1,[],17,17,vid_1821,1821.mp4,13.306000,short
video-eeg-session-manifest-v2-duration-diversity,,../video_materials/formal_v1/videos,2779,0,duration-bucket-round-robin-v1,[],17,17,vid_1833,1833.mp4,13.352000,short
video-eeg-session-manifest-v2-duration-diversity,,../video_materials/formal_v1/videos,2779,0,duration-bucket-round-robin-v1,[],17,17,vid_1851,1851.mp4,13.422000,short
video-eeg-session-manifest-v2-duration-diversity,,../video_materials/formal_v1/videos,2779,0,duration-bucket-round-robin-v1,[],17,17,vid_1861,1861.mp4,13.468000,short
video-eeg-session-manifest-v2-duration-diversity,,../video_materials/formal_v1/videos,2779,0,duration-bucket-round-robin-v1,[],17,17,vid_1887,1887.mp4,13.560000,short
video-eeg-session-manifest-v2-duration-diversity,,../video_materials/formal_v1/videos,2779,0,duration-bucket-round-robin-v1,[],17,17,vid_1895,1895.mp4,13.606000,short
video-eeg-session-manifest-v2-duration-diversity,,../video_materials/formal_v1/videos,2779,0,duration-bucket-round-robin-v1,[],17,17,vid_1922,1922.mp4,13.676000,short
video-eeg-session-manifest-v2-duration-diversity,,../video_materials/formal_v1/videos,2779,0,duration-bucket-round-robin-v1,[],17,17,vid_1934,1934.mp4,13.700000,short
video-eeg-session-manifest-v2-duration-diversity,,../video_materials/formal_v1/videos,2779,0,duration-bucket-round-robin-v1,[],17,17,vid_1955,1955.mp4,13.769000,short
video-eeg-session-manifest-v2-duration-diversity,,../video_materials/formal_v1/videos,2779,0,duration-bucket-round-robin-v1,[],17,17,vid_1965,1965.mp4,13.793000,short
video-eeg-session-manifest-v2-duration-diversity,,../video_materials/formal_v1/videos,2779,0,duration-bucket-round-robin-v1,[],17,17,vid_1987,1987.mp4,13.863000,short
video-eeg-session-manifest-v2-duration-diversity,,../video_materials/formal_v1/videos,2779,0,duration-bucket-round-robin-v1,[],17,17,vid_1995,1995.mp4,13.886000,short
video-eeg-session-manifest-v2-duration-diversity,,../video_materials/formal_v1/videos,2779,0,duration-bucket-round-robin-v1,[],17,17,vid_2022,2022.mp4,13.976000,short
video-eeg-session-manifest-v2-duration-diversity,,../video_materials/formal_v1/videos,2779,0,duration-bucket-round-robin-v1,[],17,17,vid_2036,2036.mp4,14.002000,short
video-eeg-session-manifest-v2-duration-diversity,,../video_materials/formal_v1/videos,2779,0,duration-bucket-round-robin-v1,[],17,17,vid_2046,2046.mp4,14.049000,short
video-eeg-session-manifest-v2-duration-diversity,,../video_materials/formal_v1/videos,2779,0,duration-bucket-round-robin-v1,[],17,17,vid_2067,2067.mp4,14.100000,short
video-eeg-session-manifest-v2-duration-diversity,,../video_materials/formal_v1/videos,2779,0,duration-bucket-round-robin-v1,[],17,17,vid_2084,2084.mp4,14.141000,short
video-eeg-session-manifest-v2-duration-diversity,,../video_materials/formal_v1/videos,2779,0,duration-bucket-round-robin-v1,[],17,17,vid_2099,2099.mp4,14.188000,short
video-eeg-session-manifest-v2-duration-diversity,,../video_materials/formal_v1/videos,2779,0,duration-bucket-round-robin-v1,[],17,17,vid_2117,2117.mp4,14.234000,short
video-eeg-session-manifest-v2-duration-diversity,,../video_materials/formal_v1/videos,2779,0,duration-bucket-round-robin-v1,[],17,17,vid_2136,2136.mp4,14.281000,short
video-eeg-session-manifest-v2-duration-diversity,,../video_materials/formal_v1/videos,2779,0,duration-bucket-round-robin-v1,[],17,17,vid_2152,2152.mp4,14.334000,short
video-eeg-session-manifest-v2-duration-diversity,,../video_materials/formal_v1/videos,2779,0,duration-bucket-round-robin-v1,[],17,17,vid_2170,2170.mp4,14.395000,short
video-eeg-session-manifest-v2-duration-diversity,,../video_materials/formal_v1/videos,2779,0,duration-bucket-round-robin-v1,[],17,17,vid_2180,2180.mp4,14.420000,short
video-eeg-session-manifest-v2-duration-diversity,,../video_materials/formal_v1/videos,2779,0,duration-bucket-round-robin-v1,[],17,17,vid_2200,2200.mp4,14.490000,short
video-eeg-session-manifest-v2-duration-diversity,,../video_materials/formal_v1/videos,2779,0,duration-bucket-round-robin-v1,[],17,17,vid_2220,2220.mp4,14.535000,short
video-eeg-session-manifest-v2-duration-diversity,,../video_materials/formal_v1/videos,2779,0,duration-bucket-round-robin-v1,[],17,17,vid_2233,2233.mp4,14.558000,short
video-eeg-session-manifest-v2-duration-diversity,,../video_materials/formal_v1/videos,2779,0,duration-bucket-round-robin-v1,[],17,17,vid_2255,2255.mp4,14.581000,short
video-eeg-session-manifest-v2-duration-diversity,,../video_materials/formal_v1/videos,2779,0,duration-bucket-round-robin-v1,[],17,17,vid_2271,2271.mp4,14.629000,short
video-eeg-session-manifest-v2-duration-diversity,,../video_materials/formal_v1/videos,2779,0,duration-bucket-round-robin-v1,[],17,17,vid_2288,2288.mp4,14.652000,short
video-eeg-session-manifest-v2-duration-diversity,,../video_materials/formal_v1/videos,2779,0,duration-bucket-round-robin-v1,[],17,17,vid_2309,2309.mp4,14.699000,short
video-eeg-session-manifest-v2-duration-diversity,,../video_materials/formal_v1/videos,2779,0,duration-bucket-round-robin-v1,[],17,17,vid_2323,2323.mp4,14.722000,short
video-eeg-session-manifest-v2-duration-diversity,,../video_materials/formal_v1/videos,2779,0,duration-bucket-round-robin-v1,[],17,17,vid_2336,2336.mp4,14.767000,short
video-eeg-session-manifest-v2-duration-diversity,,../video_materials/formal_v1/videos,2779,0,duration-bucket-round-robin-v1,[],17,17,vid_2355,2355.mp4,14.790000,short
video-eeg-session-manifest-v2-duration-diversity,,../video_materials/formal_v1/videos,2779,0,duration-bucket-round-robin-v1,[],17,17,vid_2372,2372.mp4,14.835000,short
video-eeg-session-manifest-v2-duration-diversity,,../video_materials/formal_v1/videos,2779,0,duration-bucket-round-robin-v1,[],17,17,vid_2394,2394.mp4,14.861000,short
video-eeg-session-manifest-v2-duration-diversity,,../video_materials/formal_v1/videos,2779,0,duration-bucket-round-robin-v1,[],17,17,vid_2415,2415.mp4,14.884000,short
video-eeg-session-manifest-v2-duration-diversity,,../video_materials/formal_v1/videos,2779,0,duration-bucket-round-robin-v1,[],17,17,vid_2424,2424.mp4,14.908000,short
video-eeg-session-manifest-v2-duration-diversity,,../video_materials/formal_v1/videos,2779,0,duration-bucket-round-robin-v1,[],17,17,vid_2447,2447.mp4,14.931000,short
video-eeg-session-manifest-v2-duration-diversity,,../video_materials/formal_v1/videos,2779,0,duration-bucket-round-robin-v1,[],17,17,vid_2455,2455.mp4,14.953000,short
video-eeg-session-manifest-v2-duration-diversity,,../video_materials/formal_v1/videos,2779,0,duration-bucket-round-robin-v1,[],17,17,vid_2475,2475.mp4,14.977000,short
video-eeg-session-manifest-v2-duration-diversity,,../video_materials/formal_v1/videos,2779,0,duration-bucket-round-robin-v1,[],17,17,vid_2479,2479.mp4,14.977000,short
video-eeg-session-manifest-v2-duration-diversity,,../video_materials/formal_v1/videos,2779,0,duration-bucket-round-robin-v1,[],17,17,vid_2503,2503.mp4,15.001000,short
video-eeg-session-manifest-v2-duration-diversity,,../video_materials/formal_v1/videos,2779,0,duration-bucket-round-robin-v1,[],17,17,vid_2523,2523.mp4,15.024000,short
video-eeg-session-manifest-v2-duration-diversity,,../video_materials/formal_v1/videos,2779,0,duration-bucket-round-robin-v1,[],17,17,vid_2540,2540.mp4,15.024000,short
video-eeg-session-manifest-v2-duration-diversity,,../video_materials/formal_v1/videos,2779,0,duration-bucket-round-robin-v1,[],17,17,vid_2559,2559.mp4,15.044000,short
video-eeg-session-manifest-v2-duration-diversity,,../video_materials/formal_v1/videos,2779,0,duration-bucket-round-robin-v1,[],17,17,vid_2570,2570.mp4,15.046000,short
video-eeg-session-manifest-v2-duration-diversity,,../video_materials/formal_v1/videos,2779,0,duration-bucket-round-robin-v1,[],17,17,vid_2586,2586.mp4,15.047000,short
video-eeg-session-manifest-v2-duration-diversity,,../video_materials/formal_v1/videos,2779,0,duration-bucket-round-robin-v1,[],17,17,vid_2612,2612.mp4,15.067000,short
video-eeg-session-manifest-v2-duration-diversity,,../video_materials/formal_v1/videos,2779,0,duration-bucket-round-robin-v1,[],17,17,vid_2630,2630.mp4,15.069000,short
video-eeg-session-manifest-v2-duration-diversity,,../video_materials/formal_v1/videos,2779,0,duration-bucket-round-robin-v1,[],17,17,vid_2652,2652.mp4,15.069000,short
video-eeg-session-manifest-v2-duration-diversity,,../video_materials/formal_v1/videos,2779,0,duration-bucket-round-robin-v1,[],17,17,vid_2673,2673.mp4,15.069000,short
video-eeg-session-manifest-v2-duration-diversity,,../video_materials/formal_v1/videos,2779,0,duration-bucket-round-robin-v1,[],17,17,vid_2689,2689.mp4,15.070000,short
video-eeg-session-manifest-v2-duration-diversity,,../video_materials/formal_v1/videos,2779,0,duration-bucket-round-robin-v1,[],17,17,vid_2691,2691.mp4,15.070000,short
video-eeg-session-manifest-v2-duration-diversity,,../video_materials/formal_v1/videos,2779,0,duration-bucket-round-robin-v1,[],17,17,vid_2701,2701.mp4,15.070000,short
video-eeg-session-manifest-v2-duration-diversity,,../video_materials/formal_v1/videos,2779,0,duration-bucket-round-robin-v1,[],17,17,vid_2739,2739.mp4,15.070000,short
video-eeg-session-manifest-v2-duration-diversity,,../video_materials/formal_v1/videos,2779,0,duration-bucket-round-robin-v1,[],17,17,vid_2755,2755.mp4,15.070000,short
video-eeg-session-manifest-v2-duration-diversity,,../video_materials/formal_v1/videos,2779,0,duration-bucket-round-robin-v1,[],17,17,vid_2772,2772.mp4,15.070000,short
video-eeg-session-manifest-v2-duration-diversity,,../video_materials/formal_v1/videos,2779,0,duration-bucket-round-robin-v1,[],17,17,vid_3820,3820.mp4,15.671000,medium
