视频编号,视频文件,Session,题目,A,B,C,D,正确答案,视频时长秒
vid_0001,0001.mp4,1,两车相遇时，从车窗伸出手的人在做什么？,挥手打招呼,伸手接雨,交换花束,丢弃垃圾,C,5.107
vid_0002,0002.mp4,7,视频里走廊区域摆放了大量什么物品？,家用电器,快递纸箱,健身器材,盆栽绿植,D,5.129
vid_0003,0003.mp4,5,视频背景中的女生主要在做什么？,烹饪做饭,跳舞表演,对镜自拍,跑步锻炼,C,5.131
vid_0004,0004.mp4,6,视频内容主要和下列哪项活动有关？,装修施工,跑步锻炼,炒菜做饭,唱歌演出,A,5.154
vid_0005,0005.mp4,10,视频主要展示的食物是？,奶茶,冰淇淋,馒头,烤肉,C,5.177
vid_0006,0006.mp4,12,视频展现的主要场景是哪里？,高山草甸,海边沙滩,室内教室,城市街道,D,5.363
vid_0007,0007.mp4,13,穿黑色上衣的男子主要在做什么？,写作业,弹奏吉他,反复挥动长刀具,煮面条,C,5.388
vid_0008,0008.mp4,16,视频中的卡通人物主要在做什么？,磨刀,跳舞,扫地,炒菜,A,5.479
vid_0009,0009.mp4,16,视频中的主要女性人物在做什么？,跳舞,走路,做饭,打球,B,5.479
vid_0010,0010.mp4,13,画面中的女性主要在做什么？,走路,打球,做饭,跳舞,A,5.479
vid_0011,0011.mp4,10,视频里的男女主要在做什么？,亲密相伴互动,激烈争吵打斗,伏案学习工作,一起烹饪做饭,A,5.525
vid_0012,0012.mp4,12,视频主要展示的是什么内容？,户外风景,歌舞演出,游戏界面,美食制作,C,5.572
vid_0013,0013.mp4,5,视频主要展示的是什么？,健身教学视频,旅游攻略指南,装修计价相关内容,美食制作教程,C,5.618
vid_0014,0014.mp4,6,视频里的小宝宝主要在做什么？,坐着吃饭,躺着活动四肢,站着唱歌,走路奔跑,B,5.64
vid_0015,0015.mp4,7,视频画面上方持续出现的造像是？,老虎,熊猫,兔子,佛像,D,5.711
vid_0016,0016.mp4,9,视频主要展示的水果是什么？,樱桃,苹果,葡萄,榴莲,D,5.756
vid_0017,0017.mp4,1,视频主要展示的是什么场景？,茂密的山林,开挖的工地,繁华的商圈,海边的沙滩,B,5.756
vid_0018,0018.mp4,15,视频主要展示的物品是什么？,围棋,象棋,扑克牌,麻将牌,D,5.758
vid_0019,0019.mp4,4,视频中可以看到以下哪种活动？,农田插秧劳作,玩射击类电子游戏,现场跳芭蕾舞,医生做外科手术,B,5.826
vid_0020,0020.mp4,11,视频中的男子主要在做什么？,弹奏乐器,进行健身锻炼,看书学习,烹饪做饭,B,5.826
vid_0021,0021.mp4,2,画面中连着充电线在充电的物品是什么？,充电宝,手机,台灯,电动牙刷,B,5.874
vid_0022,0022.mp4,3,画面中横向移动的红色物体是什么？,轮船,小汽车,飞机,自行车,B,5.919
vid_0023,0023.mp4,8,视频里小女孩身后的卡通动物是？,猴子,熊猫,老虎,兔子,B,5.99
vid_0024,0024.mp4,14,视频里的女子主要身处什么场景？,厨房,雪地,沙漠,花海,D,6.128
vid_0025,0025.mp4,17,视频里的女性主要在做什么？,做饭炒菜,打羽毛球,转动身体,伏案写作,C,6.129
vid_0026,0026.mp4,5,视频主要展示的场景是什么？,海边沙滩,开满黄花的田间小路,室内办公场所,城市柏油马路,B,6.129
vid_0027,0027.mp4,12,视频中的动物主要在做什么？,睡觉,奔跑,吃东西,站立,B,6.151
vid_0028,0028.mp4,4,视频中的男子主要在做什么？,唱歌跳舞,进行喷洒作业,清扫地面,烹饪饭菜,B,6.152
vid_0029,0029.mp4,17,视频的背景主要是什么场景？,沙漠戈壁风光,临河自然风景,室内家居场景,城市商业街景,B,6.152
vid_0030,0030.mp4,14,视频中的前景女士主要在做什么？,弹奏乐器,打扫卫生,烹饪炒菜,对着镜头自拍,D,6.152
vid_0031,0031.mp4,11,视频主要展示的是什么？,山间独栋别墅,城市摩天大楼,草原成群牛羊,海面巨型轮船,A,6.176
vid_0032,0032.mp4,3,这段视频的拍摄视角位于什么交通工具内？,汽车,飞机,轮船,火车,A,6.176
vid_0033,0033.mp4,15,视频中出现的主要动物是什么？,狗,仓鼠,猫,兔子,A,6.197
vid_0034,0034.mp4,8,视频主要展示的是哪类内容？,图文内容,真人短视频,美食制作视频,卡通动画片,A,6.199
vid_0035,0035.mp4,1,视频中从植物上不断滴落的是什么？,花瓣,小石子,水滴,碎叶,C,6.222
vid_0036,0036.mp4,2,视频中的人物主要在做什么？,灌溉农田,采摘水果,收割水稻,种植大葱,D,6.245
vid_0037,0037.mp4,6,视频主要展示的场景是哪里？,海边沙滩,大型工厂,茂密森林,居民住宅区,D,6.245
vid_0038,0038.mp4,9,视频中的人物主要在做什么？,画画,读书,做饭,跳舞,D,6.267
vid_0039,0039.mp4,7,视频里的人物主要在做什么？,向前行走,跳舞表演,坐着办公,集体就餐,A,6.268
vid_0040,0040.mp4,10,视频中的动物主要在什么地方活动？,岩石上,树上,水中,草地,C,6.361
vid_0041,0041.mp4,16,视频的主要拍摄场景是哪里？,商场入口,公园大门,菜市场内部,学校门口,D,6.361
vid_0042,0042.mp4,13,视频主要展示什么内容？,美食制作过程,机械组装过程,野生动物活动,卡通人物互动,D,6.385
vid_0043,0043.mp4,9,视频画面中主要的花卉是？,玫瑰花,向日葵,荷花,菊花,B,6.406
vid_0044,0044.mp4,7,视频中主要展示的动物是什么？,鸡,羊,猪,牛,C,6.408
vid_0045,0045.mp4,6,视频里游玩区域大面积铺满的是什么？,水,沙子,积木,海洋球,D,6.453
vid_0046,0046.mp4,2,视频中可见的棋牌类物品是？,围棋,麻将,扑克牌,象棋,B,6.454
vid_0047,0047.mp4,13,视频里的女性主要在做什么？,打球,跳舞,做饭,走路,D,6.454
vid_0048,0048.mp4,10,视频中的女性主要在做什么？,跳舞,画画,做饭,打球,A,6.454
vid_0049,0049.mp4,16,视频中的女性主要在做什么？,关闭飞机舱门,播报广播通知,打扫客舱卫生,为乘客倒饮料,A,6.477
vid_0050,0050.mp4,1,画面中央主要展示的是什么？,自然森林风景,真实宠物小狗,可爱卡通形象,城市高楼建筑,C,6.524
vid_0051,0051.mp4,8,视频主要展示什么？,成年男子,宠物狗,宠物猫,小女孩,D,6.524
vid_0052,0052.mp4,3,视频主要展示的物体是什么？,汽车,飞机,自行车,轮船,A,6.57
vid_0053,0053.mp4,15,视频主要演示什么操作？,编辑短视频,拍摄风景照片,播放音乐,设置社交账号昵称,D,6.57
vid_0054,0054.mp4,17,视频里的人物主要在做什么？,唱歌跳舞,打理头发,看书学习,炒菜做饭,B,6.57
vid_0055,0055.mp4,14,视频里的人物主要在做什么？,做饭,跑步,唱歌,睡觉,D,6.592
vid_0056,0056.mp4,11,视频主要展示哪方面的内容？,旅游景点介绍,美食制作方法,服装穿搭教程,买车相关花费,D,6.594
vid_0057,0057.mp4,4,视频里的老奶奶们主要在做什么？,沿道路行走,下地干农活,在厨房做饭,跳广场舞,A,6.617
vid_0058,0058.mp4,12,视频中的人物主要在做什么？,烹饪做饭,唱歌跳舞,伏案答题,走路行进,D,6.686
vid_0059,0059.mp4,5,视频中的人物主要在做什么？,步行散步,骑自行车,滑滑板,跑步锻炼,B,6.708
vid_0060,0060.mp4,5,视频里的人物主要待在什么位置？,椅子上,双层床上铺,沙发上,地面上,B,6.71
vid_0061,0061.mp4,4,视频中的人物主要在做什么？,弹琴演奏,坐着面向镜头,跑步锻炼,生火做饭,B,6.71
vid_0062,0062.mp4,11,视频主要展示的是什么内容？,家常菜谱教学内容,旅游路线推荐内容,动漫剧情介绍内容,各省清华学生人数统计,D,6.731
vid_0063,0063.mp4,12,视频主要展示什么内容？,一家三口的合影,单人证件照片,美食特写画面,山水风景画面,A,6.733
vid_0064,0064.mp4,14,视频中多处出现的交通工具是？,汽车,轮船,自行车,飞机,A,6.756
vid_0065,0065.mp4,15,视频主要展示的是什么物品？,游戏装备,纸质图书,真实酒杯,烹饪食材,A,6.779
vid_0066,0066.mp4,17,视频的主要场景位于哪里？,菜市场门口,小区单元门口,学校门口,商场门口,C,6.779
vid_0067,0067.mp4,8,画面中的卡通动物主要在做什么？,蹦跳舞动,趴着睡觉,站着不动,吃东西,A,6.803
vid_0068,0068.mp4,3,画面下方的卡通熊主要在做什么？,蹦跳舞动,平躺睡觉,低头吃饭,安静站立,A,6.803
vid_0069,0069.mp4,1,画面下方的卡通角色主要在做什么？,做饭炒菜,骑车赶路,蹦跳舞动,静坐看书,C,6.803
vid_0070,0070.mp4,16,视频主要展示的动物是什么？,猪,猫,鸡,鼠,A,6.826
vid_0071,0071.mp4,13,画面下方出现的人物形象是？,老年男性,年轻女性,青年女性,少年儿童,A,6.849
vid_0072,0072.mp4,10,视频主要展示的动物是什么？,兔子,猫,狗,仓鼠,B,6.849
vid_0073,0073.mp4,2,视频中的女性主要在做什么？,做健身运动,打扫卫生,烹饪食物,跳民族舞蹈,A,6.857
vid_0074,0074.mp4,9,视频的背景主要是什么场景？,沙漠,森林,雪地,海边,D,6.919
vid_0075,0075.mp4,6,视频中的工人主要在做什么？,跳舞表演,上课教学,装填封装包装袋,做饭炒菜,C,6.919
vid_0076,0076.mp4,7,视频里的人们主要在做什么？,躺在床上,跑步锻炼,唱歌跳舞,烧菜做饭,A,6.94
vid_0077,0077.mp4,7,视频中的人物主要在做什么？,看书,打球,跳舞,吃饭,D,6.94
vid_0078,0078.mp4,6,视频中的人物主要在做什么？,跳舞表演,走路散步,画画写字,做饭炒菜,B,6.942
vid_0079,0079.mp4,9,视频中的女性主要在做什么？,跳绳运动,生火做饭,伏案写字,持扇走步展示,D,6.964
vid_0080,0080.mp4,2,穿运动服的男生主要在做什么？,吃饭,跑步,打球,跳舞,B,6.987
vid_0081,0081.mp4,3,视频中的手主要在做什么？,轻捏婴儿脸颊,执笔写字,打扫房间卫生,烹饪炒菜,A,6.987
vid_0082,0082.mp4,16,视频中天空里持续出现的圆形亮体是什么？,太阳,气球,风筝,月亮,A,6.987
vid_0083,0083.mp4,13,视频里的大人主要在做什么？,清洗蔬菜,弹奏钢琴,跑步锻炼,逗弄小宝宝,D,6.987
vid_0084,0084.mp4,10,视频中的人物主要在做什么？,打扫房间,烹饪食物,演奏乐器,写毛笔字,D,6.988
vid_0085,0085.mp4,8,视频主要展示什么？,汉堡炸鸡等快餐,数码产品,新鲜水果,服装鞋帽,A,7.01
vid_0086,0086.mp4,15,这段视频主要展示的是什么内容？,真人体育赛事,美食制作视频,手机游戏对局,课堂教学录像,C,7.012
vid_0087,0087.mp4,1,视频中成年人主要在对小宝宝做什么？,给宝宝穿衣服,哄宝宝睡觉,给宝宝洗脸,喂宝宝吃饭,D,7.012
vid_0088,0088.mp4,12,视频的主要场景是哪里？,海边,草原,森林,沙漠,A,7.035
vid_0089,0089.mp4,17,视频里的小宝宝主要在做什么？,玩玩具,翻身,画画,吃东西,B,7.035
vid_0090,0090.mp4,14,视频中的年轻女子主要在做什么？,跳舞,走路,做饭,画画,B,7.035
vid_0091,0091.mp4,11,视频主要展示的场景是？,茂密热带雨林,盛夏海边沙滩,繁华都市街区,积雪冬日乡村,D,7.058
vid_0092,0092.mp4,5,视频中的人物主要在做什么？,对着镜头做各种表情,在厨房炒菜做饭,坐着阅读书本,在户外跑步运动,A,7.058
vid_0093,0093.mp4,4,视频中的人物主要在做什么？,操场打球,厨房做饭,站立面向镜头,泳池游泳,C,7.081
vid_0094,0094.mp4,16,视频中的人物主要在做什么？,观看电视,亲吻电视,擦拭电视,拆卸电视,B,7.103
vid_0095,0095.mp4,8,视频主要展示什么内容？,高考一分一段表,列车时刻表,电影排片表,商品价格表,A,7.104
vid_0096,0096.mp4,5,视频主要展示的是什么？,家用电器,文具书本,盆栽花卉,毛绒玩具,C,7.104
vid_0097,0097.mp4,10,视频主要展示什么比赛的相关内容？,游泳比赛,跑步比赛,体操比赛,足球比赛,B,7.104
vid_0098,0098.mp4,11,视频主要展示的是什么？,轮船,汽车,飞机,自行车,B,7.104
vid_0099,0099.mp4,1,画面中正在飞行的鸟类是？,老鹰,仙鹤,燕子,麻雀,B,7.104
vid_0100,0100.mp4,4,视频里小男孩主要在做什么？,在泳池游泳,在教室上课,和小鸭子玩耍,在厨房做饭,C,7.104
vid_0101,0101.mp4,6,视频里的两位老人主要在做什么？,坐着,打球,跳舞,炒菜,A,7.126
vid_0102,0102.mp4,9,视频里的两个孩子主要在做什么？,踢毽子,拍皮球,跳绳,打羽毛球,C,7.126
vid_0103,0103.mp4,14,视频的背景场景是哪里？,海边,雪山,森林,沙漠,A,7.128
vid_0104,0104.mp4,17,视频里出现的女性主要在做什么？,跳舞,扫地,看书,做饭,A,7.128
vid_0105,0105.mp4,2,视频主要展示的是天空中的什么？,烟花表演,民航客机,太阳月亮,大群飞鸟,C,7.128
vid_0106,0106.mp4,7,视频画面大面积展示的花是什么？,向日葵,百合花,新鲜荷花,干枯玫瑰,D,7.128
vid_0107,0107.mp4,15,视频里的年轻男女主要在做什么？,跑步锻炼,争吵打闹,互相拥抱,做饭炒菜,C,7.128
vid_0108,0108.mp4,13,视频中的主要场景是哪里？,乡村民居间的道路,专业篮球场馆,大型商场内部,地铁车厢内部,A,7.128
vid_0109,0109.mp4,3,视频的主要发生场景在哪里？,公路上,卧室内,海边,商场里,A,7.128
vid_0110,0110.mp4,12,视频中的主要场景是哪里？,卧室,超市,厨房,教室,D,7.128
vid_0111,0111.mp4,9,视频中的女性主要在做什么？,举重运动,原地转体运动,跳绳运动,原地跑步,B,7.149
vid_0112,0112.mp4,7,视频下方持续展示的是什么场景？,空旷沙漠地貌,自然山水风景,繁华城市街景,拥挤室内场馆,B,7.151
vid_0113,0113.mp4,4,小朋友脚边放着的球是什么？,乒乓球,足球,排球,篮球,B,7.151
vid_0114,0114.mp4,3,视频主要展现的户外场景是哪里？,草原,海边,高山,沙漠,B,7.151
vid_0115,0115.mp4,10,视频中人物主要在做什么？,处理各类水果,修理电器,弹奏乐器,打扫卫生,A,7.174
vid_0116,0116.mp4,8,视频前景桌面上主要摆放的是什么？,化妆刷具,习题试卷,厨房碗盘,儿童积木,B,7.174
vid_0117,0117.mp4,1,视频中的男子主要在做什么？,炒菜,扫地,唱歌,写字,A,7.174
vid_0118,0118.mp4,16,视频主要展示什么内容？,山水风景摄影,宠物互动日常,人物样貌胖瘦对比,美食制作过程,C,7.196
vid_0119,0119.mp4,14,视频中的人物主要在做什么？,跑步锻炼,炒菜做饭,唱歌跳舞,托腮面向镜头,D,7.197
vid_0120,0120.mp4,6,视频画面主要呈现的场景是？,居民家中,热闹集市,飞机高空窗外,海底世界,C,7.197
vid_0121,0121.mp4,15,视频的背景主要是哪类场景？,城市街道,山地森林,水面海景,住宅室内,C,7.197
vid_0122,0122.mp4,12,视频展示的主要背景场景是？,水边,沙漠,草原,森林,A,7.197
vid_0123,0123.mp4,17,视频画面中主要展示的花卉是？,牡丹,梅花,荷花,菊花,C,7.197
vid_0124,0124.mp4,13,视频中的人物主要在做什么？,走路,跳舞,做饭,打球,A,7.219
vid_0125,0125.mp4,2,视频里沿路飞舞的小动物形象是？,麻雀,蜻蜓,蝴蝶,蜜蜂,C,7.22
vid_0126,0126.mp4,1,视频中的男子主要在做什么？,在教室上课,在球场打球,沿观景步道行走,在厨房做饭,C,7.244
vid_0127,0127.mp4,11,视频主要展示的食物是什么？,土豆,香蕉,玉米,番茄,C,7.244
vid_0128,0128.mp4,4,视频中的人们主要在进行什么活动？,游泳比赛活动,烹饪聚餐活动,合唱表演活动,投掷类训练活动,D,7.244
vid_0129,0129.mp4,5,视频中的人群主要在做什么？,过马路,登台表演,排队购物,跳广场舞,A,7.244
vid_0130,0130.mp4,7,视频中人物主要在做什么？,写字上课,做饭炒菜,跑步锻炼,抬起腿拉扯裤脚,D,7.244
vid_0131,0131.mp4,9,视频主要展示的内容是什么？,动物科普内容,美食制作教程,旅游风景照片,游戏武器装备,D,7.265
vid_0132,0132.mp4,3,视频下方插画里的男女是什么状态？,互相追逐,激烈打斗,各自走远,相互依偎,D,7.267
vid_0133,0133.mp4,8,视频里醒目的大标题背景是什么颜色？,红色,紫色,蓝色,黄色,D,7.267
vid_0134,0134.mp4,10,视频中多数人物的上衣主色调是？,白色,蓝色,黑色,红色,B,7.267
vid_0135,0135.mp4,6,视频主要展现的是哪类场景？,体育比赛赛场,幼儿园课堂,司法办案场景,商场购物区域,C,7.267
vid_0136,0136.mp4,5,视频中人物所处的主要场景是？,开满花的草地,沙漠戈壁,海边沙滩,室内教室,A,7.267
vid_0137,0137.mp4,11,视频主要展示的特殊天气现象是什么？,下雪,日出,龙卷风,彩虹,C,7.267
vid_0138,0138.mp4,17,画面中门口的雕塑是什么造型？,蹲坐石狮造型,人物骑马造型,方鼎造型,假山造型,B,7.267
vid_0139,0139.mp4,16,视频中的人物主要在做什么？,跳舞,打篮球,做饭,田间锄地干农活,D,7.267
vid_0140,0140.mp4,2,视频中的人物主要在做什么？,写字画画,唱歌跳舞,炒菜做饭,用绳子给竹竿打结,D,7.29
vid_0141,0141.mp4,13,视频中的小男孩主要在做什么？,画画,唱歌,看书,吃虾,D,7.292
vid_0142,0142.mp4,15,画面中间的黑衣男子主要在做什么？,扫地,练习肢体动作,开车,吃饭,B,7.313
vid_0143,0143.mp4,14,视频中的人物主要在做什么？,打扫卫生,举哑铃锻炼,唱歌跳舞,做饭炒菜,B,7.313
vid_0144,0144.mp4,12,视频下方画面主要展示什么场景？,商场,雪地,沙漠,菜田,D,7.313
vid_0145,0145.mp4,14,视频主要展示的是什么？,做好的炒菜,生肉食材,包装零食,新鲜水果,A,7.313
vid_0146,0146.mp4,5,画面下方的人物主要拿着什么物品？,鲜花,水杯,菜刀,弓箭,D,7.335
vid_0147,0147.mp4,13,视频主要展示的是什么？,家庭饲养宠物,民用居民住宅,农田蔬菜大棚,工业生产流水线,D,7.337
vid_0148,0148.mp4,2,视频中最主要的展示对象是？,新鲜水果,宠物猫咪,老式自行车,职场着装男子,D,7.337
vid_0149,0149.mp4,15,视频主要展示的是什么？,宠物猫,婴儿,老年人,成年女性,B,7.339
vid_0150,0150.mp4,12,视频拍摄的主要场景是哪里？,海边沙滩,居民家中,户外树林,学校教室,C,7.36
vid_0151,0151.mp4,11,视频中人物主要在做什么？,集体跳舞,迎接并抱起小孩,打羽毛球,生火做饭,B,7.36
vid_0152,0152.mp4,17,视频中的男子主要在做什么？,踢足球,画画写字,做饭炒菜,抱起女生,D,7.406
vid_0153,0153.mp4,6,视频中人物主要在做什么？,做饭,唱歌,写字,跑步,C,7.429
vid_0154,0154.mp4,16,视频的背景画面主要是什么场景？,城市夜景,草原牧场,山林雪景,海边沙滩,C,7.453
vid_0155,0155.mp4,8,视频中的人物主要在做什么？,跑步锻炼,跳舞表演,烹饪做饭,对着镜头自拍展示,D,7.474
vid_0156,0156.mp4,10,视频主要呈现的活动是什么？,猜谜语,画画,做饭,打球,A,7.476
vid_0157,0157.mp4,3,视频的拍摄位置主要在哪里？,果园里,居民家里,行驶的汽车里,游泳馆里,C,7.476
vid_0158,0158.mp4,1,视频中可见以下哪种场景？,森林深处,地下溶洞,雪山山顶,海边沙滩,D,7.498
vid_0159,0159.mp4,9,视频主要展示什么物品？,胸贴,袜子,围巾,帽子,A,7.499
vid_0160,0160.mp4,7,视频里的男子主要在做什么？,生火做饭,开车赶路,唱歌跳舞,赶牛犁地,D,7.517
vid_0161,0161.mp4,4,视频中女士对面的动物是什么？,狗,猫,兔子,鹅,D,7.521
vid_0162,0162.mp4,4,视频中的小孩主要在做什么？,搭积木玩玩具,两名婴儿亲昵互动,跑跳追逐打闹,静坐阅读书本,B,7.522
vid_0163,0163.mp4,7,视频的主要背景场景是哪里？,海边,教室,厨房,果园,A,7.546
vid_0164,0164.mp4,3,视频里的人物主要在做什么？,跳舞,打球,看书,做饭,A,7.546
vid_0165,0165.mp4,6,视频里人物穿的主要是哪种服饰？,厨师工作服,西式西装,古代中式服装,现代运动服,C,7.546
vid_0166,0166.mp4,9,视频中的男子主要处于什么状态？,站立,奔跑,坐着,平躺,C,7.548
vid_0167,0167.mp4,8,视频里的人物主要在做什么？,生火做饭,近距离互动,弹奏乐器,跑步比赛,B,7.567
vid_0168,0168.mp4,16,视频展现的主要场景是？,晴天白日沙滩,明亮教室课堂,雨夜林间夜空,拥挤地铁车厢,C,7.571
vid_0169,0169.mp4,13,视频主要展示的食物是什么？,奶油蛋糕,白面馒头,玉米面饼子,油炸麻花,C,7.615
vid_0170,0170.mp4,5,画面中的灰衣人主要在做什么？,打球,做饭,跳舞,鞠躬,D,7.637
vid_0171,0171.mp4,14,视频中的人们主要在进行什么活动？,编织竹筐,打磨石器,喂养家禽,制作糍粑,D,7.637
vid_0172,0172.mp4,2,视频画面的主要背景颜色是？,纯黑色,浅黄色,深蓝色,大红色,B,7.638
vid_0173,0173.mp4,15,视频中的女子主要保持什么姿势？,站立,端坐,躺卧,行走,C,7.66
vid_0174,0174.mp4,12,视频的主要背景场景是？,学校操场,城市商业街区,室内家居环境,山水自然风景,D,7.662
vid_0175,0175.mp4,11,视频里的小孩主要在做什么？,玩耍,睡觉,看书,做饭,A,7.662
vid_0176,0176.mp4,1,视频中的人物主要在做什么？,唱歌,打球,写字,吃东西,D,7.662
vid_0177,0177.mp4,17,视频中主要出现的动物形象是？,老虎,熊猫,猴子,兔子,B,7.662
vid_0178,0178.mp4,10,视频主要展示的动物是什么？,兔子,仓鼠,小狗,小猫,D,7.664
vid_0179,0179.mp4,10,视频中的人物主要在做什么？,站着表演节目,躺着休息睡觉,忙着打扫卫生,并排坐面向镜头,D,7.683
vid_0180,0180.mp4,1,视频主要展示了什么内容？,厨师,汽车,佛像,大熊猫,C,7.685
vid_0181,0181.mp4,12,视频主要展示的自然场景是？,云雾山林,冰封雪原,金色沙滩,沙漠戈壁,A,7.708
vid_0182,0182.mp4,17,视频里年龄较小的幼儿借助什么物品移动？,儿童自行车,滑板车,学步车,婴儿推车,C,7.708
vid_0183,0183.mp4,11,视频里的小朋友主要在做什么？,踢足球,玩滑板车,画画,搭积木,B,7.731
vid_0184,0184.mp4,15,视频主要展示的内容是什么？,几只宠物猫,大型工程机械,一位女性,高山流水风景,C,7.753
vid_0185,0185.mp4,2,视频的背景场景是哪里？,雪山,沙漠,海边,草原,C,7.778
vid_0186,0186.mp4,14,视频主要展示的人体部位是？,嘴唇,膝盖,大拇指,脚掌,C,7.801
vid_0187,0187.mp4,13,视频中的中心女性主要在做什么？,跑步前进,炒菜做饭,伏案写字,唱歌跳舞,A,7.801
vid_0188,0188.mp4,5,视频中的人物主要在做什么？,做饭炒菜,跳舞表演,写字画画,给农田施肥,D,7.801
vid_0189,0189.mp4,8,视频中的人物主要在做什么？,游泳,跳水,蹦极,划船,C,7.824
vid_0190,0190.mp4,16,视频中的成年男子主要在做什么？,在户外打篮球,躺在床上睡觉,在厨房烹饪食物,坐在沙发上玩手机,D,7.824
vid_0191,0191.mp4,3,视频中人物主要在做什么？,打磨刀具,制作造型面食,裁剪薄纸,拼接竹签,B,7.847
vid_0192,0192.mp4,6,视频主要展示人物在做什么？,画画,跑步,做饭,剪头发,D,7.869
vid_0193,0193.mp4,4,视频主要展示什么内容？,动漫人物插画,真人演出片段,美食制作视频,真实山水风景,A,7.871
vid_0194,0194.mp4,7,视频里的小宝宝主要保持什么姿势？,奔跑,跳跃,趴着,站立,C,7.871
vid_0195,0195.mp4,9,视频里的核心男性主要在做什么？,做饭,跳舞,走路,打球,C,7.871
vid_0196,0196.mp4,9,视频中的两个人物主要在做什么？,在教室上课,在厨房做饭,在雨中奔跑,在舞台跳舞,C,7.892
vid_0197,0197.mp4,7,视频主要展示的核心景物是什么？,闹市商铺,月下枯树,稻田麦浪,雪山冰川,B,7.894
vid_0198,0198.mp4,6,视频背景的主要场景是哪一项？,乡村农田,城市街道,高山草原,海边沙滩,B,7.917
vid_0199,0199.mp4,4,视频中的婴儿主要在做什么？,玩手中的玩具,在地面爬行,坐着吃食物,用脚触碰身旁男子,D,7.917
vid_0200,0200.mp4,3,视频中的女性主要在做什么？,骑车,做饭,走路,跳舞,C,7.94
vid_0201,0201.mp4,16,视频的主要场景是哪里？,教室,雪地,沙漠,海边,D,7.94
vid_0202,0202.mp4,8,视频中的男子主要身处哪里？,教室内,雪地里,山顶上,泳池中,D,7.94
vid_0203,0203.mp4,13,视频里的女性主要在做什么？,打球,跳舞,走路,做饭,C,7.962
vid_0204,0204.mp4,15,视频中的人物主要在做什么？,画画,跑步,跳绳,荡秋千,D,7.964
vid_0205,0205.mp4,2,视频中出现的主要动物是？,老虎,兔子,猴子,熊猫,C,7.964
vid_0206,0206.mp4,5,视频展现的主要场景环境是？,雷雨夜晚,晴朗白天,雪后清晨,多云黄昏,A,7.966
vid_0207,0207.mp4,14,视频中的人物主要在做什么？,打篮球,打排球,踢足球,打乒乓球,A,7.966
vid_0208,0208.mp4,11,画面中的游戏角色主要在做什么？,一同跳舞,吃饭用餐,互相攻击对战,弹奏乐器,C,7.987
vid_0209,0209.mp4,17,视频中人物主要在做什么？,在操场跑步锻炼,在厨房烹饪食物,在教室听课学习,在高空建筑边缘行走,D,7.987
vid_0210,0210.mp4,1,视频中的人物主要在做什么？,做锻炼动作,弹奏乐器,烹饪美食,书写作业,A,8.01
vid_0211,0211.mp4,12,视频中的人物主要在做什么？,画画写生,合唱表演,开展训练活动,做饭聚餐,C,8.01
vid_0212,0212.mp4,10,视频中的人物主要在做什么？,制作手工作品,安静看书学习,开展高空危险活动,烹饪美食,C,8.01
vid_0213,0213.mp4,9,视频中的人物主要在做什么？,安静看书学习,集体跳舞表演,烹饪制作美食,拉扯后有人跑开,D,8.033
vid_0214,0214.mp4,6,视频中展示的饮品主体是什么颜色？,白色,蓝色,红色,绿色,C,8.033
vid_0215,0215.mp4,15,视频中人物主要在做什么？,缝制衣服,清洗水果,拨动电源开关,擦拭桌面,C,8.033
vid_0216,0216.mp4,4,视频里台上的男女起初在做什么？,烹饪饭菜,互相拥抱,清扫地面,演奏乐器,B,8.033
vid_0217,0217.mp4,3,视频动态画面中出现的主要人物是？,年幼孩童,中年男性,老年男性,年轻女性,D,8.033
vid_0218,0218.mp4,7,视频里的主要人物正在做什么？,沿街步行,坐着休息,路边摆摊,骑车通行,A,8.051
vid_0219,0219.mp4,8,视频中的女性主要在做什么？,拖地板,喝饮品,吃水果,叠衣服,B,8.055
vid_0220,0220.mp4,13,视频中人物主要在做什么？,紧固轮胎,擦拭油箱口,冲洗车身,给车充电,B,8.055
vid_0221,0221.mp4,11,视频中人物主要在做什么？,写字,画画,炒菜,扫地,A,8.056
vid_0222,0222.mp4,16,视频中的人物主要在做什么？,持枪进行队列训练,围坐吃饭聚餐,开展篮球比赛,集体跳舞表演,A,8.056
vid_0223,0223.mp4,2,视频主要展示的动物是什么？,仓鼠,猫,兔子,狗,B,8.08
vid_0224,0224.mp4,5,视频主要展示的对象是什么？,人物,植物,建筑,动物,A,8.08
vid_0225,0225.mp4,17,视频主要展示的场景是哪里？,城市道路,海边沙滩,室内教室,乡村农田,A,8.08
vid_0226,0226.mp4,12,视频中的人物主要在做什么？,在河里游泳,在厨房做饭,对着镜头摆姿势,在操场跑步,C,8.08
vid_0227,0227.mp4,14,视频里的人们主要在做什么？,体验游乐项目,维修设备,上课学习,下地务农,A,8.08
vid_0228,0228.mp4,1,视频中的成年男子主要在做什么？,弹奏乐器,跑步打球,炒菜做饭,教宝宝认挂图,D,8.101
vid_0229,0229.mp4,6,视频中的士兵主要在做什么？,生火做饭,课堂学习,跳舞庆祝,操作武器作战,D,8.103
vid_0230,0230.mp4,10,视频中的人物主要在做什么？,操场打球,舞台跳舞,乘坐汽车,厨房做饭,C,8.103
vid_0231,0231.mp4,8,视频展示的背景主要是哪种景观？,草原风光,海边沙滩,室内教室,城市街道,A,8.126
vid_0232,0232.mp4,7,视频顶部的长条横幅主要是什么颜色？,蓝色,绿色,黄色,红色,C,8.126
vid_0233,0233.mp4,16,视频主要展示的食物是？,月饼,饺子,粽子,汉堡,B,8.126
vid_0234,0234.mp4,9,视频里的人物主要在做什么？,操作牙齿模型,演唱歌曲,打扫卫生,制作贺卡,A,8.126
vid_0235,0235.mp4,3,视频主要展示的内容是什么？,诊室就诊的医患,工地施工的工人,两名cos装扮者互动,泳池游泳的人群,C,8.126
vid_0236,0236.mp4,4,视频中的人物主要在做什么？,围坐吃饭,跳舞表演,快跑锻炼,列队站立,D,8.126
vid_0237,0237.mp4,15,视频拍摄的主要场景是哪里？,学校教室,居家卧室,户外海边,大型超市,B,8.126
vid_0238,0238.mp4,13,视频里的两个人主要在做什么？,写字,打球,做饭,跳舞,D,8.126
vid_0239,0239.mp4,17,视频主要展示的是哪类人物？,老奶奶,成年男子,小女孩,老爷爷,C,8.148
vid_0240,0240.mp4,11,视频主要展示的动物是什么？,仓鼠,猫,兔子,狗,B,8.171
vid_0241,0241.mp4,14,视频画面下方持续出现的是？,年轻女性,年幼孩童,宠物小狗,老年男性,A,8.173
vid_0242,0242.mp4,2,视频画面的背景主色调是？,大红色,橙黄色,天蓝色,翠绿色,B,8.173
vid_0243,0243.mp4,5,视频中多次出现的景观是哪类？,城市广场,鲜花花束,海边风光,山地景观,C,8.173
vid_0244,0244.mp4,1,视频主要展示的动物活动是？,猎豹追捕羚羊,松鼠储存松果,考拉攀爬桉树,天鹅湖面游弋,A,8.196
vid_0245,0245.mp4,12,视频主要展示的动物是什么？,狐狸,小猫,小狗,兔子,A,8.196
vid_0246,0246.mp4,10,视频中女子的上衣主要是什么颜色？,红色,蓝色,黑色,绿色,A,8.196
vid_0247,0247.mp4,10,视频中的人物主要在做什么？,伏案学习,跳舞表演,烹饪做饭,进行健身锻炼,D,8.218
vid_0248,0248.mp4,1,视频的主要背景场景是哪里？,雪山,海边,草原,教室,B,8.219
vid_0249,0249.mp4,12,视频主要展示的动物是什么？,花豹,老虎,黑熊,熊猫,D,8.242
vid_0250,0250.mp4,5,视频中可见人物在做什么？,化妆,打球,洗碗,做饭,A,8.287
vid_0251,0251.mp4,14,视频主要拍摄的场地属于什么场所？,图书馆,运动场馆,医院门诊,居民住宅,B,8.289
vid_0252,0252.mp4,2,视频主要展示的内容是什么？,手机游戏对局,文档编辑界面,唱歌直播录像,动画片片段,A,8.312
vid_0253,0253.mp4,11,视频中的室外正处于什么天气？,下雪,下雨,大雾,晴天,B,8.334
vid_0254,0254.mp4,17,视频中的两个人主要在做什么？,制作手工,互动嬉闹,跑步锻炼,打扫卫生,B,8.335
vid_0255,0255.mp4,16,画面中的男子主要在做什么？,唱歌表演,玩手机游戏,跑步锻炼,烹饪做饭,B,8.405
vid_0256,0256.mp4,13,视频里的人物主要在做什么？,打扫卫生,试穿衣服,唱歌跳舞,烹饪做饭,B,8.405
vid_0257,0257.mp4,8,视频中的工人主要在做什么？,缝制衣服,种植农作物,烹制食物,装卸加工钢筋,D,8.405
vid_0258,0258.mp4,15,视频里围栏中的动物是什么？,鸡,猪,牛,羊,B,8.426
vid_0259,0259.mp4,3,视频中的人们主要在做什么？,跳广播体操,围坐吃饭,接倒下的同伴,搬桌椅,C,8.474
vid_0260,0260.mp4,9,视频主要展示的核心对象是？,山川风景,军人肖像,卡通玩具,蔬菜水果,B,8.474
vid_0261,0261.mp4,4,视频里的两个小女孩主要在做什么？,画画,吃饭,写作业,跳舞,B,8.474
vid_0262,0262.mp4,6,视频中男子主要在做什么？,唱歌跳舞,扫描塑像建立模型,打扫卫生,炒菜做饭,B,8.474
vid_0263,0263.mp4,7,视频中的人物主要在做什么？,烹饪食物,进行角色扮演变装,打扫房间卫生,演奏乐器,B,8.476
vid_0264,0264.mp4,3,视频中的人物主要在做什么？,唱歌表演,画画写字,炒菜做饭,跑步健身,A,8.498
vid_0265,0265.mp4,7,视频中的人物主要在做什么？,伏案写作,烹饪炒菜,对着镜头自拍,跑步锻炼,C,8.498
vid_0266,0266.mp4,4,视频中的女子主要在做什么？,擦拭玻璃,跳健身操,烹饪做饭,操作空调遥控器,D,8.519
vid_0267,0267.mp4,9,视频主要展示的场景是？,热带雨林,高山峡谷,沙漠戈壁,城市湖畔,D,8.521
vid_0268,0268.mp4,6,视频中的人物主要在做什么？,烹饪做饭,跑步锻炼,读书写字,对镜自拍,D,8.544
vid_0269,0269.mp4,8,视频里的主要人物主要在做什么？,泳池游泳戏水,教室上课学习,街边行走摆姿势,厨房做饭炒菜,C,8.566
vid_0270,0270.mp4,13,视频中的小男孩主要在做什么？,快速奔跑,站着听课,跳绳,躺在地面上,D,8.567
vid_0271,0271.mp4,16,视频中户外出现的明显天气现象是？,晴天,大雾,下雨,下雪,C,8.569
vid_0272,0272.mp4,15,视频里两名男子主要在做什么？,看书学习,抬举木椅,打扫卫生,洗菜做饭,B,8.569
vid_0273,0273.mp4,2,视频主要展示的动物是什么？,猫,金鱼,狗,兔子,A,8.589
vid_0274,0274.mp4,11,视频中反复出现的女子在做什么？,跑步健身,炒菜做饭,怀抱小孩,登台唱歌,C,8.59
vid_0275,0275.mp4,17,视频主要展示的是哪类人物？,小男孩,年轻女性,老年女性,老年男性,B,8.59
vid_0276,0276.mp4,12,视频主要展示的是什么？,电影宣传海报,风景摄影作品,社交平台帖子,手绘插画作品,C,8.614
vid_0277,0277.mp4,5,视频中大量出现的动物是？,鸽子,麻雀,海鸥,老鹰,C,8.614
vid_0278,0278.mp4,14,视频展示的主要场景是哪里？,教室,海边,草原,雪山,B,8.614
vid_0279,0279.mp4,1,视频中的人物主要在做什么？,踢足球,打乒乓球,打羽毛球,打篮球,D,8.635
vid_0280,0280.mp4,10,视频主要展示制作的食物是？,鸡蛋小汉堡,水果沙拉,白面肉包子,奶油蛋糕,A,8.639
vid_0281,0281.mp4,11,视频主要展示的内容是什么？,静态风景摄影作品,厨房烹饪教学视频,真实户外足球比赛,手机游戏对局画面,D,8.66
vid_0282,0282.mp4,1,视频开头的白衣男子在做什么？,躺着休息睡觉,蹲着面对小女孩,跑着追赶他人,站着烹饪做饭,B,8.66
vid_0283,0283.mp4,15,视频中反复出现的白发年长者是？,青年男性,老年女性,青年女性,老年男性,D,8.682
vid_0284,0284.mp4,13,视频中的人物主要在做什么动作？,写字,吃饭,跑步,握手,D,8.707
vid_0285,0285.mp4,6,视频中后方黑衣男子主要在做什么？,扫地,看书,画画,吃饭,D,8.707
vid_0286,0286.mp4,3,视频主要展示的动物是？,长颈鹿,大熊猫,大象,狮子,A,8.707
vid_0287,0287.mp4,9,视频里的人物主要在做什么？,卧床休息,牵手行走,用餐吃饭,跳舞表演,B,8.707
vid_0288,0288.mp4,2,视频中的人物主要在做什么？,玩手机游戏,烹饪做饭,阅读纸质书,弹奏乐器,A,8.709
vid_0289,0289.mp4,14,视频中的老虎主要在做什么？,快速奔跑,啃食肉类,用前爪捂脸部,趴着睡觉,C,8.728
vid_0290,0290.mp4,16,视频里的人物主要在做什么？,教室写作业,倚靠路边护栏,厨房做饭,操场跑步,B,8.728
vid_0291,0291.mp4,4,视频中的学生主要在做什么？,互相簇拥戏耍,做广播体操,安静坐着听课,排队打饭,A,8.728
vid_0292,0292.mp4,8,视频里的人物主要在做什么？,清洗餐具,打羽毛球,阅读书籍,整理头发,D,8.728
vid_0293,0293.mp4,10,视频中的男子主要在做什么？,教室讲课,厨房炒菜,操场跑步,坐在汽车里,D,8.752
vid_0294,0294.mp4,7,视频中的成年男子主要在做什么？,烹饪做饭,弹奏乐器,伏案书写办公,轻拍熟睡的婴儿,D,8.752
vid_0295,0295.mp4,5,视频主要展示什么内容？,养老金相关数据,美食制作教程,动画影视片段,健身教学视频,A,8.776
vid_0296,0296.mp4,17,视频里的女性主要在做什么？,坐着用餐,打扫卫生,登台表演,被陪同出行,D,8.776
vid_0297,0297.mp4,12,视频中的人物主要在做什么？,烹饪做饭,跑步锻炼,阅读写字,对着镜头自拍,D,8.776
vid_0298,0298.mp4,10,视频中人物主要在做什么？,泡制茶饮,清洗蔬菜,擦拭桌椅,缝制衣服,A,8.798
vid_0299,0299.mp4,12,视频中的活动主要发生在哪里？,地下矿井,河边公园,海底世界,居民家中,B,8.798
vid_0300,0300.mp4,17,视频中的人物主要在进行什么活动？,制作美食,书写作业,进行枪战对战,跳舞表演,C,8.799
vid_0301,0301.mp4,5,视频中的女运动员主要在做什么？,投掷铅球,跳高,跳远,短跑,B,8.799
vid_0302,0302.mp4,7,视频中的小宝宝主要在做什么？,扶着床沿站立,低头玩玩具,在床上向前挪动,坐椅子上吃饭,C,8.846
vid_0303,0303.mp4,14,视频中人物主要在做什么？,玩手机游戏对战,在厨房炒菜,在图书馆看书,在操场打篮球,A,8.846
vid_0304,0304.mp4,4,视频中的男子主要在做什么？,护理女子脚部,帮女子梳头发,烹饪饭菜,打扫房间卫生,A,8.868
vid_0305,0305.mp4,16,视频主要展示的是什么？,课程表,美食菜谱,自驾游路线图,漫画扉页,C,8.869
vid_0306,0306.mp4,8,视频中的女子主要在做什么？,跳舞,静坐,跑步,捡贝壳,A,8.869
vid_0307,0307.mp4,2,视频中玩家主要在做什么？,挖方块收集材料,搭建房屋建筑,和怪物战斗,给物体和角色染色,D,8.892
vid_0308,0308.mp4,13,视频中的男子主要在做什么？,营救石坡上的小狗,在水中游泳玩耍,蹲在岸边清洗衣物,站在坡上观景拍照,A,8.892
vid_0309,0309.mp4,11,视频中坐着的男子主要在做什么？,吃饭,打电话,看书,写字,B,8.937
vid_0310,0310.mp4,1,视频主要展示的是下列哪种食物？,煮鸡蛋,白米饭,带黄豆的酱料,红烧排骨,C,8.939
vid_0311,0311.mp4,3,视频中的人物主要在做什么？,做饭,跳舞,打球,画画,B,8.939
vid_0312,0312.mp4,6,视频中的人物主要在做什么？,围坐吃饭聊天,安静伏案学习,集体操练打拳,独自跑步锻炼,C,8.939
vid_0313,0313.mp4,9,视频里球员主要和小男孩做什么？,击掌,签名,合影,拥抱,A,8.947
vid_0314,0314.mp4,15,视频主要展示的动物是什么？,狗,羊,猪,牛,D,8.961
vid_0315,0315.mp4,14,站着的女士外套主色调是什么？,黄色,红色,蓝色,黑色,A,8.962
vid_0316,0316.mp4,10,视频中的人物主要处于什么状态？,跑步,坐着,跳舞,跳绳,B,8.969
vid_0317,0317.mp4,17,视频中的男子主要在做什么？,在操场跑步,在泳池游泳,在厨房炒菜,面向镜头坐着,D,8.984
vid_0318,0318.mp4,5,视频的主要场景是哪里？,商场,教室,草原,海边,D,8.984
vid_0319,0319.mp4,8,视频里的人物主要在做什么？,睡觉,走路,做饭,跳舞,B,8.985
vid_0320,0320.mp4,13,视频中的光头动画男子主要在做什么？,弹奏钢琴,用望远镜观察,炒菜做饭,打扫房间,B,8.985
vid_0321,0321.mp4,4,视频主要展示的是什么？,自然山水风景,真实家养宠物,日常家居用品,Q版卡通人物,D,9.007
vid_0322,0322.mp4,12,视频中的人物主要在做什么？,打扫卫生,唱歌跳舞,持笔答题,炒菜做饭,C,9.007
vid_0323,0323.mp4,2,视频的主要拍摄场景是哪里？,厨房,海边,教室,卧室,D,9.007
vid_0324,0324.mp4,11,视频中的男子正在做什么？,购物,理发,做核酸检测,吃饭,C,9.007
vid_0325,0325.mp4,7,视频的主要拍摄场景是哪里？,海边沙滩,厨房餐厅,露天篮球场,室内教室,C,9.007
vid_0326,0326.mp4,3,视频后半段画面中心的人物是？,幼龄儿童,短发男性,长发女性,白发老人,C,9.008
vid_0327,0327.mp4,15,视频中持续飘动的白色物体是什么？,碎纸片,鸟羽毛,蒲公英飞絮,雪花,C,9.008
vid_0328,0328.mp4,9,视频中的人主要在做什么？,玩电子游戏,打扫卫生,烹饪做饭,跑步锻炼,A,9.008
vid_0329,0329.mp4,16,视频中的男子主要在做什么？,展示自身健硕身材,教室认真听课,操场跑步锻炼,烹饪制作菜肴,A,9.055
vid_0330,0330.mp4,6,视频主要展示的内容是什么？,电视剧片段,手游对局画面,唱歌表演,书法创作,B,9.055
vid_0331,0331.mp4,1,视频主要展示了什么？,奔跑的野生动物,厨房的锅碗瓢盆,教室的黑板课桌,穿cos服饰的人物,D,9.077
vid_0332,0332.mp4,1,视频中的主要人物坐在什么物品上？,小板凳,轮椅,木沙发,自行车,B,9.078
vid_0333,0333.mp4,6,视频中的游戏角色主要在做什么？,唱歌跳舞,下河捕鱼,持枪对战,生火做饭,C,9.078
vid_0334,0334.mp4,9,视频中的人物主要在做什么？,做饭,打篮球,打理发型,画画,C,9.125
vid_0335,0335.mp4,16,视频中的玩家主要在做什么？,给物体染色,跑步锻炼,弹奏钢琴,生火做饭,A,9.125
vid_0336,0336.mp4,15,视频里的两个人主要在做什么？,跑步锻炼,坐着吃饭,面对面站立互动,伏案写字,C,9.125
vid_0337,0337.mp4,3,视频主要展示的是什么活动？,制作手工陶艺,拍摄风景照片,游玩射击游戏,进行篮球比赛,C,9.148
vid_0338,0338.mp4,11,视频中的主要场景是哪里？,教室,卧室,厨房,操场,A,9.171
vid_0339,0339.mp4,2,视频后半段出现的动物是什么？,小猫,小狗,小鸡,小鸭,B,9.171
vid_0340,0340.mp4,4,视频中可见人物正在做什么？,洗碗,炒菜,扫地,擦窗,A,9.194
vid_0341,0341.mp4,7,视频中人物主要在做什么？,调制食物,打扫卫生,缝制衣服,弹奏乐器,A,9.194
vid_0342,0342.mp4,12,视频中的人物主要在做什么？,阅读写字,打斗交手,烹饪做饭,跳舞表演,B,9.203
vid_0343,0343.mp4,8,视频中人物主要在做什么？,写字画画,烹饪做饭,跳舞运动,打理头发做发型,D,9.216
vid_0344,0344.mp4,13,视频的背景属于什么场景？,深海海底景观,城市商圈街道,室内教室课堂,户外自然风景,D,9.217
vid_0345,0345.mp4,5,视频中的人物主要在做什么？,打水仗,面对面互动,跳双人舞蹈,一起做饭,B,9.241
vid_0346,0346.mp4,17,视频中的男子主要在做什么？,烹饪做饭,唱歌跳舞,怀抱闭眼女孩,跑步锻炼,C,9.241
vid_0347,0347.mp4,14,视频主要展示的是什么？,购物小票,电影票,考试成绩单,餐厅菜单,C,9.264
vid_0348,0348.mp4,10,视频中的人物主要在做什么？,弹奏乐器,打扫卫生,吃饭用餐,展示加绒工装套装,D,9.264
vid_0349,0349.mp4,5,视频中的角色主要在做什么？,唱歌跳舞,跑步健身,烹饪食物,领取游戏等级奖励,D,9.286
vid_0350,0350.mp4,17,视频里的红衣小女孩主要在做什么？,写作业,拍皮球,跳绳,骑儿童三轮车,D,9.286
vid_0351,0351.mp4,14,视频中的人物主要在做什么？,做饭炒菜,走下楼梯,写字画画,唱歌跳舞,B,9.287
vid_0352,0352.mp4,10,视频主要展示哪类物品？,厨房餐具,运动器材,儿童玩具,各式女士服饰,D,9.287
vid_0353,0353.mp4,7,视频里的人们主要在做什么？,做核酸检测,表演节目,排队买东西,体育锻炼,A,9.31
vid_0354,0354.mp4,8,视频里的人物主要在做什么？,炒菜做饭,写作业,边跳边向前走,打乒乓球,C,9.31
vid_0355,0355.mp4,16,视频中的人员主要在做什么？,开展心肺复苏训练,进行篮球比赛,打扫卫生,演奏乐器,A,9.334
vid_0356,0356.mp4,9,视频里的一对男女主要在做什么？,伏案学习,田间劳作,争吵打架,亲密互动,D,9.334
vid_0357,0357.mp4,4,视频主要展示的是什么？,各类交通工具,卡通动漫人物,山川河流风景,真实宠物猫狗,B,9.334
vid_0358,0358.mp4,6,视频中带楼梯的大型雕塑是什么造型？,巨型树干,巨型手掌,巨型花瓶,巨型石碑,B,9.334
vid_0359,0359.mp4,1,视频主要展示的内容是什么？,多幅动物照片,多幅风景照片,多幅人物照片,多幅美食照片,C,9.355
vid_0360,0360.mp4,2,视频中的人物主要在做什么？,在教室上课,进行高空绳索活动,在厨房做饭,在操场踢球,B,9.355
vid_0361,0361.mp4,3,视频中女生拿着物品主要在做什么？,切水果,写字画画,向外喷水,织毛衣,C,9.355
vid_0362,0362.mp4,11,视频里出现的人物主要是什么类型？,动漫人物,泥塑人偶,布偶玩具,真实演员,A,9.357
vid_0363,0363.mp4,12,视频中男子主要在做什么？,做饭炒菜,开车赶路,扫地清洁,拍打身前的羊,D,9.357
vid_0364,0364.mp4,8,视频主要展示什么内容？,动物迁徙记录,炒菜做饭过程,舞蹈表演现场,游戏对战画面,D,9.38
vid_0365,0365.mp4,13,视频里的小男孩主要在做什么？,摸自己的头部,吃零食,踢足球,画画,A,9.38
vid_0366,0366.mp4,15,视频里的人物主要在做什么？,炒菜,自拍,睡觉,跳舞,B,9.38
vid_0367,0367.mp4,6,视频中的女生主要在做什么？,画画,做饭,操作手机,跳舞,C,9.402
vid_0368,0368.mp4,13,视频主要拍摄的是什么场景？,果园采摘相关,教室上课相关,厨房做饭相关,道路行车相关,D,9.403
vid_0369,0369.mp4,12,视频中的主要场景是哪里？,海边沙滩,密闭卧室,居民家厨房,教学楼走廊,D,9.403
vid_0370,0370.mp4,15,视频里的人物主要是什么姿态？,站着,躺着,蹲着,坐着,D,9.426
vid_0371,0371.mp4,1,视频中人物背后佩戴着什么装饰？,背包,披风,弓箭,翅膀,D,9.473
vid_0372,0372.mp4,9,视频的主要场景是哪里？,海边,厨房,果园,教室,D,9.496
vid_0373,0373.mp4,3,视频中的男子主要在做什么？,吃饭用餐,对着话筒发言,跳舞表演,伏案写字,B,9.496
vid_0374,0374.mp4,2,视频主要展示什么活动？,打扫房间,弹奏乐器,修理汽车,制作食物,D,9.496
vid_0375,0375.mp4,16,视频中主要展示的人物是？,老年男性,中年男性,年轻女性,年幼孩童,C,9.496
vid_0376,0376.mp4,11,视频展现的主要场景是哪里？,海边,沙漠,森林,草原,A,9.496
vid_0377,0377.mp4,5,视频主要展示的食物是什么？,麻辣火锅,中式水饺,鲜切水果,韩式炸鸡,D,9.541
vid_0378,0378.mp4,17,视频里的老人主要在做什么？,梳理打理头发,读书写字,做饭炒菜,打扫卫生,A,9.542
vid_0379,0379.mp4,10,视频主要展示什么内容？,厨房烹饪做饭,教室读书学习,手机游戏对战,公园赏花观景,C,9.542
vid_0380,0380.mp4,7,画面中的游戏角色主要在做什么？,烹饪美食,与敌方对战,弹奏乐器,搭建房屋,B,9.542
vid_0381,0381.mp4,14,视频中人物主要在做什么？,演奏乐器,打扫房间卫生,清洗衣物,准备午餐便当,D,9.564
vid_0382,0382.mp4,4,视频后半段出现的动物形象是？,老虎,熊猫,兔子,猴子,D,9.566
vid_0383,0383.mp4,4,视频主要在进行什么活动？,课堂教学,车间生产,街头采访,农田劳作,C,9.566
vid_0384,0384.mp4,14,视频中拍摄者主要在做什么？,厨房烹饪,教室上课,沿道路骑行,居家休息,C,9.612
vid_0385,0385.mp4,10,视频中多次出现的老年男性上衣主色是？,白色,黑色,红色,蓝色,D,9.635
vid_0386,0386.mp4,17,视频中的人物主要在做什么？,对着镜头说话,炒菜做饭,跳广场舞,伏案写字,A,9.659
vid_0387,0387.mp4,5,视频主要展示的动物是什么？,兔子,猫,狗,仓鼠,B,9.659
vid_0388,0388.mp4,2,视频中的人物主要在做什么？,工地施工干活,餐厅烹饪做饭,进行影视表演,教室上课学习,C,9.659
vid_0389,0389.mp4,11,视频中出现了下列哪种水果？,梨,菠萝,西瓜,榴莲,A,9.659
vid_0390,0390.mp4,7,视频中的人物主要在做什么？,集体跑步锻炼,围坐吃饭聚餐,围聚做手部互动,伏案学习做题,C,9.673
vid_0391,0391.mp4,3,视频中黑衣男生的主要动作是？,伏案写字,跳绳锻炼,抱起女生,洗菜做饭,C,9.682
vid_0392,0392.mp4,16,视频中的人物主要在做什么？,炒菜做饭,跑步锻炼,写字做题,表演家庭相关内容,D,9.704
vid_0393,0393.mp4,9,视频展示的主要场景是哪里？,室内滑雪场,乡村田间小路,江边沙滩,城市交叉路口,D,9.705
vid_0394,0394.mp4,1,视频中的男子主要在做什么？,躺着睡觉,蹲着系鞋带,站着面对镜头,坐着吃饭,C,9.728
vid_0395,0395.mp4,15,视频中两人互动的主要场景是哪里？,教室,超市,厨房,床上,D,9.75
vid_0396,0396.mp4,13,视频主要展示的物体是什么？,报纸杂志,考试试卷,卡通漫画,宣传海报,B,9.751
vid_0397,0397.mp4,12,视频中摩擦产生的火花引发了什么？,金属弯折断裂,液体结冰凝固,液体燃烧起火,大量尘土扬起,C,9.798
vid_0398,0398.mp4,6,视频中的女士主要在做什么？,跳舞,做饭,看书,骑车,A,9.844
vid_0399,0399.mp4,8,视频中的人物主要在做什么？,操作电脑,跑步锻炼,炒菜做饭,唱歌跳舞,A,9.868
vid_0400,0400.mp4,8,视频中的人物主要在做什么？,洗衣服,画画,打理头发做发型,炒菜,C,9.889
vid_0401,0401.mp4,12,视频里的男女主要在做什么？,亲密互动合影,修理家用电器,比赛游泳跑步,打扫房间卫生,A,9.891
vid_0402,0402.mp4,6,视频主要展示的人物是？,老奶奶,小男孩,年轻姑娘,壮汉,A,9.891
vid_0403,0403.mp4,13,视频中人物主要在进行什么操作？,转动方向盘,擦拭挡风玻璃,开启雨刮器,切换汽车挡位,D,9.907
vid_0404,0404.mp4,15,视频中的人物主要在做什么？,表演魔术,跑步锻炼,读书写字,烹饪做饭,A,9.914
vid_0405,0405.mp4,1,视频里的小女孩主要在做什么？,跳舞,画画,吃东西,唱歌,C,9.914
vid_0406,0406.mp4,9,视频中的人物主要在做什么？,跑步锻炼,跳舞表演,炒菜做饭,装修施工,D,9.936
vid_0407,0407.mp4,7,视频主要展示什么内容？,一男一女的相关画面,草原上的狮群捕猎,厨师制作中式菜肴,小学生的运动会,A,9.937
vid_0408,0408.mp4,16,视频中的人物主要在做什么？,打篮球,摆姿势展示造型,打扫房间,烹饪炒菜,B,9.937
vid_0409,0409.mp4,3,视频中的人物主要在做什么？,跑步锻炼,炒菜做饭,对着镜头自拍互动,看书学习,C,9.937
vid_0410,0410.mp4,2,视频里的小女孩主要在做什么？,看书,跳舞,吃东西,画画,C,9.959
vid_0411,0411.mp4,11,视频中多次出现人物进行什么活动？,扳手腕,跑步,唱歌,炒菜,A,9.96
vid_0412,0412.mp4,5,视频中的摊主主要在做什么？,切分制作面饼,烹炒热菜,整理衣物,售卖水果,A,9.96
vid_0413,0413.mp4,17,视频里的人物主要在做什么？,拄拐杖行走,唱歌跳舞,骑自行车,做饭炒菜,A,9.96
vid_0414,0414.mp4,10,视频里的人物主要在做什么？,打扫卫生,化妆打扮,烹饪做饭,唱歌跳舞,B,9.982
vid_0415,0415.mp4,14,视频主要展示什么？,火山喷发,山水风景,森林大火,烟花表演,A,9.984
vid_0416,0416.mp4,4,视频里的女士主要在做什么？,写字,跳舞,吃东西,看书,C,10.005
vid_0417,0417.mp4,5,视频主要展示的物品是什么？,项链,手链,戒指,手表,B,10.029
vid_0418,0418.mp4,11,视频中的男子主要在做什么？,做饭炒菜,唱歌跳舞,看书学习,装修施工,D,10.03
vid_0419,0419.mp4,4,视频里的人物主要在做什么？,打扫房间,制作带馅面食,演奏乐器,修剪花木,B,10.03
vid_0420,0420.mp4,8,视频中的女性主要在做什么？,做饭炒菜,写字画画,整理头发,跑步运动,C,10.052
vid_0421,0421.mp4,6,视频主要展示的是什么内容？,风景摄影,美甲款式,健身动作,美食菜谱,B,10.053
vid_0422,0422.mp4,12,视频中的女性主要在做什么？,在画室画画,对着镜头摆姿势,在厨房做饭,在操场跑步,B,10.053
vid_0423,0423.mp4,13,视频主要展示什么内容？,不同年份的人物合照,美食制作的过程,野生动物的画面,体育比赛的片段,A,10.053
vid_0424,0424.mp4,2,视频中的人物主要在做什么？,画画,开车,跳舞,做饭,B,10.053
vid_0425,0425.mp4,16,视频里的小朋友们主要在做什么？,操场玩耍,教室上课,食堂吃饭,走进校园,D,10.053
vid_0426,0426.mp4,1,视频中的人物主要在做什么？,在厨房烹饪做饭,在教室听课学习,在店内活动休息,在操场跑步锻炼,C,10.053
vid_0427,0427.mp4,7,视频中男子主要在做什么？,清洗衣物,拖擦地面,安装壁挂收纳篮,做饭炒菜,C,10.053
vid_0428,0428.mp4,15,视频里的中心人物主要在做什么？,跑步,摆造型,读书,炒菜,B,10.053
vid_0429,0429.mp4,10,视频中的男子主要在做什么？,在各处留影拍照,在操场打篮球,在厨房做饭炒菜,在舞台上跳舞,A,10.055
vid_0430,0430.mp4,14,视频中的人物主要在做什么？,厨房做饭,户外自拍,球场打球,教室上课,B,10.055
vid_0431,0431.mp4,17,视频中的人物主要在做什么？,伏案写作,烹饪做饭,唱歌表演,跑步健身,C,10.055
vid_0432,0432.mp4,17,视频主要展示的场景是？,海边,茶园,厨房,商场,B,10.055
vid_0433,0433.mp4,10,视频中的人物主要在做什么？,自拍合影,炒菜做饭,跑步锻炼,弹奏乐器,A,10.055
vid_0434,0434.mp4,3,视频中人物主要在做什么？,操场跑步,餐厅就餐,搭乘出租车,影院观影,C,10.055
vid_0435,0435.mp4,9,视频里户外地面大多被什么覆盖？,碎石,青草,落叶,白雪,D,10.055
vid_0436,0436.mp4,14,视频主要展示的场景是哪里？,海边沙滩,高原雪山,室内教室,城市公园,D,10.055
vid_0437,0437.mp4,8,视频里的女性主要在做什么？,沿着步道行走,下水游泳,骑马赶路,坐着看书,A,10.075
vid_0438,0438.mp4,13,视频中的人物主要在做什么？,打扫房间卫生,制作手工蛋糕,跑步锻炼身体,展示各式手机壳,D,10.077
vid_0439,0439.mp4,6,视频中的人物主要在做什么？,跳舞表演,写字画画,做美发造型,做饭炒菜,C,10.077
vid_0440,0440.mp4,15,视频主要展示的场景是哪里？,居民卧室,活动舞台,公交车内,超市卖场,B,10.077
vid_0441,0441.mp4,1,视频中的女性主要在做什么？,伏案写字,摆动身体做律动,打扫卫生,烹饪做饭,B,10.077
vid_0442,0442.mp4,12,视频中的女士主要在做什么？,跳舞表演,试穿展示外套,打扫卫生,烹饪做饭,B,10.077
vid_0443,0443.mp4,7,视频中被手持展示的主要水果是什么？,橙子,苹果,葡萄,香蕉,B,10.077
vid_0444,0444.mp4,3,视频主要展示什么内容？,机床加工金属工件,厨师烹饪菜肴,工人缝制衣服,果农采摘水果,A,10.078
vid_0445,0445.mp4,9,视频中的女士主要在做什么？,跳舞,看书,做饭,睡觉,A,10.078
vid_0446,0446.mp4,2,视频中的女子主要在做什么？,伏案写作,跑步锻炼,炒菜做饭,持花站立,D,10.078
vid_0447,0447.mp4,16,视频中的人物主要在做什么？,烹饪饭菜,安装外墙板材,清洗汽车,缝制衣物,B,10.078
vid_0448,0448.mp4,4,视频中主要出场的人物穿着什么服装？,军装,西装,校服,厨师服,A,10.095
vid_0449,0449.mp4,11,视频中的人物主要在做什么？,书写作业,清洗蔬菜,弹奏钢琴,展示做好的美甲,D,10.1
vid_0450,0450.mp4,5,视频中出现了下列哪种瓶装饮品？,牛奶,橙汁,可乐,矿泉水,C,10.1
vid_0451,0451.mp4,16,视频中的人物主要在做什么？,弹奏钢琴乐器,打扫室内卫生,进行篮球运动,展示装扮前后的变化,D,10.1
vid_0452,0452.mp4,12,视频主要展示了什么内容？,躺着活动的小宝宝,奔跑的小狗,桌上的鲜花,做饭的厨师,A,10.1
vid_0453,0453.mp4,15,视频中的人物主要在做什么？,打羽毛球,弹奏乐器,比爱心手势,炒菜做饭,C,10.1
vid_0454,0454.mp4,6,视频中的主要人物正在做什么？,弹奏乐器,切菜做饭,跑步锻炼,对着镜头做手势,D,10.1
vid_0455,0455.mp4,7,视频中的人物主要在做什么？,伏案写作业,在厨房炒菜,在操场上跑步,对着镜头自拍,D,10.1
vid_0456,0456.mp4,2,视频主要拍摄的场景是哪里？,汽车内部,海边,厨房,教室,A,10.1
vid_0457,0457.mp4,1,视频中大量展示的水果是什么？,香蕉,芒果,橙子,苹果,B,10.1
vid_0458,0458.mp4,13,视频里的人物主要在做什么？,跳舞,做队列动作,做饭,打球,B,10.1
vid_0459,0459.mp4,3,视频主要展示什么物品？,蓝牙耳机,平板电脑,智能手机,拍立得相机,D,10.101
vid_0460,0460.mp4,5,视频主要展示的场景是？,明亮的教室,商场内部,山间树林,夜间户外道路,D,10.101
vid_0461,0461.mp4,4,视频中反复展示的物品是什么？,新鲜水果,儿童玩具,课本教材,百元人民币,D,10.101
vid_0462,0462.mp4,11,视频主要的拍摄场景是哪里？,室外开阔场地,封闭体育馆内,室内商场店铺,茂密山林深处,A,10.101
vid_0463,0463.mp4,9,视频主要展示的是哪类景观？,乡村田园景色,野外沙漠风光,城市夜景灯光,室内商场场景,C,10.101
vid_0464,0464.mp4,17,视频里的女生主要在做什么？,对着镜头说话,弹奏吉他,跑步锻炼,伏案写字,A,10.121
vid_0465,0465.mp4,10,视频中的小孩主要在做什么？,在泳池玩水游泳,在看书,在拍球,在吃饭,A,10.122
vid_0466,0466.mp4,7,视频主要展示什么内容？,舞蹈教学,炒菜教程,动物纪录片,幽默小笑话,D,10.123
vid_0467,0467.mp4,14,本视频主要展示什么内容？,美食制作教程,舞蹈教学视频,幽默小笑话,自然风光摄影,C,10.123
vid_0468,0468.mp4,2,视频的背景主要是什么景色？,山水风景,城市街景,冰原雪景,沙漠戈壁,A,10.123
vid_0469,0469.mp4,5,视频中的女性主要在做什么？,洗碗,跳舞,做饭,拖地,B,10.123
vid_0470,0470.mp4,8,视频的主要拍摄场景是哪里？,教室,卧室,海边,厨房,B,10.123
vid_0471,0471.mp4,9,视频中主要呈现的物品是？,健身器材,数码产品,厨房餐具,各式服装,D,10.123
vid_0472,0472.mp4,1,视频中的人物主要在做什么？,烹饪炒菜,跑步锻炼,看书学习,对着镜头做手势动作,D,10.123
vid_0473,0473.mp4,3,视频主要展示的是哪个场所？,餐厅,理发店,学校,医院,B,10.123
vid_0474,0474.mp4,15,视频主要展示制作什么食物？,炸鸡,面条,蛋糕,饺子,A,10.123
vid_0475,0475.mp4,17,视频中的人物主要在做什么？,跑步锻炼,自拍合影,炒菜做饭,打扫卫生,B,10.124
vid_0476,0476.mp4,10,视频主要展示什么？,一桌菜品套餐,办公文具套装,服装鞋帽商品,健身运动器材,A,10.124
vid_0477,0477.mp4,8,视频中的人物主要在做什么？,厨房炒菜做饭,户外跑步锻炼,伏案写字学习,对着镜头摆姿势做手势,D,10.124
vid_0478,0478.mp4,14,视频中的店员主要在做什么？,拖洗地面,给顾客上菜,收取餐具,擦拭桌椅,B,10.124
vid_0479,0479.mp4,4,视频主要展示了什么？,放满书籍的书房桌面,摆满商品的超市货架,堆满泥石的汽车内部,长满青草的山坡草地,C,10.124
vid_0480,0480.mp4,11,视频里主要在进行什么操作？,翻炒锅中食材,清洗餐具,清洗蔬菜,切割食材,A,10.124
vid_0481,0481.mp4,16,视频中的场景主要位于哪里？,乡村,海边,山林,城市,D,10.134
vid_0482,0482.mp4,11,视频中的人物主要在做什么？,展示服装,打扫卫生,烹饪食物,演奏乐器,A,10.146
vid_0483,0483.mp4,1,人物主要在做什么？,站立,跑步,睡觉,做饭,A,10.146
vid_0484,0484.mp4,12,视频中的人物主要在做什么？,球场踢球,泳池游泳,站在镜头前,厨房炒菜,C,10.146
vid_0485,0485.mp4,15,视频中的人们主要在做什么？,玩趣味游戏,列队训练,打扫卫生,食堂就餐,A,10.146
vid_0486,0486.mp4,6,视频主要展示的场景是哪里？,海边沙滩,商场室内,居民小区,山地森林,C,10.146
vid_0487,0487.mp4,4,视频主要展示的物体是什么？,轮船,汽车,飞机,自行车,B,10.146
vid_0488,0488.mp4,13,视频中的队伍主要在做什么？,列队向前行进,自由活动,安静听课,集体用餐,A,10.146
vid_0489,0489.mp4,16,视频中的人物主要在做什么？,给小狗梳毛,给小狗喂食,逗小狗玩耍,给小狗剪毛,A,10.148
vid_0490,0490.mp4,12,视频中人物主要在做什么？,烹饪食物,缝制衣物,雕刻树叶,弹奏乐器,C,10.148
vid_0491,0491.mp4,13,视频主要演示做什么？,护理发黑的关节皮肤,烹制家常菜肴,拼装玩具模型,打扫房间卫生,A,10.148
vid_0492,0492.mp4,14,视频中的工人主要在做什么？,唱歌跳舞,跑步健身,烹饪做饭,装修施工,D,10.148
vid_0493,0493.mp4,6,视频中的人物主要在做什么？,烹饪炒菜,跑步锻炼,对着镜头自拍,弹奏钢琴,C,10.148
vid_0494,0494.mp4,17,视频主要展示了什么？,玩耍的小狗,躺着的小宝宝,盛开的鲜花,行驶的汽车,B,10.148
vid_0495,0495.mp4,8,视频中人物双手主要在做什么？,清洗陶瓷碗碟,拆开叶子包裹,折叠彩色纸鹤,采摘树上树叶,B,10.148
vid_0496,0496.mp4,5,视频中的人物主要在做什么？,打球,跳舞,画画,做饭,D,10.148
vid_0497,0497.mp4,10,视频主要展示的是什么？,高层写字楼,跨河大桥,中式合院房屋,古代宝塔,C,10.159
vid_0498,0498.mp4,2,视频中的人物主要处于什么场景中？,泳池边,山顶上,教室内,汽车内,D,10.167
vid_0499,0499.mp4,3,视频中的人物主要在做什么？,在教室伏案学习,在厨房烹饪炒菜,在操场跑步锻炼,趴在床上面向镜头,D,10.169
vid_0500,0500.mp4,7,视频中的人物主要在做什么？,跳舞运动,对着镜头做手势说话,伏案写字,烹饪炒菜,B,10.169
vid_0501,0501.mp4,10,视频中的女生主要在做什么？,写字,跑步,摆造型展示,做饭,C,10.169
vid_0502,0502.mp4,2,视频中人物主要在做什么？,清洗新鲜蔬菜,编织草编托盘,整理收纳抽屉,制作鲜榨饮品,D,10.169
vid_0503,0503.mp4,7,视频中的人物主要在做什么？,唱歌跳舞,聚餐吃饭,上课学习,跑步锻炼,B,10.169
vid_0504,0504.mp4,9,视频主要展示的是哪类内容？,风景摄影展示,动漫人物剧情,动物科普纪录,真人新闻播报,B,10.169
vid_0505,0505.mp4,3,视频里的女性主要在做什么？,吃饭,跳舞,洗衣服,写字,A,10.171
vid_0506,0506.mp4,9,视频中的人们主要在做什么？,看书,跳舞,做饭,跑步,D,10.171
vid_0507,0507.mp4,11,视频中主要出现的动物是？,鸡,狗,羊,猫,B,10.193
vid_0508,0508.mp4,5,视频主要记录人物进行什么户外运动？,骑行,滑雪,跑步,游泳,C,10.193
vid_0509,0509.mp4,4,视频中的女生主要在做什么？,游泳戏水,炒菜做饭,跑步锻炼,对着镜头互动摆姿势,D,10.193
vid_0510,0510.mp4,6,视频展示的主要场景是哪里？,月球表面,热带雨林,海底世界,都市商圈,A,10.193
vid_0511,0511.mp4,12,视频主要展示的是什么内容？,网购结算界面,电影播放界面,游戏账号界面,聊天对话界面,C,10.194
vid_0512,0512.mp4,13,视频主要展示的小动物是什么？,蚂蚁,螳螂,蜘蛛,蝴蝶,B,10.194
vid_0513,0513.mp4,17,视频中的男子主要在做什么？,坐着吃饭,唱歌跳舞,游泳戏水,向前行走,D,10.216
vid_0514,0514.mp4,15,视频中人物主要在做什么？,摆弄使用餐巾纸,穿脱衣物,烹饪炒菜,清洗餐具,A,10.216
vid_0515,0515.mp4,8,视频中的人物主要在做什么？,对着镜头做手势动作,伏案写字,跑步锻炼,炒菜做饭,A,10.216
vid_0516,0516.mp4,1,视频里的工作人员主要在做什么？,蒸白米饭,切新鲜蔬菜,捞大块卤肉,擦拭餐桌,C,10.216
vid_0517,0517.mp4,8,视频中主要出现的动物是什么？,仓鼠,兔子,猫,狗,D,10.217
vid_0518,0518.mp4,16,视频主要展示了什么？,纸质书籍,新鲜的水果,毛绒玩偶,皮肤上的伤口,D,10.217
vid_0519,0519.mp4,14,视频中的人物主要在做什么？,做健身运动,弹奏钢琴,伏案写字,烹饪炒菜,A,10.217
vid_0520,0520.mp4,14,视频最后正对镜头展示的交通工具是什么？,大货车,小轿车,自行车,摩托车,B,10.217
vid_0521,0521.mp4,16,视频中的人物主要在做什么？,跑步,炒菜,自拍,写字,C,10.217
vid_0522,0522.mp4,17,视频中架在火堆上被加热的是什么？,饭盒,水壶,铁锅,砂锅,B,10.217
vid_0523,0523.mp4,6,视频中的男子主要在做什么？,高空绳索特技,跳广场舞,炒菜做饭,上课学习,A,10.238
vid_0524,0524.mp4,13,视频主要展示哪类物品相关内容？,茶,水果,白酒,文具,A,10.239
vid_0525,0525.mp4,12,视频主要展示的是什么物体？,自行车,摩托车,小汽车,滑板,B,10.239
vid_0526,0526.mp4,1,视频中大人抱着小孩主要在做什么？,展示小孩脚底的字,给小孩喂饭,帮小孩洗澡,给小孩穿衣服,A,10.239
vid_0527,0527.mp4,15,视频中的学生主要在做什么？,在操场踢球,在家看电视,在餐馆吃饭,走向学校,D,10.239
vid_0528,0528.mp4,2,视频主要展示的内容是什么？,宠物狗,水果,年轻女性,汽车,C,10.262
vid_0529,0529.mp4,10,视频里的年轻女生主要在做什么？,打扫卫生,跑步锻炼,烹饪做饭,对着镜头摆姿势,D,10.262
vid_0530,0530.mp4,5,视频主要展示的物体是什么？,远洋轮船,独栋别墅,民航飞机,家用轿车,B,10.264
vid_0531,0531.mp4,7,视频里出现的男子主要在做什么？,走路,打球,跳舞,做饭,A,10.264
vid_0532,0532.mp4,9,视频展现的主要场景是哪里？,学校教室,田径操场,婚礼婚房,餐厅后厨,C,10.264
vid_0533,0533.mp4,3,视频中大量出现的花是？,玫瑰,梅花,荷花,菊花,A,10.264
vid_0534,0534.mp4,11,视频中的男子主要在做什么？,打篮球,骑自行车,驾驶叉车,炒菜做饭,C,10.264
vid_0535,0535.mp4,4,视频里的古装人物主要在做什么？,读书写字,跳舞表演,用餐进食,向前行走,D,10.266
vid_0536,0536.mp4,4,视频中的女士主要在做什么？,向前行走,烹饪饭菜,弹奏钢琴,骑自行车,A,10.267
vid_0537,0537.mp4,5,视频中人物主要在进行什么操作？,嫁接睫毛,修剪指甲,洁面护肤,修剪眉毛,A,10.267
vid_0538,0538.mp4,11,视频主要展示的对象是什么？,哈密瓜,宠物狗,成年女士,木书桌,C,10.268
vid_0539,0539.mp4,6,视频中人物主要在做什么？,打扫房间卫生,烹饪制作食物,按摩护理腿部,弹奏乐器表演,C,10.284
vid_0540,0540.mp4,14,视频主要展示了什么物体？,黄色向日葵,粉色玫瑰花,白色百合花,红色郁金香,B,10.285
vid_0541,0541.mp4,8,视频中人物双手反复摆弄的物品是什么？,织针,橘子,钥匙,鸡爪,D,10.286
vid_0542,0542.mp4,15,视频主要展示的是什么？,彩妆产品,花卉绿植,珠宝首饰,各式美甲,D,10.287
vid_0543,0543.mp4,3,视频中的女性主要在做什么？,弹奏乐器,对镜自拍,烹饪饭菜,打扫卫生,B,10.287
vid_0544,0544.mp4,2,视频里展示的水果是什么？,葡萄,橙子,香蕉,苹果,B,10.287
vid_0545,0545.mp4,9,视频中的人物主要在做什么？,做饭,扫地,跳舞,吃饭,C,10.287
vid_0546,0546.mp4,13,视频中持续出现的卡通动物是什么？,小猫,小熊,小狗,兔子,B,10.287
vid_0547,0547.mp4,1,视频主要展示的玩具是什么？,毛绒玩偶,竹节玩具蛇,电动小汽车,拼图玩具,B,10.287
vid_0548,0548.mp4,10,视频中的女子主要在做什么？,打球,做饭,画画,跳舞,D,10.287
vid_0549,0549.mp4,7,视频主要展示的内容是什么？,足球比赛片段,美食烹饪教程,野生动物记录,女士的不同场景留影,D,10.287
vid_0550,0550.mp4,16,视频展示的主要自然场景是？,森林,草原,雪山,沙漠,B,10.287
vid_0551,0551.mp4,12,视频中的人物主要在做什么？,读书,做饭,跳舞,洗衣服,C,10.3
vid_0552,0552.mp4,17,视频道路上的人员主要在做什么？,伏案写字,骑电动车前行,打羽毛球,弹奏乐器,B,10.307
vid_0553,0553.mp4,17,视频中的人物主要在做什么？,打羽毛球,炒菜做饭,乘坐自动扶梯,爬步行楼梯,C,10.309
vid_0554,0554.mp4,9,视频主要展示什么？,书本文具,新鲜水果蔬菜,发光装饰彩灯,家用电器,C,10.309
vid_0555,0555.mp4,3,视频主要展示的天气现象是什么？,下雪,大雾,晴天,下雨,D,10.309
vid_0556,0556.mp4,12,视频中的人物主要在做什么？,炒菜做饭,对着镜头做表情,跑步运动,伏案写字,B,10.31
vid_0557,0557.mp4,14,视频中跑向玻璃门的女子发生了什么？,生火做饭,原路返回,跳舞表演,摔倒在地,D,10.331
vid_0558,0558.mp4,5,画面上方的卡通人物在做什么？,游泳,走路,睡觉,画画,B,10.331
vid_0559,0559.mp4,11,视频中的人物主要在做什么？,上课,拍毕业照,做饭,打篮球,B,10.331
vid_0560,0560.mp4,13,视频里的场景发生在什么时候？,傍晚,夜晚,白天,清晨,B,10.332
vid_0561,0561.mp4,15,视频主要展示什么内容？,流行舞蹈教学,大洲全称相关知识,手机操作指南,家常菜烹饪教程,B,10.332
vid_0562,0562.mp4,10,视频主要展示的小动物是什么？,小狗,老鼠,小猫,小鸭,B,10.332
vid_0563,0563.mp4,8,视频主要展示的人物是？,老年男性,老年女性,年轻女性,小男孩,C,10.332
vid_0564,0564.mp4,4,视频中的人们主要在参与什么活动？,集体聚餐,农田劳作,课堂教学,体育竞赛,A,10.332
vid_0565,0565.mp4,6,视频中的人物主要在做什么？,演奏乐器,擦拭家具,整理衣物,烹饪饭菜,C,10.332
vid_0566,0566.mp4,1,视频中人物主要在做什么？,撩裤腿露腿部纹身,系鞋带,整理头发,穿袜子,A,10.332
vid_0567,0567.mp4,2,视频中人物主要在做什么？,清洗头发,展示假发,吹干头发,修剪头发,B,10.332
vid_0568,0568.mp4,16,视频中反复出现的连衣裙主要是什么颜色？,黑色,红色,绿色,白色,D,10.332
vid_0569,0569.mp4,2,视频中的人物主要在做什么？,在舞台表演节目,在厨房烹饪做饭,对着镜头同框互动,在操场跑步锻炼,C,10.333
vid_0570,0570.mp4,1,视频主要展示的物品是什么？,皮鞋,拖鞋,袜子,手套,B,10.333
vid_0571,0571.mp4,15,视频中的人物主要在做什么？,在厨房做饭,在操场打球,伏案画画,对着镜头自拍,D,10.333
vid_0572,0572.mp4,7,视频里的女子主要在做什么？,古城自拍观景,操场跑步打球,厨房做饭炒菜,教室上课读书,A,10.333
vid_0573,0573.mp4,10,视频中的人物主要在做什么？,跑步,游泳,看书,做饭,A,10.333
vid_0574,0574.mp4,7,视频里的人物主要在做什么？,唱歌跳舞,打球运动,理发美发,烹饪做饭,C,10.334
vid_0575,0575.mp4,3,视频中人物拿着罐子主要在做什么？,喷洒喷雾,修剪树枝,捡拾落叶,浇灌草地,A,10.354
vid_0576,0576.mp4,9,视频中的女生主要在做什么？,对着镜子自拍,烹饪做饭,打扫卫生,弹奏乐器,A,10.355
vid_0577,0577.mp4,4,视频末尾段出现了什么内容？,女生自拍,炒菜做饭,山川河流,足球比赛,A,10.355
vid_0578,0578.mp4,17,视频主要展示的物品是什么？,儿童运动套装,成人西装,毛绒玩具,陶瓷餐具,A,10.355
vid_0579,0579.mp4,6,视频中的人物主要在做什么？,吃冰棍,刷牙,写字,唱歌,A,10.355
vid_0580,0580.mp4,12,视频主要展示的场景是什么？,月夜下的树林,热闹的集市,阳光下的草原,干旱的沙漠,A,10.355
vid_0581,0581.mp4,14,视频的主要场景是哪里？,操场内,教室内,小汽车内,餐厅内,C,10.357
vid_0582,0582.mp4,16,视频中的两名警务人员主要在做什么？,向前行走,烹饪做饭,驾驶车辆,跳舞表演,A,10.357
vid_0583,0583.mp4,5,视频主要展现的是哪种场景？,滑雪场滑雪,森林里徒步,收费站前车辆排队,室内餐厅用餐,C,10.357
vid_0584,0584.mp4,8,视频中的人物主要在做什么？,洗衣服,做饭,自拍,打篮球,C,10.357
vid_0585,0585.mp4,13,视频中的人物主要在做什么？,烹饪做饭,打扫卫生,对着镜头做手部动作,伏案写字,C,10.357
vid_0586,0586.mp4,11,视频中的人物主要在做什么？,在雪地滑冰,在溪边玩水,在教室上课,在厨房做饭,B,10.357
vid_0587,0587.mp4,7,视频中男子对女子做出的显著动作是？,帮女子擦脸,持枪抵住女子脸部,给女子递鲜花,和女子握手,B,10.377
vid_0588,0588.mp4,9,视频主要展示什么场景？,高山滑雪场景,市区举办马拉松,城市街道被水淹没,农田干旱龟裂,C,10.377
vid_0589,0589.mp4,14,视频中的人物主要在做什么？,唱歌跳舞表演,参加跑步比赛,烹饪制作美食,接受采访回答问题,D,10.378
vid_0590,0590.mp4,11,视频中的人物主要在做什么？,烹饪食物,制作手工玩具,拍摄田间植物,打扫室内卫生,C,10.378
vid_0591,0591.mp4,5,视频中的人物主要在做什么？,看书,吃冰棍,做饭,跑步,B,10.378
vid_0592,0592.mp4,4,视频中出现最多的形象是哪种动物？,兔子,牛,猪,猴子,D,10.378
vid_0593,0593.mp4,3,视频中的女生最终掉入哪里？,沙坑,游泳池,海绵块池,海洋球池,C,10.378
vid_0594,0594.mp4,16,视频中的人物主要在做什么？,练习舞蹈劈叉,上台唱歌表演,围坐吃饭聚餐,伏案写字画画,A,10.38
vid_0595,0595.mp4,8,视频中的运动记录对应哪项运动？,登山,骑行,跑步,游泳,C,10.38
vid_0596,0596.mp4,6,视频中的人物主要在做什么？,自拍,画画,做饭,跑步,A,10.38
vid_0597,0597.mp4,13,视频中的人物主要在做什么？,伏案写作,自拍,打篮球,炒菜做饭,B,10.38
vid_0598,0598.mp4,2,视频中人物主要在做什么？,弹奏吉他,抚摸怀中的猫,清洗蔬菜,跑步锻炼,B,10.402
vid_0599,0599.mp4,1,视频中的人物主要在做什么？,对着镜头自拍互动,踢足球,烹饪炒菜,写作业,A,10.402
vid_0600,0600.mp4,10,视频主要展示的内容是什么？,城市道路车流,乡村农田景色,海边沙滩景观,山间树林风光,A,10.402
vid_0601,0601.mp4,15,视频里的小女孩主要在做什么？,跳绳,认真写作业,对着镜头做可爱动作,吃饭,C,10.402
vid_0602,0602.mp4,12,视频中的人物主要在做什么？,在厨房烹饪做饭,在操场跑步锻炼,坐着弹奏钢琴,对着镜头做手势动作,D,10.402
vid_0603,0603.mp4,13,视频主要展示的是什么？,成熟的水稻,散养的鸡群,被损毁的芹菜,盛放的鲜花,C,10.402
vid_0604,0604.mp4,12,视频中的人物主要在做什么？,睡觉,做饭,游泳,走路,D,10.402
vid_0605,0605.mp4,2,画面中的游戏角色主要在做什么？,种植庄稼,与敌方对战,唱歌跳舞,烹饪食物,B,10.402
vid_0606,0606.mp4,17,视频中黑衣男子主要在做什么？,打扫人行道卫生,修理停着的汽车,售卖遮阳雨伞,抱起路边的小孩,D,10.402
vid_0607,0607.mp4,17,视频中人物主要在进行什么活动？,登山,划龙舟,踢足球,跳广场舞,B,10.403
vid_0608,0608.mp4,16,视频中的人物主要在做什么？,擦拭玻璃窗,修理洗衣机,组装置物架,安装空调挡风板,D,10.415
vid_0609,0609.mp4,4,视频里的人物主要在做什么？,打扫卫生,排练舞蹈,协助同伴做动作,一起就餐,C,10.425
vid_0610,0610.mp4,11,黑衣女士正在给男士做什么？,戴口罩,戴帽子,系围巾,挂奖牌,D,10.425
vid_0611,0611.mp4,6,视频中人物主要在做什么？,展示生牛肉,清扫桌面,烹炒菜肴,书写记录,A,10.425
vid_0612,0612.mp4,15,视频中的男子主要在做什么？,做饭,跳舞,画画,打球,B,10.426
vid_0613,0613.mp4,1,视频中主要出现的动物是什么？,小猫,兔子,熊猫,小狗,B,10.426
vid_0614,0614.mp4,8,视频中靠前的女士主要在做什么？,烹饪做饭,弹奏乐器,跑步锻炼,对着镜头自拍,D,10.426
vid_0615,0615.mp4,10,视频主要展示的是什么？,纸张书本,废旧金属废料,新鲜蔬菜水果,木材木料,B,10.426
vid_0616,0616.mp4,14,视频中的人物主要在做什么？,烧菜做饭,跑步锻炼,站岗执勤,跳舞表演,C,10.426
vid_0617,0617.mp4,5,视频中的人物主要在做什么？,在教室里追逐打闹,坐在座位上吃饭,互相递接空塑料瓶,站在黑板前讲课,C,10.436
vid_0618,0618.mp4,3,视频中的两个人主要待在什么地方？,公交车上,沙滩上,会议室里,床上,D,10.447
vid_0619,0619.mp4,7,视频里两人互动的主要场景在哪里？,居民家客厅,学校教室,海边沙滩,室外铺砖空地,D,10.447
vid_0620,0620.mp4,15,视频主要展示的是哪类场景？,古代婚礼,农田劳作,体育比赛,课堂授课,A,10.448
vid_0621,0621.mp4,9,视频中的人物主要在做什么？,操场跑步锻炼,低头写作业,对着镜头摆姿势,厨房炒菜做饭,C,10.448
vid_0622,0622.mp4,7,视频主要展示的内容是？,自然风光,野生动物,工业机械,年轻女性形象,D,10.448
vid_0623,0623.mp4,10,视频里的人物主要在做什么？,在厨房做饭,在户外跑步,在教室上课,在床上玩耍,D,10.448
vid_0624,0624.mp4,1,视频中出现的工作场景属于？,银行网点,幼儿园,建筑工地,服装加工厂,D,10.449
vid_0625,0625.mp4,9,视频主要展示的物品是什么？,杯装饮品,文具书本,新鲜蔬菜,毛绒玩具,A,10.449
vid_0626,0626.mp4,3,视频里的女孩主要在做什么？,坐着吃饭,跳舞表演,驾驶小火车,向前行走,D,10.449
vid_0627,0627.mp4,5,视频中的人物主要在做什么？,处理砍伐的树木,制作餐食,集体跳舞,开展球赛,A,10.449
vid_0628,0628.mp4,16,视频里的工作人员主要在做什么？,烹饪做饭,跳舞表演,跑步锻炼,爬梯停在窗边,D,10.47
vid_0629,0629.mp4,17,视频里的两个人主要在做什么？,厨房做饭炒菜,舞台唱歌跳舞,操场跑步打球,爬高台阶后坐下,D,10.47
vid_0630,0630.mp4,14,视频主要展示的场景是？,乡村田野,沙漠戈壁,城市街道,热带雨林,C,10.471
vid_0631,0631.mp4,4,视频中多次出现的建筑属于以下哪类？,学校教学楼,工厂厂房,居民住宅,医院大楼,B,10.471
vid_0632,0632.mp4,6,视频中的人物主要在做什么？,室内跳广场舞,坐着吃饭聊天,伏案写作业,沿步道向前行走,D,10.471
vid_0633,0633.mp4,12,视频中的人物主要在做什么？,在床上蹦跳玩耍,打扫房间卫生,认真看书学习,围坐吃饭,A,10.471
vid_0634,0634.mp4,11,视频里的人物主要在做什么？,打篮球,画画,面向镜头,炒菜做饭,C,10.473
vid_0635,0635.mp4,8,视频中人物主要在做什么？,厨房做饭,户外跑步,逛超市自拍,教室听课,C,10.473
vid_0636,0636.mp4,2,视频中反复出现的物品是什么？,水杯,篮球,体重秤,花盆,C,10.494
vid_0637,0637.mp4,13,视频里的人物主要在做什么？,炒菜做饭,跑步锻炼,写字画画,做各种手势动作,D,10.494
vid_0638,0638.mp4,12,视频主要展示什么内容？,各种美食制作,多位女性人像,汽车维修教学,野生动物记录,B,10.495
vid_0639,0639.mp4,9,视频主要展示什么内容？,太空星球变化,歌手舞台演唱,厨师烹饪菜品,画家绘制作品,A,10.495
vid_0640,0640.mp4,3,视频中多次出现的人物动作是？,在跑步,趴在桌上睡觉,在吃饭,在跳舞,B,10.495
vid_0641,0641.mp4,16,视频的主要拍摄场景在哪里？,厨房内部,教室内部,公园草坪,汽车内部,D,10.496
vid_0642,0642.mp4,14,视频中的女子正在做什么？,跳舞表演,吃饭喝水,跪地礼拜,跑步赶路,C,10.496
vid_0643,0643.mp4,8,视频中的主要场景是哪里？,繁华商场,室内教室,郊外农田,海边沙滩,C,10.496
vid_0644,0644.mp4,17,视频中的女生主要在做什么？,厨房烹饪做菜,对着镜头自拍,教室认真听课,操场跑步运动,B,10.496
vid_0645,0645.mp4,11,视频主要展示的内容是什么？,一杯饮料,一位女性,一部手机,一只小狗,B,10.496
vid_0646,0646.mp4,2,视频里的男子主要在做什么？,在厨房炒菜做饭,在教室讲课教学,操作设备查看印刷产品,在操场跑步锻炼,C,10.496
vid_0647,0647.mp4,4,视频中正在发生的天气现象是？,起雾,晴天,下雨,下雪,D,10.496
vid_0648,0648.mp4,13,视频中的地面和植被上覆盖着什么？,枯叶,花瓣,积雪,尘土,C,10.496
vid_0649,0649.mp4,6,视频中的人物主要在做什么？,吃东西,跑步,跳舞,写作业,A,10.505
vid_0650,0650.mp4,1,视频里的人们主要在做什么？,游览观光景点,参加体育比赛,排队等候就医,车间生产作业,A,10.518
vid_0651,0651.mp4,15,视频中的主要场景是哪里？,城市商场,乡村农田,室内教室,海边沙滩,B,10.519
vid_0652,0652.mp4,10,视频拉开窗帘后呈现的主要场景是？,河畔城镇山景,茂密原始森林,沙漠戈壁风光,热带海岛沙滩,A,10.519
vid_0653,0653.mp4,5,视频中主要展示的交通工具是什么？,自行车,货运三轮车,客运大巴,电动自行车,D,10.519
vid_0654,0654.mp4,7,视频中的人物主要在做什么？,在泳池游泳戏水,在户外草地活动,在厨房做饭炒菜,在舞台跳舞表演,B,10.519
vid_0655,0655.mp4,11,视频主要展示的物品是？,金属U盘,充电头,USB小夜灯,玩具汽车,C,10.541
vid_0656,0656.mp4,16,视频中的女性主要在做什么？,吃饭喝水,跑步锻炼,看书学习,展示发型,D,10.541
vid_0657,0657.mp4,2,视频中人物主要在做什么？,在操场跑步锻炼,在教室读书写字,在水面坐船漂浮,在厨房炒菜做饭,C,10.541
vid_0658,0658.mp4,14,视频里的两个小女孩主要在做什么？,唱歌,吃饭,看书,跳舞,B,10.541
vid_0659,0659.mp4,13,视频里的人们主要在做什么？,搬运货物,聚餐吃饭,登台表演,野外露营,B,10.541
vid_0660,0660.mp4,17,视频主要在进行什么农事操作？,翻耕土地,喷洒农药,收割庄稼,播撒种子,A,10.541
vid_0661,0661.mp4,12,视频中的人物主要在做什么？,拿着话筒说话唱歌,画画创作,生火做饭,跑步锻炼,A,10.541
vid_0662,0662.mp4,4,视频里的人物主要在做什么？,弹奏乐器,打羽毛球,查看花束,烹饪食物,C,10.541
vid_0663,0663.mp4,5,视频后半段出现的人位于哪里？,挖掘机铲斗内,卡车货厢里,装载机驾驶位,路边土坡上,A,10.542
vid_0664,0664.mp4,15,视频主要展示的场景是什么？,热闹的游乐园区,夏日的乡村田野,晴天的海边沙滩,雪夜的城市街道,D,10.542
vid_0665,0665.mp4,7,视频里的人们主要在做什么？,伏案看书学习,聚餐举杯喝饮品,烹饪制作饭菜,跑步锻炼身体,B,10.542
vid_0666,0666.mp4,1,视频里人物主要在做什么？,摆弄并吃西红柿,看书读报,做饭炒菜,踢足球,A,10.542
vid_0667,0667.mp4,6,视频中的人物主要在什么地方活动？,高山雪地上,密闭卧室里,溪流浅滩边,大型商场内,C,10.542
vid_0668,0668.mp4,10,视频中的人物主要在做什么？,上车,做饭,跳舞,打球,A,10.542
vid_0669,0669.mp4,8,视频中的人物主要在做什么？,聚餐碰杯,打扫房间,跑步健身,绘画写生,A,10.547
vid_0670,0670.mp4,3,视频中女士所穿礼服的主色调是？,黑色,蓝色,橙色,绿色,C,10.564
vid_0671,0671.mp4,9,视频主要展示的物品是什么？,餐具,课本,婚纱照,球鞋,C,10.564
vid_0672,0672.mp4,7,视频主要展示人物在做什么？,打理头发做发型,看书学习,跳舞运动,做饭炒菜,A,10.564
vid_0673,0673.mp4,2,视频中的人物主要在做什么？,游泳,调整脸部的透明贴片,拖地,弹奏钢琴,B,10.564
vid_0674,0674.mp4,1,视频中人物主要在做什么？,玩解压泥,清洗蔬果,修剪花木,擦拭家具,A,10.564
vid_0675,0675.mp4,6,视频中的人们主要在做什么？,伏案写作,跑步健身,聚餐吃饭,跳舞表演,C,10.564
vid_0676,0676.mp4,13,视频的故事主要发生在哪里？,乡村户外道路,高层写字楼内,地铁车厢之中,大型超市里面,A,10.564
vid_0677,0677.mp4,3,视频主要展示的动物是什么？,仓鼠,兔子,狗,猫,D,10.564
vid_0678,0678.mp4,9,视频中的女性主要在做什么？,做饭,游泳,看书,跳舞,D,10.564
vid_0679,0679.mp4,11,视频中男子手掌托着展示的物品是什么？,乒乓球,鸡蛋,橘子,核桃,B,10.587
vid_0680,0680.mp4,16,视频里穿绿上衣的小男孩主要在做什么？,坐在课桌前翻东西,站着唱歌,在操场跑步,躺在床上睡觉,A,10.587
vid_0681,0681.mp4,14,视频中女工作人员主要在做什么？,给顾客修剪头发,给顾客修饰眉毛,给顾客做美甲,给顾客涂口红,B,10.587
vid_0682,0682.mp4,8,视频主要展示了什么景象？,雪山景色,日落乡村景色,雨林风光,城市夜景,B,10.587
vid_0683,0683.mp4,10,视频中的男子主要在做什么？,打篮球,做饭炒菜,迎向走来的人接包脱外套,跳舞,C,10.587
vid_0684,0684.mp4,15,视频主要展示的食品是什么？,焦糖脆饼干,水果硬糖,奶油蛋糕,纯黑巧克力,A,10.587
vid_0685,0685.mp4,4,视频里的女士主要在做什么？,烹饪饭菜,打篮球,展示身上的外套,写作业,C,10.587
vid_0686,0686.mp4,17,视频中的女生主要在做什么？,在教室答题,在厨房炒菜,在水里游泳,在户外行走,D,10.587
vid_0687,0687.mp4,5,视频的主要拍摄场景是哪里？,山林的小路上,货车之间的通道,酒店的大堂里,校园的操场上,B,10.587
vid_0688,0688.mp4,12,视频主要展示什么内容？,手绘动画片段,人物人像照片,美食制作教程,野生动物视频,B,10.587
vid_0689,0689.mp4,8,视频主要展示的是什么内容？,实拍厨房做菜场景,现实课堂教学画面,动态发光视觉特效,真实人物野外登山,C,10.589
vid_0690,0690.mp4,15,视频中的人物主要在做什么？,炒菜做饭,揉搓脸部,打扫卫生,骑自行车,B,10.589
vid_0691,0691.mp4,14,视频中的人物主要在做什么？,弹奏吉他,低头打扫卫生,面向镜头微笑,跑步挥动手臂,C,10.589
vid_0692,0692.mp4,10,视频中人物主要在做什么？,清洗青菜,炖煮排骨,淘洗大米,处理清洗花甲,D,10.589
vid_0693,0693.mp4,5,视频中的人物主要在做什么？,打球,写字,做饭,打扑克,D,10.589
vid_0694,0694.mp4,11,视频整体呈现的是哪个节日的喜庆场景？,儿童节,春节,端午节,中秋节,B,10.589
vid_0695,0695.mp4,3,视频大部分时间展示的是什么？,手绘漫画,山水风景,体育赛事,宠物小狗,A,10.611
vid_0696,0696.mp4,12,视频中的人物主要在做什么？,弹奏乐器,烹饪炒菜,面向镜头展示自己,户外跑步,C,10.611
vid_0697,0697.mp4,9,视频中人们活动的地面是什么状态？,覆盖着落叶,结了厚冰,泥泞有积水,铺着大理石,C,10.611
vid_0698,0698.mp4,16,视频中的两名女子主要在做什么？,伏案办公,互动玩闹,生火做饭,睡觉休息,B,10.611
vid_0699,0699.mp4,17,视频主要展示什么内容？,数码电子产品,服装鞋帽商品,餐饮美食与门店,儿童文具玩具,C,10.612
vid_0700,0700.mp4,4,视频的主要背景场景是什么？,带瀑布花草的山水,有车流的街道,有课桌椅的教室,摆厨具的厨房,A,10.612
vid_0701,0701.mp4,7,视频前半段主要展示的是什么？,学校教学楼门,贴春联的农家院门,商场入口大门,地铁进站闸机,B,10.626
vid_0702,0702.mp4,2,视频中人物主要在做什么？,清洗衣物,玩水晶泥,修剪指甲,搭建积木,B,10.632
vid_0703,0703.mp4,2,视频中的人物主要在做什么？,打扫房间,烹饪饭菜,操作手机,弹奏乐器,C,10.634
vid_0704,0704.mp4,13,视频主要展示的毛绒玩具是？,小猪,老虎,兔子,小熊,A,10.634
vid_0705,0705.mp4,4,视频中的主要人物在做什么？,打篮球,做饭,画画,拉小提琴,D,10.634
vid_0706,0706.mp4,9,视频中的人物主要在做什么？,做饭炒菜,伏案画画,整理佩戴帽子,跑步竞速,C,10.634
vid_0707,0707.mp4,1,视频拍摄的主要场景是哪里？,沙漠戈壁中,居民卧室里,湖边护栏旁,原始森林里,C,10.634
vid_0708,0708.mp4,6,视频中人物主要在做什么？,给鞋子安装鞋带,擦拭玻璃,整理书本,清洗水果,A,10.634
vid_0709,0709.mp4,7,视频中的女士主要在做什么？,在户外行走,在泳池游泳,在教室讲课,在厨房做饭,A,10.634
vid_0710,0710.mp4,1,视频中男子主要在做什么？,清扫路面,制作饺子,驾驶轿车,搬运行李箱,D,10.635
vid_0711,0711.mp4,6,视频主要展示什么物品？,折叠脸盆架,棉拖鞋,家用台灯,不锈钢锅,A,10.635
vid_0712,0712.mp4,13,视频中的人物主要在做什么？,跳舞,打篮球,荡秋千,做饭,C,10.635
vid_0713,0713.mp4,8,视频里穿白大褂的医护人员主要在做什么？,做饭炒菜,跳舞表演,打扫卫生,保护病人,D,10.657
vid_0714,0714.mp4,3,视频里的男士主要在做什么？,在厨房炒菜做饭,在教室写作业,在操场打篮球,对着镜头摆姿势,D,10.657
vid_0715,0715.mp4,12,视频中的人物主要在做什么？,集体跳舞表演,开展体育比赛,进行面试选拔,动手烹饪美食,C,10.657
vid_0716,0716.mp4,10,视频中的人物主要在做什么？,对着镜头自拍,在教室写字,在操场跑步,在厨房炒菜,A,10.657
vid_0717,0717.mp4,15,视频中的人物主要在做什么？,唱歌跳舞,读书写字,炒菜做饭,搬运纸箱,D,10.657
vid_0718,0718.mp4,16,视频中女士手里主要拿着什么？,花束,饭盒,雨伞,水杯,A,10.657
vid_0719,0719.mp4,5,视频中人物主要在做什么？,粉刷墙面,修剪绿植,铺贴地砖,安装排水沟,D,10.657
vid_0720,0720.mp4,17,视频主要展示什么物品？,厨房用具,毛绒玩具,汽车模型,奥特曼变身器,D,10.658
vid_0721,0721.mp4,11,视频前半段出现的男士是什么姿态？,平躺,站立,坐着,跳跃,C,10.68
vid_0722,0722.mp4,14,视频主要展示的是什么？,高楼大厦,宠物狗,成年男子,小宝宝,D,10.68
vid_0723,0723.mp4,12,视频里的男性主要在做什么？,做饭,跳舞,画画,打球,B,10.68
vid_0724,0724.mp4,16,视频中大量出现的植物是？,银杏,竹子,枫树,荷花,B,10.68
vid_0725,0725.mp4,17,视频中的人物主要在做什么？,对着镜头摆姿势展示,在厨房烹饪炒菜,在操场跑步运动,在教室伏案写字,A,10.68
vid_0726,0726.mp4,11,视频中的人物主要在做什么？,自拍,跳舞,看书,做饭,A,10.682
vid_0727,0727.mp4,14,视频主要展示的户外天气状况是？,下雪,下雨,晴天,沙尘,A,10.682
vid_0728,0728.mp4,2,视频中演示可遥控操作的物品是？,淋浴镜,电视机,电风扇,空调,A,10.702
vid_0729,0729.mp4,5,视频主要展示什么内容？,校园课堂讲课,游戏段位结算,厨房烹饪教学,公园遛弯散步,B,10.703
vid_0730,0730.mp4,8,这段视频主要拍摄于哪里？,行驶的汽车内,学校操场上,大型超市内,医院病房里,A,10.703
vid_0731,0731.mp4,3,视频中的婴儿主要在做什么？,睡觉,吃饭,玩耍,爬行,A,10.703
vid_0732,0732.mp4,13,视频中的小宝宝主要在做什么？,跑步锻炼,安静躺着,打篮球,炒菜做饭,B,10.703
vid_0733,0733.mp4,6,视频中的人物主要在做什么？,坐着吃饭,躺着休息,站着跑步,弯腰干活,B,10.705
vid_0734,0734.mp4,1,视频中的人物主要在做什么？,清洗双手,摆放鲜花,展示试用画笔,阅读绘本,C,10.705
vid_0735,0735.mp4,10,视频主要展示什么食物？,汤圆,月饼,饺子,粽子,C,10.705
vid_0736,0736.mp4,15,视频中人物主要在做什么？,缝制衣物,打扫房间卫生,盛食物到碗里,阅读书籍,C,10.705
vid_0737,0737.mp4,7,视频主要展示的动物是什么？,小猫,小狗,兔子,大鹅,D,10.714
vid_0738,0738.mp4,4,视频里的人物主要在做什么？,展示特殊舌部动作,弹奏钢琴,打扫卫生,跑步健身,A,10.718
vid_0739,0739.mp4,6,视频主要展示的是什么场景？,电影购票,外卖下单,餐厅点餐,游戏选英雄,D,10.727
vid_0740,0740.mp4,1,视频中的男子主要在做什么？,吃东西,睡觉,驾驶车辆,操作手机,D,10.727
vid_0741,0741.mp4,2,视频中的人物主要在做什么？,炒菜做饭,面对镜头互动,打篮球,写作业,B,10.727
vid_0742,0742.mp4,9,视频中白上衣男子主要在做什么？,画画,跳绳,拥抱女子,做饭,C,10.727
vid_0743,0743.mp4,5,视频中的工人主要在做什么？,表演唱歌跳舞,烹饪制作食物,驾驶机动车辆,分拣整理衣物,D,10.727
vid_0744,0744.mp4,4,视频中的人物主要在做什么？,教室上课,操场跑步,自拍合影,餐厅吃饭,C,10.728
vid_0745,0745.mp4,7,视频后半段主要展示的是什么？,老年男性,小男孩,宠物狗,年轻女性,D,10.728
vid_0746,0746.mp4,15,视频主要展示的内容是什么？,一只白兔,一栋楼房,一位女士,一盆绿植,C,10.728
vid_0747,0747.mp4,9,视频主要展示什么？,多名运动员,一位女士,宠物小狗,山林风景,B,10.728
vid_0748,0748.mp4,8,视频中的人物主要在做什么？,操场跑步,厨房做饭,教室上课,对着镜头自拍,D,10.728
vid_0749,0749.mp4,3,视频里的小女孩主要在做什么？,跳绳,踢足球,坐在书桌前,洗衣服,C,10.728
vid_0750,0750.mp4,10,视频里的人物主要在做什么？,对着镜头互动自拍,跑步锻炼,炒菜做饭,看书学习,A,10.728
vid_0751,0751.mp4,13,视频中的人物主要在做什么？,烹饪做饭,弹奏乐器,做拉伸运动,伏案写字,C,10.734
vid_0752,0752.mp4,12,视频中的女性主要在做什么？,做饭,驾驶汽车,打球,跳舞,B,10.75
vid_0753,0753.mp4,16,手持筷子主要在做什么？,搅拌杯里饮品,擦拭筷子污渍,敲打桌面边缘,翻动盘内食物,D,10.75
vid_0754,0754.mp4,17,视频主要展示的人物是？,年轻女性,小男孩,老爷爷,老奶奶,A,10.751
vid_0755,0755.mp4,11,视频中的女性正在做什么？,制作食物,缝补衣物,打扫卫生,练习书法,A,10.751
vid_0756,0756.mp4,14,视频中的人物主要在做什么？,画画,跳舞,做饭,对着镜头说话,D,10.751
vid_0757,0757.mp4,14,视频主要展示的内容是什么？,奔跑的野生动物,变换造型的人物特效,烹饪美食的过程,课堂教学场景,B,10.751
vid_0758,0758.mp4,12,视频中的人物主要在做什么？,打扫卫生,吃水果,弹奏乐器,练习书法,B,10.773
vid_0759,0759.mp4,2,视频中的女生主要在做什么？,在厨房做饭,在教室写作业,对着镜头摆姿势,在操场跑步,C,10.773
vid_0760,0760.mp4,6,视频中的人物主要在做什么？,围坐在一起吃饭,拿玩具棍棒互动玩闹,打扫房间卫生,认真看书学习,B,10.773
vid_0761,0761.mp4,16,视频中的人物主要在做什么？,跳舞,对着镜头讲话,做饭,打球,B,10.773
vid_0762,0762.mp4,9,视频主要展示的内容是什么？,一桌饭菜,一位年轻女性,一只宠物猫,一辆自行车,B,10.775
vid_0763,0763.mp4,11,视频展现的主要场景是哪里？,KTV包厢,学校教室,办公会议室,户外沙滩,A,10.775
vid_0764,0764.mp4,13,视频中靠近镜头的手主要在做什么？,变换不同手势,拼接积木,清洗食材,弹奏钢琴,A,10.775
vid_0765,0765.mp4,17,视频中众人主要在做什么？,排练舞蹈节目,送新娘登上婚车,在食堂打饭,维修家用汽车,B,10.775
vid_0766,0766.mp4,7,视频中人物主要在做什么？,跑步健身,做头发美发,上课学习,做饭炒菜,B,10.796
vid_0767,0767.mp4,15,视频中的两名女性角色主要处于什么状态？,站在原地,快速奔跑,高空滑翔,水中游泳,A,10.796
vid_0768,0768.mp4,5,视频主要展示的是什么场景？,室内商场,高山雪景,河畔自然水景,沙漠风光,C,10.796
vid_0769,0769.mp4,10,视频主要展示的是什么场景？,居民住宅区周边,沙漠戈壁地带,工厂生产车间,原始森林深处,A,10.796
vid_0770,0770.mp4,3,视频主要展示的是哪类场景？,热带海边,乡间集市,现代教室,古代宫廷,D,10.796
vid_0771,0771.mp4,4,视频中的主要活动场景是哪里？,居家厨房,学校教室,林荫步道,海边沙滩,C,10.796
vid_0772,0772.mp4,8,视频中的人物主要在做什么？,吃零食,织毛衣,跳舞,打乒乓球,C,10.798
vid_0773,0773.mp4,1,视频中的人物主要在做什么？,伏案书写办公,手拉手向前跑跳,骑自行车赶路,围坐吃饭聚餐,B,10.798
vid_0774,0774.mp4,11,视频中的主要场景是哪里？,家中厨房,大型商场,学校操场,卧室,C,10.818
vid_0775,0775.mp4,5,视频大部分画面主要展示什么？,游戏对战界面,文档编辑界面,地图导航界面,聊天对话界面,D,10.82
vid_0776,0776.mp4,7,视频主要展示了什么？,厨师炒菜做饭,年轻男生对镜做表情,女生跳广场舞,小猫玩毛线球,B,10.82
vid_0777,0777.mp4,10,视频中的场景主要在哪里？,海边,教室,厨房,汽车内,D,10.82
vid_0778,0778.mp4,3,视频主要展示的动物是什么？,小猫,小鸭,小鸡,小狗,D,10.82
vid_0779,0779.mp4,8,视频中出现的宠物是？,猫,狗,兔子,仓鼠,A,10.82
vid_0780,0780.mp4,15,视频中的女子主要在做什么？,表演歌舞节目,打扫房间卫生,制作手工点心,操作农机翻土,D,10.82
vid_0781,0781.mp4,1,视频里的女性主要在做什么？,教室看书,街边行走,餐厅用餐,厨房做饭,B,10.821
vid_0782,0782.mp4,4,视频中的人们主要在进行什么活动？,舞蹈排练,开会办公,登山远足,聚餐聚会,D,10.821
vid_0783,0783.mp4,13,视频中的女士主要在做什么？,看书学习,跑步锻炼,烹饪做饭,对着镜子自拍,D,10.843
vid_0784,0784.mp4,9,视频中人物戴的搞怪面罩有什么造型？,叼烟的大红唇,粉色蝴蝶结,白色小兔子,卡通熊猫头,A,10.843
vid_0785,0785.mp4,16,视频里的人物主要在做什么？,厨房做饭,球场打球,教室上课,沿街行走自拍,D,10.843
vid_0786,0786.mp4,12,视频中拿物品的手主要在做什么？,对着前方人喷射,打扫卫生,做饭炒菜,书写作业,A,10.844
vid_0787,0787.mp4,17,视频中的女性主要在做什么？,在舞台跳舞表演,在泳池里游泳,在医院做手术,在街边拿宣传物料,D,10.844
vid_0788,0788.mp4,2,视频中的男士反复做什么动作？,低头写字,嘟嘴吐东西,大声唱歌,抬手跳舞,B,10.863
vid_0789,0789.mp4,14,视频主要展示什么人物？,青年小伙,年轻女学生,老年老爷爷,年幼孩童,C,10.863
vid_0790,0790.mp4,6,视频里的两个人主要在做什么？,烹饪做饭,唱歌跳舞,跑步健身,躺在床上,D,10.865
vid_0791,0791.mp4,5,视频中的人物主要在做什么？,跑步锻炼,烹饪做饭,正对镜头,弹奏乐器,C,10.866
vid_0792,0792.mp4,3,视频中人物主要在做什么？,编织手工,写字画画,唱歌跳舞,烹饪做饭,A,10.866
vid_0793,0793.mp4,16,视频主要展示的是哪类人物？,穿运动服的运动员,穿工装的工人,戏曲扮相的人物,穿白大褂的医生,C,10.867
vid_0794,0794.mp4,17,视频中的女性主要在做什么？,品尝各类美食,制作手工制品,拍摄写真照片,打扫房间卫生,C,10.867
vid_0795,0795.mp4,9,视频中的人物主要在做什么？,跑步锻炼,农田干活,自拍记录,课堂讲课,C,10.867
vid_0796,0796.mp4,8,视频拍摄的主要场景是哪里？,大型超市,家庭客厅,医院门诊,学校操场,D,10.867
vid_0797,0797.mp4,14,视频中的人物主要在做什么？,演奏乐器,打扫房间卫生,吃饭用餐,面向镜头互动拍摄,D,10.867
vid_0798,0798.mp4,13,人物主要在做什么？,清洗衣物,烹饪食物,更换鞋带,书写绘画,C,10.867
vid_0799,0799.mp4,12,视频中的人群主要在做什么？,拍照摄影,唱歌跳舞,做饭野餐,跑步锻炼,A,10.867
vid_0800,0800.mp4,2,视频主要展示的场景是哪里？,地下车库,海边沙滩,城市路口,高山雪原,C,10.868
vid_0801,0801.mp4,11,视频中的男子主要在做什么？,弹奏乐器,烹饪做饭,跑步锻炼,对着镜子自拍,D,10.889
vid_0802,0802.mp4,15,视频中人物主要在做什么？,翻纸展示手写文字,跑步锻炼,烹饪食物,弹奏乐器,A,10.889
vid_0803,0803.mp4,1,视频主要展示什么商品？,服装,水果,图书,家电,A,10.889
vid_0804,0804.mp4,6,视频中的女性主要在做什么？,做饭,走路,跳舞,打球,B,10.889
vid_0805,0805.mp4,7,视频主要呈现的对象是？,一只宠物猫,一辆小轿车,一名成年男子,一盆绿植,C,10.889
vid_0806,0806.mp4,10,视频中人物主要在做什么？,乘车在道路上行进,在书店看书,在厨房炒菜,在舞台跳舞,A,10.889
vid_0807,0807.mp4,4,视频主要展示的是什么物品？,新鲜的水果,绘画的颜料,缝纫的针线,卤制用的香料,D,10.889
vid_0808,0808.mp4,6,视频主要展示的场景是哪里？,沙漠,森林,海边,草原,C,10.891
vid_0809,0809.mp4,1,视频前段人物在卫生间做什么？,化妆,洗澡,刷牙,洗脸,C,10.912
vid_0810,0810.mp4,7,视频中围坐在桌边的人们主要在做什么？,聚餐吃饭,集体开会,演奏乐器,修理家具,A,10.912
vid_0811,0811.mp4,4,视频中的主要场景是哪里？,室内教室,林间草坪,海边沙滩,厨房餐厅,B,10.912
vid_0812,0812.mp4,15,画面中占比最大的男士在做什么？,做饭,弹琴,跳舞,抽烟,D,10.914
vid_0813,0813.mp4,10,视频拍摄的主要场景是哪里？,幼儿园教室,银行大厅,集体宿舍,生鲜超市,C,10.914
vid_0814,0814.mp4,13,视频主要展示的场所是？,工厂车间,医院诊室,度假民宿,学校教室,C,10.934
vid_0815,0815.mp4,12,视频里的人物主要在做什么？,跑步锻炼,看书学习,炒菜做饭,做美甲,D,10.934
vid_0816,0816.mp4,16,视频中主要展示的人物是？,年幼孩童,年轻女性,中年男性,老年男性,B,10.936
vid_0817,0817.mp4,17,视频主要展示了什么？,顾客在逛超市,女士紧挨婴儿躺着,歌手登台演唱,多人在打篮球,B,10.936
vid_0818,0818.mp4,9,视频里的小女孩主要在做什么？,摆姿势展示,写作业,炒菜做饭,打篮球,A,10.936
vid_0819,0819.mp4,8,视频主要展示的场景是哪里？,学校教室,澡堂浴室,医院诊室,餐厅后厨,B,10.936
vid_0820,0820.mp4,2,视频里的男子主要在做什么？,炒菜做饭,打扫卫生,抱着小宝宝,看书读报,C,10.936
vid_0821,0821.mp4,14,视频中的人物主要在做什么？,制作包馅食物,弹奏吉他,打扫地面,缝制衣服,A,10.936
vid_0822,0822.mp4,11,视频中的人物主要在做什么？,演奏乐器,展示穿搭,打扫房间,做饭炒菜,B,10.937
vid_0823,0823.mp4,5,视频中的人物主要在做什么？,跳舞表演,做饭炒菜,阅读书籍,玩泡泡类玩具,D,10.954
vid_0824,0824.mp4,9,视频中的工人主要在做什么？,铺设地砖,安装门窗,打磨家具,粉刷墙面,A,10.959
vid_0825,0825.mp4,7,视频里的两个人主要在做什么？,厨房做饭炒菜,雪地玩耍互动,操场跑步打球,舞台表演唱歌,B,10.959
vid_0826,0826.mp4,3,视频中的人物主要在做什么？,绘画写生,打篮球,烹饪做菜,展示服饰穿搭,D,10.959
vid_0827,0827.mp4,10,视频主要展现的场景是哪里？,厨房,床上,操场,教室,B,10.959
vid_0828,0828.mp4,16,视频中的古装女子主要在做什么？,行礼请安,跳舞表演,耕田种地,下厨做饭,A,10.959
vid_0829,0829.mp4,4,视频中的人物主要在做什么？,对着镜头做手势表达,跳绳锻炼,驾驶汽车,洗碗做家务,A,10.959
vid_0830,0830.mp4,1,视频中人物主要在做什么？,展示手中的鱼,清洗蔬菜,弹奏吉他,搭建积木,A,10.959
vid_0831,0831.mp4,6,视频中人物主要在做什么？,跳舞表演,跑步锻炼,靠坐面对镜头,在厨房做饭,C,10.959
vid_0832,0832.mp4,3,视频主要展示的场景是哪里？,中式寺院,沙漠营地,都市写字楼,海边渔村,A,10.96
vid_0833,0833.mp4,11,视频中的女性主要在做什么？,看书学习,烹饪做饭,打篮球,对着镜头摆姿势,D,10.96
vid_0834,0834.mp4,14,视频里的人物主要在做什么？,打扫卫生,面向镜头说话说笑,烹饪做饭,弹奏乐器,B,10.96
vid_0835,0835.mp4,2,视频中的人物主要在做什么？,看病就医,休闲游玩,组装家具,参加考试,B,10.96
vid_0836,0836.mp4,5,视频后半段的两名女子主要在做什么？,炒菜做饭,读书写字,游泳健身,游玩拍照,D,10.96
vid_0837,0837.mp4,17,画面中出现的软件界面主要用途是什么？,绘制图画,播放音乐,剪辑视频,编辑文档,C,10.982
vid_0838,0838.mp4,2,视频里的男性主要在做什么？,对着镜头讲话,跳舞,跑步锻炼,炒菜做饭,A,10.982
vid_0839,0839.mp4,15,视频中站着的两人主要在做什么？,修理家具,比对身高,烹饪做饭,打羽毛球,B,10.982
vid_0840,0840.mp4,6,视频主要呈现的场景是哪里？,综艺演播舞台,学校教室,户外运动场,海边沙滩,A,10.982
vid_0841,0841.mp4,7,视频中的人们主要在做什么？,跑步运动,上课学习,围坐吃饭,唱歌跳舞,C,10.982
vid_0842,0842.mp4,1,视频中出现的主要小动物是什么？,小狗,小鸡,小兔,小猫,D,10.982
vid_0843,0843.mp4,16,视频里的小朋友主要在做什么？,跳舞表演,踢球玩耍,看书学习,写字画画,B,10.982
vid_0844,0844.mp4,9,视频中的两名男子主要在做什么？,擦洗玻璃,打羽毛球,表演配合动作,烹饪食物,C,10.982
vid_0845,0845.mp4,10,视频里的人物主要在做什么？,打乒乓球,打羽毛球,打篮球,踢足球,A,10.982
vid_0846,0846.mp4,12,视频中的人物主要在做什么？,打扫房间,打羽毛球,烹饪食物,展示服装,D,10.982
vid_0847,0847.mp4,4,视频中的人主要在做什么？,组装家具,布置新春门饰,修补墙面,清洗蔬菜,B,10.982
vid_0848,0848.mp4,13,视频中的人物主要在做什么？,伏案写字,烹饪做饭,跑步竞速,跳舞表演,D,10.982
vid_0849,0849.mp4,8,视频主要展示什么车辆在行驶？,自行车,越野车,公交车,摩托车,B,10.982
vid_0850,0850.mp4,13,视频主要展示的服饰是哪一项？,休闲运动服,洛丽塔连衣裙,中式汉服,厚羽绒服,B,10.984
vid_0851,0851.mp4,17,视频中的人物主要在做什么？,在雪地上跳跃行进,在泳池里游泳,在教室内上课学习,在厨房烹饪饭菜,A,10.984
vid_0852,0852.mp4,12,视频中主要出现的穿制服人员是？,医护人员,交通警察,消防员,小区保安,C,10.984
vid_0853,0853.mp4,17,人物在视频中的主要行为是？,厨房做饭,伏案写字,捧花面对镜头,操场跑步,C,10.984
vid_0854,0854.mp4,15,视频中持续出现的白衣女子主要在做什么？,在马路上行走,驾驶白色汽车,坐电动自行车上,在路边跳舞,C,10.984
vid_0855,0855.mp4,3,视频中的两位人物主要在做什么？,弹奏乐器,炒菜做饭,伏案写字,同步抬腿行走,D,10.984
vid_0856,0856.mp4,8,视频中的人物主要在做什么？,做饭,睡觉,写字,跳舞,D,10.984
vid_0857,0857.mp4,14,视频主要展示的是什么场景？,超市购物,公园散步,道路驾车前行,舞台表演,C,10.984
vid_0858,0858.mp4,11,视频主要展示的是什么场景？,室内商场,雪天乡村,盛夏海滩,干旱荒漠,B,10.984
vid_0859,0859.mp4,5,视频拍摄的主要场景是哪里？,厨房,卧室,海边,教室,B,10.984
vid_0860,0860.mp4,15,视频中出现的英雄形象是？,蜘蛛侠,葫芦娃,孙悟空,奥特曼,D,11.004
vid_0861,0861.mp4,13,视频中的小猫主要在做什么？,安静睡觉,打闹互动,吃食物,舔毛,B,11.005
vid_0862,0862.mp4,8,视频中的人物主要在做什么？,看书学习,打球运动,穿背带短裤,烹饪炒菜,C,11.005
vid_0863,0863.mp4,12,视频中的活动主要发生在哪里？,商场专柜,操场跑道,教室课堂,家庭厨房,B,11.005
vid_0864,0864.mp4,3,视频主要展示什么物品？,书本,锅,水果,衣服,B,11.007
vid_0865,0865.mp4,9,视频中的人物主要在做什么？,清洗餐具,餐桌前吃饭,端着菜盘行走,灶台前炒菜,C,11.029
vid_0866,0866.mp4,16,视频中的人物主要在做什么？,打球,钓鱼,跳舞,做饭,B,11.029
vid_0867,0867.mp4,14,画面最前方的女士主要在做什么？,做饭炒菜,展示袋装物品,看书学习,跳舞表演,B,11.03
vid_0868,0868.mp4,2,视频里的人们主要在做什么？,炒菜做饭,喝酒敬酒,唱歌跳舞,打球运动,B,11.03
vid_0869,0869.mp4,11,视频里的女子主要在做什么？,做饭,跳舞,打球,在屋内行走,D,11.03
vid_0870,0870.mp4,5,视频主要展示什么内容？,体育运动比赛,美食烹饪教程,野生动物实拍,动漫少女插画,D,11.03
vid_0871,0871.mp4,7,视频中的成年女子主要在做什么？,辅导孩子功课,打扫房间卫生,假装给手机充电,折叠衣物,C,11.05
vid_0872,0872.mp4,5,视频中的人物主要在做什么？,打球,做饭,跳舞,行走,D,11.052
vid_0873,0873.mp4,7,视频主要展示的是什么？,一位老年男性,一只宠物猫,一位女性,开阔的海景,C,11.052
vid_0874,0874.mp4,1,视频主要展示的物体是什么？,汽车,飞机,自行车,轮船,A,11.052
vid_0875,0875.mp4,15,视频主要展示什么内容？,室内人物活动,太阳系天体运行,陆地动物迁徙,水面船只航行,B,11.052
vid_0876,0876.mp4,4,视频中的女子主要在做什么？,阅读看书,对着镜头做动作互动,烹饪做饭,跑步锻炼,B,11.052
vid_0877,0877.mp4,11,视频中的人物主要在做什么？,蒸米饭,擦玻璃,叠衣服,剪头发,D,11.052
vid_0878,0878.mp4,14,视频中的女子主要在做什么？,写毛笔字,跳广场舞,清洗蔬菜,展示充电宝,D,11.052
vid_0879,0879.mp4,10,视频中人物主要在做什么？,展示服饰,打扫卫生,弹奏乐器,烹饪食物,A,11.052
vid_0880,0880.mp4,2,视频中出现最多的角色外形是？,猴子,猪,壮汉,老翁,A,11.052
vid_0881,0881.mp4,6,视频中的人物主要在做什么？,演奏乐器,烹饪做饭,伏案写作,舞剑练武,D,11.052
vid_0882,0882.mp4,10,视频主要展示的内容是？,家庭聚餐场景,城市风光景观,野生动物活动,工厂生产作业,B,11.053
vid_0883,0883.mp4,6,视频中的人物主要在做什么？,看书,跑步,做饭,跳舞,B,11.053
vid_0884,0884.mp4,4,视频主要展示的是什么场景？,辽阔的草原景观,干旱的沙漠景观,临江的城市景观,茂密的森林景观,C,11.053
vid_0885,0885.mp4,1,视频主要展示的场景是哪里？,超市卖场,教室课堂,学生宿舍,餐厅后厨,C,11.053
vid_0886,0886.mp4,12,视频中人物主要在做什么？,清洗新鲜水果,缝制布艺衣服,擦拭玻璃桌面,摆弄折叠纸盒,D,11.074
vid_0887,0887.mp4,13,视频里的女性主要在做什么？,开车,游泳,走路和站立活动,炒菜做饭,C,11.075
vid_0888,0888.mp4,8,视频中前方站立的两人主要在做什么？,跳舞,做饭,吹奏乐器,打扫卫生,C,11.075
vid_0889,0889.mp4,9,视频中的男子主要在做什么？,烹饪做饭,户外跑步,打扫房间卫生,对着镜头表演,D,11.075
vid_0890,0890.mp4,3,视频里的故事主要发生在哪里？,海边沙滩,家中厨房,学校教室,狭长小巷,D,11.075
vid_0891,0891.mp4,16,视频中人物主要在做什么？,揉做馒头,炒制青菜,清洗水果,制作腐乳,D,11.075
vid_0892,0892.mp4,16,视频里的男性主要在做什么？,跑步运动,卧床休息,唱歌跳舞,烹饪做饭,B,11.098
vid_0893,0893.mp4,12,视频主要展示的动物是什么？,仓鼠,兔子,小猫,小狗,D,11.098
vid_0894,0894.mp4,13,视频里的人物主要在做什么？,弹奏乐器,烹饪食材,户外跑步,对着镜头说话,D,11.098
vid_0895,0895.mp4,3,视频的主要拍摄场景是哪里？,工厂车间,教室课堂,海边沙滩,餐厅厨房,A,11.098
vid_0896,0896.mp4,8,视频中的人物主要在做什么？,户外骑自行车,清洗蔬菜做饭,伏案写作业,对着镜头摆姿势,D,11.098
vid_0897,0897.mp4,17,视频拍摄的主要场所是哪里？,学校教室,健身房,餐馆,理发店,D,11.098
vid_0898,0898.mp4,9,视频中人物主要在做什么？,喂食家禽,用网捕捉动物,搭建养殖棚,打扫棚内卫生,B,11.098
vid_0899,0899.mp4,1,视频里的女士主要在做什么？,吃东西,做饭,扫地,跳舞,A,11.1
vid_0900,0900.mp4,4,视频中人物主要展示的物品是什么？,新鲜花束,皮质钱包,黄色毛绒玩偶,智能手机,C,11.1
vid_0901,0901.mp4,17,视频里的人物主要在做什么？,躺着睡觉休息,平地骑自行车,负重攀登石阶,围坐吃饭聊天,C,11.1
vid_0902,0902.mp4,10,视频主要展示的水产是什么？,海螺,鲜鱼,螃蟹,大虾,D,11.1
vid_0903,0903.mp4,6,视频中人物手持的主要道具是？,菜刀,钢笔,羽毛球拍,魔杖,D,11.121
vid_0904,0904.mp4,14,视频主要展示的动物是什么？,对虾,草鱼,螃蟹,公鸡,C,11.121
vid_0905,0905.mp4,5,视频里的人物主要在做什么？,伏案写字,清洗蔬果,跳绳运动,用嘴摆弄小纸片,D,11.121
vid_0906,0906.mp4,2,视频中的两位女子主要在做什么？,做饭,打球,跳舞,画画,C,11.121
vid_0907,0907.mp4,11,视频里的女士主要在做什么？,对着镜头自拍,舞台跳舞,厨房做饭,操场打球,A,11.121
vid_0908,0908.mp4,7,视频中大量出现的动物是？,牛,狗,马,羊,C,11.123
vid_0909,0909.mp4,15,视频里反复出现的工作人员穿着什么？,校服,警服,西装,防护服,D,11.143
vid_0910,0910.mp4,2,视频主要展示的动物是什么？,鹿,牛,马,羊,C,11.145
vid_0911,0911.mp4,17,视频里的小朋友主要在做什么？,伏案写作业,泳池游泳,操场跑步,站在沙发上玩耍,D,11.145
vid_0912,0912.mp4,14,视频中的人物主要在做什么？,跳舞表演,田间劳作,坐着用餐,面向镜头站立,D,11.145
vid_0913,0913.mp4,15,视频中的人物主要在做什么？,炒菜做饭,跑步健身,上香祈福,唱歌跳舞,C,11.146
vid_0914,0914.mp4,7,视频中的人群主要在做什么？,跑步比赛,站着聚集,围坐吃饭,跳舞表演,B,11.146
vid_0915,0915.mp4,11,视频里的人们主要在做什么？,在舞台上表演,在餐厅里吃饭,在球场踢足球,在学校区域行走,D,11.146
vid_0916,0916.mp4,6,视频中的女子主要在做什么？,打球,跳舞,做饭,画画,B,11.146
vid_0917,0917.mp4,9,视频的主要场景位于哪里？,雪原上,写字楼里,沙漠里,荷塘水边,D,11.166
vid_0918,0918.mp4,13,视频里的动画男性主要在做什么？,做饭,看书,睡觉,跳舞,D,11.168
vid_0919,0919.mp4,12,视频中的男士拿着纸巾在做什么？,擦拭眼部,烹饪食物,书写文字,接打电话,A,11.168
vid_0920,0920.mp4,10,视频中的人物主要穿着什么服饰？,运动球衣,现代西装,校服,传统古装,D,11.168
vid_0921,0921.mp4,8,视频中的女士主要在做什么？,炒菜做饭,弹奏乐器,对着镜头微笑自拍,跑步锻炼,C,11.168
vid_0922,0922.mp4,4,视频的主要拍摄场景是哪里？,教室内部,户外沙滩,汽车内部,住宅卧室,C,11.168
vid_0923,0923.mp4,1,视频主要展示什么物体？,电动车,摩托车,自行车,汽车,D,11.169
vid_0924,0924.mp4,16,视频里的两个人主要在做什么？,在操场踢足球,在积雪路面行走,在室内做饭,在舞台表演,B,11.169
vid_0925,0925.mp4,5,视频主要展示的场景是？,幼儿园教室,餐厅后厨,庭审现场,工地现场,C,11.169
vid_0926,0926.mp4,3,视频主要展示的物体是什么？,轮船,汽车,火车,飞机,D,11.169
vid_0927,0927.mp4,5,视频中的主要场景是哪里？,沙漠,海边,森林,草原,B,11.17
vid_0928,0928.mp4,13,视频主要展示的食物是？,饼干,锅巴,薯片,坚果,B,11.191
vid_0929,0929.mp4,7,视频主要展现的场景是哪里？,沙漠戈壁地带,大型室内商场,海边观光步道,山区原始森林,C,11.191
vid_0930,0930.mp4,6,视频里多次出现的食物是？,面包,蛋糕,汉堡,披萨,B,11.191
vid_0931,0931.mp4,8,视频中的人物主要在做什么？,弹奏钢琴,清洗水果蔬菜,翻看书籍,做出多种手部动作,D,11.191
vid_0932,0932.mp4,1,视频中的两名男孩主要在做什么？,认真写作业,对着电视玩耍,安静吃饭,打扫房间卫生,B,11.193
vid_0933,0933.mp4,4,视频里的女士主要在做什么？,和他人拥抱,演讲发言,跳舞表演,用餐进食,A,11.193
vid_0934,0934.mp4,10,视频中的人物主要在做什么？,厨房炒菜做饭,操场跑步锻炼,伏案书写作业,对着镜头自拍,D,11.193
vid_0935,0935.mp4,16,视频中的人物主要在做什么？,上课学习,搬运货物,烹饪做饭,玩闹互动,D,11.193
vid_0936,0936.mp4,3,视频中的人物主要在做什么？,在户外跑步锻炼,伏案写字学习,对着镜头做手部动作,在厨房烹饪做饭,C,11.193
vid_0937,0937.mp4,12,视频主要展示的场景是什么？,滑雪赛场,热闹集市,安静教室,医院病房,B,11.193
vid_0938,0938.mp4,17,视频中的主要场景是哪里？,沙滩上,汽车内,教室里,卧室里,B,11.209
vid_0939,0939.mp4,2,视频中的蓝衣男子主要在做什么？,驾驶汽车,修剪树木,步行赶路,骑行电动车,D,11.213
vid_0940,0940.mp4,14,视频中的男孩主要在做什么？,蹲在路边休息,骑车快速赶路,捡拾地面碎渣,擦拭共享单车,C,11.214
vid_0941,0941.mp4,3,视频中的人物主要在做什么？,钓鱼,打球,做饭,跳舞,A,11.214
vid_0942,0942.mp4,9,视频主要展示的婴儿用品是什么？,普通安抚奶嘴,婴儿硅胶软勺,蘑菇形牙咬玩具,软胶拼装积木,C,11.214
vid_0943,0943.mp4,15,视频中的人物主要在做什么？,户外跑步,伏案书写作业,烹饪炒菜,对着镜头做手部动作,D,11.214
vid_0944,0944.mp4,16,视频中的女子主要在做什么？,认真切菜做饭,专注弹奏钢琴,低头擦拭桌子,对着镜头做手部动作,D,11.214
vid_0945,0945.mp4,11,视频中男子上衣的主要颜色是？,黄色,红色,蓝色,绿色,C,11.214
vid_0946,0946.mp4,14,视频主要展示什么内容？,音乐MV片段,美食制作教程,旅游风景照片,朋友圈招生文案,D,11.216
vid_0947,0947.mp4,9,视频中的人物主要在做什么？,打球,做饭,画画,跳舞,D,11.216
vid_0948,0948.mp4,12,视频主要展示的是以下哪项？,烟花表演,灯光喷泉表演,篝火晚会,瀑布景观,B,11.216
vid_0949,0949.mp4,15,视频中的人群主要在做什么？,跑步比赛,跳舞演出,排队等候,聚餐吃饭,C,11.216
vid_0950,0950.mp4,1,视频主要展示什么？,高耸的楼房,流动的河水,奔跑的行人,盛开的花,D,11.234
vid_0951,0951.mp4,13,视频中的小男孩主要在做什么？,打球,看书,玩沙子,画画,C,11.238
vid_0952,0952.mp4,10,视频里出现的人物主要在做什么？,生火做饭,跳舞表演,读书写字,骑马行进,D,11.238
vid_0953,0953.mp4,4,视频中的人物主要在做什么？,炒菜做饭,对着镜头做手部动作,跑步锻炼,写字画画,B,11.238
vid_0954,0954.mp4,8,视频展示的主要场景是哪里？,有树木楼房的户外,室内商场,海边沙滩,电梯轿厢内,A,11.238
vid_0955,0955.mp4,17,视频中人物手持展示的物品是什么？,印花布料,写字钢笔,皮质鞋子,新鲜水果,A,11.239
vid_0956,0956.mp4,2,视频最后展示的主要场景是哪里？,厨房,教室,卧室,卫生间,A,11.239
vid_0957,0957.mp4,11,视频中站着的制服男子在做什么？,用锅铲炒菜做饭,握球拍打球运动,持扇形排列的片状物,拿折扇跳舞演出,C,11.239
vid_0958,0958.mp4,6,视频中的人物主要在做什么？,坐着互动,跳舞表演,跑步锻炼,烹饪做饭,A,11.261
vid_0959,0959.mp4,5,视频中的男子主要在做什么？,擦拭望远镜,烹饪食物,弹奏吉他,阅读书籍,A,11.261
vid_0960,0960.mp4,17,视频中的人物主要在做什么？,展示玻璃杯,弹奏乐器,烹饪饭菜,打扫卫生,A,11.261
vid_0961,0961.mp4,7,视频主要展示的物品是什么？,小熊造型包包,普通双肩背包,毛绒兔子玩偶,皮质公文包,A,11.261
vid_0962,0962.mp4,4,视频主要展示的食材是什么？,虾,白菜,鱼,牛肉,A,11.261
vid_0963,0963.mp4,10,视频中的人物主要在做什么？,烹饪食物,打扫地面,跳舞表演,伏案写作,B,11.261
vid_0964,0964.mp4,7,视频中两位男士一同做过什么？,炒菜做饭,并肩站着面向镜头,打乒乓球,骑马奔跑,B,11.262
vid_0965,0965.mp4,11,视频主要展示的场景是？,海边沙滩景区,室内居家客厅,城市通行道路,足球比赛场地,C,11.262
vid_0966,0966.mp4,2,视频里的人物主要在做什么？,对着镜头做手势,烹饪炒菜,跑步锻炼,阅读书籍,A,11.262
vid_0967,0967.mp4,5,视频主要展现的是哪种天气下的路况？,暴雪天气,暴雨天气,晴朗天气,大雾天气,A,11.262
vid_0968,0968.mp4,6,视频中的两位老人主要在做什么？,牵手走路,唱歌跳舞,摆摊卖货,骑车通行,A,11.262
vid_0969,0969.mp4,9,视频的主要场景是哪里？,教室,体育馆,理发店,中餐厅,C,11.284
vid_0970,0970.mp4,1,站在画面左侧的女士手中拿着什么？,书本,扫帚,篮球,苹果,B,11.284
vid_0971,0971.mp4,8,视频主要展示的人物是？,年轻女生,老年女性,老年男性,中年男士,A,11.284
vid_0972,0972.mp4,15,视频中的女士主要在做什么？,烹饪做饭,跳舞表演,打扫卫生,演示卫浴设施,D,11.284
vid_0974,0974.mp4,16,视频里的人物主要在做什么？,在操场跑步,和人互动交流,在泳池游泳,在厨房炒菜,B,11.306
vid_0975,0975.mp4,3,视频中桌上整齐摆放的大量物品是什么？,纸质图书,毛绒玩具,新鲜水果,智能手机,D,11.306
vid_0976,0976.mp4,12,视频中的人物主要在做什么？,跳舞,答题考试,吃饭,打扫卫生,A,11.306
vid_0977,0977.mp4,14,视频中出现的主要动物是什么？,猴子,老虎,熊猫,大象,A,11.307
vid_0978,0978.mp4,12,视频拍摄的主要场景是哪里？,居民住宅内,火车车厢内,大型超市内,医院病房内,B,11.309
vid_0979,0979.mp4,14,视频中的人物主要在做什么？,做饭,打球,跳舞,画画,C,11.309
vid_0980,0980.mp4,11,视频中的主要场景是哪里？,操场,厨房,教室,卧室,B,11.329
vid_0981,0981.mp4,1,视频主要展示什么类别的物品？,陶瓷餐具,黄金首饰,毛绒玩具,新鲜水果,B,11.33
vid_0982,0982.mp4,6,视频里车辆正驶向哪类场所？,住宅小区大门,高速公路收费站,商场地下车库,火车站进站口,B,11.33
vid_0983,0983.mp4,8,视频中的人物主要在做什么？,弹奏乐器,烹饪做饭,展示厚外套,跑步锻炼,C,11.33
vid_0984,0984.mp4,3,视频中反复出现的男士主要穿着什么？,厨师服,泳衣,西装,铠甲,C,11.332
vid_0985,0985.mp4,7,视频拍摄的主要场景是哪里？,家里客厅,飞机客舱,高铁车厢,电影院,B,11.332
vid_0986,0986.mp4,5,视频中反复出现的交通工具是什么？,货运三轮车,白色越野汽车,电动自行车,大型公交车,B,11.332
vid_0987,0987.mp4,13,视频主要展示的是什么场景？,隧道施工工地,天然草原牧场,海边度假沙滩,大型商场内部,A,11.332
vid_0988,0988.mp4,16,视频中的大人主要陪小孩做什么？,跳舞,看书,做饭,玩海洋球,D,11.332
vid_0989,0989.mp4,15,视频主要展示的是什么？,飞行的飞机,骑行的自行车,行驶的小轿车,航行的轮船,C,11.334
vid_0990,0990.mp4,9,视频中的人物主要在进行什么活动？,参加运动会,上实验课,表演话剧,举行婚礼,D,11.334
vid_0991,0991.mp4,17,视频主要展示的是什么？,超市购物小票,银行回单,考试成绩表,景区门票,C,11.354
vid_0992,0992.mp4,13,视频中的女士主要在做什么？,打篮球,烹饪做饭,走路摆姿势,写作业,C,11.354
vid_0993,0993.mp4,10,视频中的女生主要在做什么？,餐厅用餐吃饭,户外行走摆姿势,超市挑选商品,教室学习听课,B,11.354
vid_0994,0994.mp4,4,视频中的人物主要在做什么？,烹饪食物,裁剪布料,弹奏乐器,打扫卫生,B,11.354
vid_0995,0995.mp4,3,视频中的男子主要在做什么？,食用并展示食物,维修家电,画画写字,跳舞表演,A,11.354
vid_0996,0996.mp4,2,视频主要展示的车用物品是什么？,破窗安全锤,车载灭火器,车载充电器,行车记录仪,A,11.354
vid_0997,0997.mp4,4,视频中出现的主要动物是？,仓鼠,兔子,猫,小狗,B,11.355
vid_0998,0998.mp4,15,视频里的人物主要在做什么？,伏案写字,跑步锻炼,烹饪做饭,摆姿势站立,D,11.355
vid_0999,0999.mp4,17,视频里的男子主要在做什么？,打球,跳舞,画画,做饭,B,11.355
vid_1000,1000.mp4,10,视频中的女士主要在做什么？,画画,做饭,跑步,荡秋千,D,11.355
vid_1001,1001.mp4,16,视频中男子站在树枝上的主要动作是？,摘果子,划船,砍树枝,钓鱼,C,11.355
vid_1002,1002.mp4,9,视频里的小男孩主要在做什么？,睡觉,写字,做饭,跑步,D,11.355
vid_1003,1003.mp4,2,视频中主要展示的交通工具是什么？,自行车,渔船,汽车,摩托车,C,11.355
vid_1004,1004.mp4,14,视频中人们主要在进行什么活动？,庆祝新年,田间劳作,体育比赛,上课学习,A,11.377
vid_1005,1005.mp4,11,视频主要展示了什么？,两位老人,两只小狗,两只小猫,两个婴儿,D,11.377
vid_1006,1006.mp4,7,视频主要展示的动物是什么？,鲨鱼,熊猫,老虎,大象,A,11.377
vid_1007,1007.mp4,6,视频中的人物主要在做什么？,炒菜做饭,跳舞表演,舞剑,写字画画,C,11.377
vid_1008,1008.mp4,5,视频中的人物主要在做什么？,自拍,画画,打球,做饭,A,11.378
vid_1009,1009.mp4,1,视频里的男子主要在做什么？,端托盘晃动,打扫地面,伏案写字,切菜做饭,A,11.378
vid_1010,1010.mp4,8,视频中的人物主要在做什么？,在户外跑步,在厨房做饭,躺在床上休息,在教室上课,C,11.379
vid_1011,1011.mp4,2,视频中的人物主要在做什么？,在黑板上画画,写板书,擦黑板,玩手机,A,11.4
vid_1012,1012.mp4,14,视频主要展示的动物是什么？,兔子,仓鼠,猫,狗,C,11.4
vid_1013,1013.mp4,12,视频中的顾客主要在做什么？,吃饭聚餐,挑选衣服,跑步健身,上课听讲,B,11.4
vid_1014,1014.mp4,6,视频中的人物主要在做什么？,在水池边洗漱清洁,在操场跑步运动,在厨房烹饪做饭,在教室看书学习,A,11.401
vid_1015,1015.mp4,11,视频的主要拍摄场景是哪里？,商场内,餐厅内,汽车内,教室内,C,11.401
vid_1016,1016.mp4,12,视频中的人物主要在做什么？,伏案写字,户外跑步,对着镜头互动,厨房炒菜,C,11.401
vid_1017,1017.mp4,8,视频主要展示的物品是什么？,家用窗帘,汽车脚垫,塑料脸盆,皮鞋鞋油,B,11.401
vid_1018,1018.mp4,10,视频主要展示的水果是什么？,香蕉,苹果,西瓜,草莓,C,11.422
vid_1019,1019.mp4,9,视频中的女士主要在做什么？,烹饪做饭,安静读书,擦拭家具,唱歌跳舞,D,11.423
vid_1020,1020.mp4,4,视频中人物主要在做什么？,擦拭浴室镜面,清洁花洒出水孔,用花洒浇绿植,刷洗厨房餐具,B,11.423
vid_1021,1021.mp4,15,视频里的年轻女性主要在做什么？,在户外摆姿势拍照,在操场打球运动,在厨房做饭炒菜,在教室上课学习,A,11.423
vid_1022,1022.mp4,5,视频拍摄的主要场景在哪里？,商店货架旁,家中厨房,学校教室,乡间农田,A,11.425
vid_1023,1023.mp4,17,视频中出镜最多的男子主要待在哪里？,飞机上,火车上,汽车里,轮船上,C,11.425
vid_1024,1024.mp4,13,视频主要展示的内容是什么？,同一位男士的多组影像,多只不同的宠物猫,各式糕点甜品,城市高楼建筑,A,11.425
vid_1025,1025.mp4,1,视频主要展示的物品是什么？,婚礼请柬,毕业证书,新春贺卡,录取通知书,D,11.425
vid_1026,1026.mp4,16,视频中的年轻女士主要在做什么？,烹饪做饭,读书写字,唱歌跳舞,自拍录制视频,D,11.425
vid_1027,1027.mp4,7,视频展现的主要场景是哪里？,施工工地,居家客厅,学校教室,海边沙滩,A,11.425
vid_1028,1028.mp4,3,视频中的女子主要处于什么场景？,整洁的教室,繁华的商业街,草木丛生的野外,舒适的卧室,C,11.425
vid_1029,1029.mp4,8,视频主要拍摄展示的对象是？,老年男性,宠物小猫,年轻女性,货运卡车,C,11.434
vid_1030,1030.mp4,14,视频中的人物主要在做什么？,唱歌跳舞,炒菜做饭,玩看病扮演游戏,打扫卫生,C,11.445
vid_1031,1031.mp4,11,视频的主要场景位于哪里？,公园草坪上,列车车门旁,学校教室内,餐厅后厨里,B,11.446
vid_1032,1032.mp4,2,视频里的人物主要在做什么？,教室写作业,厨房炒菜做饭,对着镜头自拍,操场跑步锻炼,C,11.446
vid_1033,1033.mp4,6,视频中的人物主要在做什么？,做饭,跑步,跳舞,游泳,B,11.446
vid_1034,1034.mp4,3,视频主要展示的是什么景物？,雪山冰川,湍急河流,彩色林木,繁忙街道,C,11.446
vid_1035,1035.mp4,15,视频主要展示的物体是什么？,飞机,轮船,汽车,火车,C,11.447
vid_1036,1036.mp4,4,视频里的两名人物主要在做什么？,登台演唱歌曲,参加跑步比赛,面对面交谈互动,共同烹饪做饭,C,11.447
vid_1037,1037.mp4,17,视频中人物所穿上衣的主色调是？,红色,黄色,绿色,蓝色,D,11.448
vid_1038,1038.mp4,9,视频中的年轻女性主要在做什么？,驾驶汽车,对着镜头说话,烹饪食材,跳双人舞,B,11.448
vid_1039,1039.mp4,13,视频中的人物主要在做什么？,跳舞,自拍,看书,做饭,B,11.448
vid_1040,1040.mp4,1,视频中成排停放的大型车辆主要是什么？,绿色公交巴士,蓝色环卫车辆,白色家用轿车,红色货运卡车,D,11.448
vid_1041,1041.mp4,7,视频主要展示的大型机械是什么？,起重机,压路机,推土机,挖掘机,D,11.448
vid_1042,1042.mp4,16,视频主要展示的是下列哪类物品？,厨房餐具,工业电气设备,盆栽绿植,家养宠物,B,11.448
vid_1043,1043.mp4,5,视频中的男子主要在做什么？,往土中摆放种植包,打篮球,跳舞表演,炒菜做饭,A,11.448
vid_1044,1044.mp4,12,视频里出现的男子主要在做什么？,操场打球,厨房做饭,户外行走,伏案写字,C,11.47
vid_1045,1045.mp4,7,视频最后出现的人物正在做什么？,划船,骑自行车,开小汽车,骑摩托车,D,11.47
vid_1046,1046.mp4,12,视频里的女士主要在做什么？,跑步锻炼,托腮面向镜头,烹饪做饭,跳舞表演,B,11.47
vid_1047,1047.mp4,10,靠床头坐着的女子主要在做什么？,玩手机,吃水果,看书,织毛衣,A,11.47
vid_1048,1048.mp4,1,视频主要展示的场景是？,高山雪顶,室内商场,铁路桥梁,海边沙滩,C,11.47
vid_1049,1049.mp4,10,视频中的人物主要在做什么？,跑步,打排球,踢足球,打篮球,D,11.47
vid_1050,1050.mp4,5,视频里工人工作的场景是哪里？,居民家中,学校教室,餐厅后厨,工厂车间,D,11.471
vid_1051,1051.mp4,17,视频里的男士主要在做什么？,跑步健身,炒菜做饭,弹奏乐器,拿着杯子喝东西,D,11.494
vid_1052,1052.mp4,15,视频的拍摄场景主要是哪里？,海边沙滩,家中室内,教室课堂,森林野外,B,11.494
vid_1053,1053.mp4,16,视频中站着的男子主要在做什么动作,跳绳,拍手,看书,洗碗,B,11.494
vid_1054,1054.mp4,9,视频中的两个人主要在做什么？,在操场跑步,对着镜头自拍,在舞台表演,在厨房烹饪,B,11.494
vid_1055,1055.mp4,4,视频里插有点燃蜡烛的食物是？,蒸蛋,炒面,生日蛋糕,烤串,C,11.494
vid_1056,1056.mp4,3,视频的主要场景是哪里？,拥挤的地铁,开花的户外郊野,室内办公室,积雪的高山,B,11.494
vid_1057,1057.mp4,13,视频中的人物主要在做什么？,在河边钓鱼,在岸上洗衣服,在水沟里捡拾河蚌,在田地里插秧,C,11.494
vid_1058,1058.mp4,6,视频主要展示的对象是？,年轻女性,老年男性,宠物猫狗,幼龄儿童,A,11.516
vid_1059,1059.mp4,8,视频的主要场景是哪里？,草坪上,汽车内,教室内,沙滩上,B,11.516
vid_1060,1060.mp4,14,视频中的人物主要在做什么？,在教室上课,居家互动,参加跑步比赛,在商场购物,B,11.516
vid_1061,1061.mp4,2,视频中的人物主要在做什么？,伏案写字,对着镜头做手势互动,跑步锻炼,烹饪炒菜,B,11.516
vid_1062,1062.mp4,11,视频主要展示的是什么？,盛开的花朵,飞舞的蝴蝶,成熟的果实,玩耍的孩童,A,11.516
vid_1063,1063.mp4,14,视频中的人物主要在做什么？,批改作业,修理汽车,耕田种地,聚会娱乐,D,11.516
vid_1064,1064.mp4,2,视频中的女子主要在做什么？,跳舞,骑摩托车,走路,跑步,C,11.516
vid_1065,1065.mp4,8,视频中的劳作主要发生在什么场景？,草原牧场,蔬菜大棚,山地茶园,水稻稻田,C,11.516
vid_1066,1066.mp4,6,视频主要展示的是什么？,飞行的飞机,航行的轮船,步行的路人,行驶的汽车,D,11.518
vid_1067,1067.mp4,17,视频中的人物主要在做什么？,做饭,打球,画画,跳舞,D,11.518
vid_1068,1068.mp4,11,视频中的男子主要在做什么？,跑步比赛,围观植物,弹奏钢琴,炒菜做饭,B,11.518
vid_1069,1069.mp4,13,视频主要展示什么？,新款服饰,各式餐饮小吃,数码产品,鲜花绿植,B,11.534
vid_1070,1070.mp4,12,视频中主要人物在做什么？,教室上课,厨房做饭,影院观影,户外自拍,D,11.538
vid_1071,1071.mp4,7,视频前景的手握着什么美妆产品？,眉笔,腮红,粉底液,口红,D,11.539
vid_1072,1072.mp4,9,视频中主要出现的动物是什么？,马,羊,猪,牛,D,11.539
vid_1073,1073.mp4,10,人物主要在做什么？,擦拭家具,操作保险箱,缝制衣物,烹饪菜肴,B,11.539
vid_1074,1074.mp4,1,视频中的人物主要在做什么？,户外自拍,读书写字,唱歌跳舞,烹饪做饭,A,11.539
vid_1075,1075.mp4,4,视频中的人物主要在做什么？,教室上课,烹饪炒菜,展示穿搭造型,打羽毛球,C,11.541
vid_1076,1076.mp4,16,视频主要展示的是什么？,儿童游乐设施,办公桌椅,农用工具,厨房餐具,A,11.541
vid_1077,1077.mp4,15,视频主要展示了什么？,新鲜水果,文具用品,生鲜猪肉,数码产品,C,11.541
vid_1078,1078.mp4,3,视频里的人们主要在做什么？,聚餐吃饭,跑步锻炼,唱歌跳舞,读书学习,A,11.541
vid_1079,1079.mp4,5,视频主要展示的内容是什么？,文具用品,野生花草,做好的饭菜,家用电器,C,11.541
vid_1080,1080.mp4,16,视频中的人物主要在做什么？,抬举挖出的大块植物,修理汽车,跳舞表演,生火做饭,A,11.541
vid_1081,1081.mp4,2,视频主要展示什么？,海边风景,家用汽车,一名女性,多只小狗,C,11.563
vid_1082,1082.mp4,13,视频中人物主要在做什么？,试穿展示服装,打扫房间卫生,弹奏乐器,烹饪制作食物,A,11.563
vid_1083,1083.mp4,17,视频里的女士主要在做什么？,烹饪做饭,展示自己的孕肚,演奏乐器,打扫房间卫生,B,11.563
vid_1084,1084.mp4,6,视频里的女子主要在做什么？,坐在护栏上,炒菜做饭,在河中游泳,跳绳运动,A,11.563
vid_1085,1085.mp4,12,视频里的年轻女子主要在做什么？,打篮球,生火做饭,伏案看书,对着镜头做手势互动,D,11.563
vid_1086,1086.mp4,14,视频中前景的男生主要在做什么？,弹奏吉他,烹饪食物,打扫卫生,操作手机,D,11.563
vid_1087,1087.mp4,10,视频主要展示的是什么场景？,高山草原,海边沙滩,城市道路车流,教室课堂,C,11.563
vid_1088,1088.mp4,11,视频中的小孩主要在做什么？,搭建积木,摆弄小虫子,弹奏钢琴,清洗衣物,B,11.563
vid_1089,1089.mp4,8,视频末尾可见一名男子是什么状态？,躺在地面上,坐在沙发上,站在桌子上,靠在大门上,A,11.563
vid_1090,1090.mp4,7,视频中的女士主要在做什么？,踩矮凳做蹲起动作,整理桌上物品,坐在沙发上休息,用拖把拖地,A,11.563
vid_1091,1091.mp4,1,视频里的人物主要在做什么？,打扫家庭卫生,使用手机语音功能,唱歌跳舞,绘画做手工,B,11.564
vid_1092,1092.mp4,4,视频后半段重点展示的大件家具是什么？,床,餐桌,衣柜,沙发,A,11.564
vid_1093,1093.mp4,5,视频中的人物主要在做什么？,打扫卫生,烹饪饭菜,展示幼鸟,缝制衣物,C,11.564
vid_1094,1094.mp4,15,视频里的人物主要在做什么？,教室上课学习,厨房炒菜做饭,泳池游泳戏水,对着镜头自拍,D,11.564
vid_1095,1095.mp4,9,视频主要展示的夜间场景是？,夜间停车场,施工工地,节日灯会,露天演唱会,C,11.564
vid_1096,1096.mp4,3,视频主要展示了什么？,各类洗漱用品,一桌烤肉食材,多盘水果甜品,一堆儿童玩具,B,11.564
vid_1097,1097.mp4,5,视频中的人物主要在做什么？,烹饪食物,用工具按摩脸部,弹奏乐器,打扫卫生,B,11.567
vid_1098,1098.mp4,3,视频中的人物主要在做什么？,做饭,跳舞,自拍,打球,C,11.567
vid_1099,1099.mp4,2,视频中的人物主要在做什么？,跑步锻炼,打理展示头发,看书学习,烹饪做饭,B,11.584
vid_1100,1100.mp4,12,视频中多数人物穿着什么类型的服装？,休闲睡衣,泳衣泳裤,正装制服,运动球衣,C,11.586
vid_1101,1101.mp4,14,视频中的女士主要在做什么？,烹饪做饭,伏案写字,摆姿势跳舞,打扫卫生,C,11.586
vid_1102,1102.mp4,17,视频中的人物主要在做什么？,户外跑步锻炼,对着镜头自拍,厨房烹饪做饭,教室伏案写字,B,11.586
vid_1103,1103.mp4,6,视频里的人物主要在做什么？,驾车运输,舞台跳舞,教室授课,农田劳作,D,11.586
vid_1104,1104.mp4,8,视频中的人物主要在做什么？,展示服装,烹饪食物,打扫卫生,弹奏乐器,A,11.586
vid_1105,1105.mp4,10,视频里男子的主要活动是什么？,躺着睡觉,坐着画画,在草地上行走,骑车赶路,C,11.586
vid_1106,1106.mp4,13,视频中的女士主要在做什么？,清扫道路,书写文字,抓拿鸽子,烹煮食物,C,11.586
vid_1107,1107.mp4,1,视频主要展示什么内容？,风景摄影,多组男女名字,家常菜谱,古诗作品,B,11.587
vid_1108,1108.mp4,7,视频主要展示的场景是什么？,两人视频连线,单人上台演讲,同桌聚餐吃饭,户外跑步锻炼,A,11.587
vid_1109,1109.mp4,4,视频的主要拍摄场景是哪里？,医院病房,餐厅后厨,居民卧室,工厂生产车间,D,11.587
vid_1110,1110.mp4,15,视频中女士所穿外套的主色调是什么？,粉色,蓝色,黑色,绿色,A,11.587
vid_1111,1111.mp4,9,视频主要展示的动物是什么？,猫,兔子,仓鼠,狗,A,11.588
vid_1112,1112.mp4,11,视频主要展示什么？,山川河流,一群孩童,一位女性,多只猫狗,C,11.6
vid_1113,1113.mp4,16,视频中的女士主要在做什么？,做饭,健身,跳舞,自拍,D,11.609
vid_1114,1114.mp4,12,视频中的男子主要在做什么？,练习书法,玩电子游戏,打扫卫生,做饭炒菜,B,11.609
vid_1115,1115.mp4,4,视频主要展示哪项运动的相关内容？,排球,羽毛球,篮球,足球,C,11.609
vid_1116,1116.mp4,13,视频中的女子主要在做什么？,跳广场舞,清理兔笼,烹饪食物,修剪树枝,B,11.609
vid_1117,1117.mp4,11,视频中的女士主要在做什么？,展示服装,打扫房间,炒制菜品,弹奏钢琴,A,11.609
vid_1118,1118.mp4,15,视频中的女子主要在做什么？,练习书法,生火做饭,跳舞表演,手持芦苇站着,D,11.609
vid_1119,1119.mp4,9,视频主要展示的主体是什么？,一名小男孩,一只宠物猫,一位女性,一辆自行车,C,11.61
vid_1120,1120.mp4,16,视频主要展示的户外场景是？,室内球馆,海边沙滩,乡村道路,大型商场,C,11.61
vid_1121,1121.mp4,2,画面右下角开车的卡通动物是什么？,猴子,老虎,兔子,熊猫,C,11.632
vid_1122,1122.mp4,5,视频主要展示什么活动？,跑步健身,修理电器,做饭炒菜,烫头发做发型,D,11.632
vid_1123,1123.mp4,8,视频中离座的女生主要在做什么？,朗读课文,做柔韧展示动作,打扫场地卫生,弹奏乐器,B,11.632
vid_1124,1124.mp4,5,视频中的人物主要在进行什么活动？,操场跑步比赛,厨房烹饪食物,街头卖艺表演,图书馆看书,C,11.632
vid_1125,1125.mp4,10,视频中的人物主要在做什么？,跳舞健身,给婴儿喂食,打扫房间,清洗衣物,B,11.632
vid_1126,1126.mp4,14,视频主要展示的食物是什么？,苏打饼干,豆沙月饼,奶油蛋糕,巧克力欧包,D,11.632
vid_1127,1127.mp4,8,视频里的人物主要在做什么？,跑步健身,制作美食,躺在床上,舞台表演,C,11.632
vid_1128,1128.mp4,1,视频主要展示的电子产品是？,笔记本电脑,投影仪,智能手机,数码相机,B,11.632
vid_1129,1129.mp4,17,视频中的人物主要处于什么状态？,奔跑赶路,站着跳舞,坐着面向镜头,躺着睡觉,C,11.632
vid_1130,1130.mp4,3,视频中人物主要在做什么？,切水果,叠衣服,烤蔬菜串,煮米饭,C,11.632
vid_1131,1131.mp4,7,视频中两个小孩乘坐的是什么？,玩具小汽车,儿童自行车,滑板车,手推婴儿车,A,11.632
vid_1132,1132.mp4,6,视频里的游客主要在进行什么活动？,生火做饭,跳舞表演,拍照摄影,打球运动,C,11.632
vid_1133,1133.mp4,16,视频主要展示的是什么？,小学生,宠物小狗,新生婴儿,老年奶奶,C,11.634
vid_1134,1134.mp4,1,视频中的男子主要在做什么？,修剪花草,测试消防感应装置,擦拭桌面,炒菜做饭,B,11.634
vid_1135,1135.mp4,7,视频中的人物主要在做什么？,对着镜头自拍互动,在厨房烹饪做饭,在书桌前写作业,在户外跑步锻炼,A,11.634
vid_1136,1136.mp4,3,视频展现的主要场景是哪里？,城市十字路口,乡村农田,海边沙滩,地下停车场,A,11.634
vid_1137,1137.mp4,14,视频主要展示的是什么？,水果,玩具,文具,蔬菜,A,11.634
vid_1138,1138.mp4,10,视频中的人物主要在做什么？,打球,做饭,画画,跳舞,D,11.634
vid_1139,1139.mp4,17,视频主要展示的是什么？,路边玩耍的儿童,间距很近的停放汽车,大面积的草坪,快速行驶的公交车,B,11.634
vid_1140,1140.mp4,11,视频中的男子主要在做什么？,在户外跑步锻炼,对着镜头自拍,在厨房炒菜做饭,在书桌前写字,B,11.655
vid_1142,1142.mp4,4,视频中的女性主要在做什么？,炒菜做饭,跳舞表演,对着镜头说话,伏案写字,C,11.657
vid_1143,1143.mp4,15,视频中的人物主要在做什么？,跑步,唱歌,吃东西,跳舞,C,11.657
vid_1144,1144.mp4,6,视频中人物主要在做什么？,清洗水果,缝制衣服,拆快递包裹,整理书桌,C,11.657
vid_1145,1145.mp4,2,视频里的男子主要在做什么？,在操场打球,在冰面滑冰,沿荷塘边行走,在厨房炒菜,C,11.657
vid_1146,1146.mp4,12,视频里的男子主要在做什么？,坐电动车上摆弄手机,开小轿车出行,路边步行赶路,骑自行车送货,A,11.679
vid_1147,1147.mp4,13,视频中的主要场景位于哪里？,写字楼办公室内,学校教室里面,城市商场内部,户外山野乡村,D,11.679
vid_1148,1148.mp4,2,视频中的人们主要在做什么？,吃饭,跳舞,排队,打球,C,11.68
vid_1149,1149.mp4,13,视频里的男子在安检处主要做什么？,吃饭,睡觉,过安检,上课,C,11.68
vid_1150,1150.mp4,6,视频中的人物主要在做什么？,缝制衣服,摆弄面饼,弹奏乐器,打扫卫生,B,11.68
vid_1151,1151.mp4,12,视频中的路人主要在做什么？,走路行进,生火做饭,游泳潜水,伏案写字,A,11.68
vid_1152,1152.mp4,1,视频里的小女孩主要在做什么？,玩各类益智玩具,跳舞表演,书写作业,烹饪做饭,A,11.7
vid_1153,1153.mp4,4,视频中的女士主要在做什么？,表演舞蹈,拿着话筒讲话,做饭炒菜,弹奏乐器,B,11.702
vid_1154,1154.mp4,7,视频中人物主要在进行什么活动？,跑步锻炼,美妆变装展示,烹饪做饭,看书学习,B,11.702
vid_1155,1155.mp4,10,视频里的男生们主要在做什么？,欢快互动唱歌,制作美食料理,进行长跑锻炼,安静伏案学习,A,11.702
vid_1156,1156.mp4,11,视频主要展示的是什么？,文创雪糕,毛绒玩偶,荷塘风景,古塔建筑,A,11.703
vid_1157,1157.mp4,9,视频主要展示的是什么？,城市街景,美味食物,年轻男性,卡通玩偶,C,11.703
vid_1158,1158.mp4,15,视频里的女性主要在做什么？,清洗衣物,跳舞做肢体动作,吃饭用餐,阅读看书,B,11.703
vid_1159,1159.mp4,16,视频后半段的人物主要在做什么？,教室上课,自拍合影,操场跑步,厨房做饭,B,11.725
vid_1160,1160.mp4,3,视频主要展示了什么活动？,打扫房间,修理家具,演奏乐器,制作甜品,D,11.725
vid_1161,1161.mp4,14,视频中的女士主要在做什么？,烹饪饭菜,打扫卫生,展示服装,弹奏钢琴,C,11.725
vid_1162,1162.mp4,8,视频大部分时间展示汽车的哪个部件？,脚踏板,遮阳板,方向盘,安全带,A,11.725
vid_1163,1163.mp4,5,视频里的人物主要在做什么？,沿路跪拜叩行,跑步锻炼身体,驾驶机动车,表演街头舞蹈,A,11.725
vid_1165,1165.mp4,3,视频里的男子主要在做什么？,打篮球,踢足球,投掷铅球,跳广播操,C,11.727
vid_1166,1166.mp4,17,视频中人物主要在做什么？,组装木质家具,修补皮革表面,清洗蔬菜水果,缝制布艺衣物,B,11.727
vid_1167,1167.mp4,8,视频中出现数量最多的人群是？,婴幼儿,青年上班族,少年儿童,老年人,D,11.727
vid_1168,1168.mp4,16,视频后半段主要展示的场景是哪里？,卫生间,卧室,教室,厨房,D,11.734
vid_1169,1169.mp4,14,视频中人物主要在做什么？,炒菜做饭,织毛衣,抚摸幼虎,踢足球,C,11.734
vid_1170,1170.mp4,7,画面中的卡通角色主要在做什么？,跳舞表演,发动攻击,烹饪食物,跑步赶路,B,11.748
vid_1171,1171.mp4,13,视频中的人物主要在做什么？,在厨房做饭,面向镜头自拍,在户外跑步,伏案看书,B,11.748
vid_1172,1172.mp4,1,视频主要展示的动物是什么？,兔子,狗,仓鼠,猫,D,11.748
vid_1173,1173.mp4,12,视频里的女士主要在做什么？,看书学习,对镜自拍展示穿搭,打羽毛球,炒菜做饭,B,11.748
vid_1174,1174.mp4,6,视频主要展示的内容是？,全是动物实拍内容,全是风景实拍内容,全是美食实拍内容,包含真人与卡通形象,D,11.748
vid_1175,1175.mp4,4,视频中人物主要在做什么？,课堂讲课,表演舞蹈,烹饪食材,装运货物,D,11.75
vid_1176,1176.mp4,5,视频里的人物主要在做什么？,跑步,读书,自拍,做饭,C,11.75
vid_1177,1177.mp4,15,视频的主要拍摄场景是哪里？,居民住宅,学校教室,工厂车间,大型超市,C,11.75
vid_1178,1178.mp4,9,视频中的小女孩主要在做什么？,吃零食,画画写字,捧着相框走动,搭积木玩耍,C,11.75
vid_1179,1179.mp4,11,视频主要呈现的是什么场景？,旅行游览场景,餐厅用餐场景,课堂教学场景,体育比赛场景,A,11.75
vid_1180,1180.mp4,10,视频中的人物主要在做什么？,跳舞,走路,骑车,跳绳,B,11.75
vid_1181,1181.mp4,2,视频中人物主要在做什么？,烹饪食物,弹奏乐器,打扫卫生,缝制衣服,A,11.77
vid_1182,1182.mp4,9,视频主要展示的动物是什么？,猫,鸭子,狗,兔子,C,11.772
vid_1183,1183.mp4,11,视频主要展示了什么物品？,家电数码产品,腊肉香肠等食材,图书文具用品,新鲜水果鲜花,B,11.772
vid_1184,1184.mp4,5,视频中的人们主要在做什么？,做饭,荡秋千,看书,打篮球,B,11.773
vid_1185,1185.mp4,4,视频主要展示的水果是什么？,苹果,香蕉,葡萄,梨,D,11.773
vid_1186,1186.mp4,2,视频中的制服人员主要在做什么？,唱歌跳舞,列队执勤行进,打球运动,做饭炒菜,B,11.773
vid_1187,1187.mp4,15,视频中的人物主要在做什么？,跳舞,做饭,打球,画画,A,11.773
vid_1188,1188.mp4,10,视频中的女生主要在做什么？,做饭,打扫卫生,跳舞,看书,D,11.779
vid_1189,1189.mp4,16,视频中站立的人物主要在做什么？,做饭,跳舞,看书,扫地,B,11.795
vid_1190,1190.mp4,3,视频中女子的主要动作是？,扎系袋口,搬运笼具,投喂饲料,清扫棚舍,A,11.795
vid_1191,1191.mp4,14,视频开阔沙土地上有人在做什么？,开车,炒菜,划船,骑马,D,11.795
vid_1192,1192.mp4,8,视频中的幼儿在地面上做什么？,吃饭,爬行,踢球,奔跑,B,11.795
vid_1193,1193.mp4,17,视频里的人主要在做什么？,做饭,放竹子滑下山坡,跳舞,画画,B,11.795
vid_1194,1194.mp4,12,视频主要展示的内容是什么？,女性脸部特写,山川河流风景,奔跑的野生动物,城市街景建筑,A,11.796
vid_1195,1195.mp4,6,视频里的女士主要在做什么？,在操场跑步,伏案写字,面向镜头微笑,在厨房做饭,C,11.796
vid_1196,1196.mp4,13,视频中的人物主要在做什么？,在工厂操作机器,在教室上课学习,在餐厅用餐吃饭,在山地间行走活动,D,11.796
vid_1197,1197.mp4,7,视频中的人物主要在做什么？,弹钢琴,跑步,站着摆姿势,做饭,C,11.796
vid_1198,1198.mp4,1,视频主要展示的内容是什么？,花卉盆栽,男性人物,宠物小狗,餐桌美食,B,11.796
vid_1199,1199.mp4,13,视频里的人物主要在做什么？,在教室听课,在厨房炒菜,在户外跑步,对着镜头自拍,D,11.799
vid_1200,1200.mp4,6,视频中的人物主要在做什么？,跑步锻炼,烹饪做饭,伏案写字,做手势舞蹈,D,11.8
vid_1201,1201.mp4,12,视频里的人群主要在做什么？,跳集体广场舞,沿步道向前行走,打扫地面卫生,围坐在一起吃饭,B,11.8
vid_1202,1202.mp4,1,视频中的人物主要在做什么？,烹饪做饭,展示儿童服装,清洁打扫,跳舞表演,B,11.8
vid_1203,1203.mp4,11,视频中的人物主要在做什么？,跑步锻炼,试戴展示帽子,炒菜做饭,阅读书本,B,11.818
vid_1204,1204.mp4,5,视频主要展示的场景是哪里？,夜晚大桥人行道,室内商场走廊,白天校园操场,乡村田间小路,A,11.818
vid_1205,1205.mp4,10,视频中人物主要在做什么？,自拍,跑步,做饭,看书,A,11.818
vid_1206,1206.mp4,9,视频主要展示的内容是？,美食制作过程,不同人物出镜,野生动物活动,工地施工场景,B,11.818
vid_1207,1207.mp4,16,视频主要展示的动作是？,投篮,牵手,洗菜,弹琴,B,11.819
vid_1208,1208.mp4,3,视频中出镜的女士主要在做什么？,炒菜做饭,站立倚靠栏杆,跑步锻炼,伏案写字,B,11.819
vid_1209,1209.mp4,7,视频中的人物主要在做什么？,弹奏钢琴,清洗水果蔬菜,对着镜头摆姿势,在操场跑步,C,11.819
vid_1210,1210.mp4,17,视频中的女士主要在做什么？,做饭,对着镜头说话,画画,跳舞,B,11.819
vid_1211,1211.mp4,7,视频主要展示的动物是什么？,小狗,小猫,金鱼,兔子,C,11.819
vid_1212,1212.mp4,14,视频中的女子主要在做什么？,荡秋千,放风筝,跳绳,打羽毛球,A,11.819
vid_1213,1213.mp4,4,视频中人物主要在什么地方活动？,室内游泳馆,写字楼办公室,河边乱石滩,茂密森林里,C,11.819
vid_1214,1214.mp4,8,视频主要展示的场景是什么？,热闹的菜市场,积水的居民小区,积雪的山路,干旱的沙漠,B,11.819
vid_1215,1215.mp4,15,视频主要展示的场景是哪里？,学校教室,城市商业中心,山林溪流景区,干旱沙漠,C,11.819
vid_1216,1216.mp4,2,视频大部分时长展示的户外场景是？,高山雪原,乡村农田,城市十字路口,海边沙滩,C,11.819
vid_1217,1217.mp4,17,视频中出镜的主要女性在做什么？,自拍,做饭,跑步,游泳,A,11.83
vid_1218,1218.mp4,8,视频中的男子主要在做什么？,抱着婴儿,炒菜做饭,打篮球,看书学习,A,11.841
vid_1219,1219.mp4,2,视频中人物出现的明显行为是？,阅读书籍,从高处坠落,弹奏乐器,烹饪做饭,B,11.841
vid_1220,1220.mp4,16,视频里的男士主要在做什么？,在厨房炒菜做饭,伏案写字画画,对着镜头做手势说话,跑步锻炼身体,C,11.843
vid_1221,1221.mp4,10,视频中的人物主要在做什么？,烹饪做饭,读书写字,对镜自拍互动,跑步锻炼,C,11.843
vid_1222,1222.mp4,4,视频中人物的主要动作是什么？,挥手打招呼,拉下口罩露出面部,整理头发,戴上口罩遮住口鼻,B,11.843
vid_1223,1223.mp4,5,视频后半段出现的女士身处哪里？,沙漠戈壁,湖边草地,高山雪地,室内商场,B,11.843
vid_1224,1224.mp4,15,视频主要展示的场所是哪里？,商场,工厂,幼儿园,医院,C,11.843
vid_1225,1225.mp4,14,视频主要展示的是什么场景？,农田劳作现场,集市贸易现场,交通事故现场,建筑施工工地,C,11.843
vid_1226,1226.mp4,3,视频中的人物主要在做什么？,躺在树枝上,在屋内休息,在河里游泳,在地面行走,A,11.843
vid_1227,1227.mp4,13,视频里的男子主要在做什么？,给宠物洗澡,给顾客剪头发,给小狗修剪毛发,给宠物喂食物,C,11.864
vid_1228,1228.mp4,6,视频中多次出现穿着什么服装的男性？,泳衣,西装,校服,厨师服,B,11.864
vid_1229,1229.mp4,1,视频中的男子主要在做什么？,拍照,爬山,跳伞,做饭,C,11.866
vid_1230,1230.mp4,13,视频中的人物主要在做什么？,在泳池游泳,在教室上课,在雪地上行走,在厨房做饭,C,11.866
vid_1231,1231.mp4,6,视频中的女士主要在做什么？,清洗水果蔬菜,打扫房间卫生,跳健身操,对着镜头说话,D,11.866
vid_1232,1232.mp4,11,视频中的人物主要在做什么？,用脚写毛笔字,打扫卫生,烹饪做饭,弹奏乐器,A,11.866
vid_1233,1233.mp4,12,视频中的人物主要在做什么？,自拍摆姿势,打球运动,唱歌跳舞,做饭炒菜,A,11.866
vid_1234,1234.mp4,9,视频中的主要人物主要在做什么？,坐着面向镜头,烹饪做饭,骑自行车,跳广场舞,A,11.866
vid_1235,1235.mp4,12,视频中的人们主要在做什么？,上课,吃饭,开会,跳舞,B,11.866
vid_1236,1236.mp4,11,视频里的小男孩主要在做什么？,做食物并吃食物,写字画画,唱歌跳舞,玩搭积木,A,11.866
vid_1237,1237.mp4,9,视频主要展示了什么？,清洗好的蔬菜,做好的饭菜,刚采摘的水果,盛在容器里的鱼,D,11.866
vid_1238,1238.mp4,1,视频中心的人物主要在做什么？,写字绘画,跑步锻炼,笑着面向镜头,烹饪做饭,C,11.866
vid_1239,1239.mp4,4,视频中人物手持的主要物品是什么？,玫瑰花,篮球,书本,水杯,A,11.888
vid_1240,1240.mp4,10,视频中主要在进行什么操作？,手绘插画作品,剪辑视频片段,调整录入学生成绩,编写电脑程序,C,11.889
vid_1241,1241.mp4,3,视频里的人们多次做什么动作？,打篮球,挥舞小国旗,擦玻璃,包饺子,B,11.889
vid_1242,1242.mp4,16,视频中人物捧着的主要物品是什么？,鲜花花束,毛绒玩偶,奶油蛋糕,平板电脑,A,11.889
vid_1243,1243.mp4,14,视频主要展示了什么场景？,海边沙滩,高山雪景,草原牧场,城市夜景,D,11.889
vid_1244,1244.mp4,8,视频中的人物主要在做什么？,在跑道上跑步,打羽毛球,甩动物体溅出大量火花,坐着安静看书,C,11.889
vid_1245,1245.mp4,5,视频中的人物主要在做什么？,挥舞小红旗,写作业,炒菜,骑自行车,A,11.889
vid_1246,1246.mp4,2,视频主要展示的是什么？,多层居民楼,一位长发女士,黄色工程车,黑色小轿车,B,11.889
vid_1247,1247.mp4,15,视频主要展示的是哪类场景？,乡镇城乡风光,室内办公场景,运动会赛场,极地冰川场景,A,11.9
vid_1248,1248.mp4,17,视频里几名穿白衣的男子主要在做什么？,做饭,睡觉,跳舞,游泳,C,11.909
vid_1249,1249.mp4,7,视频主要展示人物在做什么？,制作菜肴,修理家具,打扫卫生,表演舞蹈,A,11.911
vid_1250,1250.mp4,16,视频中反复出现的主要动物是？,兔子,猴子,猪,老虎,B,11.911
vid_1251,1251.mp4,15,视频中大量出现的装饰元素是什么？,花朵,水果,石头,桌椅,A,11.912
vid_1252,1252.mp4,14,视频里的人物主要在做什么？,画画,跳舞,打球,做饭,B,11.912
vid_1253,1253.mp4,13,视频中人物主要在做什么？,试穿展示衣服,打扫房间,跳舞表演,烹饪做饭,A,11.933
vid_1254,1254.mp4,6,视频中的人物主要在做什么？,睡觉,做饭,画画,跑步,D,11.933
vid_1255,1255.mp4,1,视频中的男士主要在做什么？,烹饪做饭,跳舞表演,面向镜头讲解,弹奏乐器,C,11.934
vid_1256,1256.mp4,2,视频后半段主要的室内运动场景是？,足球场,游泳馆,乒乓球馆,篮球场,D,11.934
vid_1257,1257.mp4,8,视频中的卡通人物主要在做什么？,举着喇叭喊话,做饭炒菜,跳绳运动,安静读书写字,A,11.934
vid_1258,1258.mp4,9,视频中人物的主要行为是？,游泳,做饭,跑步,展示物品,D,11.934
vid_1259,1259.mp4,5,视频主要展示了什么？,年轻女性,老年男性,宠物小猫,户外风景,A,11.934
vid_1260,1260.mp4,11,视频中前景的女生主要在做什么？,做饭炒菜,跳绳运动,弹奏钢琴,摆弄展示长发,D,11.934
vid_1261,1261.mp4,4,视频的主要场景是哪里？,商场,草原,海边,高山,C,11.934
vid_1262,1262.mp4,10,视频中的主要场景是哪里？,海边沙滩,餐厅后厨,建筑工地,学校教室,C,11.934
vid_1263,1263.mp4,3,视频中被上锁的电器是什么？,洗衣机,空调,冰箱,电视机,C,11.934
vid_1264,1264.mp4,12,视频里的男子多次出现什么状况？,唱歌跳舞,做饭炒菜,读书写字,摔倒掉落,D,11.934
vid_1265,1265.mp4,7,视频主要展示的是什么？,户外野餐场景,篮球赛事直播,宠物猫咪视频,音频播放界面,D,11.936
vid_1266,1266.mp4,17,视频中的人物主要在做什么？,在操场跑步,弹奏乐器,在厨房炒菜,对着镜头自拍,D,11.936
vid_1267,1267.mp4,17,视频里的女性主要在做什么？,画画,跳舞,喝水,做饭,C,11.936
vid_1268,1268.mp4,7,视频中众人围坐在餐桌旁主要在做什么？,聚餐吃饭,答题考试,唱歌跳舞,健身锻炼,A,11.936
vid_1269,1269.mp4,5,视频中人物主要在做什么？,削苹果,拧螺丝,刷油漆,缝衣服,B,11.936
vid_1270,1270.mp4,4,视频主要展示的场景是哪里？,沙漠戈壁,水边码头,高山雪原,城市商圈,B,11.936
vid_1271,1271.mp4,10,视频主要展示的是什么场景？,教室上课场景,海边游泳场景,厨房烹饪场景,公路行车沿途风景,D,11.936
vid_1272,1272.mp4,8,视频中多次出现的工作人员穿着什么？,红色志愿服务马甲,黑色正式西装,白色全套防护服,花色舞蹈演出服,C,11.957
vid_1273,1273.mp4,2,视频主要展示的食物是什么？,银耳羹,红烧肉,烤串,煮饺子,A,11.957
vid_1274,1274.mp4,12,视频主要展示的是哪种场景？,手机游戏对战,公园散步场景,工地施工场景,课堂教学场景,A,11.957
vid_1275,1275.mp4,3,视频拍摄的主要场景是哪里？,学校教室,餐厅后厨,医院诊室,工厂车间,D,11.959
vid_1276,1276.mp4,11,视频中锅里烹制的食物主要是？,面食,蔬菜,米饭,海鲜,D,11.959
vid_1277,1277.mp4,9,视频中反复出现的小动物是？,蝴蝶,蜻蜓,麻雀,蜜蜂,A,11.959
vid_1278,1278.mp4,1,视频里的人物主要在做什么？,洗菜做饭,跳绳锻炼,看书学习,燃放鞭炮,D,11.967
vid_1279,1279.mp4,16,视频中的男子主要在做什么？,清扫路面垃圾,处置着火的煤气罐,在路边摆摊位,驾驶白色汽车,B,11.979
vid_1280,1280.mp4,14,视频中的人物主要在做什么？,栽种多肉植物,缝制布艺玩偶,修理家用电器,装饰奶油蛋糕,D,11.981
vid_1281,1281.mp4,15,视频中的人物主要在做什么？,擦拭玻璃,弹奏钢琴,收割水稻,互动拉扯,D,11.981
vid_1282,1282.mp4,3,视频主要展示的是哪类内容？,动漫风格人物,大型工程机械,真实拍摄的人,野生保护动物,A,11.981
vid_1283,1283.mp4,13,视频呈现的主要场景是？,正午海边沙滩,清晨乡村田野,夜晚城市街道,白天校园教室,C,11.981
vid_1284,1284.mp4,6,视频主要展示什么食物的自动化生产过程？,包子,馒头,面条,饺子,A,11.981
vid_1285,1285.mp4,1,视频里的人物主要在做什么？,伏案学习,玩互动游戏,清扫地面,做饭炒菜,B,11.981
vid_1286,1286.mp4,6,视频中和男子互动的主要动物是？,猪,狗,牛,羊,D,11.982
vid_1287,1287.mp4,15,视频拍摄的主要场景是哪里？,酒店卧室,教室课堂,电动车门店,家庭厨房,C,11.982
vid_1288,1288.mp4,14,视频中的人物主要在做什么？,对着镜头说话,伏案写字,炒菜做饭,跳舞表演,A,11.982
vid_1289,1289.mp4,16,视频里的小朋友主要在做什么？,玩健身器材,吃零食,踢足球,打羽毛球,A,11.982
vid_1290,1290.mp4,13,视频中的人物主要在做什么？,清扫石阶,在石阶跳舞,攀爬石阶,坐在石阶上,D,11.982
vid_1291,1291.mp4,12,视频开始时躺在床上的男子正在做什么？,做饭,跳舞,睡觉,爬山,C,12.004
vid_1292,1292.mp4,17,视频主要展示什么内容？,自然山水风景,各类餐桌美食,不同场景的男子人像,汽车内部装饰,C,12.005
vid_1293,1293.mp4,8,视频主要展示以下哪项内容？,食品烹饪制作,衣物裁剪缝制,发动机维修组装,家具制作加工,C,12.005
vid_1294,1294.mp4,7,视频里出现的男子主要在做什么？,在厨房做菜,在教室看书,对着镜头自拍,在操场打球,C,12.005
vid_1295,1295.mp4,9,视频中的场景位于哪种交通工具内？,远洋轮船,客运飞机,高铁列车,家用汽车,C,12.005
vid_1296,1296.mp4,11,视频中的男子主要在做什么？,跑步,做饭,看书,抽烟,D,12.005
vid_1297,1297.mp4,2,视频中人物主要在做什么？,跳舞表演,包装采收水果,写字画画,烹饪做饭,B,12.005
vid_1298,1298.mp4,5,视频中人物主要在做什么？,展示冰棍,洗碗,扫地,叠衣服,A,12.026
vid_1299,1299.mp4,10,视频中的男子主要在做什么运动？,打羽毛球,打排球,打篮球,踢足球,C,12.027
vid_1300,1300.mp4,4,视频主要展示的物品是什么？,漫画绘本,英语试卷,数学课本,美食菜谱,B,12.027
vid_1301,1301.mp4,8,视频主要展示什么？,汽车,鲜花,家具,书本,B,12.028
vid_1302,1302.mp4,10,视频中人物主要保持什么姿态？,奔跑,躺着,跳跃,站立,B,12.028
vid_1303,1303.mp4,12,视频中的人物主要在做什么？,伏案写字学习,对着镜头自拍互动,户外跑步锻炼,厨房炒菜做饭,B,12.028
vid_1304,1304.mp4,4,视频中的人物主要在做什么？,吃东西,拖地,跳舞,写字,A,12.028
vid_1305,1305.mp4,9,视频主要演示什么美发操作？,用直发梳拉直头发,给头发染颜色,用剪刀修剪头发,用吹风机吹干头发,A,12.028
vid_1306,1306.mp4,5,视频主要展示什么内容？,野生动物园景象,同一位女性的画面,道路交通状况,烹饪美食过程,B,12.028
vid_1307,1307.mp4,2,桌子中间煮食材的器具主要是什么？,烧烤架,火锅,平底锅,电饭煲,B,12.028
vid_1308,1308.mp4,11,视频中人物主要在做什么？,炒菜,洗碗,吃饭,洗衣,A,12.028
vid_1309,1309.mp4,13,视频中反复出现的工作人员服装主色是？,白色,绿色,红色,黑色,A,12.05
vid_1310,1310.mp4,3,视频里反复出现的物品是？,蔬菜,书本,鲜花,玩具,C,12.05
vid_1311,1311.mp4,14,视频主要展示什么场景？,清晨农贸市场,挂灯饰的夜间露台,白天校园操场,室内健身场馆,B,12.05
vid_1312,1312.mp4,1,视频中的人群主要在做什么？,室内开会讨论,舞台表演节目,厨房烹饪饭菜,户外实地查看,D,12.05
vid_1313,1313.mp4,6,视频中的男子主要在做什么？,吃东西,洗衣服,写作业,打篮球,A,12.05
vid_1314,1314.mp4,16,视频中的男性主要在做什么？,打扫店内卫生,展示介绍餐品,维修桌椅,演奏乐器,B,12.05
vid_1315,1315.mp4,11,视频主要展示的场景是？,雪后的山顶,夜间拥堵的道路,喧闹的菜市场,安静的教室,B,12.052
vid_1316,1316.mp4,3,视频主要展示的动物是什么？,兔子,仓鼠,狗,猫,D,12.052
vid_1317,1317.mp4,7,视频主要展示什么内容？,绿茵场上的足球赛,超市里的购物人群,婚服造型的诡异女性,山林里的野生猛兽,C,12.052
vid_1318,1318.mp4,10,视频主要展示什么？,高楼建筑,人物合影,野生老虎,中式菜肴,B,12.052
vid_1319,1319.mp4,4,视频中多个人物身上都可见什么？,眼镜,纹身,围巾,手表,B,12.052
vid_1320,1320.mp4,13,视频里的女生主要在做什么？,和雪人合影,清扫积雪,练习滑雪,制作冰雕,A,12.052
vid_1321,1321.mp4,15,视频展现的主要场景是？,商场购物,户外登山,住院就医,课堂上课,C,12.052
vid_1322,1322.mp4,9,视频中主要展示的是什么？,现代人物油画,美食摄影作品,卡通动画截图,传统山水画,D,12.052
vid_1323,1323.mp4,7,视频主要展示的户外场景是哪里？,高原雪山区域,沙漠戈壁区域,城市商业街区,郊野河湖周边,D,12.052
vid_1324,1324.mp4,17,视频中的人物主要在做什么？,伏案写字,站着炒菜,坐着面向镜头,跑步运动,C,12.052
vid_1325,1325.mp4,17,视频主要展示的是什么？,各类盛开的花,翻开的书籍,散落的积木,奔跑的猫咪,A,12.052
vid_1326,1326.mp4,14,视频中的人物主要在做什么？,教室上课学习,厨房烹饪做饭,户外拍照留念,操场跑步锻炼,C,12.052
vid_1327,1327.mp4,6,视频主要展示什么内容？,体育比赛录像,人物合影照片,美食制作过程,野生动物画面,B,12.052
vid_1328,1328.mp4,15,视频主要展示的内容是？,美食制作过程,人物近景自拍,体育赛事片段,野外风景画面,B,12.052
vid_1329,1329.mp4,12,视频主要展示的是什么内容？,野生动物相关内容,工业生产相关内容,体育赛事相关内容,婚纱摄影相关内容,D,12.052
vid_1330,1330.mp4,5,视频中可见女生在做什么？,刷牙,做饭,跑步,写作业,A,12.072
vid_1331,1331.mp4,2,视频中的女子主要在做什么？,走路,打球,跳舞,做饭,A,12.073
vid_1332,1332.mp4,16,视频主要展示的是什么场景？,室内商场购物,夜间道路驾车,户外公园野餐,学校教室上课,B,12.075
vid_1333,1333.mp4,8,视频中的小男孩大部分时间在做什么？,坐在床上,洗碗,踢足球,放风筝,A,12.075
vid_1334,1334.mp4,1,视频主要展示准备吃的餐食是？,火锅,蒸饺,汉堡,烧烤,A,12.075
vid_1335,1335.mp4,16,视频主要记录的内容是什么？,野生动物活动画面,工厂生产作业场景,女子和男孩的相处片段,篮球赛事直播内容,C,12.075
vid_1336,1336.mp4,1,视频中大面积种植的植物是？,仙人掌,小树苗,水稻,荷花,B,12.075
vid_1337,1337.mp4,8,视频中的人物主要在做什么？,公主抱同伴,跳绳,野餐,打羽毛球,A,12.095
vid_1338,1338.mp4,5,视频围栏里饲养的主要动物是？,牛,鸡,羊,猪,A,12.097
vid_1339,1339.mp4,2,视频里的小朋友主要在做什么？,踢足球,骑儿童平衡车,画画,跳舞,B,12.098
vid_1340,1340.mp4,7,视频主要展示的核心内容是什么？,一辆汽车,一座高山,一只小狗,一位女性,D,12.098
vid_1341,1341.mp4,17,视频中的角色主要在做什么？,写字绘画,互相战斗,烹饪食物,跳舞表演,B,12.1
vid_1342,1342.mp4,10,视频中人物主要在做什么？,弹奏乐器,切开果子,清扫地面,清洗蔬菜,B,12.118
vid_1343,1343.mp4,4,视频中的女士主要在做什么？,缝制衣物,整理收纳爬行垫,清洁卫生间,烹饪制作餐食,B,12.12
vid_1344,1344.mp4,13,视频中的女士主要在做什么？,挥舞手中长杆,做饭炒菜,写字画画,唱歌跳舞,A,12.121
vid_1345,1345.mp4,6,视频主要展示的动物是什么？,龙虾,乌龟,螃蟹,鱼,D,12.121
vid_1346,1346.mp4,9,视频主要展示了什么？,高大的楼房,穿西装的男士,飞翔的小鸟,流动的河水,B,12.121
vid_1347,1347.mp4,11,视频中出现了下列哪种民俗表演？,扭秧歌,踩高跷,舞狮,舞龙,C,12.121
vid_1348,1348.mp4,15,视频中的人群主要在做什么？,排队等候,跳舞表演,跑步比赛,围坐吃饭,A,12.121
vid_1349,1349.mp4,14,视频中的女士们主要在做什么？,读书学习,跑步锻炼,跳舞互动,吃饭聚餐,C,12.121
vid_1350,1350.mp4,3,视频街边的摊位主要售卖什么？,服装,蔬菜,家具,文具,A,12.134
vid_1351,1351.mp4,6,视频中的人物主要在做什么？,打球,看书,跳舞,做饭,C,12.143
vid_1352,1352.mp4,14,视频中的女孩们主要在做什么？,做饭,画画,打球,跳舞,D,12.143
vid_1353,1353.mp4,13,视频里的女士主要在做什么？,走路,画画,做饭,跳舞,A,12.143
vid_1354,1354.mp4,12,视频中的人物主要在做什么？,弹奏钢琴,烹饪炒菜,对着镜头自拍,打羽毛球,C,12.143
vid_1355,1355.mp4,3,视频主要展示的物品是什么？,水果礼盒,向日葵花束,玫瑰花,毛绒玩具,C,12.145
vid_1356,1356.mp4,15,视频主要展示了什么内容？,人工修剪花草,机器加工针织帽,人工组装家具,机器印刷书籍,B,12.145
vid_1357,1357.mp4,12,视频主要展示什么动物？,仓鼠,小狗,小猫,兔子,C,12.145
vid_1358,1358.mp4,7,视频中的女生主要在做什么？,在家打扫卫生,外出打卡游玩拍照,学校上课学习,单位上班工作,B,12.166
vid_1359,1359.mp4,2,视频中小女孩展示的玩偶是什么动物形象？,小猪,小猫,小狗,小兔,A,12.166
vid_1360,1360.mp4,10,视频里的两人主要在做什么？,打扫房间卫生,摆出功夫类动作,骑自行车出行,烹饪炒菜做饭,B,12.166
vid_1361,1361.mp4,5,视频主要展示什么？,蓝色帐篷,路边电动车,各式民族风服饰,高层居民楼,C,12.166
vid_1362,1362.mp4,17,视频主要展示的行为是什么？,跳舞,做饭,画画,唱歌,C,12.166
vid_1363,1363.mp4,8,视频中的男子主要在做什么？,烹饪做饭,打扫卫生,展示服饰,弹奏乐器,C,12.166
vid_1364,1364.mp4,9,视频主要演示哪种家居清洁用品的用法？,抹布,扫把,拖把,粘毛器,D,12.166
vid_1365,1365.mp4,4,视频中的前景女性主要在做什么？,对着镜头笑,做饭炒菜,弹奏钢琴,打扫卫生,A,12.168
vid_1366,1366.mp4,11,视频中的人物主要在做什么？,面向镜头拍摄,炒菜做饭,低头看书,跑步锻炼,A,12.168
vid_1367,1367.mp4,1,视频里的男子主要在做什么？,炒菜做饭,开门上车,扫地清洁,唱歌跳舞,B,12.188
vid_1368,1368.mp4,5,视频中可见正在进行的操作是？,拔牙,纹身,理发,做饭,B,12.19
vid_1369,1369.mp4,16,视频里的保安主要在做什么？,给学生测量体温,打扫门口卫生,检查学生随身物品,和学生玩游戏,C,12.19
vid_1370,1370.mp4,8,视频里的两个人主要在做什么？,跳舞,打篮球,坐着观赏海景,烹饪做饭,C,12.19
vid_1371,1371.mp4,7,视频中的人物主要在做什么？,画画,唱歌,写字,扫地,C,12.191
vid_1372,1372.mp4,2,视频中的人物主要在做什么？,烹饪炒菜,对着镜头自拍,弹奏乐器,跑步锻炼,B,12.191
vid_1373,1373.mp4,9,视频主要展现的场景是哪里？,餐馆后厨,教室课堂,户外公园,室内房间,D,12.191
vid_1374,1374.mp4,12,视频主要展示的场景是什么？,空旷的滑雪场,热闹的游乐园,拥堵的公路,拥挤的地铁站,C,12.191
vid_1375,1375.mp4,17,视频中的人物主要在做什么？,跑步,划船,开汽车,骑自行车,D,12.191
vid_1376,1376.mp4,16,视频主要展示了什么？,一桌备好的饭菜,排列的图书,零散的办公文具,堆叠的建筑材料,A,12.191
vid_1377,1377.mp4,4,视频中穿蓝色警服的人员主要在做什么？,表演文艺节目,清扫道路,押解相关人员,配送快递,C,12.2
vid_1378,1378.mp4,10,视频中的男子主要在做什么？,开汽车,骑自行车,跑步,跳绳,B,12.203
vid_1379,1379.mp4,3,视频中的男子主要在做什么？,浇花,摆弄长刀,拍照,扫地,B,12.207
vid_1380,1380.mp4,14,视频中人物的手主要在做什么？,抚摸摆弄猫咪,敲击键盘,清洗蔬菜,翻阅书籍,A,12.213
vid_1381,1381.mp4,13,视频主要展示什么？,美食菜品,可爱宠物,女士服饰穿搭,数码产品,C,12.213
vid_1382,1382.mp4,15,视频主要展示什么？,各类盆栽植物,家用电器,宠物猫狗,儿童玩具,A,12.213
vid_1383,1383.mp4,6,视频中的女士主要在做什么？,制作水果饮品,缝补衣服,打扫卫生,修理自行车,A,12.213
vid_1384,1384.mp4,11,视频中人物主要在做什么？,跳舞,画画,打球,做饭,B,12.214
vid_1385,1385.mp4,1,视频里的人物主要处于什么状态？,跳舞,跑步,坐着,做饭,C,12.214
vid_1386,1386.mp4,1,视频里的女子主要在做什么？,弹奏钢琴,炒菜做饭,跑步竞赛,自拍,D,12.214
vid_1387,1387.mp4,11,视频主要展示的场景是哪里？,稻田,苹果园,茶园,葡萄园,B,12.214
vid_1388,1388.mp4,16,视频中的人物主要在做什么？,阅读书籍,弹奏乐器,对着镜头做手势,打扫房间卫生,C,12.234
vid_1389,1389.mp4,10,视频中站立的长发女子主要在做什么？,卧床睡觉,打扫卫生,持扇站立,跑步健身,C,12.236
vid_1390,1390.mp4,3,视频中的人物主要在做什么？,打扫卫生,弹奏钢琴,炒菜做饭,做肩颈锻炼,D,12.236
vid_1391,1391.mp4,4,视频中人物所穿的上衣主色调是什么？,橙色,绿色,紫色,蓝色,A,12.237
vid_1392,1392.mp4,15,视频的主要拍摄场景是哪里？,露天集市,学校教室,居民家中,电影院内,A,12.237
vid_1393,1393.mp4,6,视频中的人们主要在做什么？,跑步锻炼,伏案写作,炒菜做饭,朝镜头挥手,D,12.237
vid_1394,1394.mp4,13,视频里男子的主要动作是什么？,唱歌跳舞,抱起女子,炒菜做饭,看书学习,B,12.237
vid_1395,1395.mp4,12,视频主要展示的是什么场景？,学校上课场景,餐厅就餐场景,公园游玩场景,直播工作场景,D,12.258
vid_1396,1396.mp4,14,视频中的白色车辆主要在做什么？,快速超车,向后倒车,靠路边停下,路口转弯,C,12.259
vid_1397,1397.mp4,2,视频里戴黄色头盔的男子主要在做什么？,打扫卫生,送外卖,跳健身操,卖奶茶,B,12.259
vid_1398,1398.mp4,7,视频主要展示的食物是什么？,面条,包子,米饭,饺子,B,12.259
vid_1399,1399.mp4,17,视频主要展示什么物品？,肥皂盒,毛巾,漱口杯,地漏过滤器,D,12.259
vid_1400,1400.mp4,17,视频中的小动物主要在做什么？,跑动行走,洗澡,吃食物,趴着睡觉,A,12.259
vid_1401,1401.mp4,5,视频主要展示的是哪科的练习册？,数学,语文,英语,美术,B,12.259
vid_1402,1402.mp4,8,视频主要展示的动物是什么？,鸡,鸭,猪,鹅,A,12.259
vid_1403,1403.mp4,9,视频中道路周边成群出现的动物是？,马,牛,羊,猪,C,12.259
vid_1404,1404.mp4,2,视频主要展示了什么？,中年男性,年轻女性,小男孩,老年男性,B,12.261
vid_1405,1405.mp4,7,视频中的人物主要在做什么？,对着镜头自拍,炒菜做饭,打篮球,骑自行车,A,12.261
vid_1406,1406.mp4,14,视频中的人物主要在做什么？,跳舞表演,骑自行车,撑伞走下台阶,炒菜做饭,C,12.261
vid_1407,1407.mp4,12,视频中的人物主要在做什么？,跑步,手持奖杯站立,跳舞,做饭,B,12.282
vid_1408,1408.mp4,13,视频拍摄的主要场景是？,郊外山林草地,室内居民家中,夜间城市道路,白天海边沙滩,C,12.282
vid_1409,1409.mp4,6,视频中人物手部操作的主要物品是什么？,绿色杯子,红色小球,黄色书包,白色筷子,B,12.282
vid_1410,1410.mp4,8,视频主要展示的是什么场景？,海边度假沙滩,乡村山野村落,城市高层写字楼,大型商场内部,B,12.284
vid_1411,1411.mp4,5,视频中人物主要在做什么？,按摩膝盖部位,清洗碗筷,修剪花木,缝制衣物,A,12.284
vid_1412,1412.mp4,15,视频主要展示什么？,搭窝的燕子,飞舞的蝴蝶,盛开的鲜花,返青的小草,C,12.284
vid_1413,1413.mp4,1,视频中人物主要在做什么？,练习书法,制作凉拌菜,清洗衣物,修理家具,B,12.304
vid_1414,1414.mp4,11,视频中的人物主要在做什么？,跳双人舞,烹饪做饭,面对面交谈,打羽毛球,C,12.306
vid_1415,1415.mp4,4,视频中的人物主要在做什么？,伏案写字,厨房做饭,户外跑步,对着镜头自拍,D,12.306
vid_1416,1416.mp4,16,视频主要展示的动物是什么？,虾,章鱼,螃蟹,海鱼,A,12.306
vid_1417,1417.mp4,3,视频中的两个人主要在做什么？,烹饪做饭,跑步锻炼身体,躺在床上互动,伏案写作业,C,12.306
vid_1418,1418.mp4,9,视频中的一男一女主要在做什么？,跑步健身,拥抱互动,做饭炒菜,写字画画,B,12.307
vid_1419,1419.mp4,9,视频中的两位核心人物主要在做什么？,跳绳,散步,做操,跑步,D,12.307
vid_1420,1420.mp4,10,穿绿色毛衣的人主要在做什么？,拿手机拍视频,用筷子夹菜吃,往盆里倒饮料,端着大盆喝东西,D,12.307
vid_1421,1421.mp4,16,视频主要展示什么内容？,教室授课板书,游戏个人资料界面,餐厅点餐菜单,景区导览地图,B,12.329
vid_1422,1422.mp4,4,视频里的小女孩主要在做什么？,跑步锻炼身体,面向镜头微笑,专注弹钢琴,认真写作业,B,12.329
vid_1423,1423.mp4,11,视频中的男子主要在操作什么物品？,洗衣机,冰箱,电视机,沙发,B,12.329
vid_1424,1424.mp4,1,视频中的孔雀主要在做什么？,开屏展示尾羽,展翅飞行,低头啄食,快速奔跑,A,12.329
vid_1425,1425.mp4,10,视频主要展示的人物在做什么？,读书写字,对着镜头自拍,烹饪做饭,跑步运动,B,12.33
vid_1426,1426.mp4,3,视频中的人物主要在做什么？,面向镜头出镜,写字看书,烹饪做饭,跑步运动,A,12.33
vid_1427,1427.mp4,15,视频主要展示的是哪类人物？,老年女士,老年男士,年幼女童,年轻男士,D,12.352
vid_1428,1428.mp4,6,视频的主要场景是在哪里？,超市卖场里,海边沙滩上,行驶的汽车内,学校教室内,C,12.352
vid_1429,1429.mp4,13,视频主要展示的场景是哪里？,海边沙滩,深山森林,城市马路,室内商场,C,12.352
vid_1430,1430.mp4,12,视频中主要燃放的是什么物品？,烟花,篝火,油灯,蜡烛,A,12.352
vid_1431,1431.mp4,14,视频主要展示的是什么场景？,临湖古村落,热带雨林,都市商业街,高原牧场,A,12.352
vid_1432,1432.mp4,5,视频中的人物主要在做什么？,打球,走路,做饭,画画,B,12.354
vid_1433,1433.mp4,8,视频中人物主要在进行什么活动？,课堂授课,烹饪做饭,跑步比赛,杂技表演,D,12.354
vid_1434,1434.mp4,2,视频中的人物主要在做什么？,做饭,看书,跑步,大笑,D,12.375
vid_1435,1435.mp4,15,视频里的人物主要在做什么？,烹饪炒菜,裁剪物品,读书写字,打球运动,B,12.377
vid_1436,1436.mp4,17,视频主要记录的活动是什么？,公园散步,夜间乘车行进,室内办公,餐厅吃面条,B,12.377
vid_1437,1437.mp4,6,视频拍摄的主要场景是哪里？,教室,卧室,厨房,海边,C,12.377
vid_1438,1438.mp4,7,视频中的人物主要在做什么？,写字画画,驾驶车辆,做饭炒菜,唱歌跳舞,B,12.377
vid_1439,1439.mp4,7,视频中的人物主要在做什么？,做饭,跳舞,打球,看书,B,12.377
vid_1440,1440.mp4,2,视频主要展示了什么景象？,平静的湖水,结冰的河面,湍急的洪水,喷涌的喷泉,C,12.377
vid_1441,1441.mp4,11,视频中的人物主要在做什么？,写字画画,拥抱互动,做饭炒菜,跑步比赛,B,12.397
vid_1442,1442.mp4,14,视频中出现的水果是？,香蕉,火龙果,苹果,西瓜,B,12.399
vid_1443,1443.mp4,13,视频主要展示什么内容？,动画电影节选,美食制作教程,风景航拍片段,幼儿纪念写真,D,12.399
vid_1444,1444.mp4,10,视频中的人物主要在做什么？,跳芭蕾舞,表演相声,烹饪做饭,踢足球,B,12.399
vid_1445,1445.mp4,4,视频主要展示的物品是什么？,家用拖鞋,普通雨伞,纸质笔记本,防水鞋套,D,12.399
vid_1446,1446.mp4,3,视频中遮挡人物口鼻的物品是什么？,眼镜,帽子,围巾,口罩,D,12.399
vid_1447,1447.mp4,12,视频主要展示的场景是什么？,雨中城市街景,夜间星空景象,高山雪景,黄昏日落景色,D,12.4
vid_1448,1448.mp4,5,视频主要展示的场景是哪里？,居民家中室内,酒店大堂,学校教室,商场卖场,A,12.4
vid_1449,1449.mp4,8,视频主要展示的场景是哪里？,室内教室,砖砌人行道,地下车库,海边沙滩,B,12.4
vid_1450,1450.mp4,17,视频中主要展示的做饭方式是？,用微波炉加热,用电饭锅煮饭,用天然气炒菜,烧柴火做饭,D,12.4
vid_1451,1451.mp4,1,视频中人物主要穿着什么特殊服装？,航天服,潜水服,滑雪服,厨师服,A,12.42
vid_1452,1452.mp4,9,视频里的两个人主要在做什么？,烹饪制作美食,亲密相拥互动,演奏各类乐器,打扫房间卫生,B,12.42
vid_1453,1453.mp4,16,视频主要展示的核心人物是？,年幼男童,年轻女性,老年女性,老年男性,B,12.422
vid_1454,1454.mp4,9,视频中的男女主要在做什么？,接吻,做饭,看书,打球,A,12.422
vid_1455,1455.mp4,8,视频中成群出现的动物是？,熊猫,骆驼,老虎,海鸥,B,12.423
vid_1456,1456.mp4,5,视频里道路周边大多覆盖着什么？,青草,积雪,黄沙,落叶,B,12.423
vid_1457,1457.mp4,17,视频主要展示的是什么场景？,城市街区,草原牧场,雾中山村,沙漠戈壁,C,12.423
vid_1458,1458.mp4,16,视频主要展示的活动是什么？,户外野餐,课堂学习,庆祝生日,体育比赛,C,12.423
vid_1459,1459.mp4,1,视频中的人物主要在做什么？,室内打扫卫生,田里干农活,户外走路说笑,舞台表演节目,C,12.423
vid_1460,1460.mp4,12,视频主要展示的是什么？,一只宠物猫,一辆汽车,一位女性,一座高山,C,12.434
vid_1461,1461.mp4,3,视频主要展示的是哪类场景？,室内办公场所,白天海滨沙滩,郊外山间小路,夜晚城市道路,D,12.445
vid_1462,1462.mp4,10,视频中的人物主要在做什么？,画画,做饭,跳舞,打球,C,12.445
vid_1463,1463.mp4,4,视频主要展示了什么路况？,路面严重结冰,路面正在施工,路面覆盖积雪,路面严重积水,D,12.445
vid_1464,1464.mp4,14,视频中的人物主要在做什么？,跳舞,画画,做饭,看书,A,12.446
vid_1465,1465.mp4,13,视频中的人物主要在做什么？,画画,跑步,喝茶,做饭,C,12.446
vid_1466,1466.mp4,6,视频里人物主要在做什么？,清扫地面,烹饪菜肴,弹奏钢琴,展示盒子结构,D,12.467
vid_1467,1467.mp4,15,视频里的男子主要在做什么？,对着镜头做表情动作,在桌前看书学习,在操场跑步锻炼,在厨房炒菜做饭,A,12.468
vid_1468,1468.mp4,11,视频中的人物主要在做什么？,浇水,种花,除草,施肥,C,12.468
vid_1469,1469.mp4,2,视频中主要开展的农事活动是什么？,放牧牛羊,收割玉米,撒网捕鱼,采摘水果,B,12.47
vid_1470,1470.mp4,11,视频中男子主要做了什么？,用钉耙翻挖土地,清扫路面卫生,向女子递送花束,快速跑步赶路,C,12.47
vid_1471,1471.mp4,2,视频里的女士主要在做什么？,写字画画,做手势动作,炒菜做饭,跑步锻炼,B,12.47
vid_1472,1472.mp4,7,视频里的女士主要在做什么？,读书写字,跑步锻炼,烹饪做饭,对着镜头自拍,D,12.47
vid_1473,1473.mp4,7,视频里的人们主要在做什么？,上课学习,聚餐吃饭,唱歌跳舞,跑步锻炼,B,12.47
vid_1474,1474.mp4,3,视频中的执法人员主要在做什么？,购买餐饮食品,抓捕涉案人员,清扫路面垃圾,表演街头节目,B,12.484
vid_1475,1475.mp4,16,视频中两位人物所穿衣服的主色调是？,蓝色,绿色,红色,黄色,C,12.491
vid_1476,1476.mp4,4,视频里的人物主要在做什么？,跑步,做饭,跳舞,游泳,A,12.491
vid_1477,1477.mp4,12,视频主要展示的动物是什么？,大鱼,小鸟,小狗,小猫,A,12.491
vid_1478,1478.mp4,10,视频中持伞的路人主要在做什么？,步行走路,跳广场舞,摆摊售货,骑自行车,A,12.493
vid_1479,1479.mp4,15,视频中的人们主要在做什么？,跳舞表演,读书学习,聚餐吃饭,打球运动,C,12.493
vid_1480,1480.mp4,14,视频中的人物主要在做什么？,对着镜头做手势,跑步锻炼,伏案看书,烹饪炒菜,A,12.493
vid_1481,1481.mp4,6,视频主要展示的内容是什么？,野生动物活动画面,汽车驾驶教学画面,美食烹饪演示画面,不同场景的人物画面,D,12.493
vid_1482,1482.mp4,13,视频中的人物主要在做什么？,做饭,跑步,荡秋千,看书,C,12.493
vid_1483,1483.mp4,1,视频主要展示了什么内容？,女性妆容变化,厨房烹饪过程,自然风光展示,体育比赛片段,A,12.513
vid_1484,1484.mp4,5,视频中的人物主要在做什么？,绘制油画作品,处理发好的面团,在泳池游泳,演唱流行歌曲,B,12.515
vid_1485,1485.mp4,8,视频中的人物主要在做什么？,对着镜头自拍,在教室上课,在户外跑步,在厨房做饭,A,12.515
vid_1486,1486.mp4,17,视频中的人物主要在做什么？,跑步锻炼,弹奏乐器,展示所穿服饰,烹饪做饭,C,12.515
vid_1487,1487.mp4,9,视频中的人物主要在做什么？,岸边钓鱼,在河中游泳,在桥上行走,攀爬大树,C,12.515
vid_1488,1488.mp4,1,视频中的两位人物主要处于什么状态？,躺着睡觉,跑步行进,坐着面对镜头,站着跳舞,C,12.516
vid_1489,1489.mp4,5,视频中的人物主要在做什么？,卷头发,写字,炒菜,跑步,A,12.516
vid_1490,1490.mp4,17,视频中人物主要在做什么？,弹奏乐器,跑步比赛,烹饪做饭,展示花束,D,12.516
vid_1491,1491.mp4,9,视频主要展示的是什么？,办公文具,家用电器,儿童玩具,各式零食水果,D,12.516
vid_1492,1492.mp4,8,视频中的人物主要在做什么？,打扫房间卫生,低头伏案写字,列队行进做动作,围坐吃饭聊天,C,12.516
vid_1493,1493.mp4,12,视频中的人物主要在做什么？,吃水果,唱歌跳舞,看书学习,打扫卫生,A,12.534
vid_1494,1494.mp4,16,视频中出现的年轻女生主要在做什么？,打羽毛球,骑自行车,操作手机,做饭炒菜,C,12.534
vid_1495,1495.mp4,3,视频拍摄的主要场景是哪里？,白天的农田,室内商场,地下停车场,夜晚户外广场,D,12.538
vid_1496,1496.mp4,7,视频中的女士主要在做什么？,做饭,跳舞,画画,打球,B,12.538
vid_1497,1497.mp4,2,视频中人物手持展示的主要食品是什么？,面包,糖果,方便面,饼干,C,12.538
vid_1498,1498.mp4,10,视频主要展示的交通工具是？,电动自行车,自行车,小轿车,摩托车,D,12.538
vid_1499,1499.mp4,4,视频中人物主要在做什么？,展示多款上衣,擦拭家具,弹奏吉他,烹饪炒菜,A,12.538
vid_1500,1500.mp4,11,视频中的人物主要在做什么？,做饭,投篮,画画,看书,B,12.538
vid_1501,1501.mp4,13,视频画面中心主要展示了什么？,女性人物,参天大树,宠物小狗,家用轿车,A,12.539
vid_1502,1502.mp4,6,视频主要展示的场景是哪里？,超市内部,公路路口,教室里面,居民家中,B,12.539
vid_1503,1503.mp4,15,视频里的大多数人在做什么？,列队跑步,坐着停留,炒菜做饭,跳舞表演,B,12.539
vid_1504,1504.mp4,6,视频中的主要人物在做什么？,烹饪食物,缝制衣物,跳舞表演,打扫卫生,A,12.539
vid_1505,1505.mp4,14,视频中的女性主要在做什么？,整理货品,加油作业,跳舞,打扫卫生,C,12.539
vid_1506,1506.mp4,15,视频的主要场景是？,白天草原,游泳馆内,夜间城市路口,室内教室,C,12.54
vid_1507,1507.mp4,9,视频中的小女孩手中拿着的物品是？,油纸伞,吉他,课本,篮球,A,12.56
vid_1508,1508.mp4,8,视频里的游戏角色主要在做什么？,购买对局装备,击杀野外怪物,攻击敌方英雄,修理防御塔,D,12.56
vid_1509,1509.mp4,3,视频中的男子主要在做什么？,写字画画,表演魔术,唱歌跳舞,烹饪炒菜,B,12.561
vid_1510,1510.mp4,12,视频里的两个人主要在做什么？,教室上课学习,厨房做饭炒菜,户外跑步运动,躺在床上休息,D,12.561
vid_1511,1511.mp4,11,视频中人们主要在雕像前做什么？,跳舞表演,献花鞠躬,打球锻炼,聚餐吃饭,B,12.561
vid_1512,1512.mp4,1,视频中的女性主要在做什么？,画画,睡觉,唱歌,吃饭,B,12.561
vid_1513,1513.mp4,17,视频里的小男孩主要在做什么？,画画,看书,拼拼图,搭积木,C,12.561
vid_1514,1514.mp4,7,视频中的人物主要在做什么？,绑扎钢筋,烹饪做饭,跳舞表演,书写绘画,A,12.561
vid_1515,1515.mp4,16,视频主要展示的是什么？,苹果,宠物猫,年轻女性,自行车,C,12.561
vid_1516,1516.mp4,5,视频中的人物主要在做什么？,户外路上互动,球场打球,厨房做饭,教室上课,A,12.561
vid_1517,1517.mp4,4,视频主要展示的内容是什么？,一辆汽车,一位女性,一只小狗,一棵大树,B,12.562
vid_1518,1518.mp4,10,视频主要呈现的内容是什么？,一桌家常菜肴,一只宠物猫咪,一座古典石桥,一位年轻女性,D,12.562
vid_1519,1519.mp4,2,视频中的老人主要在做什么？,慢走,踢毽子,打羽毛球,跳绳,D,12.562
vid_1520,1520.mp4,13,视频中的人物主要在做什么？,唱歌跳舞,看书学习,炒菜做饭,健身锻炼,D,12.567
vid_1521,1521.mp4,14,视频中的人物主要在做什么？,吃火锅,唱歌表演,跑步锻炼,上课学习,A,12.567
vid_1522,1522.mp4,2,视频中男子较长时间在做什么？,拉行李箱行走,骑自行车,打篮球,跑步锻炼,A,12.584
vid_1523,1523.mp4,7,视频主要展示的物体是什么？,电动货运三轮车,人力二轮自行车,带彩灯的观光小火车,家用燃油小轿车,C,12.584
vid_1524,1524.mp4,3,视频中的游客主要在做什么？,跳舞表演,跑步健身,摆摊售卖,投喂天鹅,D,12.584
vid_1525,1525.mp4,14,视频中的男子主要在做什么？,跑步比赛,对着镜头说话,低头画画,搬运货物,B,12.586
vid_1526,1526.mp4,4,视频中的人物主要在做什么？,烹饪做饭,安静写作业,弹奏乐器,做健身运动,D,12.586
vid_1527,1527.mp4,16,视频里的女士主要在做什么？,跳舞,做饭,看书,洗衣服,A,12.586
vid_1528,1528.mp4,17,视频主要展示的物品是？,可爱的毛绒玩具,新鲜的水果蔬菜,常用的厨房餐具,堆叠的书本资料,D,12.586
vid_1529,1529.mp4,10,视频中醒目的大型红色车辆是什么？,货运卡车,小型轿车,电动自行车,客运巴士,A,12.586
vid_1530,1530.mp4,11,视频主要展示的内容是什么？,一辆汽车,一位女士,一只小狗,一盘水果,B,12.586
vid_1531,1531.mp4,13,视频里的女性主要在做什么？,坐在桌前写作业,对着镜头做手势表演,在厨房炒菜做饭,在户外跑步锻炼,B,12.586
vid_1532,1532.mp4,12,视频中蹲着的男子主要在做什么？,唱歌跳舞,炒菜做饭,挖土刨坑,读书写字,C,12.586
vid_1533,1533.mp4,5,视频中的人物主要在做什么？,对着镜头表演,跑步锻炼,伏案写作,烹饪炒菜,A,12.607
vid_1534,1534.mp4,8,视频中的人物主要在做什么？,写书法,洗衣服,掀开模具展示砖雕,烹饪炒菜,C,12.607
vid_1535,1535.mp4,1,视频中的大白主要在做什么？,骑电动车,做饭,画画,跳舞,A,12.608
vid_1536,1536.mp4,9,视频里的人物主要在做什么？,跳舞表演,摆弄手中的小物件,踢足球,烹饪做饭,B,12.609
vid_1537,1537.mp4,15,视频中的人物主要在做什么？,并排坐着晃动身体,伏案写作业,在操场跑步,在厨房做饭,A,12.609
vid_1538,1538.mp4,6,视频中男子主要在做什么？,打篮球,抱着年幼婴儿,烹饪炒菜,看书学习,B,12.616
vid_1539,1539.mp4,12,视频中的人物主要在做什么？,踩地面数字格子跳步,洗衣服,画画,吃饭,A,12.629
vid_1540,1540.mp4,11,视频里的人物主要在做什么？,制作蔬菜沙拉,修理自行车,缝补衣服,跳健身操,A,12.629
vid_1541,1541.mp4,15,桌上盘子里放的主要食物是什么？,饺子,蛋糕,面条,馒头,B,12.631
vid_1542,1542.mp4,16,视频主要展示的是哪种场景？,码头装卸货物,赛道赛车竞速,山间公路行车,停车场内倒车,C,12.631
vid_1543,1543.mp4,2,视频主要展示的内容是什么？,海底世界,乡村农田,高山峡谷,城市街景,D,12.631
vid_1544,1544.mp4,3,视频中的主要场景位于哪里？,草原,沙漠,雪地,海边,B,12.631
vid_1545,1545.mp4,4,视频里的女性主要在做什么？,画画,跳舞,读书,做饭,B,12.631
vid_1546,1546.mp4,10,视频中人物主要在做什么？,修剪花木,清洗衣物,玩电脑游戏,制作蛋卷类食物,D,12.631
vid_1547,1547.mp4,6,视频中的女子主要在做什么？,打羽毛球,对着镜头自拍,厨房烹饪做菜,驾驶机动车,B,12.631
vid_1548,1548.mp4,17,视频主要展示什么内容？,美食烹饪教学,自然风光记录,真人户外探险,动漫男性角色片段,D,12.631
vid_1549,1549.mp4,13,视频中人物主要在进行什么活动？,做饭,上课,泡温泉,打篮球,C,12.631
vid_1550,1550.mp4,14,视频里的两个人主要在做什么？,烹饪做饭,唱歌跳舞,下地干活,面对面交谈,D,12.631
vid_1551,1551.mp4,1,视频主要展示的内容是什么？,教室课堂教学,游戏角色融合操作,餐厅烹饪食物,户外篮球比赛,B,12.632
vid_1552,1552.mp4,9,视频中主要进行的动作是什么？,上场打篮球,翻阅画册,弹奏乐器,烹饪做饭,B,12.632
vid_1553,1553.mp4,5,视频的主要场景是哪里？,健身房,小吃店,教室,医院病房,B,12.632
vid_1554,1554.mp4,8,视频主要展示的活动是什么？,理发做发型,写字学习,烹饪做饭,跳舞表演,A,12.634
vid_1555,1555.mp4,8,视频中的人物主要在做什么？,用餐吃饭,对着镜头做手势,伏案写作业,打扫房间卫生,B,12.654
vid_1556,1556.mp4,1,视频中的人物主要在做什么？,练习瑜伽健身,吹头发打理发型,烹饪制作食物,打扫房间卫生,B,12.654
vid_1557,1557.mp4,9,背着书包的学生们正在做什么？,操场打球,走进学校,登台表演,坐着吃饭,B,12.654
vid_1558,1558.mp4,7,视频中医护抱出、家属迎接的是什么？,外卖餐盒,医用器械,毛绒玩具,新生婴儿,D,12.654
vid_1559,1559.mp4,7,视频中的女子主要在做什么？,打篮球,炒菜,自拍,写作业,C,12.654
vid_1560,1560.mp4,5,视频主要展示的核心物体是什么？,乡间小路,高层楼宇,普通平房,露天球场,B,12.655
vid_1561,1561.mp4,6,视频里人物主要在做什么？,书写绘画,演奏乐器,搅拌锅中食物,打扫室内卫生,C,12.655
vid_1562,1562.mp4,4,视频中的女子主要在做什么？,做饭,跑步,自拍,跳舞,C,12.667
vid_1563,1563.mp4,2,视频展示的主要场景是哪里？,农田,沙漠,海边,山顶,C,12.677
vid_1564,1564.mp4,10,视频里的人物主要在做什么？,集体打扫卫生,集体做体能训练,集体聚餐吃饭,集体唱歌表演,B,12.677
vid_1565,1565.mp4,15,视频中的人物主要在做什么？,烹饪做饭,尝试做手部动作,跑步健身,读书写字,B,12.677
vid_1566,1566.mp4,3,视频中的女士主要在做什么？,烹饪做饭,打扫卫生,弹奏钢琴,展示连衣裙,D,12.677
vid_1567,1567.mp4,14,视频中人物主要在做什么？,亲人团聚相认,登台表演节目,参加体育比赛,集体聚餐吃饭,A,12.679
vid_1568,1568.mp4,13,视频主要展示什么？,鲜花,小鸟,小鱼,蘑菇,D,12.679
vid_1569,1569.mp4,17,视频主要展示的动物是什么？,小狗,兔子,仓鼠,小猫,A,12.7
vid_1570,1570.mp4,17,视频中的女性主要在做什么？,直播带货,打扫卫生,弹奏乐器,烹饪美食,A,12.7
vid_1571,1571.mp4,16,视频中人物主要在做什么？,写字,擦桌子,缝衣服,炒菜,A,12.7
vid_1572,1572.mp4,11,视频主要展示什么物品的使用？,数码相机,智能手表,学习平板,智能手机,C,12.7
vid_1573,1573.mp4,12,视频主要展示了哪两种动物的互动？,狗和大鹅,鸡和鸭,老虎和狮子,猫和老鼠,A,12.7
vid_1574,1574.mp4,16,视频主要展示的食物是？,烤排骨,奶油蛋糕,凉拌黄瓜,鲜切水果,A,12.7
vid_1575,1575.mp4,12,视频的主要场景是哪里？,厨房,海边,服装店,教室,C,12.702
vid_1576,1576.mp4,13,视频中的两人主要在做什么？,跑步锻炼,伏案写字,做饭炒菜,亲密互动,D,12.702
vid_1577,1577.mp4,14,视频中的人物主要在做什么？,炒菜做饭,看书学习,跑步锻炼,对着镜头自拍互动,D,12.702
vid_1578,1578.mp4,15,视频后半段画面中持续飘落的是什么？,枫叶,雪花,雨滴,花瓣,B,12.702
vid_1579,1579.mp4,11,视频中人们活动的主要场所是哪里？,石砌拱桥,城市立交桥,室内走廊,木质吊桥,D,12.702
vid_1580,1580.mp4,10,视频中穿制服的警察主要在做什么？,唱歌跳舞,购买商品,维修车辆,押解相关人员,D,12.711
vid_1581,1581.mp4,6,视频中的小女孩主要在做什么？,跳舞,做饭,跑步,打球,A,12.724
vid_1582,1582.mp4,3,视频中的人物主要在做什么？,跳舞,画画,打球,做饭,A,12.724
vid_1583,1583.mp4,7,视频中人物手里拿着的主要物品是什么？,雨伞,书本,苹果,红玫瑰,D,12.724
vid_1584,1584.mp4,2,视频主要展示的是哪类活动布置？,订婚庆贺,生日派对,毕业典礼,开业典礼,A,12.724
vid_1585,1585.mp4,4,视频中的男子主要在做什么？,维修电动车,骑行配送外卖,查看手中的文件袋,吃饭休息,C,12.724
vid_1586,1586.mp4,9,视频中的人物主要在做什么？,弹奏钢琴,烹饪做饭,骑自行车,驾驶汽车,D,12.724
vid_1587,1587.mp4,5,视频中的学生主要在进行什么活动？,玩跳山羊游戏,踢足球,打篮球,跳绳,A,12.724
vid_1588,1588.mp4,8,视频主要展示的食物是？,红烧排骨,水煮玉米,清蒸螃蟹,无骨凤爪,D,12.724
vid_1589,1589.mp4,1,视频中的工人主要在做什么？,粉刷装修墙面,烹饪制作食物,开展体育比赛,唱歌跳舞表演,A,12.725
vid_1590,1590.mp4,9,视频中的人物主要在做什么？,厨房烹饪做饭,教室读书写字,玩雪制作造型,操场跑步锻炼,C,12.725
vid_1591,1591.mp4,8,视频中人物主要在做什么？,吃烤肉火锅,写作业,打羽毛球,洗衣服,A,12.725
vid_1592,1592.mp4,17,视频里的人物主要在做什么？,炒菜做饭,拍照留影,修理汽车,耕地种田,B,12.747
vid_1593,1593.mp4,11,视频中的主要场景是哪里？,操场,卧室,厨房,教室,C,12.747
vid_1594,1594.mp4,6,视频主要展示什么？,一束鲜花,一只小狗,一位女性,一辆汽车,C,12.748
vid_1595,1595.mp4,2,视频中人物主要在做什么？,处理鸡蛋,弹奏乐器,打扫卫生,练习书法,A,12.748
vid_1596,1596.mp4,15,视频中的故事发生在什么场所？,普通教室,医院门诊,中式餐馆,珠宝门店,D,12.748
vid_1597,1597.mp4,3,视频里的年轻女子主要在做什么？,写字,画画,跳舞,做饭,C,12.748
vid_1598,1598.mp4,4,视频开头湿透的男子坐在什么里面？,木板床,白色浴缸,布艺沙发,木质澡盆,B,12.748
vid_1599,1599.mp4,16,视频中的主要户外场景是哪里？,雪山,森林,河边,商场,C,12.748
vid_1600,1600.mp4,5,视频里的两名男子主要在做什么？,生火做饭,跳舞表演,读书写字,摔跤嬉闹,D,12.748
vid_1601,1601.mp4,1,视频里的人们主要在做什么？,做饭,画画,打篮球,采摘水果,D,12.748
vid_1602,1602.mp4,14,视频主要展示的是什么？,书桌上的文具,餐桌上的菜肴,花园里的花木,道路上的车辆,B,12.748
vid_1603,1603.mp4,7,视频里的人物主要在做什么？,擦拭玻璃,缝补衣服,手工切面条,修剪花木,C,12.753
vid_1604,1604.mp4,12,视频的拍摄场景主要在哪里？,明亮室内教室,白天高山草甸,晴天海边沙滩,室外夜晚空地,D,12.766
vid_1605,1605.mp4,4,视频中的男性主要在做什么？,趴在床上,伏案写字,跑步健身,生火做饭,A,12.77
vid_1606,1606.mp4,10,视频主要展示的内容是什么？,冬季雪景,秋收场景,城市夜景,盛开的春花,D,12.77
vid_1607,1607.mp4,13,视频中的人物主要在做什么？,跑步锻炼,烹饪做饭,写字看书,跳舞做手部动作,D,12.77
vid_1608,1608.mp4,2,视频主要展示的场景是什么？,乡村田野,海边沙滩,城市街道,高山牧场,C,12.77
vid_1609,1609.mp4,15,视频中人物主要在做什么？,跑步锻炼,烹饪做饭,操作手机转账,练习书法,C,12.771
vid_1610,1610.mp4,3,视频主要展示什么景观？,城市公园景色,雪山山地风光,热带雨林景观,海滨沙滩风景,B,12.771
vid_1611,1611.mp4,17,视频中主要出现的动物是？,熊猫,小猫,兔子,小狗,C,12.792
vid_1612,1612.mp4,9,视频里的小女孩主要在做什么？,在泳池里游泳,扶着滑板车站着,在厨房炒菜,坐在课桌前写字,B,12.792
vid_1613,1613.mp4,11,视频中的女性工作人员主要在做什么？,打扫卫生,讲课教学,做饭炒菜,跳舞表演,A,12.793
vid_1614,1614.mp4,10,视频中的年轻女生主要在做什么？,骑自行车,烹饪饭菜,对着镜头做手势互动,伏案写作业,C,12.793
vid_1615,1615.mp4,8,视频中的人物主要在做什么？,依次走出做动作,围坐吃饭聊天,认真伏案写字,低头清洗蔬菜,A,12.793
vid_1616,1616.mp4,14,视频中的人物主要在做什么？,手洗衣物,烹饪炒菜,坐着看书写字,在床上蹦跳,D,12.793
vid_1617,1617.mp4,13,视频中的道路有什么明显状况？,铺满积雪,严重积水,正在施工,发生塌方,B,12.794
vid_1618,1618.mp4,7,视频中的主要女士正在做什么？,烹饪美食,跳舞表演,持话筒发言,制作彩灯,C,12.795
vid_1619,1619.mp4,12,视频主要展示什么形象？,哥斯拉,变形金刚,蜘蛛侠,奥特曼,D,12.795
vid_1620,1620.mp4,6,视频主要展示什么内容？,乖巧的小猫,可爱的小宝宝,新鲜的蔬菜,精致的玩具,B,12.809
vid_1621,1621.mp4,1,视频中的人物主要在做什么？,打羽毛球,试用雨鞋套,打扫房间,做饭炒菜,B,12.816
vid_1622,1622.mp4,5,视频主要展示的大型海上装备是什么？,豪华邮轮,潜水艇,货运轮船,航空母舰,D,12.817
vid_1623,1623.mp4,11,视频中长时间出现的女士上衣主色是？,蓝色,绿色,黑色,粉色,D,12.818
vid_1624,1624.mp4,16,视频的主要拍摄场景是哪里？,户外草坪上,商店店铺内,学校教室内,家庭厨房内,B,12.818
vid_1625,1625.mp4,14,视频里的幼儿主要在做什么？,搭积木,玩皮球,玩玩具小厨房,画画,C,12.818
vid_1626,1626.mp4,9,视频里的男孩主要在做什么？,躺着睡觉,跑步赶路,坐着说话,打扫卫生,C,12.83
vid_1627,1627.mp4,15,视频里的两个人主要在做什么？,做饭,打球,画画,跳舞,D,12.84
vid_1628,1628.mp4,4,视频中的人物主要在做什么？,教室讲课,户外自拍,厨房烹饪,操场跑步,B,12.841
vid_1629,1629.mp4,8,视频的主要场景是哪里？,游泳馆泳池边,公园草坪上,商场服装店,厨房操作间,A,12.841
vid_1630,1630.mp4,17,视频主要呈现的是什么场景？,车辆在道路行驶,厨房做饭,教室上课,海边游玩,A,12.841
vid_1631,1631.mp4,2,视频中的人物主要在做什么？,站着炒菜做饭,坐着看书写字,躺着面向镜头,户外跑步锻炼,C,12.841
vid_1632,1632.mp4,3,视频中心的人物主要是什么姿态？,端坐,奔跑,站立,平躺,C,12.841
vid_1633,1633.mp4,6,视频开头坐着的学生大多在做什么？,吃饭,睡觉,打篮球,握笔书写,D,12.863
vid_1634,1634.mp4,13,视频主要展示什么活动？,田径跑步比赛,手工陶艺制作,手机游戏对战,钢琴演奏表演,C,12.863
vid_1635,1635.mp4,7,视频里的餐厅服务人员主要在做什么？,前台收银结账,给顾客倒饮品,擦拭店内桌椅,端餐盘上楼梯,D,12.863
vid_1636,1636.mp4,10,视频中的男孩主要在做什么？,洗衣服,呼出烟雾,打篮球,弹钢琴,B,12.863
vid_1637,1637.mp4,12,视频主要展示的是什么场景？,海边度假沙滩,医院门诊大厅,古装剧拍摄现场,中小学课堂,C,12.863
vid_1638,1638.mp4,1,视频主要展示了什么内容？,乡野花木庭院景色,极地冰雪冰川景观,热闹的运动会现场,繁忙的办公写字楼,A,12.864
vid_1639,1639.mp4,5,视频中出现的女性做出的明显动作是？,跑步锻炼,提笔写字,炒菜做饭,手托脸颊,D,12.864
vid_1640,1640.mp4,16,视频里人们在进行什么活动？,打扑克,下象棋,打篮球,打麻将,D,12.864
vid_1641,1641.mp4,17,视频展示的主要场景是哪里？,公园草坪上,商场店铺内,客车车厢内,家庭客厅里,C,12.864
vid_1642,1642.mp4,8,视频主要在展示什么内容？,足球比赛片段,食材烹饪过程,卡通动画内容,国风服饰穿搭,D,12.867
vid_1643,1643.mp4,11,视频中的男子主要在做什么？,跑步,徒步行走,驾驶汽车,骑自行车,D,12.885
vid_1644,1644.mp4,15,视频后半段出现的卡通动物是？,狐狸,棕熊,黑猫,白兔,C,12.886
vid_1645,1645.mp4,14,视频中的人物主要在做什么？,打篮球,打羽毛球,踢足球,打乒乓球,A,12.886
vid_1646,1646.mp4,2,视频主要展示的人物是？,老年女性,年轻女性,年幼男童,老年男性,B,12.886
vid_1647,1647.mp4,9,视频中的男子主要在做什么？,屋檐躲雨,路边摆摊,撑伞步行,骑电动车,C,12.886
vid_1648,1648.mp4,3,视频中的小宝宝正在做什么？,唱歌,拍手,睡觉,玩玩具,C,12.886
vid_1649,1649.mp4,4,视频主要展示的动物是？,狗,鸡,鹅,鸭,B,12.886
vid_1650,1650.mp4,12,视频中的人物主要在做什么？,在户外跑步,伏案写字,对着镜头自拍,在厨房做饭,C,12.888
vid_1651,1651.mp4,7,视频中的人物主要在做什么？,写字,跑步,做饭,做手部手势,D,12.888
vid_1652,1652.mp4,1,视频中的女生准备切什么？,榴莲,面包,哈密瓜,西瓜,D,12.888
vid_1653,1653.mp4,16,视频主要展示什么？,食品,人民币,衣服,玩具,B,12.888
vid_1654,1654.mp4,13,视频主要展示的物品是什么？,消除笔,保温杯,羽毛球拍,炒菜锅,A,12.888
vid_1655,1655.mp4,5,视频中的工人主要在做什么？,画画,做饭,种地,焊接,D,12.888
vid_1656,1656.mp4,6,视频主要展示了什么？,宠物小猫,户外风景,美味食物,一位年轻男性,D,12.909
vid_1657,1657.mp4,10,视频主要展示什么？,年幼的小宝宝,宠物小狗,行驶的汽车,盛开的鲜花,A,12.909
vid_1658,1658.mp4,2,视频中的男孩们主要在做什么？,围坐吃饭,做广播体操,挨个起身走动,伏案写作业,C,12.909
vid_1659,1659.mp4,15,视频中的人物主要在做什么？,吃零食,跳舞蹈,写作业,叠衣服,A,12.911
vid_1660,1660.mp4,3,视频里车辆主要行驶在哪种路面上？,积水路面,泥泞土路,积雪路面,干燥柏油路,C,12.911
vid_1661,1661.mp4,4,视频拍摄时所处的环境是？,夜晚的室内,白天的室内,白天的室外,夜晚的室外,D,12.911
vid_1662,1662.mp4,17,视频中人物主要在做什么？,烹饪做饭,打扫卫生,试穿衣服,跳舞表演,C,12.931
vid_1663,1663.mp4,9,视频主要展示了什么内容？,山水风景,家养宠物,餐饮美食,女性人像,D,12.933
vid_1664,1664.mp4,11,视频里的小孩主要处于什么姿势？,跑着,躺着,坐着,站着,B,12.933
vid_1665,1665.mp4,8,视频里的年轻女性主要在做什么？,弯腰在田地里插秧,坐着安静阅读书籍,操作机床加工零件,对着镜头走动做手势,D,12.933
vid_1666,1666.mp4,14,视频中路边的两人主要在做什么？,停留等候,打羽毛球,登台唱歌,烧菜做饭,A,12.933
vid_1667,1667.mp4,6,视频中的人物主要在做什么？,跳舞健身,炒菜做饭,打扫卫生,对镜自拍,D,12.934
vid_1668,1668.mp4,12,视频拍摄的主要场景是哪里？,飞机客舱里,公交车厢里,饭店包间里,高铁车厢里,A,12.934
vid_1669,1669.mp4,1,视频后半段主要展示的车辆是？,公交车,大货车,电动车,小轿车,B,12.934
vid_1670,1670.mp4,10,视频前段出现的迷彩着装军人主要在做什么？,做饭,敬礼,扫地,唱歌,B,12.934
vid_1671,1671.mp4,16,视频主要展示的物体是什么？,汽车,电动车,摩托车,自行车,A,12.934
vid_1672,1672.mp4,8,视频中的人物主要在做什么？,在室内吃饭,在路上行走,舞台上跳舞,打篮球比赛,B,12.934
vid_1673,1673.mp4,7,视频中的男子主要在做什么？,炒菜,跑步,写字,抽烟,D,12.934
vid_1674,1674.mp4,5,视频里众人主要在做什么？,路边摆摊卖货,田地里干农活,接应他人通过塌陷路段,集体跳广场舞,C,12.934
vid_1675,1675.mp4,13,视频中的男子主要在做什么？,清扫水泥地面,修理电动三轮车,和小狗互动,投喂身边的鸡,C,12.934
vid_1676,1676.mp4,15,视频里的人物主要在做什么？,烹饪做饭,打篮球,写作业,互动做动作,D,12.954
vid_1677,1677.mp4,2,视频主要展示的动物是什么？,狗,猫,兔子,松鼠,B,12.954
vid_1678,1678.mp4,4,视频主要展示什么内容？,野生动物实拍,户外风景展示,真人生活记录,动漫人物插画,D,12.956
vid_1679,1679.mp4,3,视频主要展示的物体是什么？,飞机,轮船,汽车,自行车,C,12.956
vid_1680,1680.mp4,9,视频中的多数人正在做什么？,跑步锻炼,跳舞表演,聚餐吃饭,排队等候,D,12.956
vid_1681,1681.mp4,11,视频中出现的主要水果是什么？,苹果,香蕉,西瓜,葡萄,D,12.956
vid_1682,1682.mp4,17,视频中的女性主要在做什么？,自拍,跳舞,看书,做饭,A,12.956
vid_1683,1683.mp4,10,视频主要展示的是什么场景？,体育赛场,校园课堂,商场卖场,正式会议现场,D,12.957
vid_1684,1684.mp4,14,视频主要展示什么？,盆栽植物,老年女性,年轻男性,宠物狗,C,12.957
vid_1685,1685.mp4,16,视频中的小男孩主要在做什么？,掀开垃圾桶盖,骑自行车,拍皮球,写作业,A,12.957
vid_1686,1686.mp4,1,视频中反复出现的卡通动物是？,小猫,大象,小狗,兔子,B,12.957
vid_1687,1687.mp4,5,视频中的人物主要在做什么？,跑步锻炼,炒菜做饭,对着镜头自拍,伏案写字,C,12.957
vid_1688,1688.mp4,6,视频展示的主要场景是什么场所？,沙滩海边,建筑工地,商场超市,普通教室,B,12.957
vid_1689,1689.mp4,13,画面下方的卡通人物正在做什么？,做饭,驾驶小汽车,骑自行车,游泳,B,12.979
vid_1690,1690.mp4,7,视频中的人物主要在做什么？,跑步锻炼身体,烹饪制作食物,表演舞蹈动作,对着镜头说话,D,12.979
vid_1691,1691.mp4,12,视频主要展示的物品是什么？,手镯,钻戒,项链,耳环,B,12.979
vid_1692,1692.mp4,11,视频里的女士主要在做什么？,自拍记录周边,做饭炒菜,跳舞表演,修理机器,A,12.98
vid_1693,1693.mp4,14,视频里的人物主要在做什么？,做饭炒菜,睡觉休息,操作生产设备做工,唱歌跳舞,C,12.98
vid_1694,1694.mp4,9,视频中的人物主要在做什么？,做饭,下棋,跳舞,画画,C,12.98
vid_1695,1695.mp4,15,视频中的人物主要在做什么？,整理摆放婚庆床品,跑步健身,炒菜做饭,批改作业,A,13.0
vid_1696,1696.mp4,17,视频中的人物主要在做什么？,做饭,跳舞,画画,打球,B,13.002
vid_1697,1697.mp4,2,视频中的人物主要在做什么？,面向镜头说话,驾驶汽车,跳健身舞,烹饪炒菜,A,13.002
vid_1698,1698.mp4,4,舞台上的人员主要在进行什么活动？,唱歌表演,烹饪展示,武术表演,书法创作,C,13.004
vid_1699,1699.mp4,3,视频里的小朋友主要在做什么？,坐着面向镜头,厨房炒菜做饭,跑步锻炼身体,泳池游泳玩水,A,13.004
vid_1700,1700.mp4,16,视频中人物主要在做什么？,跑步锻炼,展示穿搭造型,打扫房间,吃饭聚餐,B,13.025
vid_1701,1701.mp4,5,视频主要展示的操作是？,给人像修图做特效,驾驶汽车,清洗衣物,种植花草,A,13.025
vid_1702,1702.mp4,1,视频中人们主要在开展什么活动？,体育锻炼,集体庆生,召开会议,课堂教学,B,13.025
vid_1703,1703.mp4,8,视频主要展示什么物品？,白色短袖,棕色皮鞋,蓝色帽子,黑色长裤,D,13.025
vid_1704,1704.mp4,13,视频中的男子主要在做什么？,跳舞,睡觉,看书,做饭,A,13.025
vid_1705,1705.mp4,7,视频中大量出现的食物是？,翠绿色青菜,黑紫色干果,纯白色鲜奶,鲜红色苹果,B,13.025
vid_1706,1706.mp4,8,视频中男性反复佩戴的物品是？,墨镜,围巾,口罩,手套,A,13.027
vid_1707,1707.mp4,2,视频的主要场景是哪里？,火车站台,轮船码头,长途汽车站,机场停机坪,D,13.027
vid_1708,1708.mp4,3,视频主要展示什么居家物品？,牙刷,拖鞋,毛巾,马桶垫,D,13.027
vid_1709,1709.mp4,6,视频拍摄的主要场景是哪里？,厨房内,汽车内,卧室内,教室内,B,13.027
vid_1710,1710.mp4,10,视频中的女性主要在做什么？,跳舞,做饭,看书,写字,A,13.027
vid_1711,1711.mp4,12,视频中的人物主要在做什么？,做饭,画画,打球,唱歌,D,13.027
vid_1712,1712.mp4,15,视频里路边主要停着什么车队？,工程施工车队,迎亲婚车队,医疗救护车队,货物运输车队,B,13.027
vid_1713,1713.mp4,14,视频主要展示的物品是什么？,带花瓷瓶,线装书本,玉手镯,黑紫砂壶,C,13.049
vid_1714,1714.mp4,4,视频主要展示什么操作？,拆解插座面板,安装孔洞装饰盖,焊接金属管道,擦拭墙面瓷砖,B,13.049
vid_1715,1715.mp4,17,视频中的男子主要在做什么？,清洗衣物,修理汽车,对着镜头自拍,采摘水果,C,13.049
vid_1716,1716.mp4,11,视频拍摄的主要场景是哪里？,温室种植大棚,高山滑雪场,办公写字楼,海边沙滩,A,13.049
vid_1717,1717.mp4,9,视频里的老人主要在做什么？,往汽车后备箱放物品,坐在椅子上织毛衣,用扫帚清扫地面,给菜园蔬菜浇水,A,13.049
vid_1718,1718.mp4,10,视频主要展示的内容是？,相声表演,新人婚纱照,野外探险,工厂生产,B,13.05
vid_1719,1719.mp4,17,视频的主要场景是哪里？,厨房,卧室,果园,教室,A,13.05
vid_1720,1720.mp4,1,视频里的年轻男女主要在做什么？,做饭炒菜,互动打闹,唱歌跳舞,跑步锻炼,B,13.05
vid_1721,1721.mp4,4,视频里的人物主要在做什么？,厨房烹饪做饭,户外游玩拍照,室内办公工作,教室上课学习,B,13.05
vid_1722,1722.mp4,5,视频中人物主要在做什么？,清除贴纸,粘贴纸张,喷涂油漆,书写文字,A,13.05
vid_1723,1723.mp4,16,视频主要展示的场景是哪里？,热闹的城市商圈,炎热的沙漠腹地,覆霜的雾中郊野,封闭的办公场所,C,13.05
vid_1724,1724.mp4,12,视频中的男子主要在做什么？,做俯卧撑健身,跳绳,阅读书籍,弹奏乐器,A,13.05
vid_1725,1725.mp4,6,视频的主要拍摄场景是哪里？,厨房,理发店,卧室,教室,B,13.05
vid_1726,1726.mp4,7,视频中的男子主要在做什么？,骑自行车,骑电动自行车,驾驶小轿车,徒步行走,B,13.05
vid_1727,1727.mp4,13,视频中的人物主要在做什么？,烹饪食物,弹奏乐器,擦拭桌子,书写记录,C,13.05
vid_1728,1728.mp4,3,视频主要展示什么物体？,香蕉,苹果,荔枝,葡萄,C,13.072
vid_1729,1729.mp4,8,视频中核心展示的交通工具是？,三轮车,小汽车,摩托车,自行车,C,13.072
vid_1730,1730.mp4,14,视频中人物主要在做什么？,厨房做饭,教室写字,户外边走边自拍,操场打球,C,13.073
vid_1731,1731.mp4,9,视频中的人群主要在做什么？,打羽毛球,挥舞小国旗,跳广场舞,集体用餐,B,13.073
vid_1732,1732.mp4,11,视频中的人物主要在做什么？,泳池游泳玩耍,跳舞锻炼身体,聚餐碰杯喝酒,伏案写字学习,C,13.073
vid_1733,1733.mp4,2,视频中的人物主要在做什么？,跳舞,画画,做饭,打球,A,13.094
vid_1734,1734.mp4,7,视频中的特战队员主要在做什么？,写字画画,炒菜做饭,唱歌跳舞,射击开瓶盖,D,13.095
vid_1735,1735.mp4,1,视频中的人物主要在做什么？,在操场跑步,在厨房炒菜,在教室写作业,对着镜头自拍,D,13.095
vid_1736,1736.mp4,15,视频中的人物主要在做什么？,烹饪炒菜,对着镜头做手势动作,户外跑步,伏案写字,B,13.095
vid_1737,1737.mp4,13,视频展示的主要室外场景是哪里？,大型超市,加油站,学校校园,住宅小区,B,13.095
vid_1738,1738.mp4,5,视频里的两个小女孩主要在做什么？,跳舞,跑步,跳绳,打球,A,13.095
vid_1739,1739.mp4,10,视频中的女子主要在做什么？,荡秋千,炒菜,写字,打排球,A,13.095
vid_1740,1740.mp4,15,视频主要展示的是什么场景？,雪山登山场景,城市江景夜景,白天草原风光,室内商场场景,B,13.097
vid_1741,1741.mp4,12,视频中的人物主要在做什么？,做饭,跳舞,跑步,自拍,D,13.097
vid_1742,1742.mp4,16,视频中的人物主要在做什么？,画画,做饭,打球,跳舞,D,13.097
vid_1743,1743.mp4,8,视频中的人物主要在做什么？,做饭,打球,写字,跳舞,D,13.097
vid_1744,1744.mp4,11,视频中的主要人物在做什么？,户外自拍,教室上课,球场打球,厨房做饭,A,13.097
vid_1745,1745.mp4,9,视频主要展示的食物是什么？,烤串,酱卤牛大骨,清蒸鱼,炒青菜,B,13.097
vid_1746,1746.mp4,6,视频中的两人主要在做什么？,打篮球赛,跳广场舞,骑乘电动车,烹饪做饭,C,13.097
vid_1747,1747.mp4,2,视频中人物主要在做什么？,弹奏乐器,帮人理发,摘拣渔网上的鱼,田间插秧,C,13.097
vid_1748,1748.mp4,14,视频主要展示的内容是什么？,美食制作过程,带节日特效的双人合影,野生动物画面,足球比赛现场,B,13.1
vid_1749,1749.mp4,4,视频里的男士主要在做什么？,做饭备餐,修理家电,唱歌跳舞,打扫卫生,A,13.118
vid_1750,1750.mp4,3,视频中的女子主要在做什么？,骑马,挤牛奶,跳舞,洗衣服,B,13.118
vid_1751,1751.mp4,6,视频主要展示什么内容？,美味餐食,一对男女的合影,成群的宠物,城市街景,B,13.12
vid_1752,1752.mp4,12,视频里的女士主要在做什么？,操场跑步锻炼,坐着阅读书籍,户外自拍行走,厨房烹饪做菜,C,13.12
vid_1753,1753.mp4,17,视频中前景的女士主要在做什么？,做饭,跳舞,看书,扫地,B,13.12
vid_1754,1754.mp4,13,视频主要展示的活动是？,田间劳作,烹饪美食,登台演唱,押解相关人员,D,13.129
vid_1755,1755.mp4,1,视频中的人物主要在做什么？,擦桌子,化眼妆,洗头发,吃面条,B,13.14
vid_1756,1756.mp4,5,视频主要展示的物品是什么？,文具纸笔,黄金首饰,生鲜蔬果,毛绒玩偶,B,13.142
vid_1757,1757.mp4,16,视频中的乘客主要在做什么？,排队购物,排队候车,排队就餐,排队登机,D,13.143
vid_1758,1758.mp4,7,视频中的机器主要在做什么？,刺绣花纹,切割钢板,搅拌水泥,打印照片,A,13.143
vid_1759,1759.mp4,10,视频中的人物主要在做什么？,操场跑步锻炼,厨房生火做饭,教室读书写字,溪边捧水洗脸,D,13.143
vid_1760,1760.mp4,8,视频主要展示的物品是什么？,装饰贴纸,DIY手机壳,无线耳机,毛绒公仔,B,13.165
vid_1761,1761.mp4,11,视频中大量出现的事物是？,汽车,轮船,火车,飞机,A,13.165
vid_1762,1762.mp4,15,视频主要展示的物品是什么？,钢筋,电缆,水管,木材,B,13.165
vid_1763,1763.mp4,2,视频中人物主要在做什么？,翻炒蔬菜,擦拭桌面,切分展示肉块,缝制衣服,C,13.165
vid_1764,1764.mp4,14,视频里的小朋友主要在做什么？,开车,爬树,游泳,站在镜头前,D,13.166
vid_1765,1765.mp4,3,视频中展现的人物主要活动是什么？,参加马拉松,舞台演话剧,车间做生产,围坐打麻将,D,13.166
vid_1766,1766.mp4,1,视频开头人物抱着的小动物是什么？,小狗,兔子,松鼠,小猫,D,13.188
vid_1767,1767.mp4,12,视频中人物主要在做什么？,展示摩托车,炒菜做饭,打篮球,上课,A,13.188
vid_1768,1768.mp4,9,视频中的人物主要在做什么？,跑步锻炼,给孩子洗澡,烹饪做饭,写字画画,B,13.188
vid_1769,1769.mp4,7,视频中人们聚在一起主要在做什么？,体育锻炼,碰杯聚餐,田间劳作,课堂学习,B,13.188
vid_1770,1770.mp4,4,视频中的人物主要在做什么？,躺着睡觉,坐着看书,生火做饭,步行走路,D,13.188
vid_1771,1771.mp4,17,视频主要展示的农作物是什么？,花生,红薯,萝卜,土豆,B,13.188
vid_1772,1772.mp4,13,视频中的人物主要在做什么？,在厨房做饭,在户外步道行走,在教室内上课,在床上睡觉,B,13.188
vid_1773,1773.mp4,6,视频中的小女孩主要在做什么？,投喂动物,画画,做饭,跳舞,A,13.188
vid_1774,1774.mp4,5,视频里的人物主要在做什么？,炒菜,游泳,画画,走路,D,13.188
vid_1775,1775.mp4,4,视频主要展示了什么事件？,车队巡游活动,车辆竞速比赛,道路救援作业,车辆相撞事故,D,13.189
vid_1776,1776.mp4,17,视频主要展示什么？,热闹的集市,劳作的农民,高耸的山峰,覆雪的汽车,D,13.189
vid_1777,1777.mp4,10,视频中人物主要在做什么？,烹饪菜肴,清洁鞋子,折叠衣物,弹奏钢琴,B,13.189
vid_1778,1778.mp4,16,视频中的人们主要在做什么？,干农活劳作,集体跳舞表演,工厂内上班,结伴游玩拍照,D,13.189
vid_1779,1779.mp4,9,视频里的年轻女子主要在做什么？,做饭,打球,跳舞,画画,C,13.2
vid_1780,1780.mp4,3,视频拍摄的主要场景在哪里？,城市道路旁,沙漠深处,深海海底,原始森林里,A,13.213
vid_1781,1781.mp4,8,视频的主要拍摄场景是哪里？,居民家中,办公楼内,海边沙滩,森林深处,C,13.234
vid_1782,1782.mp4,2,视频主要展示的夜景位于哪里？,乡村山间,沙漠腹地,海岛沙滩,城市河畔,D,13.234
vid_1783,1783.mp4,11,视频主要展示的场景是？,现代化大型商场,热闹的传统古村落,安静的图书馆,辽阔的草原,B,13.234
vid_1784,1784.mp4,14,视频中的白色车辆主要在做什么？,涉水驶过河道,停车场泊车,公路上竞速,维修厂保养,A,13.234
vid_1785,1785.mp4,7,视频中的女士主要在做什么？,烹饪食物,练习舞蹈,整理挎包,阅读书籍,C,13.236
vid_1786,1786.mp4,16,视频主要展示的人体部位是？,腿部,头部,脚,手,D,13.236
vid_1787,1787.mp4,15,视频里的女子主要在做什么？,开车赶路,扫地拖地,抱着婴儿,做饭炒菜,C,13.236
vid_1788,1788.mp4,10,视频主要展示的场景是什么？,山地村寨,草原牧场,都市商圈,海边渔村,A,13.236
vid_1789,1789.mp4,1,视频中的人物主要在做什么？,伏案画画,跳舞表演,对着镜头讲话,烹饪做饭,C,13.258
vid_1790,1790.mp4,5,视频展示的主要场景是哪里？,学校教室,射击游戏大厅,餐厅厨房,家庭客厅,B,13.258
vid_1791,1791.mp4,12,视频中的人物主要在做什么？,做饭炒菜,看书学习,跑步锻炼,摆姿势展示服饰,D,13.258
vid_1792,1792.mp4,2,视频里的学生们主要在做什么？,打扫卫生,做操跳舞,读书写字,搬运包裹,D,13.258
vid_1793,1793.mp4,13,视频中的主要场景是哪里？,雪地上,厨房里,泳池边,教室内,C,13.258
vid_1794,1794.mp4,6,视频中的人物主要在做什么？,展示包包,炒菜做饭,打扫卫生,唱歌跳舞,A,13.258
vid_1795,1795.mp4,15,视频主要展示的物体是什么？,铁皮水桶,陶瓷茶杯,老式煤油灯,塑料花盆,C,13.259
vid_1796,1796.mp4,14,视频中的男子主要在做什么？,抽烟,喝酒,吃饭,写字,A,13.259
vid_1797,1797.mp4,11,视频中的人物主要在做什么？,烹饪饭菜,搭建房屋,栽种幼苗,清洗衣物,C,13.267
vid_1798,1798.mp4,7,视频的主要拍摄场景是哪里？,城市道路路口,居民家中客厅,学校上课教室,海边沙滩区域,A,13.281
vid_1799,1799.mp4,8,视频中的女士主要在做什么？,跑步,自拍,跳舞,做饭,B,13.281
vid_1800,1800.mp4,6,视频的主要拍摄场景是哪里？,明亮教室内部,居民家中客厅,夜晚城市街道,白天公园草坪,C,13.281
vid_1801,1801.mp4,4,视频中人物主要在做什么？,弹奏乐器,展示服装,打扫卫生,烹饪食物,B,13.281
vid_1802,1802.mp4,3,视频中的人物主要在做什么？,做饭炒菜,跑步跳跃,写字画画,做各类手部动作,D,13.281
vid_1803,1803.mp4,17,视频中出现时长最多的人物在做什么？,对着镜头说话,骑马,跑步,游泳,A,13.281
vid_1804,1804.mp4,9,视频主要展示的核心对象是什么？,穿印花外套的女士,高耸的雪山,盛放的荷花,奔跑的骏马,A,13.281
vid_1805,1805.mp4,12,视频主要展示什么？,一位女性,山水风景,多名孩童,宠物小狗,A,13.282
vid_1806,1806.mp4,5,视频拍摄的主要场所是哪里？,居民家中,餐馆大厅,学校教室,医院输液区,D,13.282
vid_1807,1807.mp4,10,视频中的女性主要在做什么？,看书,做饭,跳舞,扫地,C,13.282
vid_1808,1808.mp4,1,视频中的人们主要在做什么？,马路上骑车,农田里干农活,围坐在餐桌旁,舞台上表演,C,13.282
vid_1809,1809.mp4,16,视频主要展示的自然景观是什么？,辽阔的草原,流动的河流,繁华的街道,干旱的沙漠,B,13.282
vid_1810,1810.mp4,13,视频中展示的运动设施是？,跑步机,乒乓球桌,篮球架,台球桌,D,13.286
vid_1811,1811.mp4,4,视频主要展示了什么？,热闹的步行街,盛开的花田,整洁的教室,积有污水的坑井,D,13.292
vid_1812,1812.mp4,2,视频中的男演员主要在做什么？,做美食,踢足球,写书法,表演戏曲特技,D,13.299
vid_1813,1813.mp4,15,视频主要展示的物体是什么？,家用小汽车,破损的电动车,山地自行车,全新摩托车,B,13.3
vid_1814,1814.mp4,14,视频中的年长男士主要在做什么？,唱歌,吃东西,写作业,洗衣服,B,13.303
vid_1815,1815.mp4,11,视频中护栏外的大面积自然景观是什么？,绿色草原,黄色沙漠,白色雪山,开阔水面,D,13.304
vid_1816,1816.mp4,8,视频中的人物主要在做什么？,在厨房炒菜,对着镜头自拍,在操场跑步,在教室写作业,B,13.306
vid_1817,1817.mp4,3,视频中的人物主要在做什么？,在教室写作业,在厨房炒菜,在户外跑步,对着镜头自拍,D,13.306
vid_1818,1818.mp4,9,视频主要展示了人物穿着的哪类衣物？,长款羽绒服,短袖T恤,皮鞋,牛仔裤,B,13.306
vid_1819,1819.mp4,5,视频中的人物主要在做什么？,洗衣服,看书,跳舞,做饭,D,13.306
vid_1820,1820.mp4,13,视频中的两个人主要在做什么？,吃饭用餐,面对镜头说笑,砌墙施工作业,跳舞表演,B,13.306
vid_1821,1821.mp4,17,穿深蓝色上衣的老人主要在做什么？,清洗衣物,编织竹筐,生火做饭,整理墙边堆放的红薯,D,13.306
vid_1822,1822.mp4,7,视频中人物主要在做什么？,演示练腰腹的健身动作,烹饪制作家常菜肴,整理打扫房间卫生,演唱歌曲表演节目,A,13.327
vid_1823,1823.mp4,16,视频中的人员主要在做什么？,搬运物资,集体用餐,列队训练,就地休息,D,13.327
vid_1824,1824.mp4,6,视频中主要出现的人物是？,老年男性,中年男性,小男孩,年轻女性,D,13.327
vid_1825,1825.mp4,10,视频中女生对男生做出的明显动作是？,给对方扇扇子,帮对方剪指甲,给对方喂饭,咬对方手臂,D,13.327
vid_1826,1826.mp4,12,视频里的男生主要在做什么？,玩手机游戏,演唱歌曲,阅读书籍,烹饪美食,A,13.329
vid_1827,1827.mp4,1,视频中的女士主要在做什么？,展示衣服,烹饪食物,清扫地面,演奏乐器,A,13.329
vid_1828,1828.mp4,8,视频主要展示了什么场景？,雪后路面结冰,区域严重积水,建筑工地施工,春节庙会活动,B,13.329
vid_1829,1829.mp4,3,视频后半段主要展示的是什么？,歌曲播放界面,地图导航界面,网购下单界面,视频通话界面,A,13.334
vid_1830,1830.mp4,15,视频主要展示的是什么物体？,装修中的柜子,新鲜蔬菜,儿童玩具,宠物小狗,A,13.352
vid_1831,1831.mp4,4,视频中的男子主要在做什么？,在教室读书上课,在户外路边行走活动,在室内做饭炒菜,在球场打球运动,B,13.352
vid_1832,1832.mp4,2,视频中的主要场景是哪里？,海边沙滩,室内游泳馆,山区树林,医院外停车场,D,13.352
vid_1833,1833.mp4,17,视频中的女子主要在做什么？,做饭,打球,画画,自拍,D,13.352
vid_1834,1834.mp4,11,视频里的人物主要在做什么？,打球,跳舞,画画,做饭,B,13.352
vid_1835,1835.mp4,14,视频中的人物主要在做什么？,操场跑步锻炼,厨房炒菜做饭,对着镜头自拍,教室伏案画画,C,13.352
vid_1836,1836.mp4,9,视频中江面上行驶的交通工具是？,观光游船,家用汽车,民航飞机,自行车,A,13.352
vid_1837,1837.mp4,1,视频主要展示的物品是什么？,玩具,餐具,衣服,鞋子,D,13.367
vid_1838,1838.mp4,12,视频主要展示的动物是什么？,小猫,小狗,金鱼,兔子,A,13.374
vid_1839,1839.mp4,5,视频中的人物主要在做什么？,考试答题,打扫卫生,跳舞,朗读课文,C,13.396
vid_1840,1840.mp4,13,视频中的老年女性主要在做什么？,吃食物,跳舞,打扫卫生,织毛衣,A,13.397
vid_1841,1841.mp4,6,视频中的人物主要在做什么？,坐着吃饭聊天,跳集体舞蹈,模仿挑担走路,伏案写作业,C,13.397
vid_1842,1842.mp4,7,视频主要展示了什么内容？,热带雨林动植物,近代中外城市风貌,未来科幻世界,南极冰雪景观,B,13.397
vid_1843,1843.mp4,10,视频中的人物主要在做什么？,打球运动,写字画画,用长布条互动玩耍,烹饪做饭,C,13.397
vid_1844,1844.mp4,16,视频中人物手里主要拿着什么？,麦克风,篮球,铅笔,汤勺,A,13.398
vid_1845,1845.mp4,11,视频里的女孩主要在做什么？,吃饭用餐,写字画画,跑步锻炼,做手部手势动作,D,13.4
vid_1846,1846.mp4,8,穿粉色上衣的男子主要在做什么？,堆砌砖块,裁剪衣物,打扫地面卫生,展开卷状胶带,D,13.419
vid_1847,1847.mp4,2,视频里的小宝宝主要在做什么？,躺着喝奶,翻身趴着活动,坐着搭积木,站着蹦跳,B,13.42
vid_1848,1848.mp4,3,视频主要展示的是什么活动？,老年棋牌比赛,商业促销活动,电影拍摄现场,少先队入队仪式,D,13.422
vid_1849,1849.mp4,4,视频中的人物主要在做什么？,跑步,看书,自拍,做饭,C,13.422
vid_1850,1850.mp4,9,视频里的女士主要在做什么？,室内读书,厨房做饭,运动场跑步,户外自拍,D,13.422
vid_1851,1851.mp4,17,视频里的人物主要在做什么？,跳舞表演,装卸整理农产品,烹饪做饭,踢足球比赛,B,13.422
vid_1852,1852.mp4,14,视频中的故事发生在什么户外场景？,海滩,沙漠,森林,雪地,B,13.422
vid_1853,1853.mp4,15,视频中的人物主要在做什么？,在厨房做饭,在教室上课,在海边游泳,在户外街道行走,D,13.434
vid_1854,1854.mp4,6,视频后半段的小男孩主要在做什么？,坐着画画,跑步运动,躺着睡觉,站着双手插兜,D,13.443
vid_1855,1855.mp4,16,视频主要展示的物品是什么？,手工发夹,新鲜水果,餐具厨具,文具书本,A,13.443
vid_1856,1856.mp4,10,视频主要展示的场景是哪里？,高铁站候车室,小区大门及周边商铺,农家蔬菜大棚,医院门诊大厅,B,13.445
vid_1857,1857.mp4,13,视频中开满花的大树位于哪个场景？,白天广场,居民家中,楼梯上,夜晚室外,D,13.467
vid_1858,1858.mp4,5,视频中人物主要在做什么？,整理发型,接听电话,翻看书籍,展示针织开衫,D,13.467
vid_1859,1859.mp4,1,视频中的男子主要在做什么？,烹饪美食,做健身运动,读书写字,演奏乐器,B,13.467
vid_1860,1860.mp4,12,视频中人物主要在做什么？,清洗蔬果,加工木料,炒制菜品,演奏乐器,B,13.467
vid_1861,1861.mp4,17,画面中手拿着的物品是什么？,水杯,鞋子,雨伞,书本,B,13.468
vid_1862,1862.mp4,9,视频拍摄的主要户外场地是哪里？,地下车库,海边沙滩,学校操场,居民卧室,C,13.468
vid_1863,1863.mp4,15,视频里的女士主要在做什么？,打扫卫生,给小男孩整理衣服,跳舞,炒菜做饭,B,13.468
vid_1864,1864.mp4,7,视频主要展示的食物是什么？,粽子,饺子,月饼,汤圆,B,13.468
vid_1865,1865.mp4,8,视频主要展示什么内容？,健身动作教学,美食制作教程,影视剧情解说,高校投档线信息,D,13.49
vid_1866,1866.mp4,4,视频主要展示的是什么场景？,营业中的餐厅,刚打扫的教室,已入住的住宅,装修中的工地,D,13.49
vid_1867,1867.mp4,3,视频主要展示的水果是什么？,枇杷,香蕉,苹果,葡萄,A,13.49
vid_1868,1868.mp4,14,视频中的女士主要在做什么？,静坐看书,蹦跳活动,驾驶汽车,炒菜做饭,B,13.491
vid_1869,1869.mp4,2,视频中反复出现的食物是什么？,冰淇淋,炸鸡,汉堡,薯条,A,13.491
vid_1870,1870.mp4,11,视频主要展示的场景是什么？,高山草原,乡村土路,海边沙滩,城市街道,D,13.51
vid_1871,1871.mp4,6,画面中数量最多的交通工具是？,自行车,飞机,汽车,轮船,C,13.513
vid_1872,1872.mp4,13,视频中的男子主要在做什么？,站着面对镜头,躺着睡觉,坐着吃饭,蹲着系鞋带,A,13.515
vid_1873,1873.mp4,16,视频主要展示的是什么活动？,婚礼仪式,商务会议,毕业典礼,生日宴会,A,13.515
vid_1874,1874.mp4,10,视频中大量成群出现的动物是？,马,羊,猪,牛,D,13.515
vid_1875,1875.mp4,5,视频中的人们主要在做什么？,清扫积雪,燃放烟花,跑步锻炼,跳广场舞,B,13.515
vid_1876,1876.mp4,12,视频中的人物主要在做什么？,伏案写作业,对着镜头做手势动作,烹饪做饭,擦拭家具,B,13.515
vid_1877,1877.mp4,7,视频主要展示的景观是什么？,亮灯的跨江大桥,盛开的花田,高山日出,拥挤的地铁站,A,13.515
vid_1878,1878.mp4,1,视频里的人物主要在做什么？,跳舞,做饭,打球,画画,A,13.535
vid_1879,1879.mp4,2,视频主要展示的是什么？,高山瀑布,餐桌美食,宠物小狗,一位女性,D,13.536
vid_1880,1880.mp4,3,视频主要展示的内容是什么？,动漫男性角色,各式家用餐具,自然山水风景,真实宠物猫狗,A,13.536
vid_1881,1881.mp4,11,视频中的人物主要在做什么？,在厨房炒菜做饭,在操场跑步锻炼,伏案书写作业,对着镜头摆姿势做手势,D,13.536
vid_1882,1882.mp4,4,视频主要展示的食品是什么？,红薯干,黄桃干,黑桑葚干,红枸杞干,C,13.536
vid_1883,1883.mp4,14,视频主要展示的内容是？,多人打篮球的场景,可爱的宠物猫咪,山间的自然风景,一位女性面向镜头,D,13.538
vid_1884,1884.mp4,9,视频主要展示什么内容？,表演舞蹈,烹饪做饭,栽种绿植,修复老旧照片,D,13.56
vid_1885,1885.mp4,8,视频中的女生主要在做什么？,跑步锻炼,做饭炒菜,跳舞表演,给粉丝签名,D,13.56
vid_1886,1886.mp4,15,视频主要展示的场景是哪里？,海边沙滩,古朴街巷,现代超市,医院病房,B,13.56
vid_1887,1887.mp4,17,视频中的人们主要在做什么事？,唱歌跳舞,做饭做菜,修建房屋,种植庄稼,B,13.56
vid_1888,1888.mp4,7,视频里的两位女士主要在做什么？,打扫卫生,烹饪做饭,打羽毛球,展示穿搭,D,13.561
vid_1889,1889.mp4,1,视频中的女士主要在做什么？,睡觉,写字,做饭,跳舞,D,13.561
vid_1890,1890.mp4,13,视频中桌上摆放的主要是哪类物品？,办公用品,做好的菜肴,儿童玩具,清洁工具,B,13.571
vid_1891,1891.mp4,10,视频主要展示的活动是什么？,抠糖饼,折飞机,拍皮球,洗衣服,A,13.583
vid_1892,1892.mp4,5,视频主要展示什么内容？,女士人像,山川风景,美味食物,卡通动物,A,13.584
vid_1893,1893.mp4,12,视频中的两位人物主要在做什么？,坐着用餐休息,牵手向前行走,低头寻找物品,骑自行车赶路,B,13.584
vid_1894,1894.mp4,16,视频中的人物主要在做什么？,整理沙发,擦拭餐桌,清洗衣物,清扫地面,A,13.6
vid_1895,1895.mp4,17,视频主要展示的食品是？,蔬菜沙拉,碳酸饮料,肉罐头,奶油蛋糕,C,13.606
vid_1896,1896.mp4,6,视频中出现的购物场所是哪里？,教室,超市,餐厅,书店,B,13.606
vid_1897,1897.mp4,8,视频中的人物主要在做什么？,在教室写字,在泳池游泳,沿小路行走活动,在厨房做饭,C,13.607
vid_1898,1898.mp4,9,视频中的人物主要在做什么？,自拍,做饭,打球,画画,A,13.607
vid_1899,1899.mp4,15,视频中的成年女士主要在做什么？,表演舞蹈,驾驶汽车,烹饪饭菜,抱着小男孩,D,13.608
vid_1900,1900.mp4,3,视频主要展示的物品是？,医用透气创可贴,仿真纹身贴纸,手机屏幕保护膜,可撕记事便利贴,B,13.629
vid_1901,1901.mp4,14,视频展现的主要场景是？,明亮的商场内,白天的教室,夜间城市道路,正午的海滩,C,13.629
vid_1902,1902.mp4,11,视频中的人物主要做出了什么行为？,上台表演,认真听课,安静就餐,快速跑开,D,13.629
vid_1903,1903.mp4,2,视频中出现了明显的哪种天气现象？,暴雨,沙尘,雾霾,大雪,A,13.629
vid_1904,1904.mp4,4,视频中大量出现的交通工具是？,汽车,自行车,飞机,轮船,A,13.629
vid_1905,1905.mp4,10,视频中的人物主要在做什么？,坐着吃饭,躺着休息,站着面对镜头,快速跑步,C,13.631
vid_1906,1906.mp4,12,视频中的人物主要在做什么？,打羽毛球,展示长发,烹饪做饭,书写作业,B,13.631
vid_1907,1907.mp4,7,视频中排队的人群主要在做什么？,等候地铁进站,领取发放的物品,参加体育测试,观看舞台演出,B,13.631
vid_1908,1908.mp4,5,视频中的人物主要在做什么？,阅读书本,烹饪食物,摆弄头发,跑步锻炼,C,13.631
vid_1909,1909.mp4,6,视频中的男子主要在做什么？,书写绘画,往地面撒颗粒物,弹奏乐器,炒菜做饭,B,13.631
vid_1910,1910.mp4,16,视频中的人物主要在做什么？,在厨房炒菜做饭,对着镜头唱歌表演,在户外跑步锻炼,伏案写作业,B,13.634
vid_1911,1911.mp4,9,视频里的人物主要做什么动作？,双手用力举重物,原地跳跃运动,低头翻看书本,单手放在头部旁边,D,13.652
vid_1912,1912.mp4,13,视频中人物外穿的马甲主要是什么颜色？,绿色,红色,蓝色,黄色,B,13.652
vid_1913,1913.mp4,1,视频中的人物主要在做什么？,跑步锻炼,阅读书籍,烹饪做饭,做各类手部动作,D,13.652
vid_1914,1914.mp4,4,视频中的人们主要在做什么？,骑行两轮车,游泳,爬山,打篮球,A,13.652
vid_1915,1915.mp4,11,视频中的主要场景在哪里？,卧室内,餐馆内,教室内,汽车内,D,13.654
vid_1916,1916.mp4,15,人物主要在做什么？,修补漏水水管,修剪盆栽,烹饪饭菜,缝制衣物,A,13.654
vid_1917,1917.mp4,2,视频的主要拍摄场景在哪里？,热闹的菜市场,封闭的电梯间,安静的图书馆,行驶的汽车内,D,13.654
vid_1918,1918.mp4,14,视频的拍摄场景主要是哪里？,商场内部,居民区街巷,教室里面,海边沙滩,B,13.654
vid_1919,1919.mp4,3,视频里的人物主要在做什么？,拍打篮球,弹奏吉他,手持装液体的玻璃容器,清洗蔬菜,C,13.667
vid_1920,1920.mp4,8,视频中的女士主要在做什么？,教室上课学习,厨房烹饪做饭,户外行走展示服饰,泳池游泳戏水,C,13.667
vid_1921,1921.mp4,12,视频中男子拿着水瓶做过什么？,喝水,写字,吃饭,做饭,A,13.676
vid_1922,1922.mp4,17,视频里的人们主要在做什么？,围坐打牌娱乐,共同烹饪做菜,围在桌边拍手互动,安静坐着吃饭,C,13.676
vid_1923,1923.mp4,13,视频里的人物主要在做什么？,打扫卫生,对着对着镜子自拍,刷牙洗漱,洗手洗脸,B,13.677
vid_1924,1924.mp4,6,视频主要展示的场所是哪里？,海边沙滩,医院病房,商场店铺,楼道楼梯,D,13.677
vid_1925,1925.mp4,5,视频的主要场景是哪里？,汽车内部,舞台上面,海边沙滩,厨房里面,A,13.677
vid_1926,1926.mp4,1,视频中桌子上主要摆放的是哪类物品？,餐食,衣物,书籍,玩具,A,13.677
vid_1927,1927.mp4,16,视频主要展示的场景是什么？,学校上课教室,道路施工现场,商场购物区域,海边度假沙滩,B,13.677
vid_1928,1928.mp4,10,视频里的人物主要在做什么？,做饭炒菜,唱歌跳舞,做抽水相关操作,写字画画,C,13.697
vid_1929,1929.mp4,14,视频中的人物主要在做什么？,阅读书籍学习,打扫房间卫生,整理身上的外套,吃饭喝水,C,13.699
vid_1930,1930.mp4,7,视频主要展示的内容是什么？,健身器材,数码产品,果蔬生鲜,服饰穿搭,D,13.699
vid_1931,1931.mp4,8,视频主要展示什么？,工业厂房,地铁站台,大型商场,中式院落,D,13.699
vid_1932,1932.mp4,11,视频中的主要场景是哪里？,厨房,教室,果园,操场,C,13.699
vid_1933,1933.mp4,3,视频主要展示的场景是？,农贸市场,学校教室,运动会赛场,时装活动现场,D,13.7
vid_1934,1934.mp4,17,视频的主要拍摄场景是哪里？,操场上,书店里,卧室内,汽车里,D,13.7
vid_1935,1935.mp4,2,视频主要展示的是什么？,一位女性,一束鲜花,一辆汽车,一只小狗,A,13.722
vid_1936,1936.mp4,9,视频里的两位女生主要在做什么？,唱歌跳舞,做饭炒菜,跑步运动,摆姿势拍照,D,13.722
vid_1937,1937.mp4,4,视频主要展示什么物品？,电子产品,木制家具,玩具模型,蔬菜水果,B,13.722
vid_1938,1938.mp4,15,视频中的主要女性在做什么？,在厨房烹饪做饭,在景点摆拍留影,在教室上课学习,在操场跑步锻炼,B,13.722
vid_1939,1939.mp4,6,视频里缠有紫花绿藤的大造型是什么？,方窗框,圆太阳,白云,弯月牙,D,13.723
vid_1940,1940.mp4,1,视频中人物的主要动作是？,跑步跳跃,手托脸颊,切菜做饭,伏案写字,B,13.723
vid_1941,1941.mp4,16,视频中的人物主要在做什么？,唱歌跳舞,跑步健身,和他人自拍合影,生火做饭,C,13.723
vid_1942,1942.mp4,13,视频里的男子主要在做什么？,烹饪制作美食,弹奏古典吉他,手持麦克风说话,驾驶赛车比赛,C,13.723
vid_1943,1943.mp4,7,视频中的人物主要在做什么？,跑步锻炼,面向镜头带特效展示,烹饪做饭,读书写字,B,13.723
vid_1944,1944.mp4,10,视频中人物主要在做什么？,清扫地面垃圾,挖取土里的植物,修剪花木枝条,收割田间麦子,B,13.723
vid_1945,1945.mp4,5,视频主要展示的场景是哪里？,家居客厅,学校教室,户外操场,餐馆后厨,A,13.745
vid_1946,1946.mp4,15,视频中的男子主要在做什么？,烹饪炒菜,驾驶汽车,弹奏吉他,练习武术动作,D,13.745
vid_1947,1947.mp4,12,视频主要展示什么内容？,男生发型变换,蛋糕烘焙教程,宠物狗狗日常,江河风景航拍,A,13.745
vid_1948,1948.mp4,2,视频中的女士主要在做什么？,弹奏钢琴,炒菜做饭,对着镜头自拍,户外跑步,C,13.747
vid_1949,1949.mp4,4,视频拍摄的主要场景是哪里？,电影院内,飞机客舱里,餐馆大厅中,高铁车厢内,D,13.747
vid_1950,1950.mp4,8,视频里的人物主要在做什么？,烹饪饭菜,绘制图画,拼接积木,摆弄玩具娃娃,D,13.767
vid_1951,1951.mp4,11,视频主要展示什么场景？,茂密森林景观,城市街道景观,水库山水风光,干旱沙漠景观,C,13.767
vid_1952,1952.mp4,14,视频里的男子主要在做什么？,炒菜做饭,下地务农,办公开会,休闲游玩,D,13.768
vid_1953,1953.mp4,9,视频中的人物主要处于什么地方？,草地上,厨房里,教室中,汽车内,D,13.768
vid_1954,1954.mp4,3,视频主要展示什么物品？,橡胶手套,一次性纸杯,一次性保鲜套,塑料垃圾袋,C,13.768
vid_1955,1955.mp4,17,视频中的人物主要在做什么？,弹奏乐器,烹饪做饭,钩织毛线制品,写字画画,C,13.769
vid_1956,1956.mp4,16,视频的主要场景是哪里？,农田,卧室,厨房,教室,B,13.769
vid_1957,1957.mp4,7,视频里路边的大量人群主要在做什么？,跑步锻炼,排队等候,露天聚餐,集体跳舞,B,13.77
vid_1958,1958.mp4,5,视频主要展示的是什么？,盒装月饼,中式灯笼,鲜花花束,玉兔摆件,C,13.77
vid_1959,1959.mp4,10,视频中的男子主要在做什么？,打篮球,弹钢琴,烹饪做饭,自拍记录,D,13.77
vid_1960,1960.mp4,12,视频主要展示的是什么场景？,婚礼接亲现场,欢送新兵入伍,学校开学报到,医院排队就诊,B,13.786
vid_1961,1961.mp4,13,视频主要展示什么内容？,烹饪家常菜肴,维修家用电器,排练话剧节目,男士烫发造型,D,13.792
vid_1962,1962.mp4,1,视频中人物主要在做什么？,烧菜做饭,整理洗漱台收纳用品,搓洗衣服,擦玻璃窗,B,13.792
vid_1963,1963.mp4,6,视频里人物头上戴的主要是什么物品？,草编遮阳帽,硬质安全帽,带圆耳的毛绒帽,防水浴帽,C,13.792
vid_1964,1964.mp4,9,视频中的人物主要在做什么？,厨房做饭,面向镜头拍摄,打篮球比赛,跳舞表演,B,13.793
vid_1965,1965.mp4,17,视频主要展示的场景是什么？,郊外公路,海边沙滩,办公区域,商场内部,A,13.793
vid_1966,1966.mp4,2,视频中车辆主要在哪里行驶？,小区步行道上,夜晚的大桥上,白天的草原上,地下停车场里,B,13.793
vid_1967,1967.mp4,8,视频主要展示的房屋是？,工业厂房,两层乡村住宅,高层公寓楼,临街商铺,B,13.793
vid_1968,1968.mp4,11,视频里的人群主要在做什么？,唱歌,做饭,跳健身操,下棋,C,13.793
vid_1969,1969.mp4,14,视频中的人物主要在做什么？,伏案写字,展示穿搭和背包,烹饪做饭,跑步健身,B,13.793
vid_1970,1970.mp4,3,视频主要展示什么在田间作业？,电动自行车,货运大卡车,遥控割草机,家用小轿车,C,13.793
vid_1971,1971.mp4,4,视频中的人物主要在做什么？,教室听课学习,农田耕作劳动,工厂流水线作业,拍摄自拍合影,D,13.815
vid_1972,1972.mp4,15,画面中的人物主要在做什么？,烹饪做饭,唱歌跳舞,对战打斗,读书写字,C,13.815
vid_1973,1973.mp4,12,视频主要呈现的是什么场景？,户外运动场,家庭餐厅聚餐,晚会活动现场,学校教室课堂,C,13.816
vid_1974,1974.mp4,5,视频中的人物主要在做什么？,画画,跑步,做饭,荡秋千,D,13.816
vid_1975,1975.mp4,13,视频中的人员主要在做什么？,修建房屋,追捕押解人员,散步游玩,农田耕作,B,13.816
vid_1976,1976.mp4,6,视频中人物主要在进行什么活动？,野餐,跳舞,跑步,钓鱼,D,13.816
vid_1977,1977.mp4,1,视频主要展示的食物是什么？,煮玉米,烤鸭腿,清蒸鱼,白米饭,B,13.816
vid_1978,1978.mp4,10,视频中人物主要在做什么？,烹制家常菜肴,缝制布艺衣物,清洁疏通各类小孔,绘制水彩画作,C,13.838
vid_1979,1979.mp4,16,视频中的女子主要在做什么？,画画,打球,做饭,走路,D,13.84
vid_1980,1980.mp4,7,视频主要展示的食物是什么？,披萨,寿司,汉堡,面条,C,13.84
vid_1981,1981.mp4,3,视频中的人物主要在做什么？,烹饪做饭,唱歌表演,打扫卫生,展示服装穿搭,D,13.861
vid_1982,1982.mp4,11,视频中的人物主要在做什么？,伏案写字,向前行走,跳舞表演,围坐吃饭,B,13.861
vid_1983,1983.mp4,8,视频中的人物主要在做什么？,驾驶汽车,跳集体舞,对着镜头自拍,烹饪饭菜,C,13.861
vid_1984,1984.mp4,2,视频中的人物主要在做什么？,唱歌跳舞,炒菜做饭,写字画画,打包货品,D,13.861
vid_1985,1985.mp4,14,视频主要展示的厨房用品是什么？,电烧水壶,可折叠沥水架,陶瓷餐盘,家用电饭煲,B,13.861
vid_1986,1986.mp4,15,视频中出现的主要吉祥动物是？,兔子,熊猫,猴子,老虎,D,13.863
vid_1987,1987.mp4,17,视频里成堆放置的显著物品是什么？,木质家具,新鲜水果,成捆布料,红砖石块,C,13.863
vid_1988,1988.mp4,4,视频里的女性主要在做什么？,画画,走路,打球,做饭,B,13.863
vid_1989,1989.mp4,9,视频拍摄的主要场景是哪里？,海边沙滩,室内场馆,城市商业街,乡村郊野,D,13.867
vid_1990,1990.mp4,12,视频中红衣女子主要在做什么？,配合工作人员检查,有序排队等候,和工作人员冲突动手,帮忙维持秩序,C,13.885
vid_1991,1991.mp4,1,视频中的主要场景是哪里？,家庭厨房,海边沙滩,学校教室,医院走廊,D,13.885
vid_1992,1992.mp4,5,视频中的人物主要在做什么？,弹吉他,打排球,包饺子,下象棋,D,13.885
vid_1993,1993.mp4,16,视频中人物主要在进行什么活动？,包装水果,种植盆栽,采摘鲜花,准备泡茶,D,13.885
vid_1994,1994.mp4,6,视频中人物主要在做什么？,书写文字,制作花卷面食,翻炒蔬菜,绘制图画,B,13.885
vid_1995,1995.mp4,17,视频主要展示的是什么？,现代办公场景,手工制作过程,古装人物画面,动物活动记录,C,13.886
vid_1996,1996.mp4,13,视频中人物所穿上衣的主色调是什么？,深蓝色,草绿色,黑色,粉色,D,13.886
vid_1997,1997.mp4,10,视频中的人物主要在做什么？,对着镜头自拍展示,在厨房炒菜做饭,在教室讲课板书,在操场跑步锻炼,A,13.886
vid_1998,1998.mp4,9,视频里的人们主要在做什么？,登台表演话剧,农田耕作劳动,休闲游览观景,工厂做工生产,C,13.886
vid_1999,1999.mp4,7,视频主要展示的是哪类场景？,城市交通路口,乡村梯田,海边浴场,写字楼办公室,A,13.886
vid_2000,2000.mp4,4,视频中的女性主要在做什么？,搬运重物,自拍闲逛,学习听课,烹饪做饭,B,13.886
vid_2001,2001.mp4,15,视频里的女生们主要在做什么？,跳绳,踢毽子,做操,跑步,D,13.886
vid_2002,2002.mp4,14,视频主要展示的是什么物品？,厨房餐具,鲜花盆栽,动漫人物立牌,学习文具,C,13.9
vid_2003,2003.mp4,3,视频中的男子主要在做什么？,抽烟,唱歌,做饭,写字,A,13.909
vid_2004,2004.mp4,2,视频中人物主要在做什么？,整理搬运货品,烹饪就餐,体育锻炼,唱歌跳舞,A,13.909
vid_2005,2005.mp4,8,视频中的人们主要在做什么？,围坐吃饭聚餐,骑车快速赶路,对着镜头自拍说笑,跳集体广场舞,C,13.909
vid_2006,2006.mp4,11,视频中的两位年轻女性主要在做什么？,排队购物,坐着休息,沿街步行,骑自行车,C,13.914
vid_2007,2007.mp4,12,视频画面前景底部持续出现的花卉是？,向日葵,玫瑰花,荷花,桃花,B,13.93
vid_2008,2008.mp4,6,视频主要展示的天气状况是？,暴雨,大雪,晴天,大雾,D,13.931
vid_2009,2009.mp4,1,视频中的人物主要在做什么？,读书写字,做饭炒菜,跳秧歌舞蹈,打篮球,C,13.931
vid_2010,2010.mp4,13,视频主要展示什么食品？,蛋糕,薯片,雪糕,饼干,C,13.932
vid_2011,2011.mp4,10,视频中的人物主要在做什么？,吃饭用餐,唱歌表演,修理物品,跑步锻炼,A,13.932
vid_2012,2012.mp4,16,视频开头出现的女生正在做什么？,吃面条,撑着雨伞,清洗衣物,弹奏钢琴,B,13.932
vid_2013,2013.mp4,7,视频主要展示的人物是？,小女孩,小男孩,老爷爷,老奶奶,A,13.934
vid_2014,2014.mp4,14,视频主要展示的动物是什么？,仓鼠,猫,狗,兔子,B,13.954
vid_2015,2015.mp4,5,视频中男子主要在做什么？,跳广场舞,表演顶长杆,遛狗散步,打太极拳,B,13.954
vid_2016,2016.mp4,2,视频中的男子头上戴着什么？,安全帽,毛线帽,草帽,礼帽,A,13.956
vid_2017,2017.mp4,8,视频中的女士主要在做什么？,跑步锻炼,炒菜做饭,摆姿势留影,看书学习,C,13.956
vid_2018,2018.mp4,3,视频中人物主要在做什么？,修理电器,绘制油画,制作红鸡蛋,折叠衣物,C,13.956
vid_2019,2019.mp4,9,视频里的男子主要在做什么？,种植蔬菜,处理废旧泡沫,烹饪饭菜,跳舞表演,B,13.956
vid_2020,2020.mp4,11,视频里的小朋友主要在做什么？,吃饭喝水,跑步锻炼,看书画画,洗澡冲凉,D,13.956
vid_2021,2021.mp4,4,视频主要展示的是什么场景？,城市街道,海边沙滩,原始森林,乡村农田,A,13.956
vid_2022,2022.mp4,17,视频里的小宝宝主要处于什么状态？,躺着,坐着,趴着,站着,A,13.976
vid_2023,2023.mp4,15,视频中的女生主要在做什么？,写字,唱歌,跑步,整理裤腰放松肚子,D,13.976
vid_2024,2024.mp4,1,视频中的人物主要在做什么？,户外游玩拍照,工厂做工干活,教室上课学习,厨房做饭炒菜,A,13.977
vid_2025,2025.mp4,6,视频里的男子主要在做什么？,跳舞,打扫卫生,练武打拳,吃饭,C,13.978
vid_2026,2026.mp4,10,视频中的男子主要在做什么？,在超市购物,在办公室办公,在车边停留走动,在餐厅用餐,C,13.978
vid_2027,2027.mp4,7,视频中的人物主要在做什么？,看书学习,跳舞表演,整理扎头发,做饭炒菜,C,13.979
vid_2028,2028.mp4,13,视频中的人们主要在做什么？,在浅水区戏水游玩,在草原骑马放牧,在工厂生产作业,在雪地滑雪玩耍,A,13.979
vid_2029,2029.mp4,16,视频中的人物主要在做什么？,跳舞,做饭,打球,画画,A,13.979
vid_2030,2030.mp4,5,视频主要展示的场景是哪里？,餐厅大堂,居民住宅小区,仓储货运场地,教学课堂,C,13.984
vid_2031,2031.mp4,11,视频中的男性主要在做什么？,伏案学习,健身锻炼,跳舞表演,做饭烹饪,B,14.001
vid_2032,2032.mp4,8,视频中的女生主要在做什么？,对着镜头说话,跳舞表演,炒菜做饭,写字画画,A,14.001
vid_2033,2033.mp4,12,视频中的男性主要在做什么？,在厨房做饭,在操场跑步,在教室上课,持话筒在舞台表演,D,14.001
vid_2034,2034.mp4,3,视频中的人物主要在做什么？,做饭,采茶,跳舞,打球,B,14.001
vid_2035,2035.mp4,15,视频主要展示什么内容？,美食制作过程,宠物日常记录,服装穿搭教程,各式美甲样式,D,14.002
vid_2036,2036.mp4,17,视频中的男子主要在做什么？,吃饭,跳舞,画画,开车,A,14.002
vid_2037,2037.mp4,2,视频里的人物主要在做什么？,炒菜做饭,弹奏钢琴,跑步锻炼,驾驶汽车,D,14.024
vid_2038,2038.mp4,14,视频中的人物主要在做什么？,厨房做饭,球场打球,驾驶汽车,上台跳舞,C,14.024
vid_2039,2039.mp4,4,视频里的人们主要在做什么？,上课听讲,聚餐吃饭,跑步比赛,跳舞演出,B,14.025
vid_2040,2040.mp4,12,视频主要展示人物在做什么？,给车辆加油,更换汽车轮胎,擦拭车窗玻璃,调整汽车音响,D,14.025
vid_2041,2041.mp4,5,视频主要展示的是什么？,奔跑的骏马,一名坐着的女士,茂密的森林,宽阔的大海,B,14.025
vid_2042,2042.mp4,9,视频里的女性主要在做什么？,打扫卫生,跳舞表演,烹饪做饭,展示身穿的服装,D,14.025
vid_2043,2043.mp4,13,视频中的男子主要在做什么？,健身锻炼,唱歌跳舞,炒菜做饭,看书学习,A,14.047
vid_2044,2044.mp4,6,视频的主要场景是哪里？,海边,地铁站,沙漠,卧室,A,14.047
vid_2045,2045.mp4,1,视频主要展示的物品是什么？,写有计划的笔记本,播放内容的平板,红封面的厚书籍,渐变紫色马克杯,A,14.047
vid_2046,2046.mp4,17,视频中成群横穿道路的动物是什么？,黄牛,绵羊,野猪,梅花鹿,C,14.049
vid_2047,2047.mp4,7,视频中的人物主要在做什么？,面向镜头整理头发,跑步锻炼,烹饪炒菜,伏案写字,A,14.049
vid_2048,2048.mp4,2,视频中的两名男子主要在做什么？,用杆秤称重,练习书法,跳舞表演,炒菜做饭,A,14.049
vid_2049,2049.mp4,14,视频主要展示什么？,小汽车,大老虎,小婴儿,大熊猫,C,14.049
vid_2050,2050.mp4,9,视频中小女孩主要在做什么？,展示手工小提袋,烹饪饭菜,弹奏钢琴,打扫教室卫生,A,14.049
vid_2051,2051.mp4,16,视频里主要出现的工作人员是？,消防员,餐厅服务员,快递员,公交司机,A,14.049
vid_2052,2052.mp4,10,视频里的人物主要在做什么？,炒菜做饭,对着镜头自拍,弹奏钢琴,跑步锻炼,B,14.049
vid_2053,2053.mp4,4,视频中的人物主要在做什么？,跳舞,打球,画画,做饭,A,14.049
vid_2054,2054.mp4,11,视频中的IQ题主要围绕什么设施展开？,电梯,飞机,公交车,地铁,A,14.07
vid_2055,2055.mp4,3,视频里的人主要在做什么？,清洗蔬菜,擀饺子皮,给小西瓜剥皮,裁剪纸张,C,14.07
vid_2056,2056.mp4,8,视频中的女性主要在做什么？,对着镜头自拍,教室认真听课,操场跑步锻炼,厨房烹饪做饭,A,14.07
vid_2057,2057.mp4,15,视频展示的主要场所是？,工厂车间,旅游景区,医院病房,居民小区,B,14.072
vid_2058,2058.mp4,6,视频里的两个人物主要在做什么？,亲密互动,看书学习,打扫卫生,做饭炒菜,A,14.092
vid_2059,2059.mp4,12,视频中的人物主要在做什么？,户外跑步锻炼,教室上课学习,围坐桌边聚餐互动,厨房炒菜做饭,C,14.094
vid_2060,2060.mp4,1,视频中的人物主要在做什么？,在舞台跳舞,在田地里干农活,在厨房做饭,在教室上课,B,14.094
vid_2061,2061.mp4,5,视频中的场景主要在哪里？,超市,公园,教室,厨房,C,14.095
vid_2062,2062.mp4,7,视频中的人物主要在做什么？,跳舞,画画,打球,做饭,A,14.095
vid_2063,2063.mp4,13,视频中的人物主要在做什么？,自拍,写字,跑步,做饭,A,14.095
vid_2064,2064.mp4,14,视频里的人物主要在做什么？,打球,做饭,跳舞,画画,C,14.095
vid_2065,2065.mp4,16,视频主要展示的是什么场景？,滑雪场滑雪赛事,街道大量人群聚集,田间农业劳作,海边游人赶海,B,14.095
vid_2066,2066.mp4,10,视频里的人物主要在做什么？,给花草浇水,雕刻石质摆件,搬运石材货品,清洗擦拭石盆,D,14.095
vid_2067,2067.mp4,17,视频主要展示的物品是什么？,电源插排,纸质书本,布艺拖鞋,陶瓷水杯,A,14.1
vid_2068,2068.mp4,4,视频里的男子主要处于什么状态？,躺着,跳舞,站着,坐着,D,14.115
vid_2069,2069.mp4,2,视频中的女子做出过什么显眼的动作？,翻筋斗,下腰,高高踢腿,倒立,C,14.117
vid_2070,2070.mp4,9,视频中的人物主要在做什么？,打球运动,表演练习,打扫卫生,烹饪做饭,B,14.117
vid_2071,2071.mp4,8,视频主要展示了什么形象的玩具？,兔子,熊猫,鲨鱼,小狗,C,14.117
vid_2072,2072.mp4,15,视频里的女子主要待在什么地方？,沙发上,地板上,床上,餐椅上,C,14.118
vid_2073,2073.mp4,11,视频中的人们主要在做什么？,游泳戏水,伏案写作,烹饪做饭,手拉手集体活动,D,14.118
vid_2074,2074.mp4,3,视频主要展示的是什么天气景象？,晴天,下雪,下雨,大雾,B,14.118
vid_2075,2075.mp4,13,视频中人物主要在做什么？,盛餐打菜,绘画写生,打扫卫生,唱歌跳舞,A,14.131
vid_2076,2076.mp4,1,视频主要展示的内容是？,交通工具,美食点心,女性人像,野生动物,C,14.14
vid_2077,2077.mp4,12,视频拍摄的主要场景是哪里？,小学教室,塔吊驾驶室,商场门店,居民厨房,B,14.14
vid_2078,2078.mp4,6,视频主要展示的人物是？,青年女性,老奶奶,幼童,青年男子,B,14.14
vid_2079,2079.mp4,15,视频里的人物主要在做什么？,对着镜头自拍,伏案写作业,在操场跑步,在厨房做饭,A,14.141
vid_2080,2080.mp4,5,视频中的女性主要在做什么？,炒菜做饭,转圈跳舞,打扫房间,看书学习,B,14.141
vid_2081,2081.mp4,7,视频拍摄时的天气状况是？,起雾,下雪,晴天,下雨,D,14.141
vid_2082,2082.mp4,10,视频中停在水面上的主要交通工具是？,火车,飞机,汽车,船只,D,14.141
vid_2083,2083.mp4,14,视频里的人们主要在做什么？,沿林间小路行进,在厨房做饭,在泳池游泳,在教室上课,A,14.141
vid_2084,2084.mp4,17,视频中人物主要在做什么？,骑电动车,骑摩托车,开小汽车,骑自行车,B,14.141
vid_2085,2085.mp4,16,视频主要展示的是什么内容？,城市热闹商圈,剧场演出舞台,室内办公场所,公路沿途郊野景色,D,14.141
vid_2086,2086.mp4,9,视频中的人物主要在做什么？,跳舞,爬楼梯,睡觉,做饭,B,14.162
vid_2087,2087.mp4,2,视频里的人物主要在做什么？,吃饭,打球,跳舞,画画,C,14.163
vid_2088,2088.mp4,3,视频中男子主要在做什么？,整理女子的头发,给女子洗头发,给女子剪头发,给女子吹头发,A,14.165
vid_2089,2089.mp4,7,视频主要展示什么？,新鲜的水果,带刮痕的汽车车尾,全新智能手机,木质餐桌,B,14.165
vid_2090,2090.mp4,11,视频中的男子主要在做什么？,炒菜做饭,拿着话筒唱歌,搬运货物,打扫卫生,B,14.165
vid_2091,2091.mp4,4,视频中可见人物在进行哪项活动？,做饭,开车,游泳,跳舞,A,14.165
vid_2092,2092.mp4,8,视频中的人物主要在做什么？,蹲着洗衣,趴着睡觉,站着跳舞,坐着做手势,D,14.165
vid_2093,2093.mp4,16,视频中人物主要在做什么？,缝制衣物,敲开坚果外壳,修理桌椅,烹饪饭菜,B,14.165
vid_2094,2094.mp4,10,视频中的两名男女主要在做什么？,做饭,打球,拥抱,跳舞,C,14.17
vid_2095,2095.mp4,13,视频主要展示男士哪类事物的相关趣事？,穿搭服饰,电子产品,健身器材,文具用品,A,14.186
vid_2096,2096.mp4,1,视频主要展示的内容是什么？,成群的野生动物,一位男士的各类影像,各类美食特写,山川河流风景,B,14.186
vid_2097,2097.mp4,12,视频拍摄的主要场景在哪里？,行驶的汽车内,路边人行道上,开阔的草地上,开动的火车上,A,14.186
vid_2098,2098.mp4,14,视频主要展示的动物是什么？,鸭,鹅,兔子,鸡,D,14.188
vid_2099,2099.mp4,17,视频主要展示的是什么？,鲜花花束,办公文具,盒装蛋糕,儿童玩具,A,14.188
vid_2100,2100.mp4,3,视频中的人物主要在做什么？,炒菜做饭,跑步健身,演奏乐器,对着镜头自拍,D,14.188
vid_2101,2101.mp4,6,视频前半段人物手持对着人脸的物品是什么？,麦克风,电吹风,手电筒,小风扇,D,14.188
vid_2102,2102.mp4,11,视频前景的女子主要在做什么？,对着镜头做表情动作,烹饪饭菜,跑步锻炼,打扫房间卫生,A,14.188
vid_2103,2103.mp4,5,视频里地面上大面积摊放的果实串是什么颜色？,土黄色,翠绿色,深蓝色,红色,D,14.188
vid_2104,2104.mp4,8,视频主要展示了什么？,游动的鱼群,堆积的雪人,绽放的烟花,奔跑的马匹,C,14.188
vid_2105,2105.mp4,4,视频的主要拍摄场景在哪里？,山间树林,室内房间,海边沙滩,足球场,B,14.2
vid_2106,2106.mp4,15,视频中人物主要在做什么？,跳舞,做饭,画画,写字,D,14.208
vid_2107,2107.mp4,2,视频主要展示的场景是？,热闹的商业街,鲜花盛放的景区,安静的图书馆,空旷的戈壁滩,B,14.208
vid_2108,2108.mp4,1,视频中人物主要在做什么？,清洗陶瓷水杯,演示印章用法,缝制粉色衣物,阅读儿童绘本,B,14.21
vid_2109,2109.mp4,9,视频中人物手持的主要球类是？,篮球,乒乓球,足球,排球,C,14.21
vid_2110,2110.mp4,6,视频主要呈现什么活动？,手机游戏对局,手绘漫画,足球比赛,烹饪菜肴,A,14.21
vid_2111,2111.mp4,12,视频中的两位女性主要在做什么？,生火做饭炒菜,下地干农活,安静读书学习,搞怪模仿玩耍,D,14.21
vid_2112,2112.mp4,5,画面右侧的男子主要在做什么？,蹦极,读书,画画,做饭,A,14.211
vid_2113,2113.mp4,13,视频主要展现的场景是哪里？,医院,学校,餐厅,火车站,D,14.22
vid_2114,2114.mp4,16,视频中的人物主要在做什么？,打拳,跳舞,做饭,画画,A,14.233
vid_2115,2115.mp4,7,视频中人物主要在做什么？,跳高运动,面向镜头做面部动作,清洗衣物,驾驶汽车出行,B,14.233
vid_2116,2116.mp4,4,视频里车外出现的主要动物是？,牛,羊,马,狗,A,14.234
vid_2117,2117.mp4,17,视频中穿黄上衣的女士主要做什么动作？,跳舞表演,手托脸颊,打扫卫生,烹饪做饭,B,14.234
vid_2118,2118.mp4,15,视频中的主要场景位于哪里？,居民家中,汽车内部,商场店铺,室外操场,B,14.234
vid_2119,2119.mp4,10,视频主要展示的场景是？,居民住宅小区,在建施工工地,城市森林公园,室内购物商场,B,14.234
vid_2120,2120.mp4,9,视频中男子托着婴儿主要在做什么？,给婴儿喂食物,陪婴儿玩毛绒玩具,帮婴儿穿鞋子,给婴儿洗头发,B,14.234
vid_2121,2121.mp4,14,视频中大部分时间，近处的男子在做什么？,教室伏案写字,厨房烹饪炒菜,操场跑步运动,对着镜头自拍说话,D,14.234
vid_2122,2122.mp4,8,视频主要展示的内容是什么？,美食制作过程,一名男子的旧照片,野外自然风光,舞台表演画面,B,14.234
vid_2123,2123.mp4,2,视频主要展示的物品是哪类？,体育运动器材,手工加工零配件,办公文具书本,生鲜肉蛋食材,B,14.246
vid_2124,2124.mp4,3,视频中的人物主要在做什么？,跳舞,做饭,打球,自拍,D,14.256
vid_2125,2125.mp4,11,视频里的小朋友们主要在做什么？,吃零食,打扫卫生,玩玩具车,写作业,C,14.256
vid_2126,2126.mp4,16,视频主要展示什么加工场景？,木材加工,服装加工,食品加工,金属加工,A,14.258
vid_2127,2127.mp4,6,视频中出现的主要动物是？,仓鼠,猫,兔子,狗,B,14.278
vid_2128,2128.mp4,7,视频里的主要人物穿着什么工作服？,深绿迷彩服,蓝黑条纹校服,亮黄外卖服,白色医护白大褂,D,14.279
vid_2129,2129.mp4,13,视频里的主要人物是？,戴安全帽的工人,穿西装的男士,穿校服的学生,穿古装的女士,B,14.279
vid_2130,2130.mp4,10,视频中人物脸上敷着什么？,围巾,颜料,口罩,面膜,D,14.279
vid_2131,2131.mp4,12,视频里女生多次做出什么动作？,看书学习,烹饪做饭,打扫卫生,抚摸男生腰腹,D,14.279
vid_2132,2132.mp4,1,视频里大量飘动的特效装饰图案是什么？,树叶,雪花,蝴蝶,爱心,C,14.279
vid_2133,2133.mp4,5,视频中的女子主要在做什么？,做饭,画画,跳舞,打球,C,14.279
vid_2134,2134.mp4,8,视频主要展示的动物是什么？,狗,兔子,猴子,猫,C,14.281
vid_2135,2135.mp4,14,视频中的男女主要在做什么？,跳舞,打球,做饭,写字,A,14.281
vid_2136,2136.mp4,17,视频中的人物主要在做什么？,户外跑步,舞台跳舞,坐在桌前面对镜头,厨房炒菜,C,14.281
vid_2137,2137.mp4,3,视频中女性主要在进行什么活动？,跳舞表演,梳妆造型,洗菜做饭,跑步健身,B,14.281
vid_2138,2138.mp4,11,视频主要展示什么内容？,满桌饭菜,户外山景,一位女性,多只宠物猫,C,14.281
vid_2139,2139.mp4,2,视频主要展示的核心对象是什么？,宠物小狗,家用轿车,盛开鲜花,中年男士,D,14.281
vid_2140,2140.mp4,15,视频主要展示的对象是？,西式甜点,野生老虎,男性人物,田园风景,C,14.303
vid_2141,2141.mp4,4,视频里的人物主要在做什么？,描画眉毛,清洗脸颊,涂口红化唇妆,梳理头发,C,14.303
vid_2142,2142.mp4,9,视频主要展示什么内容？,宠物日常记录,奥运运动员相关介绍,古装电视剧片段,美食烹饪教程,B,14.303
vid_2143,2143.mp4,13,视频中的人物主要在做什么？,进行足球比赛,烹饪制作饭菜,登台唱歌跳舞,日常互动相处,D,14.304
vid_2144,2144.mp4,12,视频中的人物主要在做什么？,弹奏乐器,烹饪炒菜,绑扎固定棚杆,写字绘画,C,14.304
vid_2145,2145.mp4,5,视频主要展示哪类内容？,年轻男性人像,动物照片,风景照片,美食照片,A,14.326
vid_2146,2146.mp4,1,视频中的人物主要在做什么？,打扫卫生,展示服装,烹饪做饭,弹奏乐器,B,14.326
vid_2147,2147.mp4,16,视频主要展示的场所是哪里？,车站,卧室,教室,餐馆,D,14.326
vid_2148,2148.mp4,6,视频主要展示的物品是什么？,普通干电池,LED车灯,白炽灯泡,塑料梳子,B,14.326
vid_2149,2149.mp4,10,视频里的男子主要在做什么？,手持点燃的蜡烛,写字画画,打羽毛球,烹饪炒菜,A,14.327
vid_2150,2150.mp4,14,画面中的三位女子主要在做什么？,打扫,吃饭,开会,跳舞,D,14.327
vid_2151,2151.mp4,7,视频的主要场景在哪里？,航行的船上,热闹的商场里,安静的图书馆里,茂密的山林中,A,14.327
vid_2152,2152.mp4,17,视频中的人物主要在做什么？,低头写作业,托腮看向镜头,炒菜做饭,跑步运动,B,14.334
vid_2153,2153.mp4,8,视频主要拍摄的场景是哪里？,居民小区楼下,高山草甸,商场内部,海边沙滩,A,14.334
vid_2154,2154.mp4,2,视频主要展示的核心物体是？,书桌,电梯,衣柜,汽车,B,14.345
vid_2155,2155.mp4,4,视频中的人物主要在做什么？,跑步锻炼,读书学习,烹饪做饭,对着镜头自拍,D,14.348
vid_2156,2156.mp4,11,视频里多次出现的碗装食物是？,米饭,面条,饺子,汤圆,D,14.349
vid_2157,2157.mp4,15,视频中男子钓上来的是什么？,龙虾,乌龟,小鱼,螃蟹,C,14.349
vid_2158,2158.mp4,9,视频前景的女士主要在做什么？,对着镜头表演,清扫地面垃圾,搬运大件货物,修理家用电器,A,14.349
vid_2159,2159.mp4,3,视频主要展示的是哪类内容？,校园上课场景,海边度假风景,超市购物画面,各类奇幻怪异形象,D,14.349
vid_2160,2160.mp4,16,视频中的人物主要在做什么？,炒菜做饭,驾驶汽车,跑步锻炼,对着镜头做手势,D,14.35
vid_2161,2161.mp4,13,视频主要展示了下列哪类物品？,木雕作品,陶瓷餐具,电子设备,毛绒玩具,A,14.372
vid_2162,2162.mp4,12,视频主要展示的内容是什么？,过街的行人,玩耍的孩童,摆摊的商贩,通行的汽车,D,14.372
vid_2163,2163.mp4,10,视频主要展示的是什么场景？,家庭厨房做饭,建筑工地施工,校园教室上课,商场逛街购物,B,14.374
vid_2164,2164.mp4,6,视频中的男子主要在做什么？,打篮球,烹饪做饭,驾驶汽车,画画,C,14.374
vid_2165,2165.mp4,5,视频中的人物主要在做什么？,跑步锻炼,烹饪做饭,唱歌跳舞,处理缝制布料,D,14.374
vid_2166,2166.mp4,1,视频的主要场景是哪里？,城市步行街,海边沙滩,居民小区内,高速收费站区域,D,14.374
vid_2167,2167.mp4,7,视频中的人物主要在做什么？,做各类手部手势,炒菜做饭,跑步锻炼,弹奏钢琴,A,14.374
vid_2168,2168.mp4,4,视频主要展示的内容是什么？,一片树林,一只小狗,一辆汽车,一位女性,D,14.395
vid_2169,2169.mp4,8,视频主要展示的物品是什么？,沐浴球,木质菜板,粘贴挂钩,折叠雨伞,C,14.395
vid_2170,2170.mp4,17,视频里的人物正在做什么？,敷面膜,吃水果,写作业,戴口罩,A,14.395
vid_2171,2171.mp4,14,视频中咬住小牛不放的动物是？,老虎,巨蜥,狮子,野狼,B,14.395
vid_2172,2172.mp4,2,视频主要展示的物品是？,购物袋,洗衣袋,垃圾袋,书包,B,14.395
vid_2173,2173.mp4,11,视频中出现的主要动物是？,猴子,老虎,兔子,熊猫,A,14.395
vid_2174,2174.mp4,9,视频主要展示的是什么？,奔跑的运动员,讲课的老师,穿传统戏服的人物,做饭的厨师,C,14.397
vid_2175,2175.mp4,15,视频主要展示的是什么场景？,山间乡村,繁华都市,海滨沙滩,沙漠戈壁,A,14.397
vid_2176,2176.mp4,3,视频里的人们主要在做什么？,聚餐吃饭喝酒,跑步锻炼身体,跳舞排练节目,开会讨论工作,A,14.397
vid_2177,2177.mp4,6,视频中玩家主要在做什么？,拍摄野生动物,制作家常菜肴,玩画线闯关小游戏,表演舞蹈节目,C,14.42
vid_2178,2178.mp4,10,视频主要展示的天空景象是什么？,雪花,闪电,烟花,彩虹,D,14.42
vid_2179,2179.mp4,12,视频中人物主要在做什么？,打扫房间,手绘设计标志,烹饪美食,跳舞表演,B,14.42
vid_2180,2180.mp4,17,视频中的人物主要在做什么？,打扫卫生,弹奏乐器,烹饪炒菜,处理果实取籽,D,14.42
vid_2181,2181.mp4,16,视频主要展示的动物是什么？,猪,牛,羊,鸡,A,14.42
vid_2182,2182.mp4,13,视频中的人物主要在做什么？,擦桌子,洗碗,做饭,吃东西,D,14.42
vid_2183,2183.mp4,1,视频主要展示的是什么物品？,厨房家用电器,各类儿童玩具,新鲜水果蔬菜,堆叠包装的衣物,D,14.42
vid_2184,2184.mp4,5,视频主要展示的是什么场景？,室内办公场地,城市地铁车厢,沙漠戈壁区域,山林湖畔游乐景区,D,14.42
vid_2185,2185.mp4,7,视频主要展示什么夜间景观？,音乐喷泉,冰灯展,篝火晚会,灯光花海,D,14.42
vid_2186,2186.mp4,14,视频中的人物主要在做什么？,制作发夹,绘画写生,清洗衣物,拼装玩具,A,14.44
vid_2187,2187.mp4,8,视频主要展示的是什么场景？,海边沙滩,居民小区,教室课堂,林荫公路,D,14.442
vid_2188,2188.mp4,11,视频主要展示的是什么场景？,山间的瀑布,干涸的河床,冰封的湖面,上涨的浑浊河水,D,14.443
vid_2189,2189.mp4,9,视频展示的主要场景是哪里？,海边沙滩,室内商场,城镇街道,高山树林,C,14.443
vid_2190,2190.mp4,4,视频中人物主要向镜头展示什么？,餐具,鲜花,宠物,纸张,D,14.443
vid_2191,2191.mp4,3,视频中的人物主要在做什么？,烹饪食物,表演舞蹈,打磨木材,清洗衣物,C,14.443
vid_2192,2192.mp4,15,视频中的人物主要穿着什么服饰？,中式古装,西式婚纱,现代日常服饰,运动服饰,A,14.447
vid_2193,2193.mp4,12,视频主要展示的内容是？,一只宠物狗,一桌饭菜,一名年轻男子,一辆自行车,C,14.465
vid_2194,2194.mp4,16,视频里全程在空中飘落的是什么？,落叶,花瓣,雨水,雪花,D,14.465
vid_2195,2195.mp4,2,视频中的女生主要在做什么？,雪地自拍分享,泳池游泳锻炼,厨房做饭炒菜,教室上课学习,A,14.465
vid_2196,2196.mp4,13,视频中的小女孩主要在做什么？,踢足球,弹钢琴,写作业,吃蛋糕,D,14.467
vid_2197,2197.mp4,7,视频中的女士主要在做什么？,跳舞,写字,看书,做饭,A,14.467
vid_2198,2198.mp4,10,视频里可见人物正在进行什么活动？,搭建房屋,炒菜做饭,耕地种田,修理车辆,B,14.467
vid_2199,2199.mp4,1,视频中的红衣老人主要在做什么？,擦拭沙发,剪对方的头发,织毛衣,削水果,B,14.488
vid_2200,2200.mp4,17,视频主要展示什么？,女性面部,行驶的汽车,盛开的鲜花,玩耍的孩童,A,14.49
vid_2201,2201.mp4,14,视频中的女性主要在做什么？,做饭,画画,唱歌,跳舞,C,14.49
vid_2202,2202.mp4,5,视频中的女子主要在做什么？,在厨房烹饪做饭,在路上跳舞前行,在教室学习听课,在操场打球运动,B,14.49
vid_2203,2203.mp4,6,视频中人物主要在做什么？,教室内读书写字,厨房里烹饪饭菜,农田里干农活,户外对着镜头展示介绍,D,14.49
vid_2204,2204.mp4,8,视频中人们主要在放飞什么？,气球,孔明灯,烟花,风筝,B,14.5
vid_2205,2205.mp4,3,视频里的人物主要在做什么？,踢足球,打乒乓球,打排球,打篮球,D,14.51
vid_2206,2206.mp4,11,视频中的女士主要在做什么？,看书学习,对镜自拍,烹饪做饭,跑步锻炼,B,14.512
vid_2207,2207.mp4,4,视频中出现过下列哪类内容？,火山喷发场景,真人合影照片,瀑布景观画面,马戏表演片段,B,14.513
vid_2208,2208.mp4,13,视频右侧画面中的交通工具是？,汽车,飞机,轮船,自行车,A,14.513
vid_2209,2209.mp4,9,视频中的女性们主要在做什么？,列队走步整队,打篮球,唱歌跳舞,烹饪做饭,A,14.513
vid_2210,2210.mp4,15,视频中出现的大型工程车辆是？,推土机,压路机,搅拌车,挖掘机,D,14.513
vid_2211,2211.mp4,16,视频中人物主要在做什么？,滑滑板,驾驶汽车,骑摩托车,骑自行车,C,14.513
vid_2212,2212.mp4,2,视频中地面大量晾晒的是什么？,花生,大豆,玉米,稻谷,C,14.513
vid_2213,2213.mp4,12,视频中的学生们主要在做什么？,伏案学习,跑步,跳舞,做饭,A,14.525
vid_2214,2214.mp4,1,视频主要展示的物品是哪类？,生鲜水果,大型工业设备,民用家具,文具玩具,B,14.527
vid_2215,2215.mp4,5,视频主要展示的是什么内容？,美食制作过程,体育比赛画面,城市景点风光,动画剪辑片段,C,14.535
vid_2216,2216.mp4,7,视频中窗口内的男性主要在做什么？,做饭炒菜,和窗外的人说话,跳舞表演,打扫卫生,B,14.535
vid_2217,2217.mp4,10,视频中的人物主要在做什么？,做饭,打球,走楼梯,开车,C,14.535
vid_2218,2218.mp4,14,视频中的主要人物在做什么？,打球,做饭,拍照,跳舞,C,14.535
vid_2219,2219.mp4,8,视频中的女士主要在做什么？,炒菜做饭,挑拣整理植物,清扫地面垃圾,弹奏乐器,B,14.535
vid_2220,2220.mp4,17,视频中的男生主要在做什么？,搞笑互动表演,看书学习,画画写字,炒菜做饭,A,14.535
vid_2221,2221.mp4,6,视频里的年轻男子主要在做什么？,写字画画,做饭炒菜,打球锻炼,搀扶陪伴老人,D,14.535
vid_2222,2222.mp4,11,视频中的居民楼有什么明显状况？,外墙翻新,正在拆除,冒出浓烟,亮满彩灯,C,14.536
vid_2223,2223.mp4,4,视频中的人物主要在开展什么活动？,体育比赛竞技,公益慰问捐赠,农田耕作劳动,舞台文艺表演,B,14.536
vid_2224,2224.mp4,2,视频中的人物主要在做什么？,炒菜做饭,扛运木头,跳舞表演,打篮球,B,14.536
vid_2225,2225.mp4,9,视频主要展示了什么动物？,小狗,小鸡,小猫,小鸭,A,14.536
vid_2226,2226.mp4,3,视频中的人物主要在做什么？,厨房做饭,教室上课,医院看病,户外合影游玩,D,14.536
vid_2227,2227.mp4,15,视频中的人物主要在做什么？,弹奏钢琴,打篮球,抽雪茄,炒菜做饭,C,14.536
vid_2228,2228.mp4,7,视频主要展示以下哪类内容？,家用电器,肉类食材及菜品,建筑材料,服装面料,B,14.558
vid_2229,2229.mp4,1,视频主要展示什么场景？,学校的教室,空旷的草原,道路封控卡点,热闹的菜市场,C,14.558
vid_2230,2230.mp4,16,视频主要呈现的场景是什么？,森林里的动物聚会,游戏角色围坐长桌边,真人餐厅聚餐吃饭,教室中学生在上课,B,14.558
vid_2231,2231.mp4,10,视频主要展示的景观类型是什么？,沙漠戈壁,原始森林,乡村田野,城市夜景,D,14.558
vid_2232,2232.mp4,5,视频中的人物主要在做什么？,弹奏吉他,跑步锻炼,面向镜头展示,烹饪做饭,C,14.558
vid_2233,2233.mp4,17,视频主要展示什么物品？,办公文具,厨房餐具,运动器材,特色服饰,D,14.558
vid_2234,2234.mp4,13,视频里的女士主要在做什么？,展示穿搭,看书学习,烹饪做饭,打扫卫生,A,14.558
vid_2235,2235.mp4,6,视频中的人物主要在做什么？,在教室上课,在餐厅用餐,乘船在海上航行,在操场跑步,C,14.558
vid_2236,2236.mp4,12,视频主要展示的是什么作品？,木质动物雕塑,塑料玩具模型,泥塑人物摆件,刀具制成的天使雕像,D,14.558
vid_2237,2237.mp4,3,视频主要展示的场景是？,白天乡村田野,山间积雪景区,室内商场店铺,夜晚城市江边,D,14.559
vid_2238,2238.mp4,12,视频中人物主要穿着哪类服饰？,汉服,校服,西装,运动服,A,14.559
vid_2239,2239.mp4,4,视频主要展示的是什么？,自然风景画面,不同的人物影像,美食相关内容,野生动物画面,B,14.559
vid_2240,2240.mp4,8,视频中穿红马甲的志愿者主要在做什么？,售卖生活用品,协助开展核酸检测,维修公共设施,现场表演节目,B,14.559
vid_2241,2241.mp4,16,视频主要展示什么内容？,餐馆的菜品,一男一女的合照,森林的植物,各地山水风光,B,14.559
vid_2242,2242.mp4,15,视频中的人物主要在做什么？,聚餐吃饭,拍摄合影,唱歌跳舞,打扫卫生,B,14.559
vid_2243,2243.mp4,14,视频中的人物主要在做什么？,户外拍照留影,教室上课学习,厨房烹饪做饭,车间生产加工,A,14.559
vid_2244,2244.mp4,5,视频中的女性主要在做什么？,跑步锻炼,自拍摆姿势,炒菜做饭,读书写字,B,14.559
vid_2245,2245.mp4,2,视频主要展示的内容是什么？,卡通动画片段,女士多场景留影,烹饪美食过程,足球比赛实况,B,14.559
vid_2246,2246.mp4,11,视频主要展现的是什么场景？,厨房做菜,草原骑马,城市道路驾车,舞台表演,C,14.559
vid_2247,2247.mp4,9,视频中的男女主要在做什么？,合影留念,弹奏乐器,烹饪做饭,跑步健身,A,14.559
vid_2248,2248.mp4,13,视频中的主要场景是哪里？,教室,装修中的房间,餐厅,操场,B,14.559
vid_2249,2249.mp4,7,视频的主要拍摄场景是哪里？,城市路口,海边沙滩,住宅客厅,山林野外,A,14.578
vid_2250,2250.mp4,6,视频中的人物主要在做什么？,炒菜做饭,打羽毛球,弹奏钢琴,对着镜头自拍留念,D,14.581
vid_2251,2251.mp4,8,视频主要展示的是什么活动？,婚礼活动,课堂教学,工地施工,体育比赛,A,14.581
vid_2252,2252.mp4,1,视频中的女子主要在做什么？,沿田间小路行走,在厨房做饭,在教室读书,在球场打球,A,14.581
vid_2253,2253.mp4,10,视频中的主要场景是哪里？,教室,厨房,医院,超市,A,14.581
vid_2254,2254.mp4,14,视频主要展示的物品是什么？,折叠雨伞,彩色气球,防水鞋套,新娘婚纱,C,14.581
vid_2255,2255.mp4,17,视频里的男子主要在做什么？,拍摄照片,弹奏吉他,玩泡泡枪吹泡泡,跑步锻炼,C,14.581
vid_2256,2256.mp4,9,视频的主要场景是哪里？,海边沙滩,热带丛林,高山雪原,校园教室,A,14.583
vid_2257,2257.mp4,2,视频主要展示的是什么场景？,露天操场,大型会议厅,家庭客厅,超市卖场,B,14.583
vid_2258,2258.mp4,15,视频里的女士主要在做什么？,写字画画,跳舞摆动作,打羽毛球,炒菜做饭,B,14.583
vid_2259,2259.mp4,3,视频中的主要人物正在做什么？,在厨房烹饪做饭,在工地施工干活,参加婚礼走红毯,在操场跑步比赛,C,14.583
vid_2260,2260.mp4,4,视频主要展示的动物是什么？,小狗,橘猫,白兔,仓鼠,B,14.601
vid_2261,2261.mp4,11,视频中的人物主要在做什么？,玩夹纸杯游戏,做饭,画画,跳绳,A,14.604
vid_2262,2262.mp4,16,视频里的人物主要在做什么？,清洗蔬菜,翻炒菜肴,制作拉面,整理餐具,C,14.604
vid_2263,2263.mp4,6,视频中的人物主要在做什么？,弹奏乐器,跑步锻炼,烹饪做饭,面对镜头自拍,D,14.606
vid_2264,2264.mp4,7,视频中的女士主要在做什么？,削苹果,织毛衣,剥橙子,写作业,C,14.606
vid_2265,2265.mp4,12,视频中的女士主要在做什么？,做手势表演,弹奏乐器,跑步锻炼,烹饪做饭,A,14.606
vid_2266,2266.mp4,13,视频主要展示的是哪类场景？,白天海边沙滩,深夜山洞内部,夜晚城市外景,室内教室课堂,C,14.606
vid_2267,2267.mp4,10,视频里的人们主要在做什么？,办公工作,滑雪运动,上课学习,休闲玩水,D,14.606
vid_2268,2268.mp4,1,视频中的女士主要在做什么？,在操场跑步,在教室看书,在厨房炒菜,坐在电动自行车上,D,14.606
vid_2269,2269.mp4,5,以下哪项是视频中出现过的交通工具？,小轿车,自行车,热气球,火车,A,14.628
vid_2270,2270.mp4,8,视频里的女性主要在做什么？,夹取蒸好的食物,给花草浇水,打扫室内卫生,裁剪制作衣服,A,14.629
vid_2271,2271.mp4,17,视频主要展示的物品是？,盒装牛奶,金属零件,袋装绿叶植物,毛绒玩具,C,14.629
vid_2272,2272.mp4,14,视频里的人物主要在做什么？,唱歌跳舞,烹饪做饭,搭建房屋,捕鱼作业,D,14.629
vid_2273,2273.mp4,3,视频中的男子主要在做什么？,画画,跳舞,对着镜头讲话,做饭,C,14.634
vid_2274,2274.mp4,11,视频中的男子主要在做什么？,跑步锻炼,伏案写字,做手势比划动作,烹饪炒菜,C,14.651
vid_2275,2275.mp4,15,视频中的女性主要在做什么？,开关舱门,整理衣物,打扫卫生,分发餐食,A,14.651
vid_2276,2276.mp4,9,视频中的人物主要在做什么？,炒菜做饭,对着镜头做动作,读书写字,跑步锻炼,B,14.651
vid_2277,2277.mp4,2,视频主要展示的动物是什么？,兔子,小狗,鸭子,小猫,B,14.651
vid_2278,2278.mp4,16,视频主要展示的是什么物体？,玩具汽车,毛绒公仔,漫画书籍,玻璃花瓶,A,14.651
vid_2279,2279.mp4,4,视频中的两位人物主要在做什么？,打球,走红毯,做饭,跳舞,B,14.651
vid_2280,2280.mp4,13,视频主要展示小女孩穿的多款什么？,裤子,帽子,裙子,鞋子,C,14.651
vid_2281,2281.mp4,5,视频主要展示的内容是什么？,餐桌上的食物,户外森林景观,女性面部特写,行驶中的汽车,C,14.652
vid_2282,2282.mp4,12,视频中的男子主要在做什么？,吃饭,跑步,看书,抽烟,D,14.652
vid_2283,2283.mp4,7,视频拍摄时车辆处于什么场景中？,露天公路上,居民小区内,公路隧道内,地下停车场内,C,14.652
vid_2284,2284.mp4,14,视频里的人物主要在做什么？,唱歌跳舞,烹饪炒菜,跑步锻炼,合影留念,D,14.652
vid_2285,2285.mp4,10,视频里的人物主要在做什么活动？,跳绳,踢足球,打篮球,打羽毛球,C,14.652
vid_2286,2286.mp4,6,视频中的主要场景是哪里？,菜园菜地,高山雪地,室内厨房,海边沙滩,A,14.652
vid_2287,2287.mp4,1,视频主要展示的经营场所是？,烧烤小吃店,生鲜超市,服装商店,书店,A,14.652
vid_2288,2288.mp4,17,视频中的人们主要在做什么？,跳广场舞,集体唱歌,打太极拳,慢跑锻炼,A,14.652
vid_2289,2289.mp4,8,视频中围绕人物的主要卡通动物是？,兔子,小熊,老虎,熊猫,B,14.667
vid_2290,2290.mp4,15,视频中女性手里大多拿着什么？,书本,雨伞,花束,水杯,C,14.674
vid_2291,2291.mp4,9,视频中的男子主要在做什么？,写字,说话,跑步,做饭,B,14.674
vid_2292,2292.mp4,3,视频里的道路处于什么状态？,正在维修施工,干燥无积水,覆盖厚积雪,大面积积水,D,14.674
vid_2293,2293.mp4,11,视频主要展示哪类运动员？,篮球运动员,乒乓球运动员,长跑运动员,足球运动员,A,14.676
vid_2294,2294.mp4,2,视频里的人物主要在做什么？,在操场跑步,在厨房炒菜,弹奏钢琴,对着镜头自拍,D,14.676
vid_2295,2295.mp4,4,人物面部覆盖口鼻的穿戴品是什么？,口罩,墨镜,耳罩,围巾,A,14.676
vid_2296,2296.mp4,7,视频画面中长期展示的球体是什么？,篮球,足球,排球,地球,D,14.697
vid_2297,2297.mp4,10,视频中的动漫角色主要在做什么？,做饭炒菜,打斗对战,唱歌跳舞,读书写字,B,14.697
vid_2298,2298.mp4,1,视频的主要拍摄场景在哪里？,卧室内,汽车内,教室内,餐厅内,B,14.697
vid_2299,2299.mp4,12,视频里的人物主要在做什么？,打篮球比赛,发生争执冲突,击掌庆祝胜利,做热身活动,B,14.697
vid_2300,2300.mp4,13,视频主要展示的场景是哪里？,乡村山间小路,室内办公场所,白天公园草坪,夜晚城市马路,D,14.697
vid_2301,2301.mp4,16,视频中的人物主要在做什么？,做翻跟头特技动作,做饭炒菜,上课,打篮球,A,14.697
vid_2302,2302.mp4,14,视频中的人物主要在做什么？,生火做饭,表演舞蹈,清扫积雪,打篮球,C,14.699
vid_2303,2303.mp4,9,视频里的人物主要在做什么？,跳舞表演,种地务农,做饭炒菜,开会谈判,D,14.699
vid_2304,2304.mp4,5,视频中的男子主要在做什么运动？,踢足球,跳远,跑步,投掷实心球,D,14.699
vid_2305,2305.mp4,8,视频中的人物主要在做什么？,跑步锻炼,做饭炒菜,写字练字,展示服装,D,14.699
vid_2306,2306.mp4,6,视频中的人物主要在做什么？,在球场打球,在厨房炒菜,在窗边拍摄,在田间插秧,C,14.699
vid_2307,2307.mp4,15,视频中的人物主要在做什么？,做饭炒菜,读书写字,跑步锻炼,摆动身体跳舞,D,14.699
vid_2308,2308.mp4,3,视频中人们围坐桌边主要在做什么？,体育比赛,田间劳作,聚餐宴饮,开会工作,C,14.699
vid_2309,2309.mp4,17,视频主要展示的是哪类场景？,热带海滩景色,铁路沿线风光,室内教室场景,海底世界景观,B,14.699
vid_2310,2310.mp4,11,视频中大量出现的交通工具是？,飞机,轮船,自行车,汽车,D,14.7
vid_2311,2311.mp4,2,视频中多次出现小朋友在做什么？,跳舞,吃饭,睡觉,跑步,C,14.7
vid_2312,2312.mp4,4,视频中的人物主要在做什么？,做饭,跳舞,画画,打球,B,14.7
vid_2313,2313.mp4,13,视频中的人物主要在做什么？,跑步健身,炒菜做饭,弹奏钢琴,修自拍照片,D,14.72
vid_2314,2314.mp4,16,视频主要展示的室外景观是什么？,山景,沙漠,草原,海景,D,14.72
vid_2315,2315.mp4,1,视频里的男子主要在做什么？,草地上踢球,高空缆线上作业,教室中讲课,厨房里做饭,B,14.721
vid_2316,2316.mp4,12,视频里的年轻男女主要在做什么？,在舞台唱歌,在餐厅吃饭,躺着举手机自拍,在田间劳作,C,14.721
vid_2317,2317.mp4,5,视频中的人物主要在做什么？,厨房做饭,舞台跳舞,操场跑步,躺在床上,D,14.722
vid_2318,2318.mp4,14,视频主要展示什么内容？,汽车赛事片段,人物合影照片,手工制作过程,野生动物画面,B,14.722
vid_2319,2319.mp4,6,视频主要展示的内容是什么？,手绘卡通动画,草原放牧场景,带装饰特效的人物,美食制作过程,C,14.722
vid_2320,2320.mp4,7,视频里的人物主要在做什么？,跳舞,画画,做饭,写字,A,14.722
vid_2321,2321.mp4,3,视频中的新婚新人主要在做什么？,步行迎亲,在家中拜堂,乘坐直升机离开,举办酒店婚宴,C,14.722
vid_2322,2322.mp4,10,视频中的人物主要在做什么？,跳舞表演,烹饪做饭,清扫地板,涂刷装饰墙面,D,14.722
vid_2323,2323.mp4,17,视频中路边的人们主要在做什么？,朝来车方向挥手鼓掌,在超市挑选商品,坐在教室里上课,在田地里干农活,A,14.722
vid_2324,2324.mp4,8,视频主要展示的是什么？,结满枣子的枣树,游动的鱼群,大片绿色草坪,玩耍的孩童,A,14.722
vid_2325,2325.mp4,2,视频主要展现的是哪类场景？,餐饮经营场景,校园教学场景,医疗相关场景,工地施工场景,C,14.724
vid_2326,2326.mp4,4,视频中的人物主要在做什么？,弹钢琴,叠衣服,打篮球,吃面条,D,14.734
vid_2327,2327.mp4,9,视频中被热油浇淋的核心食材是？,鸡蛋,黄瓜,面条,牛肉,A,14.744
vid_2328,2328.mp4,16,靠近车辆的蓝衣服人物主要在做什么？,骑自行车出行,步行向前走,原地跳绳,弯腰扫地,B,14.744
vid_2329,2329.mp4,11,视频中穿粉色衣服的女生主要在做什么？,折叠衣物,看书学习,打扫房间地面,刷同伴的脚,D,14.744
vid_2330,2330.mp4,15,视频主要展示的植物是什么？,薄荷,松树,玫瑰,柳树,A,14.744
vid_2331,2331.mp4,13,视频里的两个小孩主要在做什么？,看书,玩游戏,睡觉,吃饭,C,14.745
vid_2332,2332.mp4,1,视频中的男女主要在做什么？,古装剧表演互动,烹饪制作美食,参加短跑比赛,医院问诊看病,A,14.745
vid_2333,2333.mp4,12,穿红色上衣的人物主要保持什么姿态？,平躺休息,站立行走,弯腰劳作,坐着抱臂,D,14.745
vid_2334,2334.mp4,5,视频中的人物主要在做什么？,阅读书本,唱歌跳舞,打扫卫生,烧烤食物,D,14.745
vid_2335,2335.mp4,7,视频拍摄的主要场景是哪里？,室内厨房,大型超市,学校教室,建筑工地,D,14.745
vid_2336,2336.mp4,17,视频主要展示的室内场景是？,书房,卧室,厨房,客厅,D,14.767
vid_2337,2337.mp4,6,视频主要展示的动物是？,牛和羊,鸡和鸭,猫和狗,老虎和狮子,C,14.767
vid_2338,2338.mp4,14,视频中的人物主要在做什么？,打篮球,跳舞,看书,做饭,B,14.767
vid_2339,2339.mp4,10,视频中的主要场景是哪里？,商场,餐厅,医院,教室,D,14.767
vid_2340,2340.mp4,2,视频主要展示的是什么饮品？,矿泉水,白酒,牛奶,果汁,B,14.768
vid_2341,2341.mp4,15,视频中人物主要在做什么？,弹琴,画画,做饭,跑步,B,14.768
vid_2342,2342.mp4,9,视频主要展示的食物是什么？,清蒸鱼,烤红薯,煮玉米,炖猪蹄,D,14.768
vid_2343,2343.mp4,3,视频主要展示的交通工具是？,公交大巴车,家用小轿车,平板货运卡车,自行车,C,14.768
vid_2344,2344.mp4,4,视频室内场景桌上最显眼的食物是？,小龙虾,苹果,馒头,汤圆,A,14.768
vid_2345,2345.mp4,11,视频主要展示的物体是什么？,健身器材,刻字景观石,大型广告牌,售货亭,B,14.768
vid_2346,2346.mp4,8,视频主要展示的是什么景观？,沙漠戈壁,热带雨林,开满花的山村,繁华的都市,C,14.768
vid_2347,2347.mp4,16,视频右侧的女士主要在做什么？,坐着看书,洗菜做饭,借助拐杖活动,跳广场舞,C,14.786
vid_2348,2348.mp4,13,视频里的女性主要在做什么？,跑步赶路,站着面向镜头,低头玩手机,坐着吃饭,B,14.787
vid_2349,2349.mp4,10,视频中的两只猫主要在做什么？,互相玩耍,卧着睡觉,梳理毛发,埋头进食,A,14.79
vid_2350,2350.mp4,12,视频中的女士主要在做什么？,编织毛衣,炒菜做饭,弹奏钢琴,举手机拍摄,D,14.79
vid_2351,2351.mp4,6,视频中的男子主要做了什么动作？,拉开车门坐进汽车,骑电动车在路上,持工具打扫路面,在摊位售卖水果,A,14.79
vid_2352,2352.mp4,7,视频中的主要场景是哪里？,沙漠,海边,雪原,商场内部,B,14.79
vid_2353,2353.mp4,5,视频里的男子主要在做什么？,下水游泳,快速奔跑,坐着休息,步行走路,D,14.79
vid_2354,2354.mp4,1,视频里围聚的人群主要在做什么？,开展施工作业,集体跳广场舞,发生拉扯冲突,排队等候,C,14.79
vid_2355,2355.mp4,17,视频里的人物主要在做什么？,切菜炒菜,整理衣物,练习写字,分装大米,D,14.79
vid_2356,2356.mp4,11,视频主要展示的室内场所是？,餐饮后厨,楼盘售楼处,学校教室,医院大厅,B,14.792
vid_2357,2357.mp4,3,视频主要展示了什么物品？,新鲜小圆果实,彩色塑料珠子,光滑鹅卵石,散装金属钉子,A,14.792
vid_2358,2358.mp4,14,视频中的女士主要在做什么？,做饭,跳舞,看书,打球,B,14.792
vid_2359,2359.mp4,4,视频主要展示的是哪类场景？,城市居民小区,海滨休闲沙滩,高山森林景区,山间施工工地,D,14.792
vid_2360,2360.mp4,8,视频里摊位主要售卖什么商品？,猪肉,各类水果,日用百货,新鲜蔬菜,A,14.792
vid_2361,2361.mp4,2,视频主要展示的场景是哪里？,商场,教室,农田,海边,C,14.792
vid_2362,2362.mp4,15,视频里的男子主要在做什么？,跑步,做饭,跳舞,对着镜头讲话,D,14.81
vid_2363,2363.mp4,9,视频中的故事主要发生在哪里？,学校教室,家中厨房,商场室内,户外湖边,D,14.812
vid_2364,2364.mp4,16,视频中人物主要在做什么？,打鼓,弹吉他,弹钢琴,拉小提琴,B,14.813
vid_2365,2365.mp4,13,视频中人物主要在做什么？,制作手工钥匙扣,烹饪饭菜,弹奏乐器,打扫房间,A,14.813
vid_2366,2366.mp4,7,视频中的人物主要在做什么？,吃饭,跳健身舞,打扫卫生,对着镜头说话,D,14.815
vid_2367,2367.mp4,12,视频主要展示的景象是？,雪后的居民区,干旱的沙漠,茂密的森林,夏天的海滩,A,14.815
vid_2368,2368.mp4,1,视频中的故事主要发生在哪里？,厨房,教室,卧室,商场,C,14.815
vid_2369,2369.mp4,6,视频中主要出现的人物是哪类？,老年男性,中年女士,年幼男童,少女,B,14.815
vid_2370,2370.mp4,10,视频中的人物主要在做什么？,唱歌跳舞,吃饭喝水,画画写字,扔垃圾,D,14.824
vid_2371,2371.mp4,5,视频中的人物主要在做什么？,在操场跑步锻炼,面向镜头展示自身,伏案写作业,在厨房烹饪食物,B,14.834
vid_2372,2372.mp4,17,视频中人物主要在做什么？,翻看学习用书,打扫卫生,弹奏乐器,烹饪食物,A,14.835
vid_2373,2373.mp4,3,视频中的人物主要在做什么？,烹饪做饭,上课学习,跑步比赛,合影拍照,D,14.837
vid_2374,2374.mp4,14,视频中的两个人主要在做什么？,画画,做饭,跳舞,打球,C,14.837
vid_2375,2375.mp4,8,视频主要展示的是什么景观？,繁华都市街景,秋日山湖风光,辽阔草原风光,热带沙漠景观,B,14.837
vid_2376,2376.mp4,16,视频中人物主要在做什么？,练习跳远,展示并吃水果,弹奏乐器,打扫马路卫生,B,14.838
vid_2377,2377.mp4,12,视频中的主要人物在做什么？,站着等人,跳着向前运动,弯腰打扫地面,坐着刷手机,B,14.838
vid_2378,2378.mp4,4,视频中的人物主要在做什么？,写字画画,对着镜头自拍,烹饪做饭,跑步锻炼,B,14.838
vid_2379,2379.mp4,11,画面中显眼位置的装饰动物是？,熊猫,老虎,兔子,龙,D,14.838
vid_2380,2380.mp4,9,视频里的女士主要在做什么？,弹奏乐器,打扫卫生,跑步锻炼,对着镜头说话,D,14.838
vid_2381,2381.mp4,2,视频中的女子主要在做什么？,游泳潜水,对着镜头说话,在厨房炒菜,驾驶机动车,B,14.838
vid_2382,2382.mp4,15,视频中的女性主要在做什么？,开车,做饭,跳舞,打电话,D,14.838
vid_2383,2383.mp4,13,视频中主要出现的卡通小动物是什么？,小鸡,小狗,小猫,小熊,A,14.852
vid_2384,2384.mp4,7,视频中的男子主要在做什么？,厨房炒菜做饭,下车后步行进店,操场打篮球,泳池游泳,B,14.86
vid_2385,2385.mp4,10,视频主要展示的动物是什么？,仓鼠,兔子,猫,狗,D,14.86
vid_2386,2386.mp4,1,视频里成队的制服人员主要在做什么？,齐步向前行进,原地站岗执勤,表演文艺节目,清扫路面垃圾,A,14.86
vid_2387,2387.mp4,5,视频中的人物主要在做什么？,扫地,看书,跳舞,做饭,C,14.861
vid_2388,2388.mp4,6,视频中的人物主要在做什么？,户外跑步,躺在床上,桌前学习,厨房做饭,B,14.861
vid_2389,2389.mp4,2,视频中的人物主要穿着什么服饰？,医院医护服,休闲运动套装,传统民族服饰,正式西装礼服,C,14.861
vid_2390,2390.mp4,14,视频里的男子主要处于什么状态？,悬浮在空中,水中游泳,驾驶汽车,在路面行走,A,14.861
vid_2391,2391.mp4,11,视频中的女士主要在做什么？,做饭,画画,跳舞,打球,C,14.861
vid_2392,2392.mp4,8,视频中的人物主要在做什么？,打扫卫生,伏案学习,集体跳舞律动,吃饭聚餐,C,14.861
vid_2393,2393.mp4,3,视频中的女士主要在做什么？,打扫房间,跳舞锻炼,烹饪做饭,试穿展示外套,D,14.861
vid_2394,2394.mp4,17,视频中的人们主要在做什么？,收割庄稼,修建房屋,撒网捕鱼,抬运猪,D,14.861
vid_2395,2395.mp4,15,视频中的人群主要在参与什么活动？,毕业典礼,科技展览,滑雪比赛,马拉松活动,D,14.88
vid_2396,2396.mp4,4,视频主要展示了什么活动？,玩手机游戏,演唱歌曲,烹饪饭菜,户外登山,A,14.88
vid_2397,2397.mp4,9,视频里的男子出现了以下哪种情况？,坐着写字办公,站着切菜做饭,从坐着的凳子摔到地面,蹲着搓洗衣服,C,14.882
vid_2398,2398.mp4,16,视频中的动物玩具主要在做什么？,水中游动,奔跑跳跃,啃咬泥土,卧地休息,C,14.882
vid_2399,2399.mp4,1,视频中人物主要在做什么？,弹奏乐器,写硬笔书法,打扫卫生,烹饪炒菜,B,14.883
vid_2400,2400.mp4,6,视频里的男子主要在做什么？,餐厅里炒菜,面对镜头自拍,教室里上课,操场上跑步,B,14.883
vid_2401,2401.mp4,10,视频中的女性主要在做什么？,跳舞,骑车,走路,跑步,C,14.883
vid_2402,2402.mp4,5,视频里持笔的手主要在做什么？,写字,扫地,做饭,画画,D,14.883
vid_2403,2403.mp4,7,视频拍摄的主要场景是哪里？,室外篮球场,餐馆后厨,海边沙滩,室内教室,A,14.883
vid_2404,2404.mp4,13,视频中的人物主要在做什么？,设计打理发型,演唱歌曲,制作饭菜,维修家电,A,14.883
vid_2405,2405.mp4,12,视频中的人物主要在做什么？,烹饪制作食物,弹奏乐器,清洁汽车内饰,栽种植物,C,14.883
vid_2406,2406.mp4,4,视频中的人物主要在做什么？,弹奏乐器,打扫卫生,烹饪做饭,展示穿搭,D,14.884
vid_2407,2407.mp4,9,视频中出现的知名英雄形象是？,蝙蝠侠,蜘蛛侠,钢铁侠,奥特曼,D,14.884
vid_2408,2408.mp4,3,视频中后方桌旁的男子主要在做什么？,吃饭,睡觉,看书,扫地,A,14.884
vid_2409,2409.mp4,14,视频中的人物主要在做什么？,洗衣服,做空翻动作,写作业,打羽毛球,B,14.884
vid_2410,2410.mp4,2,视频主要展示的待配送货品是什么？,生鲜整鸡,新鲜水果,袋装大米,瓶装饮料,A,14.884
vid_2411,2411.mp4,16,视频沿路主要展示什么景物？,施工的围挡,成片的麦田,散落的乱石,盛放的鲜花,D,14.884
vid_2412,2412.mp4,11,视频中的人物主要在做什么？,炒菜做饭,跑步锻炼,伏案写字,对着镜头做手势,D,14.884
vid_2413,2413.mp4,15,视频主要展示的景观是什么？,海洋,冰川,森林,沙漠,B,14.884
vid_2414,2414.mp4,8,视频的主要场景是哪里？,装修施工工地,餐厅后厨,医院病房,学校教室,A,14.884
vid_2415,2415.mp4,17,视频中的两位女士主要在做什么？,画画,打球,做饭,跳舞,D,14.884
vid_2416,2416.mp4,13,视频中的人物主要在做什么？,围坐吃饭,打球运动,伏案写作,跳舞表演,A,14.9
vid_2417,2417.mp4,7,视频主要展示的物体是什么？,电动车,自行车,汽车,摩托车,C,14.905
vid_2418,2418.mp4,12,视频中两位人物主要在做什么？,牵手走路,开车兜风,游泳玩水,做饭吃饭,A,14.905
vid_2419,2419.mp4,5,视频里的游戏角色主要在做什么？,挥剑攻击敌人,烹饪食物,射箭破坏木桩,弹奏乐曲,C,14.906
vid_2420,2420.mp4,1,视频中的人物主要在做什么？,跑步,做饭,弹琴,自拍,D,14.906
vid_2421,2421.mp4,6,视频主要展示的行为是什么？,厨房炒菜做饭,操场跑步锻炼,自动售货机买水,教室听课学习,C,14.906
vid_2422,2422.mp4,2,视频主要展现的是哪类场景？,追悼现场,聚餐现场,演出现场,婚礼现场,A,14.908
vid_2423,2423.mp4,14,视频中反复出现的飞行动物是？,蜻蜓,蜜蜂,燕子,蝴蝶,C,14.908
vid_2424,2424.mp4,17,视频中的人物主要在做什么？,对着镜头自拍,在厨房做饭,在教室写作业,在操场跑步,A,14.908
vid_2425,2425.mp4,11,视频主要展示的是什么？,广阔的草原,开花的果树林,海边的沙滩,城市的街道,B,14.908
vid_2426,2426.mp4,10,视频中随处大量堆放的建材是什么？,红砖,玻璃,钢筋,木材,A,14.908
vid_2427,2427.mp4,3,视频的主要场景是哪里？,学校教室,居民家中,大型商场,狭窄小巷,D,14.908
vid_2428,2428.mp4,4,视频里的人物主要在做什么？,对着镜头做手部动作,清洗衣物,吃饭用餐,伏案写字,A,14.908
vid_2429,2429.mp4,8,视频中的人物主要在做什么？,生火做饭,打球运动,跳舞表演,田间锄地,D,14.908
vid_2430,2430.mp4,15,视频中的女生主要在做什么？,踢矿泉水瓶,绘画创作,击打沙袋,整理衣物,A,14.921
vid_2431,2431.mp4,9,视频中的人物主要在做什么？,跑步锻炼身体,写字画画,做饭炒菜,做各种面部表情,D,14.928
vid_2432,2432.mp4,13,视频中的男子主要在做什么？,炒菜做饭,对镜展示穿搭,跑步锻炼,批改作业,B,14.929
vid_2433,2433.mp4,1,视频中的人物主要在做什么？,自拍展示写真,打扫卫生,打羽毛球,烹饪做饭,A,14.929
vid_2434,2434.mp4,12,视频里的人物主要在做什么？,烹饪做饭,伏案办公学习,跳舞表演,体育锻炼,B,14.929
vid_2435,2435.mp4,7,视频中的人物主要在做什么？,打篮球,踢足球,打乒乓球,打羽毛球,A,14.929
vid_2436,2436.mp4,16,视频中出镜最久的人物外套主色调是？,明黄色,翠绿色,深蓝色,粉红色,C,14.929
vid_2437,2437.mp4,10,视频中的人物主要在做什么？,跑步,做饭,看书,洗脸,D,14.93
vid_2438,2438.mp4,6,视频中人物主要在做什么？,清洗衣服,缝制衣服,熨烫衣服,给卫衣抽绳打结,D,14.93
vid_2439,2439.mp4,11,视频中的小男孩主要在做什么？,吃食物,画画,帮人穿拖鞋,搭积木,C,14.931
vid_2440,2440.mp4,2,视频中的女士主要在做什么？,跑步锻炼,写字办公,烹饪做饭,对着镜头自拍,D,14.931
vid_2441,2441.mp4,5,视频主要展示的是什么？,大量自行车,客运大客车,各式电动车辆,燃油摩托车,C,14.931
vid_2442,2442.mp4,3,视频主要展示的核心对象是什么？,小型盆栽,中老年男性,年轻女性,家养宠物猫,C,14.931
vid_2443,2443.mp4,14,视频中的男子主要在做什么？,打乒乓球,打扫卫生,做饭炒菜,拿着扇子跳舞,D,14.931
vid_2444,2444.mp4,4,视频中的人物主要在做什么？,装修施工作业,跑步锻炼,跳舞表演,烹饪做饭,A,14.931
vid_2445,2445.mp4,12,视频中的小女孩主要在做什么？,玩积木,写作业,叠被子,煮饭菜,A,14.931
vid_2446,2446.mp4,16,视频中的老年女性主要在做什么？,田间劳作,伏案写字,炒菜做饭,做手部手势动作,D,14.931
vid_2447,2447.mp4,17,视频主要展示的成排车辆是什么？,消防车队,环卫车队,婚礼车队,工程车队,C,14.931
vid_2448,2448.mp4,9,视频中人物拿起展示的物体是什么？,带壳花生,小石子,新鲜花瓣,碎纸片,A,14.931
vid_2449,2449.mp4,8,视频中的人物主要在做什么？,粉刷室内墙壁,铺设屋顶瓦片,铺设室内地砖,收割田间庄稼,B,14.931
vid_2450,2450.mp4,15,视频中的人物主要在做什么？,在舞台跳舞,在泳池游泳,坐着眺望山景,在厨房做饭,C,14.931
vid_2451,2451.mp4,13,视频中的男子主要在做什么？,打扫房间,弹奏乐器,修理汽车,处理青草,D,14.934
vid_2452,2452.mp4,1,视频中男子主要在做什么运动？,踢足球,打排球,打篮球,打羽毛球,A,14.938
vid_2453,2453.mp4,10,视频主要展示的人物是？,老奶奶,年轻男子,小女孩,男童,B,14.953
vid_2454,2454.mp4,5,视频中男子主要在做什么？,弹奏钢琴,清洗衣物,用气球制作椅子,炒制菜肴,C,14.953
vid_2455,2455.mp4,17,视频中的人物主要在做什么？,打球,看书,跳舞,做饭,C,14.953
vid_2456,2456.mp4,7,视频主要展示的动物是什么？,狗,鹅,猫,兔子,A,14.953
vid_2457,2457.mp4,6,视频中的女性主要在做什么？,修理三轮车,弹奏乐器,整理货品的遮盖布,跳舞表演,C,14.953
vid_2458,2458.mp4,15,视频主要展示的是什么？,汽车,自行车,摩托车,电动车,A,14.954
vid_2459,2459.mp4,2,视频主要展示了什么场景？,室内起火冒烟,家庭聚会用餐,打扫房间卫生,室内进水被淹,D,14.954
vid_2460,2460.mp4,11,视频里的女性主要在做什么？,做饭,跳舞,扫地,自拍,D,14.954
vid_2461,2461.mp4,4,视频主要展示的天气景象是？,下雪天,雾霾天,大晴天,下雨天,A,14.954
vid_2462,2462.mp4,9,视频里的女士主要在做什么？,跑步锻炼,对着镜头说话,炒菜做饭,伏案写字,B,14.954
vid_2463,2463.mp4,8,视频中的人物主要在做什么？,弹奏钢琴,对着镜头自拍,烹饪做饭,打羽毛球,B,14.954
vid_2464,2464.mp4,3,视频拍摄的主要场景是哪里？,居民住宅,在建工地,学校教室,超市卖场,B,14.954
vid_2465,2465.mp4,14,视频里的男子主要在做什么？,给甘蔗削叶,翻挖土地,采摘鲜果,收割水稻,A,14.954
vid_2466,2466.mp4,16,视频主要展示的家居用品是什么？,电热水壶,饭菜保温板,圆形餐桌,家用电磁炉,B,14.959
vid_2467,2467.mp4,13,视频中的人物主要在做什么？,对着镜头说话,跳广场舞,烹饪做饭,跑步锻炼,A,14.967
vid_2468,2468.mp4,12,视频中的人物主要在进行什么活动？,做饭,打篮球,画画,打麻将,D,14.975
vid_2469,2469.mp4,1,视频中主要出现的动物是？,兔子,狗,猫,仓鼠,B,14.975
vid_2470,2470.mp4,5,视频中的小男孩主要在做什么？,扫地,看手机,跳绳,画画,B,14.976
vid_2471,2471.mp4,6,视频中的小孩主要在做什么？,打扫地面,画画,拍皮球,展示网中物品,D,14.976
vid_2472,2472.mp4,7,系围裙的男士主要在做什么？,弹奏乐器,打扫房间卫生,端菜摆到餐桌上,清洗衣物,C,14.976
vid_2473,2473.mp4,6,视频中人们主要在做什么？,制作手工制品,打扫房间卫生,处理手部伤口,练习书法,C,14.977
vid_2474,2474.mp4,11,视频中的两人主要在做什么？,跑步锻炼,炒菜做饭,伏案写字,持花互动,D,14.977
vid_2475,2475.mp4,17,视频的主要拍摄场景是哪里？,汽车内部,海边沙滩,学校教室,家庭厨房,A,14.977
vid_2476,2476.mp4,13,男子怀中抱着的主要物品是什么？,陶瓷水杯,普通抱枕,小猪玩偶,新鲜苹果,C,14.977
vid_2477,2477.mp4,1,视频里塑料袋中盛放的主要物品是？,玩具,香烟,文具,水果,B,14.977
vid_2478,2478.mp4,4,视频里的人物主要在做什么？,踢足球,跑步,打排球,打篮球,B,14.977
vid_2479,2479.mp4,17,视频拍摄的主要场景是哪里？,室内游泳馆,学校教室,露天烧烤夜市,写字楼办公室,C,14.977
vid_2480,2480.mp4,9,视频里的人物主要在做什么？,唱歌,写字,吃东西,跳舞,C,14.977
vid_2481,2481.mp4,10,视频主要展示的内容是？,男子不同场景留影,汽车组装过程,农田收割作业,专业舞蹈教学,A,14.977
vid_2482,2482.mp4,12,视频主要展示了什么？,道路行驶的汽车,超市货架商品,穿绣花民族服饰的男子,林间野生大熊猫,C,14.977
vid_2483,2483.mp4,8,视频中的主要场景位于哪里？,写字楼内,乡村户外,城市商业街,海边沙滩,B,14.977
vid_2484,2484.mp4,16,视频里的人物主要在做什么？,跳广场舞,织毛衣,包饺子,写春联,C,14.977
vid_2485,2485.mp4,10,视频中的人物主要在做什么？,对着镜头留影,教室上课学习,围坐聚餐吃饭,跑步登山赶路,A,14.977
vid_2486,2486.mp4,14,视频里的女子主要在做什么？,修缮房屋,喂养家禽,清洗衣物,打扫庭院,B,14.977
vid_2487,2487.mp4,2,视频主要展示的场景是什么？,白天室内教室,乡村农田野外,夏日海边沙滩,夜晚户外灯展,D,14.977
vid_2488,2488.mp4,14,视频拍摄的主要场地是？,写字楼办公室,废品回收站,服装专卖店,蔬菜大棚,B,14.977
vid_2489,2489.mp4,5,视频拍摄的主要场景是哪里？,汽车内部,餐厅后厨,学校教室,海边沙滩,A,14.977
vid_2490,2490.mp4,15,视频中主要人物在做什么？,集体跳广场舞,迎接亲友并献花拥抱,排队检票进入车站,排队购买商品,B,14.977
vid_2491,2491.mp4,7,视频里的人物主要在做什么？,跳舞,做饭,打球,画画,A,14.977
vid_2492,2492.mp4,3,视频拍摄的主要场景是哪里？,游泳池,餐厅,图书馆,篮球场,A,14.977
vid_2493,2493.mp4,4,视频主要展示人们在做什么？,体育比赛,舞台表演,超市购物,接种疫苗,D,14.999
vid_2494,2494.mp4,3,视频里的男子主要在做什么？,对着镜头说话,弹奏钢琴,在操场跑步,炒菜做饭,A,14.999
vid_2495,2495.mp4,8,视频中的人物主要在做什么？,步行赶路,修理车辆,骑自行车,驾驶摩托车,D,14.999
vid_2496,2496.mp4,11,视频里的小孩主要在做什么？,吃饭,画画,练习踢腿,看书,C,14.999
vid_2497,2497.mp4,15,视频中的人物主要在做什么？,跳舞,写字,唱歌,吃东西,D,14.999
vid_2498,2498.mp4,9,视频主要展示的是什么？,家电说明书,花园设计图纸,数学习题内容,动物摄影作品,B,14.999
vid_2499,2499.mp4,2,视频主要展示的物体是什么？,自行车,汽车,电动车,摩托车,B,14.999
vid_2500,2500.mp4,16,视频拍摄的主要场景是哪里？,厨房,卧室,教室,海边,A,15.0
vid_2501,2501.mp4,5,视频中出现的女士身处什么场景？,水边岸边,车间里面,沙漠里面,舞台上面,A,15.001
vid_2502,2502.mp4,1,视频中的人物主要在做什么？,跳舞,做饭,唱歌,打球,C,15.001
vid_2503,2503.mp4,17,视频中的男子主要在做什么？,在厨房烹饪食材,在教室上课学习,在操场跑步锻炼,在树上摆弄枝上物体,D,15.001
vid_2505,2505.mp4,7,视频中的人物主要在做什么？,做各类手部动作,烹饪炒菜,跑步跳远,弹奏乐器,A,15.001
vid_2506,2506.mp4,12,视频主要展示的场景是哪里？,教室课堂,厨房内部,海边沙滩,城市十字路口,D,15.001
vid_2507,2507.mp4,6,视频里的人物主要在做什么？,靠在一起休闲,进行跑步比赛,烹饪做饭,弹奏乐器,A,15.001
vid_2508,2508.mp4,3,视频主要展示的是什么？,乡村住宅,山间瀑布,地铁车站,商用写字楼,A,15.001
vid_2509,2509.mp4,14,视频中的小男孩主要在做什么？,骑自行车出行,坐着写作业,拉着行李箱行走,踢足球玩耍,C,15.001
vid_2510,2510.mp4,13,视频中的女性主要在做什么？,在超市购物,在花田摆姿势,在操场打球,在厨房炒菜,B,15.001
vid_2511,2511.mp4,2,视频主要展示的交通工具是什么？,公交车,家用轿车,自行车,电动摩托车,D,15.001
vid_2512,2512.mp4,8,视频主要展示的在建大型设施是什么？,跨河大桥,穿山隧道,体育场馆,高层住宅,A,15.001
vid_2513,2513.mp4,11,视频中台上的男子主要在做什么？,烹饪食物,表演节目,清扫路面,修理家电,B,15.016
vid_2514,2514.mp4,4,视频中的人物主要在做什么？,河中捕鱼,采摘野菜,跳舞表演,厨房做饭,B,15.016
vid_2515,2515.mp4,15,视频中的人物主要在做什么？,跳绳,玩单杠,踢足球,画画,B,15.021
vid_2516,2516.mp4,16,视频主要展示的场景是哪里？,学校校门处,医院门诊外,商场入口处,小区大门外,B,15.022
vid_2517,2517.mp4,9,视频主要展示什么？,摩托车,自行车,汽车,电动车,C,15.022
vid_2518,2518.mp4,13,视频中的人物主要在做什么？,采摘茶叶,修剪果树,收割水稻,种植蔬菜,C,15.023
vid_2519,2519.mp4,8,视频主要展示的是什么内容？,歌舞演出,山水风景,聊天对话,美食制作,C,15.024
vid_2520,2520.mp4,13,视频中男子主要展示的物品是？,苹果,书本,人民币,玩具,C,15.024
vid_2521,2521.mp4,4,视频里的成年男子主要在做什么？,陪小孩在球池玩耍,在厨房炒菜做饭,在书桌写字画画,在操场跑步打球,A,15.024
vid_2522,2522.mp4,4,视频中人物主要在做什么？,自拍,上课,游泳,做饭,A,15.024
vid_2523,2523.mp4,17,视频中的人物主要在做什么？,跑步锻炼,对着镜头说话,烹饪做饭,书写绘画,B,15.024
vid_2524,2524.mp4,13,视频主要展示的内容是什么？,一棵树,一位女士,一辆车,一只猫,B,15.024
vid_2525,2525.mp4,1,视频中的人物主要在做什么？,读书写字,跑步运动,做饭炒菜,对着镜头展示自己,D,15.024
vid_2526,2526.mp4,15,视频中的人物主要在做什么？,对着镜头说话,弹奏乐器,跑步锻炼,烹饪炒菜,A,15.024
vid_2527,2527.mp4,10,视频拍摄的主要场景是哪里？,卫生间,卧室,教室,厨房,D,15.024
vid_2528,2528.mp4,11,视频主要展示的户外场景是哪里？,海边沙滩,林间山路,城市马路路口,乡村农田,C,15.024
vid_2529,2529.mp4,12,视频主要展示什么物品？,一盒蛋糕,一双鞋子,一束鲜花,一摞书籍,C,15.024
vid_2530,2530.mp4,15,视频中的人物主要在做什么？,跳舞表演,静坐休息,蹲身捡物,向前行走,D,15.024
vid_2531,2531.mp4,2,视频中主要出现的动物是什么？,猕猴,野猪,山羊,野兔,B,15.024
vid_2532,2532.mp4,14,视频主要的游玩场景是哪里？,雪山,草原,沙漠,海边,D,15.024
vid_2533,2533.mp4,12,视频主要展示的场景是？,繁华都市商圈,乡村农田,老城街巷河道,海边沙滩,C,15.024
vid_2534,2534.mp4,6,视频中的男子主要在做什么？,跑步锻炼,炒菜做饭,跳街舞,对着镜头讲话,D,15.024
vid_2535,2535.mp4,16,视频主要展示的是哪类场景？,山林自然景区,沙漠戈壁区域,室内体育场馆,城市商业街区,A,15.024
vid_2536,2536.mp4,3,视频中的人物主要在做什么？,做饭,游泳,跳舞,走路,D,15.024
vid_2537,2537.mp4,9,视频主要展示的场景是哪里？,写字楼办公室,乡村户外,高空飞机上,大型超市内,B,15.024
vid_2538,2538.mp4,16,围坐在长桌旁的人们主要在做什么？,下棋打牌,吃火锅,加工处理干货,唱歌跳舞,C,15.024
vid_2539,2539.mp4,5,视频中主要展示的物品是？,书包,雨伞,饭碗,铅笔,B,15.024
vid_2540,2540.mp4,17,视频中的人物主要在做什么？,一同合影,做饭炒菜,打扫卫生,骑车赶路,A,15.024
vid_2541,2541.mp4,10,视频中多次出现的从业者是？,建筑工人,外卖小哥,教师,医护人员,B,15.024
vid_2542,2542.mp4,3,视频开头停在路边的特种车辆是？,环卫车,消防车,警车,救护车,D,15.024
vid_2543,2543.mp4,7,视频中的女士主要在做什么？,弹奏乐器表演,面向镜头说话,操场跑步锻炼,厨房炒菜做饭,B,15.024
vid_2544,2544.mp4,9,视频主要展示的是什么？,文具书本,新鲜果蔬,家用电器,各式儿童服装,D,15.024
vid_2545,2545.mp4,6,视频展现的主要场景是哪里？,安静图书馆,热闹集市,封闭电梯间,无人野外,B,15.024
vid_2546,2546.mp4,1,视频中的人们主要在做什么？,围坐聚餐,跳舞排练,工地施工,课堂听课,A,15.024
vid_2547,2547.mp4,5,视频主要展示的室外场景是？,阳光普照的草地,落叶满地的秋景,被雪覆盖的场景,暴雨积水的路面,C,15.024
vid_2548,2548.mp4,12,视频的主要拍摄场景在哪里？,海底景区,高山峰顶,室内商场中,户外城区道路旁,D,15.024
vid_2549,2549.mp4,14,视频里出现的成年女子主要在做什么,照看幼童,烹饪做饭,开车运货,唱歌跳舞,A,15.024
vid_2550,2550.mp4,2,视频中的人们主要在做什么？,坐旋转木马,滑滑梯,荡秋千,玩碰碰车,C,15.024
vid_2551,2551.mp4,11,视频主要展示什么景观？,沙漠戈壁景观,海边沙滩风光,城市街道景观,山间春日花景,D,15.024
vid_2552,2552.mp4,8,视频画面中央的女士主要在做什么？,吃饭,休息,耕地,跳舞,D,15.024
vid_2553,2553.mp4,7,视频里的女士主要在做什么？,摆动手臂做手势,打篮球,读书写字,烹饪炒菜,A,15.024
vid_2554,2554.mp4,1,视频中人物主要在做什么？,用毛巾擦脸,用梳子梳头发,用笔写作业,用气球摩擦头顶,D,15.033
vid_2555,2555.mp4,10,视频的主要场景是哪里？,医院,教室,图书馆,酒吧,D,15.034
vid_2556,2556.mp4,6,视频主要展示什么场景？,乡村民居,海边沙滩,高山雪场,城市商场,A,15.034
vid_2557,2557.mp4,7,视频中的女士主要在做什么？,躺着休息,站立摆动手臂,蹲着洗衣,坐着看书,B,15.034
vid_2558,2558.mp4,5,视频中的人们主要在做什么？,开会工作,跳舞表演,健身运动,聚餐吃喝,D,15.034
vid_2559,2559.mp4,17,视频中的人物主要在做什么？,踢足球,打篮球,打羽毛球,跳绳,B,15.044
vid_2560,2560.mp4,8,视频中的人物主要在做什么？,户外跑步,坐着面向镜头,厨房炒菜,泳池游泳,B,15.046
vid_2561,2561.mp4,11,视频里的人物主要在做什么？,跳舞,吃东西,写字,打球,B,15.046
vid_2562,2562.mp4,13,视频中的女性主要在做什么？,对着镜头自拍,在厨房做饭,在图书馆看书,在操场跑步,A,15.046
vid_2563,2563.mp4,14,视频的主要拍摄场景是哪里？,户外沙滩,居民家中,学校教室,汽车内部,D,15.046
vid_2564,2564.mp4,3,视频里的人物主要在做什么？,烹饪做饭,弹奏乐器,跑步锻炼,面向镜头自拍,D,15.046
vid_2565,2565.mp4,8,视频中的人物主要在做什么？,跑步锻炼,伏案书写,烹饪炒菜,对着镜头做手势动作,D,15.046
vid_2566,2566.mp4,9,视频主要展示的是什么？,流动的河流,成群的牛羊,行驶的汽车,女性脸部近景,D,15.046
vid_2567,2567.mp4,15,视频中的男子主要在做什么？,读书看报,搞怪表演跳舞,写字画画,做饭炒菜,B,15.046
vid_2568,2568.mp4,4,视频中的黑衣女士主要在做什么？,沿装饰通道边走边做手势,卧床休息睡觉,坐着弹奏钢琴,低头清洗碗碟,A,15.046
vid_2569,2569.mp4,1,视频中的人物主要在做什么？,唱歌,跳舞,吃饭,看书,A,15.046
vid_2570,2570.mp4,17,视频中的女士主要在做什么？,对着镜头说话,跳舞运动,看书写字,炒菜做饭,A,15.046
vid_2571,2571.mp4,2,视频中的人物主要在做什么？,看书写字,跑步锻炼,对着镜头做手部动作,烹饪做饭,C,15.046
vid_2572,2572.mp4,12,视频里的女性主要在做什么？,跳舞,画画,做饭,自拍,D,15.046
vid_2573,2573.mp4,6,视频主要展示的物品是？,儿童玩具,各式服装鞋帽,新鲜的蔬菜水果,大量包装好的工业设备,D,15.046
vid_2574,2574.mp4,2,视频中的人物主要在做什么？,对着镜头做手部动作,跳健身舞蹈,烹饪做饭,伏案写字,A,15.046
vid_2575,2575.mp4,14,视频主要展示的农作物是？,番茄,西瓜,黄瓜,南瓜,D,15.046
vid_2576,2576.mp4,10,视频中的工作人员主要在做什么？,打扫马路,排队购物,街头拍摄,摆摊卖货,C,15.046
vid_2577,2577.mp4,7,视频中多次出现的男子主要在做什么？,讲课,游泳,自拍,跑步,C,15.046
vid_2578,2578.mp4,4,视频里的人物主要在做什么？,对着镜头自拍,跑步锻炼,厨房炒菜,伏案写字,A,15.046
vid_2579,2579.mp4,11,视频中的人物主要在做什么？,在教室写字,对着镜头自拍,在操场打球,在厨房做饭,B,15.046
vid_2580,2580.mp4,16,视频中的人物主要在做什么？,跑步锻炼,写字答题,对着镜头自拍,做饭炒菜,C,15.046
vid_2581,2581.mp4,5,视频中的人物主要在做什么？,在泳池游泳,面向镜头出镜,在舞台跳舞,在农田插秧,B,15.046
vid_2582,2582.mp4,3,视频中的人物主要在做什么？,自拍,画画,打球,做饭,A,15.046
vid_2583,2583.mp4,13,视频里的男子主要在做什么？,炒菜做饭,驾驶车辆,写字办公,唱歌跳舞,D,15.047
vid_2584,2584.mp4,16,视频中的工作人员主要在做什么？,维修公共设施,开展防疫相关工作,售卖各类商品,表演文艺节目,B,15.047
vid_2585,2585.mp4,10,视频中的人物主要处于什么状态？,游泳,坐着面向镜头,跳跃,跑步,B,15.047
vid_2586,2586.mp4,17,视频中的女士主要在做什么？,教室讲课板书,户外拍照留影,厨房炒菜做饭,工厂加工零件,B,15.047
vid_2587,2587.mp4,8,视频中穿反光背心的人员主要在做什么？,交通执法沟通,跳广场舞,维修车辆,售卖商品,A,15.047
vid_2588,2588.mp4,1,视频右侧的男孩主要在做什么？,吃零食,待在铁丝架里,原地拍皮球,搭积木玩耍,B,15.047
vid_2589,2589.mp4,15,视频中的人物主要在做什么？,操场跑步锻炼,教室伏案写字,对着镜头拍摄,厨房烹饪做菜,C,15.047
vid_2590,2590.mp4,5,视频中的人物主要在做什么？,烹饪做饭,打扫卫生,阅读书籍,准备抽烟,D,15.047
vid_2591,2591.mp4,11,视频主要展示什么？,厨房烹饪过程,多张拍立得照片,野生动物纪录片,足球赛事录像,B,15.047
vid_2592,2592.mp4,2,视频主要展示的是什么场景？,深山原始森林,热带海岛沙滩,城市路桥及周边建筑,室内办公场所,C,15.047
vid_2593,2593.mp4,14,视频中人物主要在做什么？,弹奏钢琴,缝制衣服,清洗蔬菜,拆开包装袋倒出物品,D,15.047
vid_2594,2594.mp4,5,视频中前景的女士主要在做什么？,伏案写字,对着镜头自拍,烹饪做饭,跑步运动,B,15.047
vid_2595,2595.mp4,9,视频中的人物主要在做什么？,球场踢球,厨房做饭,户外自拍,教室上课,C,15.047
vid_2596,2596.mp4,4,视频中大量堆叠摆放的物品是什么？,金属零件,玻璃酒瓶,毛绒玩具,袋装货品,D,15.047
vid_2597,2597.mp4,7,视频中的女士主要在做什么？,对着镜头笑,做饭炒菜,跑步锻炼,写字画画,A,15.047
vid_2598,2598.mp4,7,视频中的人物主要在做什么？,炒菜做饭,跑步运动,写字画画,唱歌跳舞,A,15.047
vid_2599,2599.mp4,1,视频主要展示的场所是哪里？,普通民居室内外,大型超市,工厂车间,学校教室,A,15.047
vid_2600,2600.mp4,6,视频中的小女孩主要在做什么？,拍皮球,踢足球,玩户外健身器材,跳皮筋,C,15.047
vid_2601,2601.mp4,14,视频中的两位人物主要在做什么？,围坐吃饭,站着互动交谈,游泳戏水,滑雪运动,B,15.047
vid_2602,2602.mp4,13,视频主要展示的是什么场景？,室内体育馆,繁华商业街道,高山滑雪场,临湖公园步道,D,15.047
vid_2603,2603.mp4,12,视频中的主要人物正在做什么？,专注弹奏钢琴,弯腰清扫地面,驾驶汽车行驶,面向镜头互动展示,D,15.047
vid_2604,2604.mp4,16,视频的主要拍摄场景是哪里？,户外残雪空地,室内游泳馆,地下停车场,室内居民卧室,A,15.047
vid_2605,2605.mp4,10,视频里的人们主要在做什么？,摆摊售卖水果,集体开展拔河比赛,往火里投放物品焚烧,结伴跳广场舞,C,15.047
vid_2606,2606.mp4,3,视频主要展示的场景是哪里？,原始森林,户外城镇步道,室内游泳馆,海边沙滩,B,15.047
vid_2607,2607.mp4,9,视频中女子头上佩戴的显眼物品是？,针织毛线帽,华丽古风头饰,草编遮阳帽,运动鸭舌帽,B,15.047
vid_2608,2608.mp4,6,视频主要展示的内容是什么？,自然风景片段,各类人物照片,卡通动画内容,美食制作过程,B,15.047
vid_2609,2609.mp4,12,视频里的人们主要在做什么？,在户外溪水中活动,在操场跑步比赛,在室内做饭吃饭,在舞台唱歌表演,A,15.047
vid_2610,2610.mp4,15,视频主要展示的动物是什么？,鸭,猫,鸡,狗,D,15.047
vid_2611,2611.mp4,2,视频中人物主要在做什么？,给缝隙打胶收边,拖洗地面地板,烹饪炒菜做饭,修理水龙头,A,15.067
vid_2612,2612.mp4,17,视频中的人物主要在做什么？,打扫卫生,骑自行车,面向镜头说话,打篮球,C,15.067
vid_2613,2613.mp4,4,视频中的人物主要在做什么？,烹饪炒菜,跑步锻炼,伏案写字,对着镜头自拍,D,15.067
vid_2614,2614.mp4,11,视频里的两个人主要在做什么？,操场跑步锻炼,玩躲锅趣味互动,伏案写作业,厨房炒菜做饭,B,15.067
vid_2615,2615.mp4,3,视频里的人们主要在做什么？,跑步锻炼,聚餐吃火锅,参加考试,表演节目,B,15.067
vid_2616,2616.mp4,8,视频拍摄的主要环境是？,城市商场,野外山林,海边沙滩,居家室内,B,15.067
vid_2617,2617.mp4,3,视频主要展示的卡通玩偶是什么？,猫咪,兔子,企鹅,熊猫,C,15.069
vid_2618,2618.mp4,2,视频里的人物主要在做什么？,跑步锻炼,做饭炒菜,坐着面向镜头,弹奏钢琴,C,15.069
vid_2619,2619.mp4,6,视频中的主要人物在做什么？,对着镜头自拍,炒菜做饭,跑步锻炼,伏案写字,A,15.069
vid_2620,2620.mp4,13,视频中人物主要在做什么？,生火做饭,跑步锻炼,上课学习,直播互动,D,15.069
vid_2621,2621.mp4,3,视频里的小朋友主要在做什么？,玩耍,看书,睡觉,吃饭,A,15.069
vid_2622,2622.mp4,6,视频中人物主要在做什么？,切分生日蛋糕,给宾客倒酒,从蛋糕里抽出钱串,点燃生日蜡烛,C,15.069
vid_2623,2623.mp4,1,视频中大量展示的物品是什么？,生鲜蔬果,各类服装,家用电器,运动器械,B,15.069
vid_2624,2624.mp4,4,视频里手持高脚杯的女士正在做什么？,炒菜,看书,跑步,饮酒,D,15.069
vid_2625,2625.mp4,15,视频中的人物主要在做什么？,在户外跑步,在厨房炒菜,对着镜头自拍,伏案写作业,C,15.069
vid_2626,2626.mp4,10,视频中的人物主要在做什么？,在厨房炒菜,弹奏钢琴,跑步锻炼身体,面对镜头自拍,D,15.069
vid_2627,2627.mp4,1,视频里的小朋友主要在做什么？,围坐画画,集体跳绳,排队买东西,通过闸机进门,D,15.069
vid_2628,2628.mp4,9,视频中驾驶位的女士正在做什么？,打扫卫生,驾驶汽车,售卖商品,表演节目,B,15.069
vid_2629,2629.mp4,13,视频中的人物主要在做什么？,厨房做饭,水里游泳,教室上课,路边行走,D,15.069
vid_2630,2630.mp4,17,视频中的人物主要在做什么？,洗碗做饭,唱歌跳舞,摆弄自己的头发,看书学习,C,15.069
vid_2631,2631.mp4,12,视频中的人物主要在做什么？,面向镜头展示,教室写字,操场跑步,厨房烹饪,A,15.069
vid_2632,2632.mp4,3,视频中的女性主要在做什么？,弹奏钢琴,清扫地面,晾晒衣服,开怀大笑,D,15.069
vid_2633,2633.mp4,7,视频里的小朋友主要在做什么？,趴在桌上画画,躺在床上睡觉,坐在地上搭积木,扶着围栏摆弄鞋子,D,15.069
vid_2634,2634.mp4,16,视频中的人物主要在做什么？,弹奏钢琴,做各类手部手势,烹饪炒菜,跑步锻炼,B,15.069
vid_2635,2635.mp4,5,视频中的女士主要在做什么？,工厂车间做工,厨房里做饭炒菜,户外景区游玩拍照,教室内上课学习,C,15.069
vid_2636,2636.mp4,6,视频主要展示的场景是哪里？,建筑工地,学校教室,海边沙滩,商场卖场,A,15.069
vid_2637,2637.mp4,7,视频中人物所穿上衣的主颜色是？,蓝色,绿色,黄色,红色,D,15.069
vid_2638,2638.mp4,11,视频中的女士主要在做什么？,吃东西,洗衣服,写字,跳舞,A,15.069
vid_2639,2639.mp4,1,视频中的人物主要在做什么？,跑步锻炼,跳舞表演,做饭炒菜,自拍记录,D,15.069
vid_2640,2640.mp4,9,视频主要展示什么？,包装礼盒,鲜花花束,双层祝寿蛋糕,水果拼盘,C,15.069
vid_2641,2641.mp4,5,手持麦克风的女士正在做什么？,跳舞,写字,唱歌,跑步,C,15.069
vid_2642,2642.mp4,15,视频中的人物主要在做什么？,做饭,扫地,跳舞,画画,A,15.069
vid_2643,2643.mp4,16,视频中的人物主要在做什么？,伏案写字,烹饪炒菜,跑步锻炼,对着镜头自拍,D,15.069
vid_2644,2644.mp4,15,视频中的主要人物在做什么？,自拍,看书,做饭,跑步,A,15.069
vid_2645,2645.mp4,8,视频中大量出现的车辆是？,教练车,消防车,救护车,警车,A,15.069
vid_2646,2646.mp4,2,画面中黄色圆片上勾勒的图案是什么形状？,正方形,圆形,三角形,五角星,C,15.069
vid_2647,2647.mp4,16,视频中的人物主要在做什么？,操场跑步锻炼,伏案写字学习,厨房炒菜做饭,面向镜头自拍,D,15.069
vid_2648,2648.mp4,4,视频中的人物主要在做什么？,做饭,跳舞,跑步,自拍,D,15.069
vid_2649,2649.mp4,8,视频中的男子主要在做什么？,做饭,开车,打球,画画,B,15.069
vid_2650,2650.mp4,16,视频中的两个人主要在做什么？,一起做饭炒菜,慢走散步锻炼,安静看书学习,踢脚互动玩闹,D,15.069
vid_2651,2651.mp4,13,视频中的人物主要在做什么？,做饭,跑步,自拍,绘画,C,15.069
vid_2652,2652.mp4,17,视频中主要出现的人物是？,成年女性,小男孩,小女孩,老年男性,A,15.069
vid_2653,2653.mp4,15,视频中的人物主要在做什么？,排队购买商品,列队行进做动作,安静坐着吃饭,打扫地面卫生,B,15.069
vid_2654,2654.mp4,14,视频里的人群主要在做什么？,沿石阶向下走,站着拍照,舞台上跳舞,划船游湖,A,15.069
vid_2655,2655.mp4,5,视频主要展示什么？,悬挂晾晒的腊味,散养的活家禽,成套的木质家具,新鲜的蔬菜水果,A,15.069
vid_2656,2656.mp4,11,视频中的人物主要在做什么？,在教室上课,在餐厅吃饭,在泳池里玩水,在厨房做饭,C,15.069
vid_2657,2657.mp4,7,视频里的女士主要处于什么状态？,站着,跳舞,坐着,奔跑,C,15.069
vid_2658,2658.mp4,9,视频中的人物主要在做什么？,在桥面向前跑动,在厨房烹饪做饭,坐着安静阅读,在泳池游泳,A,15.069
vid_2659,2659.mp4,10,视频中的女子主要在做什么？,怀抱婴儿,跑步锻炼,写字画画,烹饪做饭,A,15.069
vid_2660,2660.mp4,4,视频主要展示什么场景？,都市街巷,雪山草原,湖畔风光,沙漠戈壁,C,15.069
vid_2661,2661.mp4,12,视频中主要出镜的女士在做什么？,做饭,跑步,跳舞,自拍,D,15.069
vid_2662,2662.mp4,7,视频主要拍摄的场景是哪里？,居民家中,户外游乐场地,室内餐厅,医院诊室,B,15.069
vid_2663,2663.mp4,14,视频中的人物主要在做什么？,跳舞,画画,做饭,跑步,D,15.069
vid_2664,2664.mp4,8,视频中的人物主要在做什么？,教室上课学习,厨房烹饪做饭,街边自拍行走,泳池游泳锻炼,C,15.069
vid_2665,2665.mp4,5,视频中的室外是什么天气？,下雨,大风,晴天,下雪,D,15.069
vid_2666,2666.mp4,10,视频中的人物主要在做什么？,包饺子,滑雪,画画,走台阶,D,15.069
vid_2667,2667.mp4,1,视频中的小孩主要在做什么？,追逐打闹,骑自行车,驾驶儿童玩具车,滑旱冰,C,15.069
vid_2668,2668.mp4,10,视频里的路边摊位主要售卖什么？,鲜花,书籍,水果,玩具,A,15.069
vid_2669,2669.mp4,14,视频里的女士主要在做什么？,跑步健身,搭配展示服饰包袋,炒菜做饭,看书学习,B,15.069
vid_2670,2670.mp4,9,视频拍摄的主要场景是哪里？,海边的沙滩,白天的教室,夜晚城市街边,家中的厨房,C,15.069
vid_2671,2671.mp4,2,视频拍摄的主要户外场景是哪里？,居民楼旁道路,大型商场内部,高山滑雪场,海滨浴场沙滩,A,15.069
vid_2672,2672.mp4,12,视频里的小男孩主要在做什么？,草地上踢球,坐岸边休息,在水中游泳,走水上吊木桥,D,15.069
vid_2673,2673.mp4,17,视频中的人物主要在做什么？,登山爬石阶,厨房做饭,跳舞表演,河边钓鱼,A,15.069
vid_2674,2674.mp4,13,视频中的人们主要在做什么？,在铁路上施工,在厨房做饭,在河边钓鱼,在舞台表演,A,15.069
vid_2675,2675.mp4,11,视频主要展示的自然景观是什么？,草原,瀑布,雪山,沙漠,B,15.069
vid_2676,2676.mp4,6,视频中的女士主要在做什么？,厨房炒菜做饭,伏案写作业,沿路向前行走,泳池里游泳,C,15.069
vid_2677,2677.mp4,12,视频里的女性主要在做什么？,给作物浇水,采摘玉米,拔除杂草,往玉米植株上粘贴纸张,D,15.069
vid_2678,2678.mp4,15,视频主要展示的是什么？,宠物猫狗,海洋鱼类,各类草本植物,高楼建筑,C,15.07
vid_2679,2679.mp4,8,视频主要展示了什么过程？,修汽车,织毛衣,画人像,种蔬菜,C,15.07
vid_2680,2680.mp4,12,视频里人们主要在做什么？,表演舞台节目,排队等候乘车,参加体育比赛,围坐桌边聚餐,D,15.07
vid_2681,2681.mp4,4,视频主要展示的场景是什么？,拥挤的城市街区,蓄满水的湖泊,热闹的海边沙滩,干涸无水的水库,D,15.07
vid_2682,2682.mp4,12,视频中人物主要在做什么？,在纸上写字,踢足球,吃零食,清洗碗筷,A,15.07
vid_2683,2683.mp4,16,视频中人物主要在做什么？,厨房做饭,展示特效变装,跳舞表演,练习书法,B,15.07
vid_2684,2684.mp4,12,视频的主要拍摄场景在哪里？,卧室,教室,餐厅,船上,D,15.07
vid_2685,2685.mp4,9,视频主要展示的对象是什么？,瀑布景观,宠物猫咪,自行车,长发女士,D,15.07
vid_2686,2686.mp4,16,视频里的小女孩主要在做什么？,画画,唱歌,吃饭,写字,C,15.07
vid_2687,2687.mp4,10,视频中人物主要在做什么？,跑步锻炼,弹奏钢琴,清洗餐具,展示特色妆容,D,15.07
vid_2688,2688.mp4,2,视频中主要展示的动物是？,猫,狗,蛇,兔子,C,15.07
vid_2689,2689.mp4,17,视频的主要场景是在哪里？,草原牧场,城市十字路口,高山山顶,室内游泳馆,B,15.07
vid_2690,2690.mp4,6,视频中的女士主要在做什么？,对着镜头摆姿势,烹饪做饭,打扫卫生,弹奏乐器,A,15.07
vid_2691,2691.mp4,17,视频中的人物主要在做什么？,打羽毛球,打扫房间,依偎着面对镜头,弹奏乐器,C,15.07
vid_2692,2692.mp4,4,视频中男子主要在做什么？,修理家用电器,打扫房间卫生,照料怀中婴儿,烹饪饭菜,C,15.07
vid_2693,2693.mp4,5,视频中正在进行的主要行为是什么？,室内看书,户外跑步,驾驶汽车行驶,海上划船,C,15.07
vid_2694,2694.mp4,2,视频主要展示的是什么？,一座大山,一位女士,一辆汽车,一只小狗,B,15.07
vid_2695,2695.mp4,14,视频中出现的人物主要在做什么？,睡觉,看书,玩手机,吃饭,C,15.07
vid_2696,2696.mp4,3,视频主要展示了什么？,一束鲜花,一名小婴儿,一台笔记本电脑,一只宠物狗,B,15.07
vid_2697,2697.mp4,2,视频里车辆行驶时遭遇的天气是？,大雾,沙尘,下雨,晴天,C,15.07
vid_2698,2698.mp4,6,视频中的女性主要在做什么？,跳广场舞,对着镜头自拍,看书学习,做饭炒菜,B,15.07
vid_2699,2699.mp4,7,视频中的人物主要在做什么？,跑步运动,书写作业,烹饪炒菜,拉下口罩露出脸部,D,15.07
vid_2700,2700.mp4,4,视频中的成年人主要在做什么？,抱着小孩,炒菜做饭,骑车出行,打扫卫生,A,15.07
vid_2701,2701.mp4,17,视频中的人物主要在做什么？,跳健身操,写字画画,烹饪做菜,对着镜头讲话,D,15.07
vid_2702,2702.mp4,14,视频里的男子主要在做什么？,跳舞表演,做饭炒菜,快速奔跑,慢走或站立,D,15.07
vid_2703,2703.mp4,3,视频中的人物主要在做什么？,伏案写字,操场跑步,厨房做饭,对镜自拍,D,15.07
vid_2704,2704.mp4,9,视频中的人物主要处于什么状态？,低头伏案写字,正脸面向镜头,做跳跃运动,背对镜头走路,B,15.07
vid_2705,2705.mp4,1,视频主要展示的是什么景观？,天空云霞,汹涌海浪,城市楼宇,茂密森林,A,15.07
vid_2706,2706.mp4,9,视频中人物的手主要在做什么？,展示瓶装酒,倾倒酒水,擦拭桌面,夹取菜肴,A,15.07
vid_2707,2707.mp4,16,视频中的狗主要在做什么？,追逐玩耍,啃咬骨头,卧地睡觉,叼衣架挂衣服,D,15.07
vid_2708,2708.mp4,8,视频中的人物主要在做什么？,户外跑步锻炼,烹饪炒菜做饭,对着镜头说话,弹奏乐器表演,C,15.07
vid_2709,2709.mp4,11,视频中的桌子上主要放着什么？,五金工具,做好的菜肴,新的衣服,书本作业,B,15.07
vid_2710,2710.mp4,7,视频中的人物主要在做什么？,包饺子,写作业,洗衣服,跳舞蹈,A,15.07
vid_2711,2711.mp4,7,视频中的人物主要在做什么？,写字看书,跑步锻炼,对着镜头自拍,炒菜做饭,C,15.07
vid_2712,2712.mp4,9,视频主要展示了什么？,一只小狗,一片树林,一位女士,一台挖掘机,C,15.07
vid_2713,2713.mp4,13,视频中的人物主要在做什么？,教室授课,田间劳作,户外自拍,厨房烹饪,C,15.07
vid_2714,2714.mp4,11,视频中的人们主要在做什么？,踢足球,打篮球,跳绳,打羽毛球,B,15.07
vid_2715,2715.mp4,1,视频中的人物主要在做什么？,看书,准备烹饪食材,跳舞,画画,B,15.07
vid_2716,2716.mp4,1,视频里的小宝宝主要是什么姿态？,跳跃,奔跑,站着,躺着,D,15.07
vid_2717,2717.mp4,15,视频中的人物主要在做什么？,对着镜头表演,操场跑步锻炼,伏案写字做题,打扫房间卫生,A,15.07
vid_2718,2718.mp4,2,视频里的人们主要在做什么？,工地干活,聚餐互动,医院看病,课堂学习,B,15.07
vid_2719,2719.mp4,9,视频中的人物主要在做什么？,跳舞,画画,吃饭,打球,A,15.07
vid_2720,2720.mp4,10,视频中的人物主要在做什么？,对着镜头自拍,跑步锻炼,烹饪做饭,弹奏乐器,A,15.07
vid_2721,2721.mp4,4,视频拍摄的主要场景是哪里？,餐厅后厨,工厂车间,学校教室,居民住宅,B,15.07
vid_2722,2722.mp4,14,视频里的人物主要在做什么？,扫地,画画,跳舞,吃东西,D,15.07
vid_2723,2723.mp4,11,视频的主要场景是哪里？,学校教室,居家客厅,超市卖场,户外露营场地,D,15.07
vid_2724,2724.mp4,9,视频里的人物主要在做什么？,聚餐吃喝,唱歌表演,跑步锻炼,上课学习,A,15.07
vid_2725,2725.mp4,1,视频后半段展示的烤制食物是什么？,蛋糕,饼干,面包,月饼,D,15.07
vid_2726,2726.mp4,8,视频中的人物主要在做什么？,跑步锻炼,洗菜做饭,对着镜头说话,弹奏乐器,C,15.07
vid_2727,2727.mp4,5,视频呈现的是哪个场合的相关场景？,婚礼,葬礼,课堂教学,体育比赛,A,15.07
vid_2728,2728.mp4,12,视频中的主要场景是哪里？,汽车内,厨房内,教室内,卧室内,A,15.07
vid_2729,2729.mp4,8,视频中的人物主要在做什么？,练习书法,制作食物,打扫房间,弹奏钢琴,B,15.07
vid_2730,2730.mp4,1,视频的主要拍摄场景是哪里？,行驶的汽车内,学校的教室中,户外的草坪上,居民家中客厅,A,15.07
vid_2731,2731.mp4,10,视频中的人物主要在做什么？,在操场跑步,在厨房做饭,对着镜头自拍,在教室写字,C,15.07
vid_2732,2732.mp4,13,视频里的人物主要在做什么？,安静伏案写作业,对着镜头做手部动作,在厨房烹饪菜品,骑行自行车赶路,B,15.07
vid_2733,2733.mp4,13,视频主要展示的是什么物体？,毛绒玩偶,新鲜蔬菜,长管道,台式电脑,C,15.07
vid_2734,2734.mp4,4,视频中的人们主要在做什么？,田间劳作,烹饪美食,散步游览,伏案学习,C,15.07
vid_2735,2735.mp4,13,视频里的人物主要位于哪里？,公园湖面上,马路人行道上,商场店铺里,高层住宅楼外窗边,D,15.07
vid_2736,2736.mp4,10,视频中的女士主要在做什么？,球场打篮球,厨房烹饪饭菜,户外自拍行走,教室听课学习,C,15.07
vid_2737,2737.mp4,10,视频拍摄的主要场景是哪里？,学校教室,工厂车间,旅游景区,家庭客厅,B,15.07
vid_2738,2738.mp4,16,视频里的两人主要在做什么？,厨房做饭,驾驶汽车,相拥对镜头互动,游泳比赛,C,15.07
vid_2739,2739.mp4,17,视频主要展示的是什么场所？,居民住宅内,公交车厢内,露天泳池边,大型超市内,A,15.07
vid_2740,2740.mp4,11,视频中的女士主要在做什么？,自拍展示周边环境,烹饪饭菜,骑车出行,跳广场舞,A,15.07
vid_2741,2741.mp4,5,视频主要展示的动物是什么？,猫,仓鼠,狗,兔子,A,15.07
vid_2742,2742.mp4,8,视频中工具夹住提起的物品是什么？,砖块,树叶,棉花,鸡蛋,A,15.07
vid_2743,2743.mp4,7,视频主要展示的交通工具是什么？,火车,轮船,飞机,汽车,C,15.07
vid_2744,2744.mp4,14,视频中的人物主要在做什么？,舞台跳舞表演,室内烹饪做菜,泳池游泳锻炼,户外行走自拍,D,15.07
vid_2745,2745.mp4,14,视频中的人物主要在做什么？,做饭,读书,打球,自拍,D,15.07
vid_2746,2746.mp4,11,视频中的人物主要在做什么？,对着镜头做动作摆身体,做饭炒菜,跑步锻炼,安静坐着阅读,A,15.07
vid_2747,2747.mp4,15,视频的主要拍摄场景是哪里？,卧室床上,工厂车间,菜市场内,郊外山顶,A,15.07
vid_2748,2748.mp4,9,视频中出现的作业工程车辆是？,压路机,吊车,推土机,挖掘机,D,15.07
vid_2749,2749.mp4,13,视频主要展示的场景是哪里？,厨房,教室,海边,卧室,D,15.07
vid_2750,2750.mp4,4,视频中的人物主要在做什么？,跑步运动,写字看书,对着镜头做手势,炒菜做饭,C,15.07
vid_2751,2751.mp4,11,视频里的人们主要在做什么？,聚餐用餐,登台演出,登山探险,课堂学习,A,15.07
vid_2752,2752.mp4,15,视频里的人物主要在对着镜头做什么？,唱歌表演,挥手打招呼,吃饭聚餐,看书学习,B,15.07
vid_2753,2753.mp4,4,视频主要展示了什么？,面向镜头的女性人物,园里盛开的鲜花,厨房的烹饪锅具,林间飞翔的小鸟,A,15.07
vid_2754,2754.mp4,5,视频中的主要场景是哪里？,果园菜地,学校教室,宽敞明亮大厅,海边沙滩,C,15.07
vid_2755,2755.mp4,17,视频里的工人们主要在处理什么物品？,衣服,鞋子,书本,水果,B,15.07
vid_2756,2756.mp4,15,视频主要展示的场景是哪里？,高山林场,城市道路路口,海边浴场,超市卖场,B,15.07
vid_2757,2757.mp4,3,视频拍摄的主要场景在哪里？,教室内,海滩上,汽车内,厨房内,C,15.07
vid_2758,2758.mp4,1,视频里的人物主要在做什么？,采摘野菜,演奏乐器,洗衣服,打篮球,A,15.07
vid_2759,2759.mp4,5,视频中的人物主要在做什么？,盘扎头发,洗衣服,做饭,跳舞,A,15.07
vid_2760,2760.mp4,9,视频主要展示的人物是？,老年男性,中年女士,青年男性,年幼孩童,B,15.07
vid_2761,2761.mp4,2,视频前半段展示的主要场所是？,火车站,体育馆,电影院,图书馆,A,15.07
vid_2762,2762.mp4,11,视频中的男子主要在做什么？,教室伏案答题,厨房炒菜做饭,对着镜头自拍互动,操场跑步锻炼,C,15.07
vid_2763,2763.mp4,15,视频中人物手里拿着什么？,长条铅笔,方形纸盒,透明玻璃杯,圆形苹果,B,15.07
vid_2764,2764.mp4,3,视频主要展示的场景是哪里？,居民家客厅,室内健身房,医院手术室,露天停车场,D,15.07
vid_2765,2765.mp4,13,视频中的人物主要在做什么？,跳舞表演,维修家电,烹饪做饭,拍摄记录,D,15.07
vid_2766,2766.mp4,16,视频中的人物主要在做什么？,教室伏案答题,户外跑步锻炼,厨房炒菜做饭,对着镜头互动,D,15.07
vid_2767,2767.mp4,10,视频主要展示什么？,绿色长条食物,新鲜橙子,红烧肉块,白米饭,A,15.07
vid_2768,2768.mp4,14,视频主要展示的内容是什么？,可爱的小猫,新鲜的水果,盛开的鲜花,沸腾的汤锅,D,15.07
vid_2769,2769.mp4,3,视频主要展现人们的什么活动？,医院看病,田间劳作,教室上课,居家拜年,D,15.07
vid_2770,2770.mp4,11,视频中的人群主要在进行什么活动？,上课学习,聚餐吃饭,拔河比赛,跳舞表演,B,15.07
vid_2771,2771.mp4,1,视频中的女士主要在做什么？,制作美食,演奏乐器,打扫房间,展示穿搭,D,15.07
vid_2772,2772.mp4,17,视频里的女士主要在做什么？,沿小路向前行走,在厨房烹饪做饭,在教室读书学习,在泳池游泳戏水,A,15.07
vid_2773,2773.mp4,1,视频中的人物主要在做什么？,走路,画画,打球,跳舞,A,15.07
vid_2774,2774.mp4,12,视频中的人物主要在做什么？,站着做手势,伏案写字,跑步跨栏,躺着睡觉,A,15.07
vid_2775,2775.mp4,6,视频拍摄的主要场所是什么？,郊外的农场,装修中的住宅,营业中的餐厅,学校的教室,B,15.07
vid_2776,2776.mp4,6,视频中的人物主要在做什么？,伏案书写作业,对着镜头自拍,户外跑步锻炼,厨房烹饪炒菜,B,15.07
vid_2777,2777.mp4,14,视频拍摄的主要场景是？,聚餐宴席,医院看病,教室上课,工厂上班,A,15.07
vid_2778,2778.mp4,15,视频中的人物主要在做什么？,吃饭,打扫卫生,做饭,跳舞,D,15.07
vid_2779,2779.mp4,12,视频里的女士主要在做什么？,对着镜头自拍,打羽毛球,打扫卫生,做饭炒菜,A,15.07
vid_2780,2780.mp4,8,视频中的男子主要在做什么？,画画,做饭,跑步,钓鱼,D,15.07
vid_3820,3820.mp4,17,视频展示的主要场景是哪里？,赛场,海边,教室,家中,D,15.671
vid_5546,5546.mp4,5,视频主要展示人物在做什么？,餐厅吃美食,玩手机小游戏,教室写作业,户外踢足球,B,25.589
vid_6990,6990.mp4,16,视频主要围绕哪种动物展开故事？,小猪,小兔,小狗,小猫,A,42.778
