video_id,file_name,chunk_name,official_source_path,official_revision,original_label,three_class_label,duration_ffprobe,sha256,relative_selected_path,replacement_used,replacement_for
emotion:00000002.mp4,00000002.mp4,eMotions_chunk_000.parquet,datasets/Conna/eMotions/data/eMotions_chunk_000.parquet,bb97b7453720968aa6793bd962a8880a459acadc,Excitation,positive,26.866667,0d92cd033a3e7377c6cdec1a4cad02383525e1e5daacdfaaecd7589e08ec0cdc,positive/excitation/positive_excitation_0001_00000002.mp4,False,
emotion:00000004.mp4,00000004.mp4,eMotions_chunk_000.parquet,datasets/Conna/eMotions/data/eMotions_chunk_000.parquet,bb97b7453720968aa6793bd962a8880a459acadc,Excitation,positive,59.001995,e94cb91d06f89e4d222d9ab729ea77e058b52b1b6767f761c977150b2925016b,positive/excitation/positive_excitation_0002_00000004.mp4,False,
emotion:00000007.mp4,00000007.mp4,eMotions_chunk_000.parquet,datasets/Conna/eMotions/data/eMotions_chunk_000.parquet,bb97b7453720968aa6793bd962a8880a459acadc,Excitation,positive,14.482759,162fb51fc558e361588634aecdc8c9fcf842344299cd3ea3770f052420acbeb7,positive/excitation/positive_excitation_0003_00000007.mp4,False,
emotion:00000008.mp4,00000008.mp4,eMotions_chunk_000.parquet,datasets/Conna/eMotions/data/eMotions_chunk_000.parquet,bb97b7453720968aa6793bd962a8880a459acadc,Excitation,positive,55.103991,156d6160413a0dd5ebf36455fcc67baac741276b9d08a58f56cd0e1db19bad4e,positive/excitation/positive_excitation_0004_00000008.mp4,False,
emotion:00000009.mp4,00000009.mp4,eMotions_chunk_000.parquet,datasets/Conna/eMotions/data/eMotions_chunk_000.parquet,bb97b7453720968aa6793bd962a8880a459acadc,Excitation,positive,7.8,0245091eaca2fdf7331187b55f272ba8532fba3527f3561c34720ca60c5df8dd,positive/excitation/positive_excitation_0005_00000009.mp4,False,
emotion:00000012.mp4,00000012.mp4,eMotions_chunk_000.parquet,datasets/Conna/eMotions/data/eMotions_chunk_000.parquet,bb97b7453720968aa6793bd962a8880a459acadc,Excitation,positive,8.8,3f03e5eef8819009ddf614b021798b0ef4792108ca8af3bbe108bd71cb161ce6,positive/excitation/positive_excitation_0006_00000012.mp4,False,
emotion:00000018.mp4,00000018.mp4,eMotions_chunk_000.parquet,datasets/Conna/eMotions/data/eMotions_chunk_000.parquet,bb97b7453720968aa6793bd962a8880a459acadc,Excitation,positive,17.67,95610e7752046f67545a8d2432ecb8bd5ba40ccafd939db52835c1916409537e,positive/excitation/positive_excitation_0007_00000018.mp4,False,
emotion:00000026.mp4,00000026.mp4,eMotions_chunk_000.parquet,datasets/Conna/eMotions/data/eMotions_chunk_000.parquet,bb97b7453720968aa6793bd962a8880a459acadc,Excitation,positive,29.333333,d1a400b2efe3f1d5a7948d7bdfa5b3473e9669d70908d56dbaceb3ff260dd4c6,positive/excitation/positive_excitation_0008_00000026.mp4,False,
emotion:00000042.mp4,00000042.mp4,eMotions_chunk_000.parquet,datasets/Conna/eMotions/data/eMotions_chunk_000.parquet,bb97b7453720968aa6793bd962a8880a459acadc,Excitation,positive,32.206009,59bedaa99faba4782e6615086784207d34524639ae4f605b2f15e427d7fe862f,positive/excitation/positive_excitation_0009_00000042.mp4,False,
emotion:00000046.mp4,00000046.mp4,eMotions_chunk_000.parquet,datasets/Conna/eMotions/data/eMotions_chunk_000.parquet,bb97b7453720968aa6793bd962a8880a459acadc,Excitation,positive,7.686009,5c5aec6e96c596197de64e959ee13662ae9c257080843be3a140c050fa82c25a,positive/excitation/positive_excitation_0010_00000046.mp4,False,
emotion:00000047.mp4,00000047.mp4,eMotions_chunk_000.parquet,datasets/Conna/eMotions/data/eMotions_chunk_000.parquet,bb97b7453720968aa6793bd962a8880a459acadc,Excitation,positive,19.333333,d7463f895b5f4e8bfeee2c9f9543719d0c42258d5a6a5fe714a33ef6cff36736,positive/excitation/positive_excitation_0011_00000047.mp4,False,
emotion:00000054.mp4,00000054.mp4,eMotions_chunk_000.parquet,datasets/Conna/eMotions/data/eMotions_chunk_000.parquet,bb97b7453720968aa6793bd962a8880a459acadc,Excitation,positive,10.356009,557e59202a4eab9e083ae2638b01ecad14aada386ab4c316599adf347a344d5f,positive/excitation/positive_excitation_0012_00000054.mp4,False,
emotion:00000059.mp4,00000059.mp4,eMotions_chunk_000.parquet,datasets/Conna/eMotions/data/eMotions_chunk_000.parquet,bb97b7453720968aa6793bd962a8880a459acadc,Excitation,positive,23.433333,9ea3db3dbe1e67103ddfff09a11e5065c5c9f877ca6d77b7434569292e9ba9b0,positive/excitation/positive_excitation_0013_00000059.mp4,False,
emotion:00000066.mp4,00000066.mp4,eMotions_chunk_000.parquet,datasets/Conna/eMotions/data/eMotions_chunk_000.parquet,bb97b7453720968aa6793bd962a8880a459acadc,Excitation,positive,22.6,8e8a839f7bc5b220f98eb316ea117dd15e43de25cabca642d2b3d45c8c9027db,positive/excitation/positive_excitation_0014_00000066.mp4,False,
emotion:00000087.mp4,00000087.mp4,eMotions_chunk_000.parquet,datasets/Conna/eMotions/data/eMotions_chunk_000.parquet,bb97b7453720968aa6793bd962a8880a459acadc,Excitation,positive,26.1,f52552f4484cd874c310edf3ce3bed29d4b15da76d40f8f0e6483f768049f11b,positive/excitation/positive_excitation_0015_00000087.mp4,False,
emotion:00000093.mp4,00000093.mp4,eMotions_chunk_000.parquet,datasets/Conna/eMotions/data/eMotions_chunk_000.parquet,bb97b7453720968aa6793bd962a8880a459acadc,Excitation,positive,23.8,3ec7ce77c6ee1bf6138d5c0cbd77bec2f28bd1947aae64cba50c3c28f53a4c14,positive/excitation/positive_excitation_0016_00000093.mp4,False,
emotion:00000097.mp4,00000097.mp4,eMotions_chunk_000.parquet,datasets/Conna/eMotions/data/eMotions_chunk_000.parquet,bb97b7453720968aa6793bd962a8880a459acadc,Excitation,positive,10.379002,98225d1f57e5047d0c6a8cafea92954a528a4bceea79640f09085fcbfd8bec78,positive/excitation/positive_excitation_0017_00000097.mp4,False,
emotion:00000102.mp4,00000102.mp4,eMotions_chunk_000.parquet,datasets/Conna/eMotions/data/eMotions_chunk_000.parquet,bb97b7453720968aa6793bd962a8880a459acadc,Excitation,positive,32.02,108a55b93015073a0800c56895d85d92cd5d3ac929831528d954c999200dd19e,positive/excitation/positive_excitation_0018_00000102.mp4,False,
emotion:00000110.mp4,00000110.mp4,eMotions_chunk_000.parquet,datasets/Conna/eMotions/data/eMotions_chunk_000.parquet,bb97b7453720968aa6793bd962a8880a459acadc,Excitation,positive,6.4,ae92062a5c71ad0a8bdb8d4e5fffeedaeeb87418bf5396737f3e69ec36a8d1e2,positive/excitation/positive_excitation_0019_00000110.mp4,False,
emotion:00000135.mp4,00000135.mp4,eMotions_chunk_000.parquet,datasets/Conna/eMotions/data/eMotions_chunk_000.parquet,bb97b7453720968aa6793bd962a8880a459acadc,Excitation,positive,11.033333,3d9509789675131ee37172fbeab387b759995fa19c0a5949b14c1cdc63b58f93,positive/excitation/positive_excitation_0020_00000135.mp4,False,
emotion:00000145.mp4,00000145.mp4,eMotions_chunk_000.parquet,datasets/Conna/eMotions/data/eMotions_chunk_000.parquet,bb97b7453720968aa6793bd962a8880a459acadc,Excitation,positive,11.044378,6900356f97b52f948a30b401b1611320de429e9678cb21678d2161d4ac1d9124,positive/excitation/positive_excitation_0021_00000145.mp4,False,
emotion:00000170.mp4,00000170.mp4,eMotions_chunk_000.parquet,datasets/Conna/eMotions/data/eMotions_chunk_000.parquet,bb97b7453720968aa6793bd962a8880a459acadc,Excitation,positive,8.3,dbd9d07af4acdbf161d80afb90795614d85d2bcef70ea3c8db065db421b69b48,positive/excitation/positive_excitation_0022_00000170.mp4,False,
emotion:00000194.mp4,00000194.mp4,eMotions_chunk_000.parquet,datasets/Conna/eMotions/data/eMotions_chunk_000.parquet,bb97b7453720968aa6793bd962a8880a459acadc,Excitation,positive,25.5,259bcb5d435adab833decb0f45ed278a72e7b8b8936dd68a1a27c62980b1b8e1,positive/excitation/positive_excitation_0023_00000194.mp4,False,
emotion:00000263.mp4,00000263.mp4,eMotions_chunk_000.parquet,datasets/Conna/eMotions/data/eMotions_chunk_000.parquet,bb97b7453720968aa6793bd962a8880a459acadc,Excitation,positive,8.5,93b3c272727481313a9d0f062cb20eb37c4fdad355637e8fb634db502d446589,positive/excitation/positive_excitation_0024_00000263.mp4,False,
emotion:00000265.mp4,00000265.mp4,eMotions_chunk_000.parquet,datasets/Conna/eMotions/data/eMotions_chunk_000.parquet,bb97b7453720968aa6793bd962a8880a459acadc,Excitation,positive,35.84,4d0f2e97191e7808c16d00b7fcb200655f8f99a24c45a7a6d0b7a36cf4016a21,positive/excitation/positive_excitation_0025_00000265.mp4,False,
emotion:00000280.mp4,00000280.mp4,eMotions_chunk_000.parquet,datasets/Conna/eMotions/data/eMotions_chunk_000.parquet,bb97b7453720968aa6793bd962a8880a459acadc,Excitation,positive,6.989002,7aa652814500c4d3b79246ac093aa7c39f777626df2b6c8700c4a6fbdbc718f8,positive/excitation/positive_excitation_0026_00000280.mp4,False,
emotion:00000281.mp4,00000281.mp4,eMotions_chunk_000.parquet,datasets/Conna/eMotions/data/eMotions_chunk_000.parquet,bb97b7453720968aa6793bd962a8880a459acadc,Excitation,positive,26.864462,d784bdbaa4891d7e48cc75550f0bbb6ef063366ab390d97a3bc83f43f80c603f,positive/excitation/positive_excitation_0027_00000281.mp4,False,
emotion:00000313.mp4,00000313.mp4,eMotions_chunk_000.parquet,datasets/Conna/eMotions/data/eMotions_chunk_000.parquet,bb97b7453720968aa6793bd962a8880a459acadc,Excitation,positive,8.381995,dabfe2430ebda2bd87d3ef870e68831677da9c23be5a27043e2af98bfea5cc75,positive/excitation/positive_excitation_0028_00000313.mp4,False,
emotion:00000336.mp4,00000336.mp4,eMotions_chunk_000.parquet,datasets/Conna/eMotions/data/eMotions_chunk_000.parquet,bb97b7453720968aa6793bd962a8880a459acadc,Excitation,positive,15.092993,cc2c8a218865104a244c70ca0a59fd138610852ca312aa8861ca0c7815c00ec3,positive/excitation/positive_excitation_0029_00000336.mp4,False,
emotion:00000342.mp4,00000342.mp4,eMotions_chunk_000.parquet,datasets/Conna/eMotions/data/eMotions_chunk_000.parquet,bb97b7453720968aa6793bd962a8880a459acadc,Excitation,positive,10.033333,16d547a41203602ece36b04c557b557293379f14c9776f818a275af092f0986c,positive/excitation/positive_excitation_0030_00000342.mp4,False,
emotion:00000351.mp4,00000351.mp4,eMotions_chunk_000.parquet,datasets/Conna/eMotions/data/eMotions_chunk_000.parquet,bb97b7453720968aa6793bd962a8880a459acadc,Excitation,positive,20.016009,196b3dda15ea09485a950a4a3248dc33dfad976e1f6bc2a5ce16ca4ccd98cda1,positive/excitation/positive_excitation_0031_00000351.mp4,False,
emotion:00000355.mp4,00000355.mp4,eMotions_chunk_000.parquet,datasets/Conna/eMotions/data/eMotions_chunk_000.parquet,bb97b7453720968aa6793bd962a8880a459acadc,Excitation,positive,15.033333,d8f21d0d9411772b1abae38d47e1ad72c11c87407dfa32c7aa3e4f6b8ec1c525,positive/excitation/positive_excitation_0032_00000355.mp4,False,
emotion:00000361.mp4,00000361.mp4,eMotions_chunk_000.parquet,datasets/Conna/eMotions/data/eMotions_chunk_000.parquet,bb97b7453720968aa6793bd962a8880a459acadc,Excitation,positive,20.4,2056c0a6965a10db8124353d10df738a0eb8c1d28cdfc795db0690a277e24bac,positive/excitation/positive_excitation_0033_00000361.mp4,False,
emotion:00000370.mp4,00000370.mp4,eMotions_chunk_000.parquet,datasets/Conna/eMotions/data/eMotions_chunk_000.parquet,bb97b7453720968aa6793bd962a8880a459acadc,Excitation,positive,20.016009,7a364971f486d28e27490ba230f51b32dd2324084bb6914ed9ed2b246739e761,positive/excitation/positive_excitation_0034_00000370.mp4,False,
emotion:00000374.mp4,00000374.mp4,eMotions_chunk_000.parquet,datasets/Conna/eMotions/data/eMotions_chunk_000.parquet,bb97b7453720968aa6793bd962a8880a459acadc,Excitation,positive,14.302993,204126cafc5352ab6741a1c04f7dc58e63d125591c162bd9056f656d7064a9c2,positive/excitation/positive_excitation_0035_00000374.mp4,False,
emotion:00000378.mp4,00000378.mp4,eMotions_chunk_000.parquet,datasets/Conna/eMotions/data/eMotions_chunk_000.parquet,bb97b7453720968aa6793bd962a8880a459acadc,Excitation,positive,15.250545,9e81e9a9696550a773ff67e56dc23ae5715d6c61350bccbb01488dd7ded7ee8d,positive/excitation/positive_excitation_0036_00000378.mp4,False,
emotion:00000408.mp4,00000408.mp4,eMotions_chunk_000.parquet,datasets/Conna/eMotions/data/eMotions_chunk_000.parquet,bb97b7453720968aa6793bd962a8880a459acadc,Excitation,positive,19.272993,d93b31328fd31119fcf8429c27d6612dca4d3cc8add7d48aa2b41d8b20cf88aa,positive/excitation/positive_excitation_0037_00000408.mp4,False,
emotion:00000414.mp4,00000414.mp4,eMotions_chunk_000.parquet,datasets/Conna/eMotions/data/eMotions_chunk_000.parquet,bb97b7453720968aa6793bd962a8880a459acadc,Excitation,positive,37.129002,5a05a37a532c4567784019f5012d9ce46bdbbad54eed654ca79993f021c53d84,positive/excitation/positive_excitation_0038_00000414.mp4,False,
emotion:00000416.mp4,00000416.mp4,eMotions_chunk_000.parquet,datasets/Conna/eMotions/data/eMotions_chunk_000.parquet,bb97b7453720968aa6793bd962a8880a459acadc,Excitation,positive,27.833333,6415f43eb7080d5a1c9b8fb21b65bd19fe7c4a669cc7c898ccf3850df0db474e,positive/excitation/positive_excitation_0039_00000416.mp4,False,
emotion:00000419.mp4,00000419.mp4,eMotions_chunk_000.parquet,datasets/Conna/eMotions/data/eMotions_chunk_000.parquet,bb97b7453720968aa6793bd962a8880a459acadc,Excitation,positive,11.5,1f60860a9faf3f342a54fe5b2391c2853b93d85ecba3c12052caed902b0e3843,positive/excitation/positive_excitation_0040_00000419.mp4,False,
emotion:00000420.mp4,00000420.mp4,eMotions_chunk_000.parquet,datasets/Conna/eMotions/data/eMotions_chunk_000.parquet,bb97b7453720968aa6793bd962a8880a459acadc,Excitation,positive,15.466667,ff8d003d16f8bc1650d66b4430e1ba815c3c1adafa1efe03c8a0474a9e7b8aec,positive/excitation/positive_excitation_0041_00000420.mp4,False,
emotion:00000436.mp4,00000436.mp4,eMotions_chunk_000.parquet,datasets/Conna/eMotions/data/eMotions_chunk_000.parquet,bb97b7453720968aa6793bd962a8880a459acadc,Excitation,positive,49.899002,710989647741464c78864ce73647858ff0c95192f60f1dea33166a80e5c2ecd9,positive/excitation/positive_excitation_0042_00000436.mp4,False,
emotion:00000450.mp4,00000450.mp4,eMotions_chunk_000.parquet,datasets/Conna/eMotions/data/eMotions_chunk_000.parquet,bb97b7453720968aa6793bd962a8880a459acadc,Excitation,positive,6.618005,6951fa95dcc4893a9423a869f74bdcdf37ee0d468efa045ab72259876c5a756f,positive/excitation/positive_excitation_0043_00000450.mp4,False,
emotion:00000455.mp4,00000455.mp4,eMotions_chunk_000.parquet,datasets/Conna/eMotions/data/eMotions_chunk_000.parquet,bb97b7453720968aa6793bd962a8880a459acadc,Excitation,positive,10.033333,13c19dc2044794ccd36c4299f1bca400940e398885dd4fef1526db96cf38d772,positive/excitation/positive_excitation_0044_00000455.mp4,False,
emotion:00000459.mp4,00000459.mp4,eMotions_chunk_000.parquet,datasets/Conna/eMotions/data/eMotions_chunk_000.parquet,bb97b7453720968aa6793bd962a8880a459acadc,Excitation,positive,12.033333,f551ebb8237ba9acfded10b97721d0adc1327f73d22d874a2855385c5a588e0c,positive/excitation/positive_excitation_0045_00000459.mp4,False,
emotion:00000461.mp4,00000461.mp4,eMotions_chunk_000.parquet,datasets/Conna/eMotions/data/eMotions_chunk_000.parquet,bb97b7453720968aa6793bd962a8880a459acadc,Excitation,positive,59.42,dffdc62ef2f3c95189f4d58667283dd3d8aba6a0518895d1bc15e7d382fb4c10,positive/excitation/positive_excitation_0046_00000461.mp4,False,
emotion:00000462.mp4,00000462.mp4,eMotions_chunk_000.parquet,datasets/Conna/eMotions/data/eMotions_chunk_000.parquet,bb97b7453720968aa6793bd962a8880a459acadc,Excitation,positive,26.366667,b29e1b4e6a29c3efd33db0eaf023fc0bca55969cc21d777b4c09d7cf9f05e5da,positive/excitation/positive_excitation_0047_00000462.mp4,False,
emotion:00000468.mp4,00000468.mp4,eMotions_chunk_000.parquet,datasets/Conna/eMotions/data/eMotions_chunk_000.parquet,bb97b7453720968aa6793bd962a8880a459acadc,Excitation,positive,57.863991,c5c7df875a25fa937b032b7e1ee208d5f6b1c3ba932da9f38063f17548dc71a8,positive/excitation/positive_excitation_0048_00000468.mp4,False,
emotion:00000471.mp4,00000471.mp4,eMotions_chunk_000.parquet,datasets/Conna/eMotions/data/eMotions_chunk_000.parquet,bb97b7453720968aa6793bd962a8880a459acadc,Excitation,positive,7.533333,62dba6f0f7ff711306de0a3a5989438bb3d4774e7f64b6c3e276fd459351890d,positive/excitation/positive_excitation_0049_00000471.mp4,False,
emotion:00000472.mp4,00000472.mp4,eMotions_chunk_000.parquet,datasets/Conna/eMotions/data/eMotions_chunk_000.parquet,bb97b7453720968aa6793bd962a8880a459acadc,Excitation,positive,20.608005,1f8c7088330fc465526bd7f05d7d9a889fa5d50c04259136a68bb4021a54af79,positive/excitation/positive_excitation_0050_00000472.mp4,False,
emotion:00000473.mp4,00000473.mp4,eMotions_chunk_000.parquet,datasets/Conna/eMotions/data/eMotions_chunk_000.parquet,bb97b7453720968aa6793bd962a8880a459acadc,Excitation,positive,17.3,2870fef97464cfab14d1f0726a7be2a9da6016abb6ff97dbd28694d3f2414ebf,positive/excitation/positive_excitation_0051_00000473.mp4,False,
emotion:00000475.mp4,00000475.mp4,eMotions_chunk_000.parquet,datasets/Conna/eMotions/data/eMotions_chunk_000.parquet,bb97b7453720968aa6793bd962a8880a459acadc,Excitation,positive,10.033333,9f3e4862639ae5985818d83c72ae2c3216feb77d98bdc23cee0c6c42e4267d2e,positive/excitation/positive_excitation_0052_00000475.mp4,False,
emotion:00000477.mp4,00000477.mp4,eMotions_chunk_000.parquet,datasets/Conna/eMotions/data/eMotions_chunk_000.parquet,bb97b7453720968aa6793bd962a8880a459acadc,Excitation,positive,7.592993,565d83cc6c0a9fa304413aab5676d53985bdbb91345d2557ad47998c3c718cb0,positive/excitation/positive_excitation_0053_00000477.mp4,False,
emotion:00000480.mp4,00000480.mp4,eMotions_chunk_000.parquet,datasets/Conna/eMotions/data/eMotions_chunk_000.parquet,bb97b7453720968aa6793bd962a8880a459acadc,Excitation,positive,31.453689,4050e1f69997142a2064246fa4edad5a83d80fcb7a4da43579ec43f0d24a974a,positive/excitation/positive_excitation_0054_00000480.mp4,False,
emotion:00000485.mp4,00000485.mp4,eMotions_chunk_000.parquet,datasets/Conna/eMotions/data/eMotions_chunk_000.parquet,bb97b7453720968aa6793bd962a8880a459acadc,Excitation,positive,16.766667,1181f7ef2638dbc5f967ce3b50ad99caadc8aa3c6fc271bc445f3750c89a1846,positive/excitation/positive_excitation_0055_00000485.mp4,False,
emotion:00000504.mp4,00000504.mp4,eMotions_chunk_000.parquet,datasets/Conna/eMotions/data/eMotions_chunk_000.parquet,bb97b7453720968aa6793bd962a8880a459acadc,Excitation,positive,16.067007,63f42a8059bbd9d2da1d1d2f50bb5c0d9a854676e8884f85c6d2bf0d8d1809ad,positive/excitation/positive_excitation_0056_00000504.mp4,False,
emotion:00000511.mp4,00000511.mp4,eMotions_chunk_000.parquet,datasets/Conna/eMotions/data/eMotions_chunk_000.parquet,bb97b7453720968aa6793bd962a8880a459acadc,Excitation,positive,9.533333,209d6367ff80c55064e142e294206d7b5a04fa6a552c4954cefa7d6cf271d51e,positive/excitation/positive_excitation_0057_00000511.mp4,False,
emotion:00000513.mp4,00000513.mp4,eMotions_chunk_000.parquet,datasets/Conna/eMotions/data/eMotions_chunk_000.parquet,bb97b7453720968aa6793bd962a8880a459acadc,Excitation,positive,9.2,67d9f6251dc955faf524e015fce22bf14fe056737de0dee540ed6f4f9ba5529e,positive/excitation/positive_excitation_0058_00000513.mp4,False,
emotion:00000531.mp4,00000531.mp4,eMotions_chunk_000.parquet,datasets/Conna/eMotions/data/eMotions_chunk_000.parquet,bb97b7453720968aa6793bd962a8880a459acadc,Excitation,positive,27.066667,cde3fd703c7cf3db613238e527b4d51c553eb18962a2f3391e914cdaa7dd5953,positive/excitation/positive_excitation_0059_00000531.mp4,False,
emotion:00000551.mp4,00000551.mp4,eMotions_chunk_000.parquet,datasets/Conna/eMotions/data/eMotions_chunk_000.parquet,bb97b7453720968aa6793bd962a8880a459acadc,Excitation,positive,9.433333,9ff2ec8f32e343a8d627e7eff5e3b87fba01db97337b9f8132f1c9978a9fbff2,positive/excitation/positive_excitation_0060_00000551.mp4,False,
emotion:00000565.mp4,00000565.mp4,eMotions_chunk_000.parquet,datasets/Conna/eMotions/data/eMotions_chunk_000.parquet,bb97b7453720968aa6793bd962a8880a459acadc,Excitation,positive,42.033333,c70dc9e9fd25c9386a91fed5e540f960cf5e7358a18448ffacc1f8a66bff2dcf,positive/excitation/positive_excitation_0061_00000565.mp4,False,
emotion:00000585.mp4,00000585.mp4,eMotions_chunk_000.parquet,datasets/Conna/eMotions/data/eMotions_chunk_000.parquet,bb97b7453720968aa6793bd962a8880a459acadc,Excitation,positive,26.7,b57c4f4b20a1f2de7280a7595e423c30eff142a6b9fdbf1f3b9f5da7f76fc432,positive/excitation/positive_excitation_0062_00000585.mp4,False,
emotion:00000589.mp4,00000589.mp4,eMotions_chunk_000.parquet,datasets/Conna/eMotions/data/eMotions_chunk_000.parquet,bb97b7453720968aa6793bd962a8880a459acadc,Excitation,positive,7.6,2b16b200880a48c1dbf5f303b8c714f184007da1e1b216fde38762ae1c019f33,positive/excitation/positive_excitation_0063_00000589.mp4,False,
emotion:00000608.mp4,00000608.mp4,eMotions_chunk_000.parquet,datasets/Conna/eMotions/data/eMotions_chunk_000.parquet,bb97b7453720968aa6793bd962a8880a459acadc,Excitation,positive,15.4,f7f0771bc8699ce83a6e45480babdae8dcd1482cc25041896bc4f560712d1a12,positive/excitation/positive_excitation_0064_00000608.mp4,False,
emotion:00000618.mp4,00000618.mp4,eMotions_chunk_000.parquet,datasets/Conna/eMotions/data/eMotions_chunk_000.parquet,bb97b7453720968aa6793bd962a8880a459acadc,Excitation,positive,16.333606,929c785d8e0b42046f03b97eca165082a18a95722d9f6d664ae136a627c2a6cc,positive/excitation/positive_excitation_0065_00000618.mp4,False,
emotion:00000619.mp4,00000619.mp4,eMotions_chunk_000.parquet,datasets/Conna/eMotions/data/eMotions_chunk_000.parquet,bb97b7453720968aa6793bd962a8880a459acadc,Excitation,positive,17.067007,8375eaf86b037097727ae58c6cc9ed1cd1f8b6879f11af17c5199a2bfc833ff3,positive/excitation/positive_excitation_0066_00000619.mp4,False,
emotion:00000627.mp4,00000627.mp4,eMotions_chunk_000.parquet,datasets/Conna/eMotions/data/eMotions_chunk_000.parquet,bb97b7453720968aa6793bd962a8880a459acadc,Excitation,positive,46.96,1412a78a658d90c2e02e18e08de74ae665b292d3d7149637a3fd64ef38177824,positive/excitation/positive_excitation_0067_00000627.mp4,False,
emotion:00000631.mp4,00000631.mp4,eMotions_chunk_000.parquet,datasets/Conna/eMotions/data/eMotions_chunk_000.parquet,bb97b7453720968aa6793bd962a8880a459acadc,Excitation,positive,14.833333,0b7b2353617c5ffc660e18787ec809d086e2e965196d9d56222dbe74c97dcdf6,positive/excitation/positive_excitation_0068_00000631.mp4,False,
emotion:00000638.mp4,00000638.mp4,eMotions_chunk_000.parquet,datasets/Conna/eMotions/data/eMotions_chunk_000.parquet,bb97b7453720968aa6793bd962a8880a459acadc,Excitation,positive,12.633333,3ed43c39c9f1bde414665a5ffbe16d8b8394eca5a0c6ba4cbb203488683118c5,positive/excitation/positive_excitation_0069_00000638.mp4,False,
emotion:00000645.mp4,00000645.mp4,eMotions_chunk_000.parquet,datasets/Conna/eMotions/data/eMotions_chunk_000.parquet,bb97b7453720968aa6793bd962a8880a459acadc,Excitation,positive,34.766667,b48783da7b2cd93b9174af96a14fd31f5f6086fa6b262cd48bf07fd978b98562,positive/excitation/positive_excitation_0070_00000645.mp4,False,
emotion:00000646.mp4,00000646.mp4,eMotions_chunk_000.parquet,datasets/Conna/eMotions/data/eMotions_chunk_000.parquet,bb97b7453720968aa6793bd962a8880a459acadc,Excitation,positive,10.54,edc404e78cea9b56f19f022e7b73b43767e403ace618defd5b9e663e84cd5dc5,positive/excitation/positive_excitation_0071_00000646.mp4,False,
emotion:00000647.mp4,00000647.mp4,eMotions_chunk_000.parquet,datasets/Conna/eMotions/data/eMotions_chunk_000.parquet,bb97b7453720968aa6793bd962a8880a459acadc,Excitation,positive,24.033333,f47fcc6212909edacba635d5214acbdf7406816a91036eeed16ac11287455690,positive/excitation/positive_excitation_0072_00000647.mp4,False,
emotion:00000649.mp4,00000649.mp4,eMotions_chunk_000.parquet,datasets/Conna/eMotions/data/eMotions_chunk_000.parquet,bb97b7453720968aa6793bd962a8880a459acadc,Excitation,positive,11.6,a31882fc2f49be266212dccf3d898b46deabf90b961eb0bc041887d2298a431d,positive/excitation/positive_excitation_0073_00000649.mp4,False,
emotion:00000658.mp4,00000658.mp4,eMotions_chunk_000.parquet,datasets/Conna/eMotions/data/eMotions_chunk_000.parquet,bb97b7453720968aa6793bd962a8880a459acadc,Excitation,positive,15.162993,4ef7526c3cbdd9bf5f34d2f10dce4eeb6337a97097536d19b93c5db1ddb91da1,positive/excitation/positive_excitation_0074_00000658.mp4,False,
emotion:00000661.mp4,00000661.mp4,eMotions_chunk_000.parquet,datasets/Conna/eMotions/data/eMotions_chunk_000.parquet,bb97b7453720968aa6793bd962a8880a459acadc,Excitation,positive,30.116009,aa6e9f875e5b36c060fdef5cbf8ecfa4ea64c4060bebb036fed9a98c9623e402,positive/excitation/positive_excitation_0075_00000661.mp4,False,
emotion:00000665.mp4,00000665.mp4,eMotions_chunk_000.parquet,datasets/Conna/eMotions/data/eMotions_chunk_000.parquet,bb97b7453720968aa6793bd962a8880a459acadc,Excitation,positive,29.210998,5b51d701cacc125b2a279caa1bf5e68edfc20f5ff3fa9296f2c17b83f2c9a078,positive/excitation/positive_excitation_0076_00000665.mp4,False,
emotion:00000667.mp4,00000667.mp4,eMotions_chunk_000.parquet,datasets/Conna/eMotions/data/eMotions_chunk_000.parquet,bb97b7453720968aa6793bd962a8880a459acadc,Excitation,positive,12.166667,4c02f6feed390566b4ecde79427002276295ec53b04df9bd196be8c2a84d365d,positive/excitation/positive_excitation_0077_00000667.mp4,False,
emotion:00000674.mp4,00000674.mp4,eMotions_chunk_000.parquet,datasets/Conna/eMotions/data/eMotions_chunk_000.parquet,bb97b7453720968aa6793bd962a8880a459acadc,Excitation,positive,21.733991,5a17527eb3635c9d5a52b9964acbce2e1cd4295119615ed6beb94322c0563e34,positive/excitation/positive_excitation_0078_00000674.mp4,False,
emotion:00000675.mp4,00000675.mp4,eMotions_chunk_000.parquet,datasets/Conna/eMotions/data/eMotions_chunk_000.parquet,bb97b7453720968aa6793bd962a8880a459acadc,Excitation,positive,49.533333,fd282011619701800b1572d5ec024f1e75fdc73fae752c2fd1549cb4f2ec7455,positive/excitation/positive_excitation_0079_00000675.mp4,False,
emotion:00000677.mp4,00000677.mp4,eMotions_chunk_000.parquet,datasets/Conna/eMotions/data/eMotions_chunk_000.parquet,bb97b7453720968aa6793bd962a8880a459acadc,Excitation,positive,29.533333,047614978cc94e6c5d051e5074303f3072590cc315546f15caf6bd0596cf2021,positive/excitation/positive_excitation_0080_00000677.mp4,False,
emotion:00000687.mp4,00000687.mp4,eMotions_chunk_000.parquet,datasets/Conna/eMotions/data/eMotions_chunk_000.parquet,bb97b7453720968aa6793bd962a8880a459acadc,Excitation,positive,29.533333,942dfe7fa9fb484ed4e0f427d95d4b77c99fcb1cb97d3bb6852d103eb1678035,positive/excitation/positive_excitation_0081_00000687.mp4,False,
emotion:00000694.mp4,00000694.mp4,eMotions_chunk_000.parquet,datasets/Conna/eMotions/data/eMotions_chunk_000.parquet,bb97b7453720968aa6793bd962a8880a459acadc,Excitation,positive,27.066667,4fc4aac34142615b7e33f8de761a78be7cbf9caa45d53b655286e4d60501eb97,positive/excitation/positive_excitation_0082_00000694.mp4,False,
emotion:00000698.mp4,00000698.mp4,eMotions_chunk_000.parquet,datasets/Conna/eMotions/data/eMotions_chunk_000.parquet,bb97b7453720968aa6793bd962a8880a459acadc,Excitation,positive,13.468005,9461fd489932a9214e45eb06e004758260824a91e159cae6060a758a866525d2,positive/excitation/positive_excitation_0083_00000698.mp4,False,
emotion:00000699.mp4,00000699.mp4,eMotions_chunk_000.parquet,datasets/Conna/eMotions/data/eMotions_chunk_000.parquet,bb97b7453720968aa6793bd962a8880a459acadc,Excitation,positive,19.233333,02256f43e60c508d6d2bfdb2db2ce10e70faa34d2e85b3e689fa1e83005814d5,positive/excitation/positive_excitation_0084_00000699.mp4,False,
emotion:00000701.mp4,00000701.mp4,eMotions_chunk_000.parquet,datasets/Conna/eMotions/data/eMotions_chunk_000.parquet,bb97b7453720968aa6793bd962a8880a459acadc,Excitation,positive,9.0,47484372b353a6b8ed9e838ea2b256a595068691f6b0ee2556d1f102e3288d4d,positive/excitation/positive_excitation_0085_00000701.mp4,False,
emotion:00000704.mp4,00000704.mp4,eMotions_chunk_000.parquet,datasets/Conna/eMotions/data/eMotions_chunk_000.parquet,bb97b7453720968aa6793bd962a8880a459acadc,Excitation,positive,51.217885,e27ce283383d59fad44bb9f2a898cafe79311b7e1c57f8c514c04a308a503ded,positive/excitation/positive_excitation_0086_00000704.mp4,False,
emotion:00000710.mp4,00000710.mp4,eMotions_chunk_000.parquet,datasets/Conna/eMotions/data/eMotions_chunk_000.parquet,bb97b7453720968aa6793bd962a8880a459acadc,Excitation,positive,8.08,487556943609ab80bd4cc231ccd6d8fad724dbb70d8ab7d58063d6f7a5e1a510,positive/excitation/positive_excitation_0087_00000710.mp4,False,
emotion:00000711.mp4,00000711.mp4,eMotions_chunk_000.parquet,datasets/Conna/eMotions/data/eMotions_chunk_000.parquet,bb97b7453720968aa6793bd962a8880a459acadc,Excitation,positive,19.2,2c144f912c95012827fb46573305b9f57fb22f246c1385c50f879c9f71757166,positive/excitation/positive_excitation_0088_00000711.mp4,False,
emotion:00000716.mp4,00000716.mp4,eMotions_chunk_000.parquet,datasets/Conna/eMotions/data/eMotions_chunk_000.parquet,bb97b7453720968aa6793bd962a8880a459acadc,Excitation,positive,57.075011,81599352c9bf8ca0766f7a8e6178275a668baa6ec4d3e74f4ae5246446cad3b0,positive/excitation/positive_excitation_0089_00000716.mp4,False,
emotion:00000717.mp4,00000717.mp4,eMotions_chunk_000.parquet,datasets/Conna/eMotions/data/eMotions_chunk_000.parquet,bb97b7453720968aa6793bd962a8880a459acadc,Excitation,positive,36.466667,db09576c108a842a06cbbfacdf9b9d09e91bfb07ee0ee91d29c988733ef35921,positive/excitation/positive_excitation_0090_00000717.mp4,False,
emotion:00000721.mp4,00000721.mp4,eMotions_chunk_000.parquet,datasets/Conna/eMotions/data/eMotions_chunk_000.parquet,bb97b7453720968aa6793bd962a8880a459acadc,Excitation,positive,9.45,a301b56fd9642a3807b3ddd2229c180fe7b6e34af30dc78851c389520292af52,positive/excitation/positive_excitation_0091_00000721.mp4,False,
emotion:00000730.mp4,00000730.mp4,eMotions_chunk_000.parquet,datasets/Conna/eMotions/data/eMotions_chunk_000.parquet,bb97b7453720968aa6793bd962a8880a459acadc,Excitation,positive,33.433333,751fec901761c45e18779a6c09d3c605ba09d0c0ff52a21a9ef3475dea69c97d,positive/excitation/positive_excitation_0092_00000730.mp4,False,
emotion:00000740.mp4,00000740.mp4,eMotions_chunk_000.parquet,datasets/Conna/eMotions/data/eMotions_chunk_000.parquet,bb97b7453720968aa6793bd962a8880a459acadc,Excitation,positive,6.466667,be65cda908b92ef90dfbb946fdf7245e63e6e70a5c1d7626299d6a8393e1cd31,positive/excitation/positive_excitation_0093_00000740.mp4,False,
emotion:00000749.mp4,00000749.mp4,eMotions_chunk_000.parquet,datasets/Conna/eMotions/data/eMotions_chunk_000.parquet,bb97b7453720968aa6793bd962a8880a459acadc,Excitation,positive,13.958333,f79f7f25d2cefeb4b1e91e796dd864b3867b3aa6a2d3477e58a164d5f82416fd,positive/excitation/positive_excitation_0094_00000749.mp4,False,
emotion:00000755.mp4,00000755.mp4,eMotions_chunk_000.parquet,datasets/Conna/eMotions/data/eMotions_chunk_000.parquet,bb97b7453720968aa6793bd962a8880a459acadc,Excitation,positive,25.35,8135a87e34de83c89f93b3f9f6609962b320bc6b4d689c42108190a68630e8a9,positive/excitation/positive_excitation_0095_00000755.mp4,False,
emotion:00000767.mp4,00000767.mp4,eMotions_chunk_000.parquet,datasets/Conna/eMotions/data/eMotions_chunk_000.parquet,bb97b7453720968aa6793bd962a8880a459acadc,Excitation,positive,8.172993,784af3e056f4c1436e349f25f4432825b0a98a2a7e7d13fb03d4d7b6e17bd77d,positive/excitation/positive_excitation_0096_00000767.mp4,False,
emotion:00000770.mp4,00000770.mp4,eMotions_chunk_000.parquet,datasets/Conna/eMotions/data/eMotions_chunk_000.parquet,bb97b7453720968aa6793bd962a8880a459acadc,Excitation,positive,9.6,ced09627413f8db38e8b87f5c356ad8b1be31649395c94b5d6f514ab060518d4,positive/excitation/positive_excitation_0097_00000770.mp4,False,
emotion:00000781.mp4,00000781.mp4,eMotions_chunk_000.parquet,datasets/Conna/eMotions/data/eMotions_chunk_000.parquet,bb97b7453720968aa6793bd962a8880a459acadc,Excitation,positive,52.316667,43daa7bcf87802124c0fd7312889af18e0d48fed2054d6bd08abc490431933a2,positive/excitation/positive_excitation_0098_00000781.mp4,False,
emotion:00000790.mp4,00000790.mp4,eMotions_chunk_000.parquet,datasets/Conna/eMotions/data/eMotions_chunk_000.parquet,bb97b7453720968aa6793bd962a8880a459acadc,Excitation,positive,8.5,afe4cfcc86789354b08b51af04b60fd5645ce5bc6d40f43705b7a4934aba0be6,positive/excitation/positive_excitation_0099_00000790.mp4,False,
emotion:00000817.mp4,00000817.mp4,eMotions_chunk_000.parquet,datasets/Conna/eMotions/data/eMotions_chunk_000.parquet,bb97b7453720968aa6793bd962a8880a459acadc,Excitation,positive,5.533333,db17c0143c43c8e1712f03354c28a2f03c1be504201644d02ff8e1f250854cde,positive/excitation/positive_excitation_0100_00000817.mp4,False,
emotion:00000819.mp4,00000819.mp4,eMotions_chunk_000.parquet,datasets/Conna/eMotions/data/eMotions_chunk_000.parquet,bb97b7453720968aa6793bd962a8880a459acadc,Excitation,positive,24.033333,e084fe933b431f868714ecbd935bfcbcbfa10f1cd18b712c6785f5aabb490553,positive/excitation/positive_excitation_0101_00000819.mp4,False,
emotion:00000889.mp4,00000889.mp4,eMotions_chunk_000.parquet,datasets/Conna/eMotions/data/eMotions_chunk_000.parquet,bb97b7453720968aa6793bd962a8880a459acadc,Excitation,positive,12.539002,2a39353f3627a2b56cb4b0810ec87ea4b25e5a7d18ce716e00416d3a30f66845,positive/excitation/positive_excitation_0102_00000889.mp4,False,
emotion:00000898.mp4,00000898.mp4,eMotions_chunk_000.parquet,datasets/Conna/eMotions/data/eMotions_chunk_000.parquet,bb97b7453720968aa6793bd962a8880a459acadc,Excitation,positive,23.87,b55beed08ce3c84e8e01fb2644602657e7e6d6183cc4a70111efd57a20ee9f86,positive/excitation/positive_excitation_0103_00000898.mp4,False,
emotion:00000918.mp4,00000918.mp4,eMotions_chunk_000.parquet,datasets/Conna/eMotions/data/eMotions_chunk_000.parquet,bb97b7453720968aa6793bd962a8880a459acadc,Excitation,positive,13.033333,11fd666aa6f401f69c87f2c5ec6ae71ccfe84592bb7c973139ccc6dfc1c5af60,positive/excitation/positive_excitation_0104_00000918.mp4,False,
emotion:00000961.mp4,00000961.mp4,eMotions_chunk_000.parquet,datasets/Conna/eMotions/data/eMotions_chunk_000.parquet,bb97b7453720968aa6793bd962a8880a459acadc,Excitation,positive,12.333333,4d393eb00a4f4541720f02d8bde8a21dcc5267f6d37e5b799850aa1037d2a9ad,positive/excitation/positive_excitation_0105_00000961.mp4,False,
emotion:00001015.mp4,00001015.mp4,eMotions_chunk_000.parquet,datasets/Conna/eMotions/data/eMotions_chunk_000.parquet,bb97b7453720968aa6793bd962a8880a459acadc,Excitation,positive,15.07,d97857dd83aa57c5dd389a12962785252b1dd1c739b1cdf646ee0ba729a023ce,positive/excitation/positive_excitation_0106_00001015.mp4,False,
emotion:00001037.mp4,00001037.mp4,eMotions_chunk_000.parquet,datasets/Conna/eMotions/data/eMotions_chunk_000.parquet,bb97b7453720968aa6793bd962a8880a459acadc,Excitation,positive,19.533333,3532ac8ea4c9685cc59127d3d1eb01d66c466acacce7fbc3d70ec55f36f98c0a,positive/excitation/positive_excitation_0107_00001037.mp4,False,
emotion:00001051.mp4,00001051.mp4,eMotions_chunk_000.parquet,datasets/Conna/eMotions/data/eMotions_chunk_000.parquet,bb97b7453720968aa6793bd962a8880a459acadc,Excitation,positive,8.777007,04dd0f8f45780a65f175b683733f7fa237de66f557ede9543e1864ef26cf157b,positive/excitation/positive_excitation_0108_00001051.mp4,False,
emotion:00001059.mp4,00001059.mp4,eMotions_chunk_000.parquet,datasets/Conna/eMotions/data/eMotions_chunk_000.parquet,bb97b7453720968aa6793bd962a8880a459acadc,Excitation,positive,25.84,853c6723c95f07a98bc37caf84827a90e5ccb69e22c7da2fca4c1f457fc707af,positive/excitation/positive_excitation_0109_00001059.mp4,False,
emotion:00001155.mp4,00001155.mp4,eMotions_chunk_000.parquet,datasets/Conna/eMotions/data/eMotions_chunk_000.parquet,bb97b7453720968aa6793bd962a8880a459acadc,Excitation,positive,6.150943,01c371178edbff07307184d5aeb138ebedb1b3078c427fab530b6c2383d771b4,positive/excitation/positive_excitation_0110_00001155.mp4,False,
emotion:00001199.mp4,00001199.mp4,eMotions_chunk_000.parquet,datasets/Conna/eMotions/data/eMotions_chunk_000.parquet,bb97b7453720968aa6793bd962a8880a459acadc,Excitation,positive,15.742993,6ce618ec422b8174a2b307780e27e87fafba7d7c9ce2a901dedfda6332e82c03,positive/excitation/positive_excitation_0111_00001199.mp4,False,
emotion:00001203.mp4,00001203.mp4,eMotions_chunk_000.parquet,datasets/Conna/eMotions/data/eMotions_chunk_000.parquet,bb97b7453720968aa6793bd962a8880a459acadc,Excitation,positive,7.123837,ce35fb3381f74ef5ce0b01694e0f9d0a427ae90464944ee0db8197549ee0069f,positive/excitation/positive_excitation_0112_00001203.mp4,False,
emotion:00001204.mp4,00001204.mp4,eMotions_chunk_000.parquet,datasets/Conna/eMotions/data/eMotions_chunk_000.parquet,bb97b7453720968aa6793bd962a8880a459acadc,Excitation,positive,49.667007,90751d4490c750cb480e6a848a65c193325a82e8d7f650a56a7d8b3ef6524f3b,positive/excitation/positive_excitation_0113_00001204.mp4,False,
emotion:00001214.mp4,00001214.mp4,eMotions_chunk_000.parquet,datasets/Conna/eMotions/data/eMotions_chunk_000.parquet,bb97b7453720968aa6793bd962a8880a459acadc,Excitation,positive,9.533333,e43839df9341b3154e96d553bd29a5e20e10c21045f5d441e33beca5ec385738,positive/excitation/positive_excitation_0114_00001214.mp4,False,
emotion:00001220.mp4,00001220.mp4,eMotions_chunk_000.parquet,datasets/Conna/eMotions/data/eMotions_chunk_000.parquet,bb97b7453720968aa6793bd962a8880a459acadc,Excitation,positive,59.0,bcb89747f156322dcf69cb8eb2d8828b962af1a2289eb5ba4476e28cecbd01cd,positive/excitation/positive_excitation_0115_00001220.mp4,False,
emotion:00001227.mp4,00001227.mp4,eMotions_chunk_000.parquet,datasets/Conna/eMotions/data/eMotions_chunk_000.parquet,bb97b7453720968aa6793bd962a8880a459acadc,Excitation,positive,20.013991,40140591b2bfeb2ba8cd07f8e7e13ef984301b84785654f926230de774777ec7,positive/excitation/positive_excitation_0116_00001227.mp4,False,
emotion:00001238.mp4,00001238.mp4,eMotions_chunk_000.parquet,datasets/Conna/eMotions/data/eMotions_chunk_000.parquet,bb97b7453720968aa6793bd962a8880a459acadc,Excitation,positive,15.606566,d9de3df0fc27a41acab32f09554fda391ce5d321ec4637330dcb5aa7796447b9,positive/excitation/positive_excitation_0117_00001238.mp4,False,
emotion:00001278.mp4,00001278.mp4,eMotions_chunk_000.parquet,datasets/Conna/eMotions/data/eMotions_chunk_000.parquet,bb97b7453720968aa6793bd962a8880a459acadc,Excitation,positive,12.866667,14ee8443451dc1645968e0c302c7f3cfae8b29dca7a2fe9e95354e18c2949cb6,positive/excitation/positive_excitation_0118_00001278.mp4,False,
emotion:00001291.mp4,00001291.mp4,eMotions_chunk_000.parquet,datasets/Conna/eMotions/data/eMotions_chunk_000.parquet,bb97b7453720968aa6793bd962a8880a459acadc,Excitation,positive,21.779002,40e17bc96504224e567ac7701fcae4ed29ba5c5a50ba7d3e9221e5a461630041,positive/excitation/positive_excitation_0119_00001291.mp4,False,
emotion:00001376.mp4,00001376.mp4,eMotions_chunk_000.parquet,datasets/Conna/eMotions/data/eMotions_chunk_000.parquet,bb97b7453720968aa6793bd962a8880a459acadc,Excitation,positive,15.033333,8b740843c67f756ba6b4c4d1eee0fdb05de733fdfc7568ceb486af60a9edec30,positive/excitation/positive_excitation_0120_00001376.mp4,False,
emotion:00001392.mp4,00001392.mp4,eMotions_chunk_000.parquet,datasets/Conna/eMotions/data/eMotions_chunk_000.parquet,bb97b7453720968aa6793bd962a8880a459acadc,Excitation,positive,6.833333,5ee4b91dca2c8c29e8581f5ce6f268147e9a56407b248a53f52d87e13ae5fa49,positive/excitation/positive_excitation_0121_00001392.mp4,False,
emotion:00001410.mp4,00001410.mp4,eMotions_chunk_000.parquet,datasets/Conna/eMotions/data/eMotions_chunk_000.parquet,bb97b7453720968aa6793bd962a8880a459acadc,Excitation,positive,18.135011,431896af13a504b950f94569a3e153c026fdc19aa9f89efcca59518d4fab4b79,positive/excitation/positive_excitation_0122_00001410.mp4,False,
emotion:00001430.mp4,00001430.mp4,eMotions_chunk_000.parquet,datasets/Conna/eMotions/data/eMotions_chunk_000.parquet,bb97b7453720968aa6793bd962a8880a459acadc,Excitation,positive,14.533991,5b27f9d22bfabe4f4a14c75b3b5f64e1c973b3d6bdd839d2a44d5e681dd3d4d9,positive/excitation/positive_excitation_0123_00001430.mp4,False,
emotion:00001536.mp4,00001536.mp4,eMotions_chunk_000.parquet,datasets/Conna/eMotions/data/eMotions_chunk_000.parquet,bb97b7453720968aa6793bd962a8880a459acadc,Excitation,positive,14.7,5d1beb6db4f75a268f9b2127f5f0b117597fea315f623bd3f546f0a70f3cda1c,positive/excitation/positive_excitation_0124_00001536.mp4,False,
emotion:00001549.mp4,00001549.mp4,eMotions_chunk_000.parquet,datasets/Conna/eMotions/data/eMotions_chunk_000.parquet,bb97b7453720968aa6793bd962a8880a459acadc,Excitation,positive,47.466667,f24423acc84f44aab1ad78e0648ba351f7a1448a8c9211587308f742cbe521f4,positive/excitation/positive_excitation_0125_00001549.mp4,False,
emotion:00001562.mp4,00001562.mp4,eMotions_chunk_000.parquet,datasets/Conna/eMotions/data/eMotions_chunk_000.parquet,bb97b7453720968aa6793bd962a8880a459acadc,Excitation,positive,25.466667,b8ff1bb8c5d3124385e134e07bb48b36faaf1378c5db8d04bdee9edcca28c657,positive/excitation/positive_excitation_0126_00001562.mp4,False,
emotion:00001564.mp4,00001564.mp4,eMotions_chunk_000.parquet,datasets/Conna/eMotions/data/eMotions_chunk_000.parquet,bb97b7453720968aa6793bd962a8880a459acadc,Excitation,positive,20.766667,8bc1e19d731ba2ebc181c6f8da57be1e0685e79289ace030f765f840dbdd1d9a,positive/excitation/positive_excitation_0127_00001564.mp4,False,
emotion:00001568.mp4,00001568.mp4,eMotions_chunk_000.parquet,datasets/Conna/eMotions/data/eMotions_chunk_000.parquet,bb97b7453720968aa6793bd962a8880a459acadc,Excitation,positive,14.366667,a5679ede0000e4dadf690ba1c15d411dc5f177ae559ffeebbd38f44dda1a4334,positive/excitation/positive_excitation_0128_00001568.mp4,False,
emotion:00001615.mp4,00001615.mp4,eMotions_chunk_000.parquet,datasets/Conna/eMotions/data/eMotions_chunk_000.parquet,bb97b7453720968aa6793bd962a8880a459acadc,Excitation,positive,9.233333,4e43cc06ba94e7453e57d66728bc83eef0fc1fa4dedcffaa865d11cf1b2e06ba,positive/excitation/positive_excitation_0129_00001615.mp4,False,
emotion:00001631.mp4,00001631.mp4,eMotions_chunk_000.parquet,datasets/Conna/eMotions/data/eMotions_chunk_000.parquet,bb97b7453720968aa6793bd962a8880a459acadc,Excitation,positive,7.416667,f1b6f789a0e283fce32bfd928b1abf41fedd1d1201dd0eec154ad748384577eb,positive/excitation/positive_excitation_0130_00001631.mp4,False,
emotion:00001639.mp4,00001639.mp4,eMotions_chunk_000.parquet,datasets/Conna/eMotions/data/eMotions_chunk_000.parquet,bb97b7453720968aa6793bd962a8880a459acadc,Excitation,positive,28.466667,96455ed817bf08dc7f67981dd6a08967db03d8904795604a8e337029287c541c,positive/excitation/positive_excitation_0131_00001639.mp4,False,
emotion:00001640.mp4,00001640.mp4,eMotions_chunk_000.parquet,datasets/Conna/eMotions/data/eMotions_chunk_000.parquet,bb97b7453720968aa6793bd962a8880a459acadc,Excitation,positive,55.066667,49cf5f9cf68457513a0c92cbab5be1196f2d625929b41ec3c9f0fb224d81ff15,positive/excitation/positive_excitation_0132_00001640.mp4,False,
emotion:00001652.mp4,00001652.mp4,eMotions_chunk_000.parquet,datasets/Conna/eMotions/data/eMotions_chunk_000.parquet,bb97b7453720968aa6793bd962a8880a459acadc,Excitation,positive,14.241379,da3113a89d388e6c00d4565e3f11f2d5c4a029b2226697c59f15e118c6f95048,positive/excitation/positive_excitation_0133_00001652.mp4,False,
emotion:00001662.mp4,00001662.mp4,eMotions_chunk_000.parquet,datasets/Conna/eMotions/data/eMotions_chunk_000.parquet,bb97b7453720968aa6793bd962a8880a459acadc,Excitation,positive,32.533333,5abf26bae19934b700651677b2ad6558758e72511e0edd6f67f0fb46a51f97e0,positive/excitation/positive_excitation_0134_00001662.mp4,False,
emotion:00001669.mp4,00001669.mp4,eMotions_chunk_000.parquet,datasets/Conna/eMotions/data/eMotions_chunk_000.parquet,bb97b7453720968aa6793bd962a8880a459acadc,Excitation,positive,14.833333,643fbd3e6e91d4a27d36d34f9a4d15932efd3acc5017b6f40ebd8bfa17a215d5,positive/excitation/positive_excitation_0135_00001669.mp4,False,
emotion:00001678.mp4,00001678.mp4,eMotions_chunk_000.parquet,datasets/Conna/eMotions/data/eMotions_chunk_000.parquet,bb97b7453720968aa6793bd962a8880a459acadc,Excitation,positive,27.016667,48f3cb6b38ff0d8485929ff854340adaf9bf0b1ecfe6c7509685c40ca0ff5896,positive/excitation/positive_excitation_0136_00001678.mp4,False,
emotion:00001680.mp4,00001680.mp4,eMotions_chunk_000.parquet,datasets/Conna/eMotions/data/eMotions_chunk_000.parquet,bb97b7453720968aa6793bd962a8880a459acadc,Excitation,positive,13.166667,aff9012e1a6452c4e7c5eeff7cabb52232a0fa4e9b643b68951b4a57cdc7249a,positive/excitation/positive_excitation_0137_00001680.mp4,False,
emotion:00001683.mp4,00001683.mp4,eMotions_chunk_000.parquet,datasets/Conna/eMotions/data/eMotions_chunk_000.parquet,bb97b7453720968aa6793bd962a8880a459acadc,Excitation,positive,6.233333,735ecff2c36eb7d859dc4972b20016d531492ecfb926aafcda55deff1a2661f4,positive/excitation/positive_excitation_0138_00001683.mp4,False,
emotion:00001690.mp4,00001690.mp4,eMotions_chunk_000.parquet,datasets/Conna/eMotions/data/eMotions_chunk_000.parquet,bb97b7453720968aa6793bd962a8880a459acadc,Excitation,positive,15.440998,793bd9588248cb1628a2db53232bfffe960b3c912cc7ddb4cd3cee18fdf802eb,positive/excitation/positive_excitation_0139_00001690.mp4,False,
emotion:00001711.mp4,00001711.mp4,eMotions_chunk_000.parquet,datasets/Conna/eMotions/data/eMotions_chunk_000.parquet,bb97b7453720968aa6793bd962a8880a459acadc,Excitation,positive,24.066667,3c89c6cd9e9d78e029d387775aa175957b48b0d37bffdc76aa8836e556f099f0,positive/excitation/positive_excitation_0140_00001711.mp4,False,
emotion:00001715.mp4,00001715.mp4,eMotions_chunk_000.parquet,datasets/Conna/eMotions/data/eMotions_chunk_000.parquet,bb97b7453720968aa6793bd962a8880a459acadc,Excitation,positive,29.8,220523e1505267df8c0a2f14f8de051557c1e80033be29afc4bfaa4f392323fd,positive/excitation/positive_excitation_0141_00001715.mp4,False,
emotion:00001718.mp4,00001718.mp4,eMotions_chunk_000.parquet,datasets/Conna/eMotions/data/eMotions_chunk_000.parquet,bb97b7453720968aa6793bd962a8880a459acadc,Excitation,positive,22.033333,65bc715918c47920b5db9194d14f50c5c376710ea59257cc3e0a7e30878edce4,positive/excitation/positive_excitation_0142_00001718.mp4,False,
emotion:00001731.mp4,00001731.mp4,eMotions_chunk_000.parquet,datasets/Conna/eMotions/data/eMotions_chunk_000.parquet,bb97b7453720968aa6793bd962a8880a459acadc,Excitation,positive,55.123991,66e71ef88ac962f0426cbb967b6ae07a992db0a0220d38701183564499641ff2,positive/excitation/positive_excitation_0143_00001731.mp4,False,
emotion:00001733.mp4,00001733.mp4,eMotions_chunk_000.parquet,datasets/Conna/eMotions/data/eMotions_chunk_000.parquet,bb97b7453720968aa6793bd962a8880a459acadc,Excitation,positive,32.273991,e64b66e95fbee1420ed80c8a0448387e9ad3dbfdf1463da4502170d143f23800,positive/excitation/positive_excitation_0144_00001733.mp4,False,
emotion:00001752.mp4,00001752.mp4,eMotions_chunk_000.parquet,datasets/Conna/eMotions/data/eMotions_chunk_000.parquet,bb97b7453720968aa6793bd962a8880a459acadc,Excitation,positive,7.521995,e60f731360b31573d9578ae4dc37d522310346cae925dc6cd4433079fb411bb5,positive/excitation/positive_excitation_0145_00001752.mp4,False,
emotion:00001754.mp4,00001754.mp4,eMotions_chunk_000.parquet,datasets/Conna/eMotions/data/eMotions_chunk_000.parquet,bb97b7453720968aa6793bd962a8880a459acadc,Excitation,positive,10.033333,57bc49df7d5be0b22d2f52944aa5844bbcb0ab05a7b8dabd1e7bca97084af944,positive/excitation/positive_excitation_0146_00001754.mp4,False,
emotion:00001758.mp4,00001758.mp4,eMotions_chunk_000.parquet,datasets/Conna/eMotions/data/eMotions_chunk_000.parquet,bb97b7453720968aa6793bd962a8880a459acadc,Excitation,positive,26.0,6b3a1cb255a37a776dc77bc20d9136ed86e2ae92576fe762272ea3fe833dc886,positive/excitation/positive_excitation_0147_00001758.mp4,False,
emotion:00001773.mp4,00001773.mp4,eMotions_chunk_000.parquet,datasets/Conna/eMotions/data/eMotions_chunk_000.parquet,bb97b7453720968aa6793bd962a8880a459acadc,Excitation,positive,9.966667,bfb54b9b41582ef4ea353e22c86256c102bcbd52a3b6130516505a14cca006b1,positive/excitation/positive_excitation_0148_00001773.mp4,False,
emotion:00001780.mp4,00001780.mp4,eMotions_chunk_000.parquet,datasets/Conna/eMotions/data/eMotions_chunk_000.parquet,bb97b7453720968aa6793bd962a8880a459acadc,Excitation,positive,16.902993,7cc35b190db1c5ac014dba107f42a79064db260f711cbd5c686a5148ba7c7040,positive/excitation/positive_excitation_0149_00001780.mp4,False,
emotion:00001792.mp4,00001792.mp4,eMotions_chunk_000.parquet,datasets/Conna/eMotions/data/eMotions_chunk_000.parquet,bb97b7453720968aa6793bd962a8880a459acadc,Excitation,positive,60.0,0654a4552d32340a75e8d4d7e92c7f8f17771e51047b7e00a2d9b189aad36fdf,positive/excitation/positive_excitation_0150_00001792.mp4,False,
emotion:00001798.mp4,00001798.mp4,eMotions_chunk_000.parquet,datasets/Conna/eMotions/data/eMotions_chunk_000.parquet,bb97b7453720968aa6793bd962a8880a459acadc,Excitation,positive,21.166667,3984849ae170f9aea69d1af85f47d7b928d4f68c68ba432ea58a82c3e97e7fa9,positive/excitation/positive_excitation_0151_00001798.mp4,False,
emotion:00001799.mp4,00001799.mp4,eMotions_chunk_000.parquet,datasets/Conna/eMotions/data/eMotions_chunk_000.parquet,bb97b7453720968aa6793bd962a8880a459acadc,Excitation,positive,14.966667,64d50e79b9b5678a7a008ead935a63cb1eb2eb3d1b4f19c60e3c4384081ebfd0,positive/excitation/positive_excitation_0152_00001799.mp4,False,
emotion:00001803.mp4,00001803.mp4,eMotions_chunk_000.parquet,datasets/Conna/eMotions/data/eMotions_chunk_000.parquet,bb97b7453720968aa6793bd962a8880a459acadc,Excitation,positive,7.3,848d67faee6bd33e1e31ca5c290cd4a8568d3238472f502995e6e0f4a48af4da,positive/excitation/positive_excitation_0153_00001803.mp4,False,
emotion:00001808.mp4,00001808.mp4,eMotions_chunk_000.parquet,datasets/Conna/eMotions/data/eMotions_chunk_000.parquet,bb97b7453720968aa6793bd962a8880a459acadc,Excitation,positive,11.466667,c0db880e613acba863e5e2a78d715aac2e8167770610a2fce7e17796b9c915f0,positive/excitation/positive_excitation_0154_00001808.mp4,False,
emotion:00001848.mp4,00001848.mp4,eMotions_chunk_000.parquet,datasets/Conna/eMotions/data/eMotions_chunk_000.parquet,bb97b7453720968aa6793bd962a8880a459acadc,Excitation,positive,42.539002,0f31f0b6dfb29f75229cbb448a4388d7c9ba2a48d87202ddf3787d2d58e05f93,positive/excitation/positive_excitation_0155_00001848.mp4,False,
emotion:00001891.mp4,00001891.mp4,eMotions_chunk_000.parquet,datasets/Conna/eMotions/data/eMotions_chunk_000.parquet,bb97b7453720968aa6793bd962a8880a459acadc,Excitation,positive,7.833333,adef92dc1dfb7032a975d35e020a36e23acc63427de36849dc6d6a0ba1812a8c,positive/excitation/positive_excitation_0156_00001891.mp4,False,
emotion:00001897.mp4,00001897.mp4,eMotions_chunk_000.parquet,datasets/Conna/eMotions/data/eMotions_chunk_000.parquet,bb97b7453720968aa6793bd962a8880a459acadc,Excitation,positive,34.533333,2c546c5a79ad3fbb82858df86daf0620c0821396c44c5f44f42bc0018e036e21,positive/excitation/positive_excitation_0157_00001897.mp4,False,
emotion:00001899.mp4,00001899.mp4,eMotions_chunk_000.parquet,datasets/Conna/eMotions/data/eMotions_chunk_000.parquet,bb97b7453720968aa6793bd962a8880a459acadc,Excitation,positive,10.833333,cba6532fa3a08c9de4598a774d45a8d10f833b6f490427340863eb49d5b737d9,positive/excitation/positive_excitation_0158_00001899.mp4,False,
emotion:00001901.mp4,00001901.mp4,eMotions_chunk_000.parquet,datasets/Conna/eMotions/data/eMotions_chunk_000.parquet,bb97b7453720968aa6793bd962a8880a459acadc,Excitation,positive,50.0,5f33647985f99c1ac37bf23c07de78d8e8c1b8c48364cd19bd57aa963268ff6e,positive/excitation/positive_excitation_0159_00001901.mp4,False,
emotion:00001906.mp4,00001906.mp4,eMotions_chunk_000.parquet,datasets/Conna/eMotions/data/eMotions_chunk_000.parquet,bb97b7453720968aa6793bd962a8880a459acadc,Excitation,positive,25.053991,14dbde41fc8a9d0fef35c1ddac761a39417bad8b359ad817eaccf5d7e0c5f801,positive/excitation/positive_excitation_0160_00001906.mp4,False,
emotion:00001916.mp4,00001916.mp4,eMotions_chunk_000.parquet,datasets/Conna/eMotions/data/eMotions_chunk_000.parquet,bb97b7453720968aa6793bd962a8880a459acadc,Excitation,positive,12.30581,ad57a3218c9e083c793a55a1b627c501bb2166eac4d5e513e2db5443d939431b,positive/excitation/positive_excitation_0161_00001916.mp4,False,
emotion:00001918.mp4,00001918.mp4,eMotions_chunk_000.parquet,datasets/Conna/eMotions/data/eMotions_chunk_000.parquet,bb97b7453720968aa6793bd962a8880a459acadc,Excitation,positive,14.720998,55a7242c1ba422a1432e1a200dae19458b0d68689e8c8293deb104bd91cb80f2,positive/excitation/positive_excitation_0162_00001918.mp4,False,
emotion:00001925.mp4,00001925.mp4,eMotions_chunk_000.parquet,datasets/Conna/eMotions/data/eMotions_chunk_000.parquet,bb97b7453720968aa6793bd962a8880a459acadc,Excitation,positive,19.7,848965e9089f75cf20c9b0524161ea90cd499e4bc9661a5b3caa7c3a2a58da96,positive/excitation/positive_excitation_0163_00001925.mp4,False,
emotion:00001928.mp4,00001928.mp4,eMotions_chunk_000.parquet,datasets/Conna/eMotions/data/eMotions_chunk_000.parquet,bb97b7453720968aa6793bd962a8880a459acadc,Excitation,positive,51.9,eb42de8633c6721a9700ac1a1e3148b80419dc33c031715430ed1d64a1baf45d,positive/excitation/positive_excitation_0164_00001928.mp4,False,
emotion:00001929.mp4,00001929.mp4,eMotions_chunk_000.parquet,datasets/Conna/eMotions/data/eMotions_chunk_000.parquet,bb97b7453720968aa6793bd962a8880a459acadc,Excitation,positive,55.72,f001b3371b81ac59a7b0f64182ba3e41919325949ef93370a428e84249f2993f,positive/excitation/positive_excitation_0165_00001929.mp4,False,
emotion:00001936.mp4,00001936.mp4,eMotions_chunk_000.parquet,datasets/Conna/eMotions/data/eMotions_chunk_000.parquet,bb97b7453720968aa6793bd962a8880a459acadc,Excitation,positive,19.6,9bb2210d2991d203c20ee297319352b60163647fbf8bbb7b4085ded3400a5bd4,positive/excitation/positive_excitation_0166_00001936.mp4,False,
emotion:00001939.mp4,00001939.mp4,eMotions_chunk_000.parquet,datasets/Conna/eMotions/data/eMotions_chunk_000.parquet,bb97b7453720968aa6793bd962a8880a459acadc,Excitation,positive,12.168848,e72cf74de3b5a141e29402d1f5e7230de13eaae7d7959969e336bf50715b4293,positive/excitation/positive_excitation_0167_00001939.mp4,False,
emotion:00001941.mp4,00001941.mp4,eMotions_chunk_000.parquet,datasets/Conna/eMotions/data/eMotions_chunk_000.parquet,bb97b7453720968aa6793bd962a8880a459acadc,Excitation,positive,32.033333,68c227472daed2f9af088820d322a7cc5b9bae23cf0e1772b698b62656d68218,positive/excitation/positive_excitation_0168_00001941.mp4,False,
emotion:00001945.mp4,00001945.mp4,eMotions_chunk_000.parquet,datasets/Conna/eMotions/data/eMotions_chunk_000.parquet,bb97b7453720968aa6793bd962a8880a459acadc,Excitation,positive,44.533333,ffa1c7095b326c48cb044de1d0462d6b1f87eb171472d6e85506f0bd62a32d1b,positive/excitation/positive_excitation_0169_00001945.mp4,False,
emotion:00001959.mp4,00001959.mp4,eMotions_chunk_000.parquet,datasets/Conna/eMotions/data/eMotions_chunk_000.parquet,bb97b7453720968aa6793bd962a8880a459acadc,Excitation,positive,22.666667,21516038b835935e61359d9bfd3c5df15232319c10f50a81c4c722e273e0e5b9,positive/excitation/positive_excitation_0170_00001959.mp4,False,
emotion:00001960.mp4,00001960.mp4,eMotions_chunk_000.parquet,datasets/Conna/eMotions/data/eMotions_chunk_000.parquet,bb97b7453720968aa6793bd962a8880a459acadc,Excitation,positive,36.409002,1c312f3ee114e2e9364fdfbbb6d43d3565ff556964e943d4c8bb21244d90a4be,positive/excitation/positive_excitation_0171_00001960.mp4,False,
emotion:00001961.mp4,00001961.mp4,eMotions_chunk_000.parquet,datasets/Conna/eMotions/data/eMotions_chunk_000.parquet,bb97b7453720968aa6793bd962a8880a459acadc,Excitation,positive,10.26148,059c016843a782a9b3bd1fd00cf790da43cd77096d3a018d2abe8f922eb61bea,positive/excitation/positive_excitation_0172_00001961.mp4,False,
emotion:00001972.mp4,00001972.mp4,eMotions_chunk_000.parquet,datasets/Conna/eMotions/data/eMotions_chunk_000.parquet,bb97b7453720968aa6793bd962a8880a459acadc,Excitation,positive,18.1,c6414b45f85b2ea769e8d19398251a0e6cc3112a803483a4e9a2f34349c03925,positive/excitation/positive_excitation_0173_00001972.mp4,False,
emotion:00001973.mp4,00001973.mp4,eMotions_chunk_000.parquet,datasets/Conna/eMotions/data/eMotions_chunk_000.parquet,bb97b7453720968aa6793bd962a8880a459acadc,Excitation,positive,14.720998,0ab9098f3179372c4509b2bf8d6a0e9e74d5db1be78eb84de169133366bc0f6d,positive/excitation/positive_excitation_0174_00001973.mp4,False,
emotion:00001977.mp4,00001977.mp4,eMotions_chunk_000.parquet,datasets/Conna/eMotions/data/eMotions_chunk_000.parquet,bb97b7453720968aa6793bd962a8880a459acadc,Excitation,positive,35.618005,d0d3fd111a3f8e6623237538665c9c1ba90318a7021fe5d94e365481b24c93fd,positive/excitation/positive_excitation_0175_00001977.mp4,False,
emotion:00001988.mp4,00001988.mp4,eMotions_chunk_000.parquet,datasets/Conna/eMotions/data/eMotions_chunk_000.parquet,bb97b7453720968aa6793bd962a8880a459acadc,Excitation,positive,25.147007,1705a83c2642a215c6200065287265b069af960c365befcb3c4e2abedb7e3708,positive/excitation/positive_excitation_0176_00001988.mp4,False,
emotion:00001998.mp4,00001998.mp4,eMotions_chunk_000.parquet,datasets/Conna/eMotions/data/eMotions_chunk_000.parquet,bb97b7453720968aa6793bd962a8880a459acadc,Excitation,positive,10.464286,11019b9960aa1c7bc85da691390b290637ae313c2b84681775a62df40ee030f2,positive/excitation/positive_excitation_0177_00001998.mp4,False,
emotion:00002002.mp4,00002002.mp4,eMotions_chunk_000.parquet,datasets/Conna/eMotions/data/eMotions_chunk_000.parquet,bb97b7453720968aa6793bd962a8880a459acadc,Excitation,positive,28.886009,c8b81cd020984c35c8c03a76a70d10eea9885c303a48f5dae00560c3e962a738,positive/excitation/positive_excitation_0178_00002002.mp4,False,
emotion:00002013.mp4,00002013.mp4,eMotions_chunk_000.parquet,datasets/Conna/eMotions/data/eMotions_chunk_000.parquet,bb97b7453720968aa6793bd962a8880a459acadc,Excitation,positive,23.6,64ecb0179b606bd7d9bdb1ffff5a1513e3d30da64e814854ca699c2638c8d40d,positive/excitation/positive_excitation_0179_00002013.mp4,False,
emotion:00002036.mp4,00002036.mp4,eMotions_chunk_000.parquet,datasets/Conna/eMotions/data/eMotions_chunk_000.parquet,bb97b7453720968aa6793bd962a8880a459acadc,Excitation,positive,32.866667,9a574987131063a01e99b017448a889561123ded339b92e5f98e8adee1cf58d8,positive/excitation/positive_excitation_0180_00002036.mp4,False,
emotion:00002044.mp4,00002044.mp4,eMotions_chunk_000.parquet,datasets/Conna/eMotions/data/eMotions_chunk_000.parquet,bb97b7453720968aa6793bd962a8880a459acadc,Excitation,positive,18.766667,a79357d9a2e635834ec4f41a0a4b748b491859a11314527917a8e0cf9dbd969d,positive/excitation/positive_excitation_0181_00002044.mp4,False,
emotion:00002047.mp4,00002047.mp4,eMotions_chunk_000.parquet,datasets/Conna/eMotions/data/eMotions_chunk_000.parquet,bb97b7453720968aa6793bd962a8880a459acadc,Excitation,positive,20.033333,c3ddeb21398340876046e357eb46db7cc08b010105937fdeb10d09eb45a5be73,positive/excitation/positive_excitation_0182_00002047.mp4,False,
emotion:00002049.mp4,00002049.mp4,eMotions_chunk_000.parquet,datasets/Conna/eMotions/data/eMotions_chunk_000.parquet,bb97b7453720968aa6793bd962a8880a459acadc,Excitation,positive,17.74,26ea8617ac540bc482fbb87e717e3e7dccc193626b7a40980ab439bfc426c0ac,positive/excitation/positive_excitation_0183_00002049.mp4,False,
emotion:00002051.mp4,00002051.mp4,eMotions_chunk_000.parquet,datasets/Conna/eMotions/data/eMotions_chunk_000.parquet,bb97b7453720968aa6793bd962a8880a459acadc,Excitation,positive,34.533333,3b519fb7221e6a5541081ba31a6c44406cc66c11ee0d0c0395e1977ac1237d64,positive/excitation/positive_excitation_0184_00002051.mp4,False,
emotion:00002054.mp4,00002054.mp4,eMotions_chunk_000.parquet,datasets/Conna/eMotions/data/eMotions_chunk_000.parquet,bb97b7453720968aa6793bd962a8880a459acadc,Excitation,positive,8.166667,6b11802178f7d1e255668ffd4072a973b61f9f1cd56b29d31b8deac07fb42e94,positive/excitation/positive_excitation_0185_00002054.mp4,False,
emotion:00002065.mp4,00002065.mp4,eMotions_chunk_000.parquet,datasets/Conna/eMotions/data/eMotions_chunk_000.parquet,bb97b7453720968aa6793bd962a8880a459acadc,Excitation,positive,44.366667,41e8a6c5303623a1f37ea810322267aac22859de8408f0062f02b53eb5c301c9,positive/excitation/positive_excitation_0186_00002065.mp4,False,
emotion:00002066.mp4,00002066.mp4,eMotions_chunk_000.parquet,datasets/Conna/eMotions/data/eMotions_chunk_000.parquet,bb97b7453720968aa6793bd962a8880a459acadc,Excitation,positive,29.2,cfab9e001fdbebd91670ee217f6c797edff9a4b9a85088737d1e5cf96b9a5f87,positive/excitation/positive_excitation_0187_00002066.mp4,False,
emotion:00002074.mp4,00002074.mp4,eMotions_chunk_000.parquet,datasets/Conna/eMotions/data/eMotions_chunk_000.parquet,bb97b7453720968aa6793bd962a8880a459acadc,Excitation,positive,30.371995,031de839545e6ab364c05f1f8f86a9f4ba211f054eb1887d3149a11188f53e24,positive/excitation/positive_excitation_0188_00002074.mp4,False,
emotion:00002081.mp4,00002081.mp4,eMotions_chunk_000.parquet,datasets/Conna/eMotions/data/eMotions_chunk_000.parquet,bb97b7453720968aa6793bd962a8880a459acadc,Excitation,positive,7.2,ea0ffafd9e6e48bafca6229c44e4b32c5f904ebe6740a2a6fe0db6f8c0fc1b07,positive/excitation/positive_excitation_0189_00002081.mp4,False,
emotion:00002084.mp4,00002084.mp4,eMotions_chunk_000.parquet,datasets/Conna/eMotions/data/eMotions_chunk_000.parquet,bb97b7453720968aa6793bd962a8880a459acadc,Excitation,positive,13.959014,3ea77ebda854e20accac9e7a0080d858132413eddd802e6a2977f530f2027cbb,positive/excitation/positive_excitation_0190_00002084.mp4,False,
emotion:00002091.mp4,00002091.mp4,eMotions_chunk_000.parquet,datasets/Conna/eMotions/data/eMotions_chunk_000.parquet,bb97b7453720968aa6793bd962a8880a459acadc,Excitation,positive,27.866667,164bc22980fb7d1da1048e0ddf6e9b8684ae440660022d3d0d23114a80536d74,positive/excitation/positive_excitation_0191_00002091.mp4,False,
emotion:00002092.mp4,00002092.mp4,eMotions_chunk_000.parquet,datasets/Conna/eMotions/data/eMotions_chunk_000.parquet,bb97b7453720968aa6793bd962a8880a459acadc,Excitation,positive,26.33,4237789bc1f748da1491ed744d9f14abf0973e25c7072cda2c11c6745e408803,positive/excitation/positive_excitation_0192_00002092.mp4,False,
emotion:00002093.mp4,00002093.mp4,eMotions_chunk_000.parquet,datasets/Conna/eMotions/data/eMotions_chunk_000.parquet,bb97b7453720968aa6793bd962a8880a459acadc,Excitation,positive,23.847007,31bc612baebebe7c02f584dba668e7063d11e28e8bcd244c4195e6fd486d4b56,positive/excitation/positive_excitation_0193_00002093.mp4,False,
emotion:00002095.mp4,00002095.mp4,eMotions_chunk_000.parquet,datasets/Conna/eMotions/data/eMotions_chunk_000.parquet,bb97b7453720968aa6793bd962a8880a459acadc,Excitation,positive,15.133333,8e9ded3c6feaf418676f22d052ce00befd713d85eceeded7d5c01a6b266e27fe,positive/excitation/positive_excitation_0194_00002095.mp4,False,
emotion:00002096.mp4,00002096.mp4,eMotions_chunk_000.parquet,datasets/Conna/eMotions/data/eMotions_chunk_000.parquet,bb97b7453720968aa6793bd962a8880a459acadc,Excitation,positive,49.737007,4c47a5b3346f6e301d01bb8ab145ed12066598edc36c775ce74aba4f8fcbce3c,positive/excitation/positive_excitation_0195_00002096.mp4,False,
emotion:00002097.mp4,00002097.mp4,eMotions_chunk_000.parquet,datasets/Conna/eMotions/data/eMotions_chunk_000.parquet,bb97b7453720968aa6793bd962a8880a459acadc,Excitation,positive,44.36,c06b3325cbc12c433ef38051d98f2841a6d05c90d127e87e196aa43e5631e72a,positive/excitation/positive_excitation_0196_00002097.mp4,False,
emotion:00002102.mp4,00002102.mp4,eMotions_chunk_000.parquet,datasets/Conna/eMotions/data/eMotions_chunk_000.parquet,bb97b7453720968aa6793bd962a8880a459acadc,Excitation,positive,30.566667,104a54b67b4e8ceee5bc7bf8510404a49b0b6a263a81e204a1faff0191d83a40,positive/excitation/positive_excitation_0197_00002102.mp4,False,
emotion:00002104.mp4,00002104.mp4,eMotions_chunk_000.parquet,datasets/Conna/eMotions/data/eMotions_chunk_000.parquet,bb97b7453720968aa6793bd962a8880a459acadc,Excitation,positive,34.8,f2effcec81b267afd2e0f770beea74e796321fe38e019d9274f261159156f9f4,positive/excitation/positive_excitation_0198_00002104.mp4,False,
emotion:00002110.mp4,00002110.mp4,eMotions_chunk_000.parquet,datasets/Conna/eMotions/data/eMotions_chunk_000.parquet,bb97b7453720968aa6793bd962a8880a459acadc,Excitation,positive,31.833333,8a48827fab8877a5fb77d097e11bedf79ebf5019eeb9c90392e6a51d7f94ded8,positive/excitation/positive_excitation_0199_00002110.mp4,False,
emotion:00005861.mp4,00005861.mp4,eMotions_chunk_005.parquet,datasets/Conna/eMotions/data/eMotions_chunk_005.parquet,bb97b7453720968aa6793bd962a8880a459acadc,Excitation,positive,16.671995,a914540719cea308534de72ca554ca577d675c93115f5e9828a58b47c73eb1f8,positive/excitation/positive_excitation_0200_00005861.mp4,False,
emotion:00005863.mp4,00005863.mp4,eMotions_chunk_005.parquet,datasets/Conna/eMotions/data/eMotions_chunk_005.parquet,bb97b7453720968aa6793bd962a8880a459acadc,Excitation,positive,11.585011,5173b699b0b3a45cb787de61c1f957831689ac69ca65d10e33b140ed9ea23166,positive/excitation/positive_excitation_0201_00005863.mp4,False,
emotion:00005871.mp4,00005871.mp4,eMotions_chunk_005.parquet,datasets/Conna/eMotions/data/eMotions_chunk_005.parquet,bb97b7453720968aa6793bd962a8880a459acadc,Excitation,positive,11.633333,e69edfc15d5c11660d7f5a99f995db222ea8c775cbb47e1b6cec268aa39dce48,positive/excitation/positive_excitation_0202_00005871.mp4,False,
emotion:00005877.mp4,00005877.mp4,eMotions_chunk_005.parquet,datasets/Conna/eMotions/data/eMotions_chunk_005.parquet,bb97b7453720968aa6793bd962a8880a459acadc,Excitation,positive,7.801995,330727f548fabed978a0175a8212ed68d8ed8ece44ae3cbc9b983aae6068248b,positive/excitation/positive_excitation_0203_00005877.mp4,False,
emotion:00005878.mp4,00005878.mp4,eMotions_chunk_005.parquet,datasets/Conna/eMotions/data/eMotions_chunk_005.parquet,bb97b7453720968aa6793bd962a8880a459acadc,Excitation,positive,36.4,e45c1a906acfd4b8d5d300a0a2a3037ef6f8a4cb59f11c0f81e8c657bd5695f0,positive/excitation/positive_excitation_0204_00005878.mp4,False,
emotion:00005880.mp4,00005880.mp4,eMotions_chunk_005.parquet,datasets/Conna/eMotions/data/eMotions_chunk_005.parquet,bb97b7453720968aa6793bd962a8880a459acadc,Excitation,positive,49.550998,a2a864b7858871c49d54155f98da921a97a99c78e6d461c45a5411a3930a6884,positive/excitation/positive_excitation_0205_00005880.mp4,False,
emotion:00005881.mp4,00005881.mp4,eMotions_chunk_005.parquet,datasets/Conna/eMotions/data/eMotions_chunk_005.parquet,bb97b7453720968aa6793bd962a8880a459acadc,Excitation,positive,44.396009,eeaa19a5079b2ef878f2d858725ddac19a80896c585e54a98b14de2bb5a25126,positive/excitation/positive_excitation_0206_00005881.mp4,False,
emotion:00005882.mp4,00005882.mp4,eMotions_chunk_005.parquet,datasets/Conna/eMotions/data/eMotions_chunk_005.parquet,bb97b7453720968aa6793bd962a8880a459acadc,Excitation,positive,17.28,d2c8b5abca200294d9d8cc08a93970db478e7c8946b242a5a4fa688a651dd157,positive/excitation/positive_excitation_0207_00005882.mp4,False,
emotion:00005886.mp4,00005886.mp4,eMotions_chunk_005.parquet,datasets/Conna/eMotions/data/eMotions_chunk_005.parquet,bb97b7453720968aa6793bd962a8880a459acadc,Excitation,positive,12.791667,88c66e90dd8946b1a20fd6ccc1834e6550f772bb8242d2d106b33df0f5375ff0,positive/excitation/positive_excitation_0208_00005886.mp4,False,
emotion:00005896.mp4,00005896.mp4,eMotions_chunk_005.parquet,datasets/Conna/eMotions/data/eMotions_chunk_005.parquet,bb97b7453720968aa6793bd962a8880a459acadc,Excitation,positive,18.44,4871c6b51a0829a1bf1cb6eec0c68818d462dadf74e7c03215821a9a5f7e8b29,positive/excitation/positive_excitation_0209_00005896.mp4,False,
emotion:00005900.mp4,00005900.mp4,eMotions_chunk_005.parquet,datasets/Conna/eMotions/data/eMotions_chunk_005.parquet,bb97b7453720968aa6793bd962a8880a459acadc,Excitation,positive,9.982993,14eca9124273efa97c1f3a95dddc20a4a9bea52c9a7d1e4a2c1b60b38a906aa8,positive/excitation/positive_excitation_0210_00005900.mp4,False,
emotion:00005905.mp4,00005905.mp4,eMotions_chunk_005.parquet,datasets/Conna/eMotions/data/eMotions_chunk_005.parquet,bb97b7453720968aa6793bd962a8880a459acadc,Excitation,positive,9.458333,03f5cf41a6bda8038db19f78baaabfd43334b3142e36e47a6197f9b3d5b7c271,positive/excitation/positive_excitation_0211_00005905.mp4,False,
emotion:00005914.mp4,00005914.mp4,eMotions_chunk_005.parquet,datasets/Conna/eMotions/data/eMotions_chunk_005.parquet,bb97b7453720968aa6793bd962a8880a459acadc,Excitation,positive,53.776009,a3ad26cf98247ef743c29bead6926babfc17e997963c23ce50f59d53a07ce410,positive/excitation/positive_excitation_0212_00005914.mp4,False,
emotion:00005922.mp4,00005922.mp4,eMotions_chunk_005.parquet,datasets/Conna/eMotions/data/eMotions_chunk_005.parquet,bb97b7453720968aa6793bd962a8880a459acadc,Excitation,positive,16.207007,cda3a62dee11abb21439085bbd7e48c23124e34026482aa7cb658a3848839bb1,positive/excitation/positive_excitation_0213_00005922.mp4,False,
emotion:00005931.mp4,00005931.mp4,eMotions_chunk_005.parquet,datasets/Conna/eMotions/data/eMotions_chunk_005.parquet,bb97b7453720968aa6793bd962a8880a459acadc,Excitation,positive,8.0,f7da28c841ac74a2d3ceea5d938f06838fa3fee46b8969afde1fa67a7c7b9c62,positive/excitation/positive_excitation_0214_00005931.mp4,False,
emotion:00005938.mp4,00005938.mp4,eMotions_chunk_005.parquet,datasets/Conna/eMotions/data/eMotions_chunk_005.parquet,bb97b7453720968aa6793bd962a8880a459acadc,Excitation,positive,16.207007,24d2ef4e3e703b3e2dab82ad9e0ab26da8acba03c312916257af4b2349fe420e,positive/excitation/positive_excitation_0215_00005938.mp4,False,
emotion:00005942.mp4,00005942.mp4,eMotions_chunk_005.parquet,datasets/Conna/eMotions/data/eMotions_chunk_005.parquet,bb97b7453720968aa6793bd962a8880a459acadc,Excitation,positive,35.8,b6eae53d7b7ee319acd017caaf62337e363a3451fb973f45c57de9bbb096af9c,positive/excitation/positive_excitation_0216_00005942.mp4,False,
emotion:00005949.mp4,00005949.mp4,eMotions_chunk_005.parquet,datasets/Conna/eMotions/data/eMotions_chunk_005.parquet,bb97b7453720968aa6793bd962a8880a459acadc,Excitation,positive,17.251995,9d805a01a01c24aa86a83bcfd575f103fb0edad595f35beaaa8ea66e8456115a,positive/excitation/positive_excitation_0217_00005949.mp4,False,
emotion:00005951.mp4,00005951.mp4,eMotions_chunk_005.parquet,datasets/Conna/eMotions/data/eMotions_chunk_005.parquet,bb97b7453720968aa6793bd962a8880a459acadc,Excitation,positive,16.556009,de1293c6a21069eb519fa8a90e4872ca06d23a189b9fa2d76de8e1b8ff6470e9,positive/excitation/positive_excitation_0218_00005951.mp4,False,
emotion:00005955.mp4,00005955.mp4,eMotions_chunk_005.parquet,datasets/Conna/eMotions/data/eMotions_chunk_005.parquet,bb97b7453720968aa6793bd962a8880a459acadc,Excitation,positive,6.013991,5b99e3e6c508e222eba37d74967202398a40f27a1556600451ddd23b4b90bd34,positive/excitation/positive_excitation_0219_00005955.mp4,False,
emotion:00005956.mp4,00005956.mp4,eMotions_chunk_005.parquet,datasets/Conna/eMotions/data/eMotions_chunk_005.parquet,bb97b7453720968aa6793bd962a8880a459acadc,Excitation,positive,6.78,dfb69d92d2d6720cebad8714a1a2845508059c5241267daab8a038ea2966af54,positive/excitation/positive_excitation_0220_00005956.mp4,False,
emotion:00005960.mp4,00005960.mp4,eMotions_chunk_005.parquet,datasets/Conna/eMotions/data/eMotions_chunk_005.parquet,bb97b7453720968aa6793bd962a8880a459acadc,Excitation,positive,6.699933,3aa316c4b6006ae86db92d2c2bb32fcb54432f5848f6663d729af166dd728301,positive/excitation/positive_excitation_0221_00005960.mp4,False,
emotion:00005961.mp4,00005961.mp4,eMotions_chunk_005.parquet,datasets/Conna/eMotions/data/eMotions_chunk_005.parquet,bb97b7453720968aa6793bd962a8880a459acadc,Excitation,positive,14.467606,d7d600b1f431135fb079d726f3edb2e264b4687156f215a3e5038d171a159c55,positive/excitation/positive_excitation_0222_00005961.mp4,False,
emotion:00005966.mp4,00005966.mp4,eMotions_chunk_005.parquet,datasets/Conna/eMotions/data/eMotions_chunk_005.parquet,bb97b7453720968aa6793bd962a8880a459acadc,Excitation,positive,9.380998,0b7b4038b6fb63f2ac09610b6b1f053352056deb744547933da0cdf372bd04fc,positive/excitation/positive_excitation_0223_00005966.mp4,False,
emotion:00005969.mp4,00005969.mp4,eMotions_chunk_005.parquet,datasets/Conna/eMotions/data/eMotions_chunk_005.parquet,bb97b7453720968aa6793bd962a8880a459acadc,Excitation,positive,18.250998,7378eff00b937a41738ec426c5caec2f729f98af05e12f3d89f834cd150474a4,positive/excitation/positive_excitation_0224_00005969.mp4,False,
emotion:00005970.mp4,00005970.mp4,eMotions_chunk_005.parquet,datasets/Conna/eMotions/data/eMotions_chunk_005.parquet,bb97b7453720968aa6793bd962a8880a459acadc,Excitation,positive,35.805011,8c1ff302e29948e110ec2a03017ecb00049017a9a82c6a0e7a81a5feec987171,positive/excitation/positive_excitation_0225_00005970.mp4,False,
emotion:00005976.mp4,00005976.mp4,eMotions_chunk_005.parquet,datasets/Conna/eMotions/data/eMotions_chunk_005.parquet,bb97b7453720968aa6793bd962a8880a459acadc,Excitation,positive,9.666667,319bb2bc2929ee31be51cca9a8cdf9995680e62fa166308638176dc2341c1a28,positive/excitation/positive_excitation_0226_00005976.mp4,False,
emotion:00005977.mp4,00005977.mp4,eMotions_chunk_005.parquet,datasets/Conna/eMotions/data/eMotions_chunk_005.parquet,bb97b7453720968aa6793bd962a8880a459acadc,Excitation,positive,12.073991,3add5cdee7bf496e0a1518163abaa9b92238a2f8f5300794c30129003570b91d,positive/excitation/positive_excitation_0227_00005977.mp4,False,
emotion:00005989.mp4,00005989.mp4,eMotions_chunk_005.parquet,datasets/Conna/eMotions/data/eMotions_chunk_005.parquet,bb97b7453720968aa6793bd962a8880a459acadc,Excitation,positive,11.433333,3935ef07a214ea7685d18208ca8b8773affb23f5cfb14a5e26f063dc1f169ce5,positive/excitation/positive_excitation_0228_00005989.mp4,False,
emotion:00005990.mp4,00005990.mp4,eMotions_chunk_005.parquet,datasets/Conna/eMotions/data/eMotions_chunk_005.parquet,bb97b7453720968aa6793bd962a8880a459acadc,Excitation,positive,12.028005,3e29cac799d8584ff1f57284cdc6261fbb4c01e3834e7ef4c9fbbe5a33d5b800,positive/excitation/positive_excitation_0229_00005990.mp4,False,
emotion:00005997.mp4,00005997.mp4,eMotions_chunk_005.parquet,datasets/Conna/eMotions/data/eMotions_chunk_005.parquet,bb97b7453720968aa6793bd962a8880a459acadc,Excitation,positive,17.208333,57884ea45a5cbc5816a3af67993ecf9227f4f230b9c04110c536a025ed7251c9,positive/excitation/positive_excitation_0230_00005997.mp4,False,
emotion:00006010.mp4,00006010.mp4,eMotions_chunk_005.parquet,datasets/Conna/eMotions/data/eMotions_chunk_005.parquet,bb97b7453720968aa6793bd962a8880a459acadc,Excitation,positive,6.176009,c8099d3a7094dc9ef3df2410fcfea553035993410e7a613e51e2283436ae2ab9,positive/excitation/positive_excitation_0231_00006010.mp4,False,
emotion:00006016.mp4,00006016.mp4,eMotions_chunk_005.parquet,datasets/Conna/eMotions/data/eMotions_chunk_005.parquet,bb97b7453720968aa6793bd962a8880a459acadc,Excitation,positive,8.612993,1fb8ece6c6b5a9bf25bebdeb392553c1abb11252945b130033e66327ec4e191f,positive/excitation/positive_excitation_0232_00006016.mp4,False,
emotion:00006018.mp4,00006018.mp4,eMotions_chunk_005.parquet,datasets/Conna/eMotions/data/eMotions_chunk_005.parquet,bb97b7453720968aa6793bd962a8880a459acadc,Excitation,positive,11.120998,5762f202f4502314b4623a019c0e598ddc543fd0c8b1a7b0d6624e913a741c9c,positive/excitation/positive_excitation_0233_00006018.mp4,False,
emotion:00006022.mp4,00006022.mp4,eMotions_chunk_005.parquet,datasets/Conna/eMotions/data/eMotions_chunk_005.parquet,bb97b7453720968aa6793bd962a8880a459acadc,Excitation,positive,14.672993,86d50dfd6c61ae36365cf8fb5301b2a05e9c69eeddd2541aae8aefd8218e9e2b,positive/excitation/positive_excitation_0234_00006022.mp4,False,
emotion:00006024.mp4,00006024.mp4,eMotions_chunk_005.parquet,datasets/Conna/eMotions/data/eMotions_chunk_005.parquet,bb97b7453720968aa6793bd962a8880a459acadc,Excitation,positive,7.011995,23e95342ce7026e57905844c05aaddac616b5814372c736cd68aba17e8da4668,positive/excitation/positive_excitation_0235_00006024.mp4,False,
emotion:00006026.mp4,00006026.mp4,eMotions_chunk_005.parquet,datasets/Conna/eMotions/data/eMotions_chunk_005.parquet,bb97b7453720968aa6793bd962a8880a459acadc,Excitation,positive,13.566667,c109ea36c895799e7c988addfa89b8b2f59d3645864c175226a35b2066d00320,positive/excitation/positive_excitation_0236_00006026.mp4,False,
emotion:00006036.mp4,00006036.mp4,eMotions_chunk_005.parquet,datasets/Conna/eMotions/data/eMotions_chunk_005.parquet,bb97b7453720968aa6793bd962a8880a459acadc,Excitation,positive,9.266667,af985d7423aa23b5bda82bbd5a233e9cb9202ee5a7b2a088b83e8592fd0719b3,positive/excitation/positive_excitation_0237_00006036.mp4,False,
emotion:00006054.mp4,00006054.mp4,eMotions_chunk_005.parquet,datasets/Conna/eMotions/data/eMotions_chunk_005.parquet,bb97b7453720968aa6793bd962a8880a459acadc,Excitation,positive,36.618005,1171ea465be5450d3246b15c7ce966a8386ff237d4803af41f089353707d5726,positive/excitation/positive_excitation_0238_00006054.mp4,False,
emotion:00006059.mp4,00006059.mp4,eMotions_chunk_005.parquet,datasets/Conna/eMotions/data/eMotions_chunk_005.parquet,bb97b7453720968aa6793bd962a8880a459acadc,Excitation,positive,6.533333,a632bcb9bfb018069471ba75d061a74da3e2545e829fe7c63a8b09c4374e8b28,positive/excitation/positive_excitation_0239_00006059.mp4,False,
emotion:00006064.mp4,00006064.mp4,eMotions_chunk_005.parquet,datasets/Conna/eMotions/data/eMotions_chunk_005.parquet,bb97b7453720968aa6793bd962a8880a459acadc,Excitation,positive,14.766667,e799997cbfa5c9fd8a4a93e9dddc0952cd7b3d3c5cad1e7637479c5a07dd03cb,positive/excitation/positive_excitation_0240_00006064.mp4,False,
emotion:00006088.mp4,00006088.mp4,eMotions_chunk_005.parquet,datasets/Conna/eMotions/data/eMotions_chunk_005.parquet,bb97b7453720968aa6793bd962a8880a459acadc,Excitation,positive,6.92,dee4fec5823c3a3daa2449831c1a0e1822f2aaa0cd507bf02e006402aaaed728,positive/excitation/positive_excitation_0241_00006088.mp4,False,
emotion:00006093.mp4,00006093.mp4,eMotions_chunk_005.parquet,datasets/Conna/eMotions/data/eMotions_chunk_005.parquet,bb97b7453720968aa6793bd962a8880a459acadc,Excitation,positive,19.242993,7dd235fd788060caaccb4c8055cf943f57b61b45501627d66d60f0a61ef4092d,positive/excitation/positive_excitation_0242_00006093.mp4,False,
emotion:00006097.mp4,00006097.mp4,eMotions_chunk_005.parquet,datasets/Conna/eMotions/data/eMotions_chunk_005.parquet,bb97b7453720968aa6793bd962a8880a459acadc,Excitation,positive,58.8,08f31ec49d9d85f558d98548adbaf8fbab97bd26eaafd68aa331cb31655f45b7,positive/excitation/positive_excitation_0243_00006097.mp4,False,
emotion:00006103.mp4,00006103.mp4,eMotions_chunk_005.parquet,datasets/Conna/eMotions/data/eMotions_chunk_005.parquet,bb97b7453720968aa6793bd962a8880a459acadc,Excitation,positive,19.52,da980624030918c6b0097687c8559342ccb1116d67cedd50c0c6e500e29a4de9,positive/excitation/positive_excitation_0244_00006103.mp4,False,
emotion:00006104.mp4,00006104.mp4,eMotions_chunk_005.parquet,datasets/Conna/eMotions/data/eMotions_chunk_005.parquet,bb97b7453720968aa6793bd962a8880a459acadc,Excitation,positive,15.975011,4378af434aa41af933677528043a1070ccbb1f952b30073d0f1abcaa0673c3e6,positive/excitation/positive_excitation_0245_00006104.mp4,False,
emotion:00006119.mp4,00006119.mp4,eMotions_chunk_005.parquet,datasets/Conna/eMotions/data/eMotions_chunk_005.parquet,bb97b7453720968aa6793bd962a8880a459acadc,Excitation,positive,17.067007,b0c50498bdccf93102ebd917d473ec1489b139f732bcdcabccf44c73a6638323,positive/excitation/positive_excitation_0246_00006119.mp4,False,
emotion:00006120.mp4,00006120.mp4,eMotions_chunk_005.parquet,datasets/Conna/eMotions/data/eMotions_chunk_005.parquet,bb97b7453720968aa6793bd962a8880a459acadc,Excitation,positive,14.28,07adfbc0113b85d4b3993396215b0d9b6b41b10ef2fc6fc0e478fb953d637441,positive/excitation/positive_excitation_0247_00006120.mp4,False,
emotion:00006122.mp4,00006122.mp4,eMotions_chunk_005.parquet,datasets/Conna/eMotions/data/eMotions_chunk_005.parquet,bb97b7453720968aa6793bd962a8880a459acadc,Excitation,positive,17.623991,4727d5afdb967ee96fa9f31548d3da15476fcd5b8ca99ad2508da113e262feb6,positive/excitation/positive_excitation_0248_00006122.mp4,False,
emotion:00006129.mp4,00006129.mp4,eMotions_chunk_005.parquet,datasets/Conna/eMotions/data/eMotions_chunk_005.parquet,bb97b7453720968aa6793bd962a8880a459acadc,Excitation,positive,8.766667,2963e617e4729a0607c796f50a76814554c8bb8bc822efc8f416da38d3774722,positive/excitation/positive_excitation_0249_00006129.mp4,False,
emotion:00006134.mp4,00006134.mp4,eMotions_chunk_005.parquet,datasets/Conna/eMotions/data/eMotions_chunk_005.parquet,bb97b7453720968aa6793bd962a8880a459acadc,Excitation,positive,13.845011,4992605033b26af217a413af6fd209d0e34a8fd18aae59f5a618436e28895697,positive/excitation/positive_excitation_0250_00006134.mp4,False,
emotion:00006136.mp4,00006136.mp4,eMotions_chunk_005.parquet,datasets/Conna/eMotions/data/eMotions_chunk_005.parquet,bb97b7453720968aa6793bd962a8880a459acadc,Excitation,positive,13.333333,cc940808fed5584313ec2dd5d54970a21fec6c358fb902759f71c290db9f4526,positive/excitation/positive_excitation_0251_00006136.mp4,False,
emotion:00006139.mp4,00006139.mp4,eMotions_chunk_005.parquet,datasets/Conna/eMotions/data/eMotions_chunk_005.parquet,bb97b7453720968aa6793bd962a8880a459acadc,Excitation,positive,14.875,9864ac168da96dba8d7de9d55882092d2703023a7cd7acecc4c81dfdb1933fc0,positive/excitation/positive_excitation_0252_00006139.mp4,False,
emotion:00006149.mp4,00006149.mp4,eMotions_chunk_005.parquet,datasets/Conna/eMotions/data/eMotions_chunk_005.parquet,bb97b7453720968aa6793bd962a8880a459acadc,Excitation,positive,14.187007,2c67a1b17b6378069be298e30c5a287436ee789b450d98e9955e18b6c32c8bbb,positive/excitation/positive_excitation_0253_00006149.mp4,False,
emotion:00006151.mp4,00006151.mp4,eMotions_chunk_005.parquet,datasets/Conna/eMotions/data/eMotions_chunk_005.parquet,bb97b7453720968aa6793bd962a8880a459acadc,Excitation,positive,5.133333,2e72b5c3eba4c6b28838a65c3550d906de955996b205f567b19653753785acac,positive/excitation/positive_excitation_0254_00006151.mp4,False,
emotion:00006165.mp4,00006165.mp4,eMotions_chunk_005.parquet,datasets/Conna/eMotions/data/eMotions_chunk_005.parquet,bb97b7453720968aa6793bd962a8880a459acadc,Excitation,positive,16.509002,9ba47d92aa3510a864e5c91ee9934f381f4b80deda8ba0c0ecad07b7e81aa260,positive/excitation/positive_excitation_0255_00006165.mp4,False,
emotion:00006175.mp4,00006175.mp4,eMotions_chunk_005.parquet,datasets/Conna/eMotions/data/eMotions_chunk_005.parquet,bb97b7453720968aa6793bd962a8880a459acadc,Excitation,positive,15.233333,00430ecd9309786e1e1aa6c32ab452b1220e0d502cf31011ddf3de873a3cd36d,positive/excitation/positive_excitation_0256_00006175.mp4,False,
emotion:00006181.mp4,00006181.mp4,eMotions_chunk_005.parquet,datasets/Conna/eMotions/data/eMotions_chunk_005.parquet,bb97b7453720968aa6793bd962a8880a459acadc,Excitation,positive,9.171995,6f0a626010c940629f5deeb64c8a846b33548c6f058593fc2b77a1ea3002369e,positive/excitation/positive_excitation_0257_00006181.mp4,False,
emotion:00006187.mp4,00006187.mp4,eMotions_chunk_005.parquet,datasets/Conna/eMotions/data/eMotions_chunk_005.parquet,bb97b7453720968aa6793bd962a8880a459acadc,Excitation,positive,14.379002,808618f96b96fde5d42c2a22ba68a3339379c195cfcd9cfa7ebc0de07a3f787a,positive/excitation/positive_excitation_0258_00006187.mp4,False,
emotion:00006196.mp4,00006196.mp4,eMotions_chunk_005.parquet,datasets/Conna/eMotions/data/eMotions_chunk_005.parquet,bb97b7453720968aa6793bd962a8880a459acadc,Excitation,positive,5.619002,da65e9dd6bc66054adaad0756713b59084a62e2074cfdbeace75aa74e39710d6,positive/excitation/positive_excitation_0259_00006196.mp4,False,
emotion:00006208.mp4,00006208.mp4,eMotions_chunk_005.parquet,datasets/Conna/eMotions/data/eMotions_chunk_005.parquet,bb97b7453720968aa6793bd962a8880a459acadc,Excitation,positive,13.581995,86dfc2d3278210e544b5fbabfcf36b9a3f1fcb3a8bb046c01348e5d3d1806cc5,positive/excitation/positive_excitation_0260_00006208.mp4,False,
emotion:00006212.mp4,00006212.mp4,eMotions_chunk_005.parquet,datasets/Conna/eMotions/data/eMotions_chunk_005.parquet,bb97b7453720968aa6793bd962a8880a459acadc,Excitation,positive,13.233991,6086b4cbb1bfb06c605c60723bff30da046f92852ee5c3e685a77f127ec7c34f,positive/excitation/positive_excitation_0261_00006212.mp4,False,
emotion:00006218.mp4,00006218.mp4,eMotions_chunk_005.parquet,datasets/Conna/eMotions/data/eMotions_chunk_005.parquet,bb97b7453720968aa6793bd962a8880a459acadc,Excitation,positive,8.451995,32ba8f9a7178631bac6b84d6bd8d746311de1dae6b018579c84bf3968aa181b9,positive/excitation/positive_excitation_0262_00006218.mp4,False,
emotion:00006228.mp4,00006228.mp4,eMotions_chunk_005.parquet,datasets/Conna/eMotions/data/eMotions_chunk_005.parquet,bb97b7453720968aa6793bd962a8880a459acadc,Excitation,positive,59.001995,c38a3c6cf981a25ee274d82497da42fbe98028884f2fcd98076152e85ffcf311,positive/excitation/positive_excitation_0263_00006228.mp4,False,
emotion:00006231.mp4,00006231.mp4,eMotions_chunk_005.parquet,datasets/Conna/eMotions/data/eMotions_chunk_005.parquet,bb97b7453720968aa6793bd962a8880a459acadc,Excitation,positive,46.827007,8b16cab44a269bcb1f8dfb9286533e63247574f029f044acc505b17972dcb9a5,positive/excitation/positive_excitation_0264_00006231.mp4,False,
emotion:00006237.mp4,00006237.mp4,eMotions_chunk_005.parquet,datasets/Conna/eMotions/data/eMotions_chunk_005.parquet,bb97b7453720968aa6793bd962a8880a459acadc,Excitation,positive,14.118005,d3250e745e0821b6db147e059c8e03a2e8e516154dd56ae25fd499f1e6f91d1e,positive/excitation/positive_excitation_0265_00006237.mp4,False,
emotion:00006240.mp4,00006240.mp4,eMotions_chunk_005.parquet,datasets/Conna/eMotions/data/eMotions_chunk_005.parquet,bb97b7453720968aa6793bd962a8880a459acadc,Excitation,positive,13.513991,a6798d734d2ee249a4bfc840ca13511a67735d065819129793715f2e82a49911,positive/excitation/positive_excitation_0266_00006240.mp4,False,
emotion:00006242.mp4,00006242.mp4,eMotions_chunk_005.parquet,datasets/Conna/eMotions/data/eMotions_chunk_005.parquet,bb97b7453720968aa6793bd962a8880a459acadc,Excitation,positive,8.15,9df2d5a4cbcfe9df903f80773bd83e8251a65ecc87a6d2032818d791363751eb,positive/excitation/positive_excitation_0267_00006242.mp4,False,
emotion:00006243.mp4,00006243.mp4,eMotions_chunk_005.parquet,datasets/Conna/eMotions/data/eMotions_chunk_005.parquet,bb97b7453720968aa6793bd962a8880a459acadc,Excitation,positive,14.140998,2c93ddea8df66b91928d416fc6a07cfcb9a5c3171bad738392feb0883c2e262c,positive/excitation/positive_excitation_0268_00006243.mp4,False,
emotion:00006250.mp4,00006250.mp4,eMotions_chunk_005.parquet,datasets/Conna/eMotions/data/eMotions_chunk_005.parquet,bb97b7453720968aa6793bd962a8880a459acadc,Excitation,positive,12.066667,d08de27f4bd3c2dfaf34d75f4a51d3428e38f554965c96c2b8124acaac0c2fee,positive/excitation/positive_excitation_0269_00006250.mp4,False,
emotion:00006253.mp4,00006253.mp4,eMotions_chunk_005.parquet,datasets/Conna/eMotions/data/eMotions_chunk_005.parquet,bb97b7453720968aa6793bd962a8880a459acadc,Excitation,positive,38.0,f8cc8dadb5bbef58df6f684089e982e39af3b77224a23f9218679653b87b2110,positive/excitation/positive_excitation_0270_00006253.mp4,False,
emotion:00006259.mp4,00006259.mp4,eMotions_chunk_005.parquet,datasets/Conna/eMotions/data/eMotions_chunk_005.parquet,bb97b7453720968aa6793bd962a8880a459acadc,Excitation,positive,12.281995,040e48df33699e17d8b12474c6880260ffc3a2a9ceb8f92984e2d3d6a51541b1,positive/excitation/positive_excitation_0271_00006259.mp4,False,
emotion:00006263.mp4,00006263.mp4,eMotions_chunk_005.parquet,datasets/Conna/eMotions/data/eMotions_chunk_005.parquet,bb97b7453720968aa6793bd962a8880a459acadc,Excitation,positive,9.056009,0e5461d6600fe76c68706bbf065ea4d6ae23c226859b6dab32f820573ea8ae76,positive/excitation/positive_excitation_0272_00006263.mp4,False,
emotion:00006264.mp4,00006264.mp4,eMotions_chunk_005.parquet,datasets/Conna/eMotions/data/eMotions_chunk_005.parquet,bb97b7453720968aa6793bd962a8880a459acadc,Excitation,positive,15.16,90a358585be53285b86cba8bfae5011dcca02066179fc588bea6da327b17172b,positive/excitation/positive_excitation_0273_00006264.mp4,False,
emotion:00006265.mp4,00006265.mp4,eMotions_chunk_005.parquet,datasets/Conna/eMotions/data/eMotions_chunk_005.parquet,bb97b7453720968aa6793bd962a8880a459acadc,Excitation,positive,13.443991,ed9524b44e4b54390319819c84ce7fbfed978fa859e81e5f6214c9af1e0f24a0,positive/excitation/positive_excitation_0274_00006265.mp4,False,
emotion:00006267.mp4,00006267.mp4,eMotions_chunk_005.parquet,datasets/Conna/eMotions/data/eMotions_chunk_005.parquet,bb97b7453720968aa6793bd962a8880a459acadc,Excitation,positive,8.171995,7abdb81dec8727f7fb44a1e9b6953bc613d232562a573cd61f0e5587286a783f,positive/excitation/positive_excitation_0275_00006267.mp4,False,
emotion:00006268.mp4,00006268.mp4,eMotions_chunk_005.parquet,datasets/Conna/eMotions/data/eMotions_chunk_005.parquet,bb97b7453720968aa6793bd962a8880a459acadc,Excitation,positive,8.633333,5bc82b46261d03dd418ecad8628c825b45d8d70c60d2923c3ebab5e3d3a4a169,positive/excitation/positive_excitation_0276_00006268.mp4,False,
emotion:00006272.mp4,00006272.mp4,eMotions_chunk_005.parquet,datasets/Conna/eMotions/data/eMotions_chunk_005.parquet,bb97b7453720968aa6793bd962a8880a459acadc,Excitation,positive,9.056009,e47229ce17c5f335a4983a13c5b6a0c6d6dc99dfa7cbf627f0401b761f7882fb,positive/excitation/positive_excitation_0277_00006272.mp4,False,
emotion:00006273.mp4,00006273.mp4,eMotions_chunk_005.parquet,datasets/Conna/eMotions/data/eMotions_chunk_005.parquet,bb97b7453720968aa6793bd962a8880a459acadc,Excitation,positive,10.633333,33e494d4b05c394a2641e1cc21091b49e0ce0885c15699b95f5cc88dd1fec6d4,positive/excitation/positive_excitation_0278_00006273.mp4,False,
emotion:00006281.mp4,00006281.mp4,eMotions_chunk_005.parquet,datasets/Conna/eMotions/data/eMotions_chunk_005.parquet,bb97b7453720968aa6793bd962a8880a459acadc,Excitation,positive,11.98,7b3cd02013e44c216488bf9c0f068030b35cb7fd93e4ba69f245fb2b298e02d8,positive/excitation/positive_excitation_0279_00006281.mp4,False,
emotion:00006285.mp4,00006285.mp4,eMotions_chunk_005.parquet,datasets/Conna/eMotions/data/eMotions_chunk_005.parquet,bb97b7453720968aa6793bd962a8880a459acadc,Excitation,positive,37.453991,f842155b546046ca7c4e50828444d767c979b5e5fdd41240d4fd6a8446387844,positive/excitation/positive_excitation_0280_00006285.mp4,False,
emotion:00006308.mp4,00006308.mp4,eMotions_chunk_005.parquet,datasets/Conna/eMotions/data/eMotions_chunk_005.parquet,bb97b7453720968aa6793bd962a8880a459acadc,Excitation,positive,17.0,bf402c0cb98da3c8955021ea78b7011d1882c8562b582e7bf809cc75452d4174,positive/excitation/positive_excitation_0281_00006308.mp4,False,
emotion:00006310.mp4,00006310.mp4,eMotions_chunk_005.parquet,datasets/Conna/eMotions/data/eMotions_chunk_005.parquet,bb97b7453720968aa6793bd962a8880a459acadc,Excitation,positive,15.579002,9ca454ea97fd30fe0ca23ecbc304d1ad2dcc416fd4121ffc1e084e4e4fa5c988,positive/excitation/positive_excitation_0282_00006310.mp4,False,
emotion:00006314.mp4,00006314.mp4,eMotions_chunk_005.parquet,datasets/Conna/eMotions/data/eMotions_chunk_005.parquet,bb97b7453720968aa6793bd962a8880a459acadc,Excitation,positive,14.833333,294df4085b501bb5c14ea3b9226a632f1fc59e604536fc4143db6b534bb9f50c,positive/excitation/positive_excitation_0283_00006314.mp4,False,
emotion:00006339.mp4,00006339.mp4,eMotions_chunk_005.parquet,datasets/Conna/eMotions/data/eMotions_chunk_005.parquet,bb97b7453720968aa6793bd962a8880a459acadc,Excitation,positive,12.5,e8d978ea1d5708ad2cf8d56644828e9cc1748a8ec4209af1561703923e21ab55,positive/excitation/positive_excitation_0284_00006339.mp4,False,
emotion:00006341.mp4,00006341.mp4,eMotions_chunk_005.parquet,datasets/Conna/eMotions/data/eMotions_chunk_005.parquet,bb97b7453720968aa6793bd962a8880a459acadc,Excitation,positive,12.266667,f05e33d42f8fc0b6bbe8296ef241e76d615b39857cefa1c6db9520daec93d18a,positive/excitation/positive_excitation_0285_00006341.mp4,False,
emotion:00006348.mp4,00006348.mp4,eMotions_chunk_005.parquet,datasets/Conna/eMotions/data/eMotions_chunk_005.parquet,bb97b7453720968aa6793bd962a8880a459acadc,Excitation,positive,16.64,672491870bb3fd4db60dcc1bf6d4d31c2dcae552b44c6b2b07a6dba6360d6298,positive/excitation/positive_excitation_0286_00006348.mp4,False,
emotion:00006353.mp4,00006353.mp4,eMotions_chunk_005.parquet,datasets/Conna/eMotions/data/eMotions_chunk_005.parquet,bb97b7453720968aa6793bd962a8880a459acadc,Excitation,positive,13.433333,87256a6453727e1e39042b695d9b2883df894e007b327f5570272e108d925ccd,positive/excitation/positive_excitation_0287_00006353.mp4,False,
emotion:00006364.mp4,00006364.mp4,eMotions_chunk_005.parquet,datasets/Conna/eMotions/data/eMotions_chunk_005.parquet,bb97b7453720968aa6793bd962a8880a459acadc,Excitation,positive,11.266667,0f2610e44d5b33c74fd57376a0fbf7bf29723a97813d811d444a81c7a467458d,positive/excitation/positive_excitation_0288_00006364.mp4,False,
emotion:00006372.mp4,00006372.mp4,eMotions_chunk_005.parquet,datasets/Conna/eMotions/data/eMotions_chunk_005.parquet,bb97b7453720968aa6793bd962a8880a459acadc,Excitation,positive,11.052993,16cc936da9fb26e8b651022b2b30c1e65626a21be4882adcc2a143c660bd0aa6,positive/excitation/positive_excitation_0289_00006372.mp4,False,
emotion:00006387.mp4,00006387.mp4,eMotions_chunk_005.parquet,datasets/Conna/eMotions/data/eMotions_chunk_005.parquet,bb97b7453720968aa6793bd962a8880a459acadc,Excitation,positive,43.933333,406dde0d9082da787610cbc23fe97464a2c1a04c99fce47d217253009c751808,positive/excitation/positive_excitation_0290_00006387.mp4,False,
emotion:00006389.mp4,00006389.mp4,eMotions_chunk_005.parquet,datasets/Conna/eMotions/data/eMotions_chunk_005.parquet,bb97b7453720968aa6793bd962a8880a459acadc,Excitation,positive,7.233333,093a36b30eee86ab7bb6512523ab8b991cff8ca5d45818dd16a6d5fbf4c5ac73,positive/excitation/positive_excitation_0291_00006389.mp4,False,
emotion:00006391.mp4,00006391.mp4,eMotions_chunk_005.parquet,datasets/Conna/eMotions/data/eMotions_chunk_005.parquet,bb97b7453720968aa6793bd962a8880a459acadc,Excitation,positive,19.68,c737e6508ab5f3a8641b5129f5c9beb379fc664ce28fde5fc5af94714367d1d9,positive/excitation/positive_excitation_0292_00006391.mp4,False,
emotion:00006394.mp4,00006394.mp4,eMotions_chunk_005.parquet,datasets/Conna/eMotions/data/eMotions_chunk_005.parquet,bb97b7453720968aa6793bd962a8880a459acadc,Excitation,positive,7.433333,d326c9e8ba96a2fba4e142d6f3d44d7c7c17d344442ec6188aae24cf67b23d1a,positive/excitation/positive_excitation_0293_00006394.mp4,False,
emotion:00006404.mp4,00006404.mp4,eMotions_chunk_005.parquet,datasets/Conna/eMotions/data/eMotions_chunk_005.parquet,bb97b7453720968aa6793bd962a8880a459acadc,Excitation,positive,18.533333,dd56c7e877fd335d1193bfd58a9785a178858fd33cb708815e66d6f5cb2a9e6c,positive/excitation/positive_excitation_0294_00006404.mp4,False,
emotion:00006405.mp4,00006405.mp4,eMotions_chunk_005.parquet,datasets/Conna/eMotions/data/eMotions_chunk_005.parquet,bb97b7453720968aa6793bd962a8880a459acadc,Excitation,positive,14.302993,ba1b53e3d68efd1c6ce68573a7114aa3597df28311c016a152d7b33a4879b373,positive/excitation/positive_excitation_0295_00006405.mp4,False,
emotion:00006412.mp4,00006412.mp4,eMotions_chunk_005.parquet,datasets/Conna/eMotions/data/eMotions_chunk_005.parquet,bb97b7453720968aa6793bd962a8880a459acadc,Excitation,positive,14.301995,168222db47d7be578c5b1394da00124f649abcccbdfd47071b100823965e4ef1,positive/excitation/positive_excitation_0296_00006412.mp4,False,
emotion:00006413.mp4,00006413.mp4,eMotions_chunk_005.parquet,datasets/Conna/eMotions/data/eMotions_chunk_005.parquet,bb97b7453720968aa6793bd962a8880a459acadc,Excitation,positive,58.002993,735bde7232352b7e56e44cc96eba8eaa0c7f52e47f406965471e57b967453ab9,positive/excitation/positive_excitation_0297_00006413.mp4,False,
emotion:00006417.mp4,00006417.mp4,eMotions_chunk_005.parquet,datasets/Conna/eMotions/data/eMotions_chunk_005.parquet,bb97b7453720968aa6793bd962a8880a459acadc,Excitation,positive,14.139002,57833b39470fa9031ebac0aa637f1abacf0fa6ab7c40cb36d690b11f0346fc17,positive/excitation/positive_excitation_0298_00006417.mp4,False,
emotion:00006418.mp4,00006418.mp4,eMotions_chunk_005.parquet,datasets/Conna/eMotions/data/eMotions_chunk_005.parquet,bb97b7453720968aa6793bd962a8880a459acadc,Excitation,positive,6.245011,cb59d3f63dc9da1a17a7995abb5ae3d1d5414e820774aa85f29698bc8878625a,positive/excitation/positive_excitation_0299_00006418.mp4,False,
emotion:00006421.mp4,00006421.mp4,eMotions_chunk_005.parquet,datasets/Conna/eMotions/data/eMotions_chunk_005.parquet,bb97b7453720968aa6793bd962a8880a459acadc,Excitation,positive,12.4,7544cd523714a18ab878bd84af6f130278738657f0632aaa1f8ceadaa75c7e06,positive/excitation/positive_excitation_0300_00006421.mp4,False,
emotion:00006427.mp4,00006427.mp4,eMotions_chunk_005.parquet,datasets/Conna/eMotions/data/eMotions_chunk_005.parquet,bb97b7453720968aa6793bd962a8880a459acadc,Excitation,positive,56.841995,229d676cfb19dbf1e5df583ca7cea9447b17126d170597ff6ec0b39314b7e707,positive/excitation/positive_excitation_0301_00006427.mp4,False,
emotion:00006428.mp4,00006428.mp4,eMotions_chunk_005.parquet,datasets/Conna/eMotions/data/eMotions_chunk_005.parquet,bb97b7453720968aa6793bd962a8880a459acadc,Excitation,positive,14.813991,b1b801894e41c9e2843081432d0ce1efbbfc6041b003cfbc9ab2d9763bfb8ab9,positive/excitation/positive_excitation_0302_00006428.mp4,False,
emotion:00006429.mp4,00006429.mp4,eMotions_chunk_005.parquet,datasets/Conna/eMotions/data/eMotions_chunk_005.parquet,bb97b7453720968aa6793bd962a8880a459acadc,Excitation,positive,5.457007,cb7945a8e4d25c21bfbb22759a444615f8224487b576ce03d16706886765cc96,positive/excitation/positive_excitation_0303_00006429.mp4,False,
emotion:00006430.mp4,00006430.mp4,eMotions_chunk_005.parquet,datasets/Conna/eMotions/data/eMotions_chunk_005.parquet,bb97b7453720968aa6793bd962a8880a459acadc,Excitation,positive,20.133333,b60fdd79514607421ec5f84f825de0889cf7762bbcac0d0345fb4379fa145f7c,positive/excitation/positive_excitation_0304_00006430.mp4,False,
emotion:00006441.mp4,00006441.mp4,eMotions_chunk_005.parquet,datasets/Conna/eMotions/data/eMotions_chunk_005.parquet,bb97b7453720968aa6793bd962a8880a459acadc,Excitation,positive,14.881995,ea0b3e979aa8a84a1969eca8aab3f46632c8ea19a5c1958b5876f876f7d14f1d,positive/excitation/positive_excitation_0305_00006441.mp4,False,
emotion:00006442.mp4,00006442.mp4,eMotions_chunk_005.parquet,datasets/Conna/eMotions/data/eMotions_chunk_005.parquet,bb97b7453720968aa6793bd962a8880a459acadc,Excitation,positive,14.6,d7139ec45067ee24360d34b1a5047027c201d9c15d9edadcd9c8a852565209d4,positive/excitation/positive_excitation_0306_00006442.mp4,False,
emotion:00006445.mp4,00006445.mp4,eMotions_chunk_005.parquet,datasets/Conna/eMotions/data/eMotions_chunk_005.parquet,bb97b7453720968aa6793bd962a8880a459acadc,Excitation,positive,13.5,be7b26695c32912357ccd9c8277a2c03b393949a59b53958b6cc747d43d39fb8,positive/excitation/positive_excitation_0307_00006445.mp4,False,
emotion:00006446.mp4,00006446.mp4,eMotions_chunk_005.parquet,datasets/Conna/eMotions/data/eMotions_chunk_005.parquet,bb97b7453720968aa6793bd962a8880a459acadc,Excitation,positive,16.042993,710f092907f10655a7d00e6ccfb39524a05a81e0b24c91b75d37ed445019f2dc,positive/excitation/positive_excitation_0308_00006446.mp4,False,
emotion:00006454.mp4,00006454.mp4,eMotions_chunk_005.parquet,datasets/Conna/eMotions/data/eMotions_chunk_005.parquet,bb97b7453720968aa6793bd962a8880a459acadc,Excitation,positive,9.433333,5806c90dceb79c6008f09c35db63ffeb34d46c36a3876709debd049d4250bc4d,positive/excitation/positive_excitation_0309_00006454.mp4,False,
emotion:00006458.mp4,00006458.mp4,eMotions_chunk_005.parquet,datasets/Conna/eMotions/data/eMotions_chunk_005.parquet,bb97b7453720968aa6793bd962a8880a459acadc,Excitation,positive,10.702993,74067a70457a3a9cf5d74cf7190e8c0b28dbf9c3e469bb6956618d219b26a2c3,positive/excitation/positive_excitation_0310_00006458.mp4,False,
emotion:00006463.mp4,00006463.mp4,eMotions_chunk_005.parquet,datasets/Conna/eMotions/data/eMotions_chunk_005.parquet,bb97b7453720968aa6793bd962a8880a459acadc,Excitation,positive,17.136009,87c3f9cbab5fc48b6768125e410d1f74120f29c35f0764f9e2c650bad3c51a9a,positive/excitation/positive_excitation_0311_00006463.mp4,False,
emotion:00006469.mp4,00006469.mp4,eMotions_chunk_005.parquet,datasets/Conna/eMotions/data/eMotions_chunk_005.parquet,bb97b7453720968aa6793bd962a8880a459acadc,Excitation,positive,9.009002,80914b8a9a9252b5347f9b122b746261b2560c5c0fa60fa70eeef8f7f4c662ca,positive/excitation/positive_excitation_0312_00006469.mp4,False,
emotion:00006473.mp4,00006473.mp4,eMotions_chunk_005.parquet,datasets/Conna/eMotions/data/eMotions_chunk_005.parquet,bb97b7453720968aa6793bd962a8880a459acadc,Excitation,positive,45.5,94e932e9b30bfb1ecf82459abcc611b08b671f24a7b85132d8b5ef4cc11cd322,positive/excitation/positive_excitation_0313_00006473.mp4,False,
emotion:00006476.mp4,00006476.mp4,eMotions_chunk_005.parquet,datasets/Conna/eMotions/data/eMotions_chunk_005.parquet,bb97b7453720968aa6793bd962a8880a459acadc,Excitation,positive,19.735011,7e68aaf1ea733bb6c0397bbfbd902fc0933e1b169e305b29e53cf62e6f4e4ab6,positive/excitation/positive_excitation_0314_00006476.mp4,False,
emotion:00006477.mp4,00006477.mp4,eMotions_chunk_005.parquet,datasets/Conna/eMotions/data/eMotions_chunk_005.parquet,bb97b7453720968aa6793bd962a8880a459acadc,Excitation,positive,6.206206,fcc5d9d0ab3006e8f185121e1df0613385802b540d8f98f44683e7175f221320,positive/excitation/positive_excitation_0315_00006477.mp4,False,
emotion:00006478.mp4,00006478.mp4,eMotions_chunk_005.parquet,datasets/Conna/eMotions/data/eMotions_chunk_005.parquet,bb97b7453720968aa6793bd962a8880a459acadc,Excitation,positive,6.625,bd08cdb80ab77e7a8f0e444d00ed3a09f71756178a07233cf85ec0ca69fb5568,positive/excitation/positive_excitation_0316_00006478.mp4,False,
emotion:00006480.mp4,00006480.mp4,eMotions_chunk_005.parquet,datasets/Conna/eMotions/data/eMotions_chunk_005.parquet,bb97b7453720968aa6793bd962a8880a459acadc,Excitation,positive,9.166667,98d331bb3ad96b0a1cfd0dbd04001f376c87f2aaff45d6173af976d718da8787,positive/excitation/positive_excitation_0317_00006480.mp4,False,
emotion:00006482.mp4,00006482.mp4,eMotions_chunk_005.parquet,datasets/Conna/eMotions/data/eMotions_chunk_005.parquet,bb97b7453720968aa6793bd962a8880a459acadc,Excitation,positive,7.172993,1d977072d2b8c0206dddf0533214385276df679529606dfbe26d61dcfae96441,positive/excitation/positive_excitation_0318_00006482.mp4,False,
emotion:00006483.mp4,00006483.mp4,eMotions_chunk_005.parquet,datasets/Conna/eMotions/data/eMotions_chunk_005.parquet,bb97b7453720968aa6793bd962a8880a459acadc,Excitation,positive,9.033243,de4ba0e7ea742619d7a4d47d86bd1f1866e73511a5569812611236421bdd0c39,positive/excitation/positive_excitation_0319_00006483.mp4,False,
emotion:00006489.mp4,00006489.mp4,eMotions_chunk_005.parquet,datasets/Conna/eMotions/data/eMotions_chunk_005.parquet,bb97b7453720968aa6793bd962a8880a459acadc,Excitation,positive,8.567007,d637c5c5e5f85633660d87eb0ad557ad0865eb51d1fc488dc060ace1ed6bc77e,positive/excitation/positive_excitation_0320_00006489.mp4,False,
emotion:00006490.mp4,00006490.mp4,eMotions_chunk_005.parquet,datasets/Conna/eMotions/data/eMotions_chunk_005.parquet,bb97b7453720968aa6793bd962a8880a459acadc,Excitation,positive,13.651995,60e7d09646a37065fbefe658cf64dddc5c0fddadfee6af6572c3f18a0f638b8f,positive/excitation/positive_excitation_0321_00006490.mp4,False,
emotion:00006509.mp4,00006509.mp4,eMotions_chunk_005.parquet,datasets/Conna/eMotions/data/eMotions_chunk_005.parquet,bb97b7453720968aa6793bd962a8880a459acadc,Excitation,positive,16.682993,b8ccc5651d68ccf6cec0cc86c26b5bdb9f18b25fe21df78bf88a54cffaf60254,positive/excitation/positive_excitation_0322_00006509.mp4,False,
emotion:00006551.mp4,00006551.mp4,eMotions_chunk_005.parquet,datasets/Conna/eMotions/data/eMotions_chunk_005.parquet,bb97b7453720968aa6793bd962a8880a459acadc,Excitation,positive,59.907007,563c6950dcea253f24a7858c47f2afeb4579da4c8df45c4f1de3bcdf36742019,positive/excitation/positive_excitation_0323_00006551.mp4,False,
emotion:00006560.mp4,00006560.mp4,eMotions_chunk_005.parquet,datasets/Conna/eMotions/data/eMotions_chunk_005.parquet,bb97b7453720968aa6793bd962a8880a459acadc,Excitation,positive,16.021995,53ce936cc885cd5733c19cfa11fef0df30549b1b53dd8351b7bb9afbf77cbd38,positive/excitation/positive_excitation_0324_00006560.mp4,False,
emotion:00006568.mp4,00006568.mp4,eMotions_chunk_005.parquet,datasets/Conna/eMotions/data/eMotions_chunk_005.parquet,bb97b7453720968aa6793bd962a8880a459acadc,Excitation,positive,7.766667,b80f95a919edcbd2abb6255001b32e9c1b509be23ef713ea8a3c241375ac441e,positive/excitation/positive_excitation_0325_00006568.mp4,False,
emotion:00006570.mp4,00006570.mp4,eMotions_chunk_005.parquet,datasets/Conna/eMotions/data/eMotions_chunk_005.parquet,bb97b7453720968aa6793bd962a8880a459acadc,Excitation,positive,7.313991,91490551f3b53f2caea5261099ee8df282e2a03a6b353ab5184ece82299f8565,positive/excitation/positive_excitation_0326_00006570.mp4,False,
emotion:00006573.mp4,00006573.mp4,eMotions_chunk_005.parquet,datasets/Conna/eMotions/data/eMotions_chunk_005.parquet,bb97b7453720968aa6793bd962a8880a459acadc,Excitation,positive,5.966667,5984b90a2e233e98ebfc6fa41f97173e31fa023bfe4134107e6ea07d397e0675,positive/excitation/positive_excitation_0327_00006573.mp4,False,
emotion:00006575.mp4,00006575.mp4,eMotions_chunk_005.parquet,datasets/Conna/eMotions/data/eMotions_chunk_005.parquet,bb97b7453720968aa6793bd962a8880a459acadc,Excitation,positive,10.333333,f11e22372e1ba83b4f8ef6fbf8432ae30a751845e4199acc6bbb1f3de186bcfe,positive/excitation/positive_excitation_0328_00006575.mp4,False,
emotion:00006581.mp4,00006581.mp4,eMotions_chunk_005.parquet,datasets/Conna/eMotions/data/eMotions_chunk_005.parquet,bb97b7453720968aa6793bd962a8880a459acadc,Excitation,positive,44.951995,74d9e5079c5fd8709403b738dd504aef4b5c234f81c29a4292cc47748a9298ad,positive/excitation/positive_excitation_0329_00006581.mp4,False,
emotion:00006593.mp4,00006593.mp4,eMotions_chunk_005.parquet,datasets/Conna/eMotions/data/eMotions_chunk_005.parquet,bb97b7453720968aa6793bd962a8880a459acadc,Excitation,positive,12.26,ef964de01adbf1861023129033ceb6923123bd455a9b5febe32da63d8b95e4df,positive/excitation/positive_excitation_0330_00006593.mp4,False,
emotion:00006594.mp4,00006594.mp4,eMotions_chunk_005.parquet,datasets/Conna/eMotions/data/eMotions_chunk_005.parquet,bb97b7453720968aa6793bd962a8880a459acadc,Excitation,positive,8.009002,0fb22b8f6d90f1c636b9ce08db1d180d648f6c67d1a5949389add5a447d61449,positive/excitation/positive_excitation_0331_00006594.mp4,False,
emotion:00006596.mp4,00006596.mp4,eMotions_chunk_005.parquet,datasets/Conna/eMotions/data/eMotions_chunk_005.parquet,bb97b7453720968aa6793bd962a8880a459acadc,Excitation,positive,17.81,493c855ec853e9b2b4f99588d2ee3897e94db7008096eee36536ea57365732e4,positive/excitation/positive_excitation_0332_00006596.mp4,False,
emotion:00006600.mp4,00006600.mp4,eMotions_chunk_005.parquet,datasets/Conna/eMotions/data/eMotions_chunk_005.parquet,bb97b7453720968aa6793bd962a8880a459acadc,Excitation,positive,15.766667,c8e09c58c0e15f35a7ff94f999426b5040be9ccbe86c3740d44d8477a47988f7,positive/excitation/positive_excitation_0333_00006600.mp4,False,
emotion:00006603.mp4,00006603.mp4,eMotions_chunk_005.parquet,datasets/Conna/eMotions/data/eMotions_chunk_005.parquet,bb97b7453720968aa6793bd962a8880a459acadc,Excitation,positive,19.16,b8a16dac2dafc4e32f7f9bac9df39fcd524060a1393e6379c0d4662cf1862c73,positive/excitation/positive_excitation_0334_00006603.mp4,False,
emotion:00006607.mp4,00006607.mp4,eMotions_chunk_005.parquet,datasets/Conna/eMotions/data/eMotions_chunk_005.parquet,bb97b7453720968aa6793bd962a8880a459acadc,Excitation,positive,14.371995,77f64d61e971a2a21ea14a29a2a39a2ff4d3a0620b4fd8e265824b7a6573761d,positive/excitation/positive_excitation_0335_00006607.mp4,False,
emotion:00006608.mp4,00006608.mp4,eMotions_chunk_005.parquet,datasets/Conna/eMotions/data/eMotions_chunk_005.parquet,bb97b7453720968aa6793bd962a8880a459acadc,Excitation,positive,5.619002,f28601eae8ffc5dd6c735e9355bf8ff4f4fefe30096a96e60d9895d8a1e5dabf,positive/excitation/positive_excitation_0336_00006608.mp4,False,
emotion:00006611.mp4,00006611.mp4,eMotions_chunk_005.parquet,datasets/Conna/eMotions/data/eMotions_chunk_005.parquet,bb97b7453720968aa6793bd962a8880a459acadc,Excitation,positive,7.312993,c81a6c01a06e882636478675db1ed802b388e709a39046134397382f81329299,positive/excitation/positive_excitation_0337_00006611.mp4,False,
emotion:00006613.mp4,00006613.mp4,eMotions_chunk_005.parquet,datasets/Conna/eMotions/data/eMotions_chunk_005.parquet,bb97b7453720968aa6793bd962a8880a459acadc,Excitation,positive,13.12,cb1529b0b7445840bd496f63ed7a7e848b32838b6afe435d2c4bd9eb62a9b9ce,positive/excitation/positive_excitation_0338_00006613.mp4,False,
emotion:00006626.mp4,00006626.mp4,eMotions_chunk_005.parquet,datasets/Conna/eMotions/data/eMotions_chunk_005.parquet,bb97b7453720968aa6793bd962a8880a459acadc,Excitation,positive,8.241995,1f1dd0b7c4716fead3b60c1f4a089c14a5dcefd5c220ba5dd65dac118318d8e8,positive/excitation/positive_excitation_0339_00006626.mp4,False,
emotion:00006649.mp4,00006649.mp4,eMotions_chunk_005.parquet,datasets/Conna/eMotions/data/eMotions_chunk_005.parquet,bb97b7453720968aa6793bd962a8880a459acadc,Excitation,positive,48.2,9d9a8bb37c3116c069edfca650707c659589eeb7b570e17cdf75340561bbfaba,positive/excitation/positive_excitation_0340_00006649.mp4,False,
emotion:00006653.mp4,00006653.mp4,eMotions_chunk_005.parquet,datasets/Conna/eMotions/data/eMotions_chunk_005.parquet,bb97b7453720968aa6793bd962a8880a459acadc,Excitation,positive,16.949002,770315c657950c15600933ad443fe8dd874dacf2d3be6bb16df7d13b7b898576,positive/excitation/positive_excitation_0341_00006653.mp4,False,
emotion:00006654.mp4,00006654.mp4,eMotions_chunk_005.parquet,datasets/Conna/eMotions/data/eMotions_chunk_005.parquet,bb97b7453720968aa6793bd962a8880a459acadc,Excitation,positive,49.319002,9edd7a289443eaa688ff6c447f2e2a3f8fb50db1474da7fec254853836dc9e02,positive/excitation/positive_excitation_0342_00006654.mp4,False,
emotion:00006655.mp4,00006655.mp4,eMotions_chunk_005.parquet,datasets/Conna/eMotions/data/eMotions_chunk_005.parquet,bb97b7453720968aa6793bd962a8880a459acadc,Excitation,positive,45.371995,3a88c7b0ebd4a2837f0565569b725a74088e4eec13ede085bf951ae823886f0b,positive/excitation/positive_excitation_0343_00006655.mp4,False,
emotion:00006657.mp4,00006657.mp4,eMotions_chunk_005.parquet,datasets/Conna/eMotions/data/eMotions_chunk_005.parquet,bb97b7453720968aa6793bd962a8880a459acadc,Excitation,positive,15.581746,c8083e98317d8f35daddd14673aaa822f2113ad62780de2d7aed7aee78c59d0f,positive/excitation/positive_excitation_0344_00006657.mp4,False,
emotion:00006658.mp4,00006658.mp4,eMotions_chunk_005.parquet,datasets/Conna/eMotions/data/eMotions_chunk_005.parquet,bb97b7453720968aa6793bd962a8880a459acadc,Excitation,positive,8.32,2dcdc0fbd522a4d4b462c662e98f5e56d54d1e30bfd10a7075fa0194ce6c5151,positive/excitation/positive_excitation_0345_00006658.mp4,False,
emotion:00006659.mp4,00006659.mp4,eMotions_chunk_005.parquet,datasets/Conna/eMotions/data/eMotions_chunk_005.parquet,bb97b7453720968aa6793bd962a8880a459acadc,Excitation,positive,9.24,af623b9228e7c9daadfd5b70cc18ca03a4dd1ea9e52f00966d2d31d48aa99655,positive/excitation/positive_excitation_0346_00006659.mp4,False,
emotion:00006663.mp4,00006663.mp4,eMotions_chunk_005.parquet,datasets/Conna/eMotions/data/eMotions_chunk_005.parquet,bb97b7453720968aa6793bd962a8880a459acadc,Excitation,positive,12.119002,34891c6cccdc46d1d1bf3b3ac0251f371dd2f6670bd1a5e32598e8c9e67adb24,positive/excitation/positive_excitation_0347_00006663.mp4,False,
emotion:00006665.mp4,00006665.mp4,eMotions_chunk_005.parquet,datasets/Conna/eMotions/data/eMotions_chunk_005.parquet,bb97b7453720968aa6793bd962a8880a459acadc,Excitation,positive,5.433333,1bdee7abbcb59a2b8a5d1dda66f0ea0ba8075a052e0c2e849a00a347c5a82ec7,positive/excitation/positive_excitation_0348_00006665.mp4,False,
emotion:00006667.mp4,00006667.mp4,eMotions_chunk_005.parquet,datasets/Conna/eMotions/data/eMotions_chunk_005.parquet,bb97b7453720968aa6793bd962a8880a459acadc,Excitation,positive,16.833333,acd42f630dcf66e8d5ea970ea7bdbf8026c9067174fd6dc5bc21a8e53f765d44,positive/excitation/positive_excitation_0349_00006667.mp4,False,
emotion:00006669.mp4,00006669.mp4,eMotions_chunk_005.parquet,datasets/Conna/eMotions/data/eMotions_chunk_005.parquet,bb97b7453720968aa6793bd962a8880a459acadc,Excitation,positive,8.08,0124418ba90e5c73b6836e9c6be805d641d69a38afc86fc00c28e71ae57dae5f,positive/excitation/positive_excitation_0350_00006669.mp4,False,
emotion:00006677.mp4,00006677.mp4,eMotions_chunk_005.parquet,datasets/Conna/eMotions/data/eMotions_chunk_005.parquet,bb97b7453720968aa6793bd962a8880a459acadc,Excitation,positive,12.352993,db5447b4bd57b47fe398e9e8e1fcd1e6ab89c405f7a658a78e3a2add6082e31e,positive/excitation/positive_excitation_0351_00006677.mp4,False,
emotion:00006682.mp4,00006682.mp4,eMotions_chunk_005.parquet,datasets/Conna/eMotions/data/eMotions_chunk_005.parquet,bb97b7453720968aa6793bd962a8880a459acadc,Excitation,positive,15.0,aa1700ba3cf0cc87ea1bdb4e2dbb6ecac17a8cc6cac9cb4fe9584e0d1aff7e12,positive/excitation/positive_excitation_0352_00006682.mp4,False,
emotion:00006683.mp4,00006683.mp4,eMotions_chunk_005.parquet,datasets/Conna/eMotions/data/eMotions_chunk_005.parquet,bb97b7453720968aa6793bd962a8880a459acadc,Excitation,positive,48.448005,7430c9d7db91dd61bf4e44aa3f6df2aeeab9a1be6ccda580900c0020482b1480,positive/excitation/positive_excitation_0353_00006683.mp4,False,
emotion:00006689.mp4,00006689.mp4,eMotions_chunk_005.parquet,datasets/Conna/eMotions/data/eMotions_chunk_005.parquet,bb97b7453720968aa6793bd962a8880a459acadc,Excitation,positive,9.682993,9ddadbdaf59c58e30403dd493465fdc3de4e2a23a9466284429646b63a622253,positive/excitation/positive_excitation_0354_00006689.mp4,False,
emotion:00006690.mp4,00006690.mp4,eMotions_chunk_005.parquet,datasets/Conna/eMotions/data/eMotions_chunk_005.parquet,bb97b7453720968aa6793bd962a8880a459acadc,Excitation,positive,46.949002,0436fa735729134c264abb4eeb83ad491d5abe519414c87f0bbba7f27b4c87a2,positive/excitation/positive_excitation_0355_00006690.mp4,False,
emotion:00006691.mp4,00006691.mp4,eMotions_chunk_005.parquet,datasets/Conna/eMotions/data/eMotions_chunk_005.parquet,bb97b7453720968aa6793bd962a8880a459acadc,Excitation,positive,47.993991,0f6643ca9df5985af61dbfa20fe6807660e919864ebce448ea592ec7bb71dd8f,positive/excitation/positive_excitation_0356_00006691.mp4,False,
emotion:00006707.mp4,00006707.mp4,eMotions_chunk_005.parquet,datasets/Conna/eMotions/data/eMotions_chunk_005.parquet,bb97b7453720968aa6793bd962a8880a459acadc,Excitation,positive,13.05,908ad9d344494dfce0479ad64a4624e3c0534be117f5c00a5e67665d70d91328,positive/excitation/positive_excitation_0357_00006707.mp4,False,
emotion:00006710.mp4,00006710.mp4,eMotions_chunk_005.parquet,datasets/Conna/eMotions/data/eMotions_chunk_005.parquet,bb97b7453720968aa6793bd962a8880a459acadc,Excitation,positive,7.066667,92a50b1e2afe4bd525de47f9c5aa4a7edf68f64e35d5dcf6cd87b8fe99eddbb2,positive/excitation/positive_excitation_0358_00006710.mp4,False,
emotion:00006714.mp4,00006714.mp4,eMotions_chunk_005.parquet,datasets/Conna/eMotions/data/eMotions_chunk_005.parquet,bb97b7453720968aa6793bd962a8880a459acadc,Excitation,positive,37.5,30bbe07d335da23a18512338d2832c9c7d7cb2434e0a0b39631739807b749f58,positive/excitation/positive_excitation_0359_00006714.mp4,False,
emotion:00006717.mp4,00006717.mp4,eMotions_chunk_005.parquet,datasets/Conna/eMotions/data/eMotions_chunk_005.parquet,bb97b7453720968aa6793bd962a8880a459acadc,Excitation,positive,6.066667,ee0898f0f3032e75f6976ad43cd637e3667e7d6b4abd22a7f0182f2a5810a7f4,positive/excitation/positive_excitation_0360_00006717.mp4,False,
emotion:00006719.mp4,00006719.mp4,eMotions_chunk_005.parquet,datasets/Conna/eMotions/data/eMotions_chunk_005.parquet,bb97b7453720968aa6793bd962a8880a459acadc,Excitation,positive,9.92,9adf42d513e2e57dca3420791873f9a56607ffe015689ddf477f380af6474ece,positive/excitation/positive_excitation_0361_00006719.mp4,False,
emotion:00006726.mp4,00006726.mp4,eMotions_chunk_005.parquet,datasets/Conna/eMotions/data/eMotions_chunk_005.parquet,bb97b7453720968aa6793bd962a8880a459acadc,Excitation,positive,17.84,6ed1f9194237992e9cc632e9c70dadd4452212f3f25e5d5589c8158823c44ee5,positive/excitation/positive_excitation_0362_00006726.mp4,False,
emotion:00006729.mp4,00006729.mp4,eMotions_chunk_005.parquet,datasets/Conna/eMotions/data/eMotions_chunk_005.parquet,bb97b7453720968aa6793bd962a8880a459acadc,Excitation,positive,7.453991,6b76aa0f2731e46dfadf037a3741c489e9872a429c993dcf288d64dadb8c7032,positive/excitation/positive_excitation_0363_00006729.mp4,False,
emotion:00006736.mp4,00006736.mp4,eMotions_chunk_005.parquet,datasets/Conna/eMotions/data/eMotions_chunk_005.parquet,bb97b7453720968aa6793bd962a8880a459acadc,Excitation,positive,12.376009,d639be5b2e2a25fc7608bc0fd612732a773bfeac7272ce51c84f9303151012b1,positive/excitation/positive_excitation_0364_00006736.mp4,False,
emotion:00006737.mp4,00006737.mp4,eMotions_chunk_005.parquet,datasets/Conna/eMotions/data/eMotions_chunk_005.parquet,bb97b7453720968aa6793bd962a8880a459acadc,Excitation,positive,12.237007,76218bf86f2d13ab730893bc2739e77af6cd2d8acfc32a572707652d50b1c0c0,positive/excitation/positive_excitation_0365_00006737.mp4,False,
emotion:00006747.mp4,00006747.mp4,eMotions_chunk_005.parquet,datasets/Conna/eMotions/data/eMotions_chunk_005.parquet,bb97b7453720968aa6793bd962a8880a459acadc,Excitation,positive,7.966667,02c390f3fd48d7eb34ae2cdf437c022670d8509d9caeeac50aeb7a2692491cbe,positive/excitation/positive_excitation_0366_00006747.mp4,False,
emotion:00006748.mp4,00006748.mp4,eMotions_chunk_005.parquet,datasets/Conna/eMotions/data/eMotions_chunk_005.parquet,bb97b7453720968aa6793bd962a8880a459acadc,Excitation,positive,37.8,c9b3b46af141d60a5fb0b2de80ee6c2934afd2f85fcf6027cebdb5ececb78f58,positive/excitation/positive_excitation_0367_00006748.mp4,False,
emotion:00006749.mp4,00006749.mp4,eMotions_chunk_005.parquet,datasets/Conna/eMotions/data/eMotions_chunk_005.parquet,bb97b7453720968aa6793bd962a8880a459acadc,Excitation,positive,16.3,6d23ff48957423b59a6d1611e10393fdca28aeff119ad867f2035ad26c3cdffa,positive/excitation/positive_excitation_0368_00006749.mp4,False,
emotion:00006750.mp4,00006750.mp4,eMotions_chunk_005.parquet,datasets/Conna/eMotions/data/eMotions_chunk_005.parquet,bb97b7453720968aa6793bd962a8880a459acadc,Excitation,positive,19.202993,4d46ab692e4e9514d12b4b988bd1a5a740b65627b50f44e3c898cbb674e31366,positive/excitation/positive_excitation_0369_00006750.mp4,False,
emotion:00006755.mp4,00006755.mp4,eMotions_chunk_005.parquet,datasets/Conna/eMotions/data/eMotions_chunk_005.parquet,bb97b7453720968aa6793bd962a8880a459acadc,Excitation,positive,49.202993,34e2e22be29175472de9759816f59fe45aaf1e1c887df549219deb8649ef9bea,positive/excitation/positive_excitation_0370_00006755.mp4,False,
emotion:00006760.mp4,00006760.mp4,eMotions_chunk_005.parquet,datasets/Conna/eMotions/data/eMotions_chunk_005.parquet,bb97b7453720968aa6793bd962a8880a459acadc,Excitation,positive,12.708333,8ea8771bb6040a679760d073a28bba7b5c52fc4340ada301e5fcaf381be56018,positive/excitation/positive_excitation_0371_00006760.mp4,False,
emotion:00006771.mp4,00006771.mp4,eMotions_chunk_005.parquet,datasets/Conna/eMotions/data/eMotions_chunk_005.parquet,bb97b7453720968aa6793bd962a8880a459acadc,Excitation,positive,8.52,6ca8902e4cb624103854e3dd6a5db6a0def6e3e7b6da143cd9e0f4e9216eaf16,positive/excitation/positive_excitation_0372_00006771.mp4,False,
emotion:00006772.mp4,00006772.mp4,eMotions_chunk_005.parquet,datasets/Conna/eMotions/data/eMotions_chunk_005.parquet,bb97b7453720968aa6793bd962a8880a459acadc,Excitation,positive,48.576009,51dd2d8bb407a6ab8bd0e3f1c0841ccb5423c73ff651a6c226c7a79f9915957e,positive/excitation/positive_excitation_0373_00006772.mp4,False,
emotion:00006773.mp4,00006773.mp4,eMotions_chunk_005.parquet,datasets/Conna/eMotions/data/eMotions_chunk_005.parquet,bb97b7453720968aa6793bd962a8880a459acadc,Excitation,positive,6.501995,3229768d278e170e89b00f35af733cd3a9aab8530ddd8ee8ee05ddb5f5c0e9e5,positive/excitation/positive_excitation_0374_00006773.mp4,False,
emotion:00006776.mp4,00006776.mp4,eMotions_chunk_005.parquet,datasets/Conna/eMotions/data/eMotions_chunk_005.parquet,bb97b7453720968aa6793bd962a8880a459acadc,Excitation,positive,5.548005,9f5c0ced7c5efdd0aaf0824e215eb003473c830057267cd56b30eac3162318b0,positive/excitation/positive_excitation_0375_00006776.mp4,False,
emotion:00011286.mp4,00011286.mp4,eMotions_chunk_012.parquet,datasets/Conna/eMotions/data/eMotions_chunk_012.parquet,bb97b7453720968aa6793bd962a8880a459acadc,Excitation,positive,7.151995,069c4f9903e35cb8e74e03502783b5c913f37d921efb6169be3f046f8af3fa82,positive/excitation/positive_excitation_0376_00011286.mp4,False,
emotion:00011288.mp4,00011288.mp4,eMotions_chunk_012.parquet,datasets/Conna/eMotions/data/eMotions_chunk_012.parquet,bb97b7453720968aa6793bd962a8880a459acadc,Excitation,positive,23.683991,0a792983b609c3d331e6395b03899a89bfef819e7ee316bb85626e9b73b79d85,positive/excitation/positive_excitation_0377_00011288.mp4,False,
emotion:00011289.mp4,00011289.mp4,eMotions_chunk_012.parquet,datasets/Conna/eMotions/data/eMotions_chunk_012.parquet,bb97b7453720968aa6793bd962a8880a459acadc,Excitation,positive,15.881995,e372f8eef670579f165e111c8910d135b9675033edc150cafd0614c7003f23b2,positive/excitation/positive_excitation_0378_00011289.mp4,False,
emotion:00011291.mp4,00011291.mp4,eMotions_chunk_012.parquet,datasets/Conna/eMotions/data/eMotions_chunk_012.parquet,bb97b7453720968aa6793bd962a8880a459acadc,Excitation,positive,10.703991,675ca7ef83868f58bd1713dbd19115b3b10e851cebcf603c5515c66910b3c6bd,positive/excitation/positive_excitation_0379_00011291.mp4,False,
emotion:00011301.mp4,00011301.mp4,eMotions_chunk_012.parquet,datasets/Conna/eMotions/data/eMotions_chunk_012.parquet,bb97b7453720968aa6793bd962a8880a459acadc,Excitation,positive,14.333333,988bd9f0c3afa8434bd6c99b9ee54f2d19fe8b2d35a23cd21ec7ad3267e1e01f,positive/excitation/positive_excitation_0380_00011301.mp4,False,
emotion:00011312.mp4,00011312.mp4,eMotions_chunk_012.parquet,datasets/Conna/eMotions/data/eMotions_chunk_012.parquet,bb97b7453720968aa6793bd962a8880a459acadc,Excitation,positive,19.200998,b418cadcf662c59d92d633ca6c02e075bf9954bc876fdb32949257843e526bda,positive/excitation/positive_excitation_0381_00011312.mp4,False,
emotion:00011314.mp4,00011314.mp4,eMotions_chunk_012.parquet,datasets/Conna/eMotions/data/eMotions_chunk_012.parquet,bb97b7453720968aa6793bd962a8880a459acadc,Excitation,positive,23.366667,30d35dc01fb5c984982fce482e3efd031ad2830088c7ab82d2b2937a44dfd8d9,positive/excitation/positive_excitation_0382_00011314.mp4,False,
emotion:00011318.mp4,00011318.mp4,eMotions_chunk_012.parquet,datasets/Conna/eMotions/data/eMotions_chunk_012.parquet,bb97b7453720968aa6793bd962a8880a459acadc,Excitation,positive,13.839002,fadf62787f2d9f727b80cf0fb14c5f6e35ee21ef90135ea2728587ad0aa1e44e,positive/excitation/positive_excitation_0383_00011318.mp4,False,
emotion:00011327.mp4,00011327.mp4,eMotions_chunk_012.parquet,datasets/Conna/eMotions/data/eMotions_chunk_012.parquet,bb97b7453720968aa6793bd962a8880a459acadc,Excitation,positive,15.836009,b697b105cfbad8049e8c2148b708e8858d4ab8b670e85a44fb6debc739994937,positive/excitation/positive_excitation_0384_00011327.mp4,False,
emotion:00011333.mp4,00011333.mp4,eMotions_chunk_012.parquet,datasets/Conna/eMotions/data/eMotions_chunk_012.parquet,bb97b7453720968aa6793bd962a8880a459acadc,Excitation,positive,12.3,d3d1459a44dc40f4806bb7f7ab69e914b3300cbc1d1d9bd8295dda6591d7d3c1,positive/excitation/positive_excitation_0385_00011333.mp4,False,
emotion:00011334.mp4,00011334.mp4,eMotions_chunk_012.parquet,datasets/Conna/eMotions/data/eMotions_chunk_012.parquet,bb97b7453720968aa6793bd962a8880a459acadc,Excitation,positive,13.350998,025adbd779ea99bf013f2739376256044438bccc941fe0ac8800bdfa46a34898,positive/excitation/positive_excitation_0386_00011334.mp4,False,
emotion:00011341.mp4,00011341.mp4,eMotions_chunk_012.parquet,datasets/Conna/eMotions/data/eMotions_chunk_012.parquet,bb97b7453720968aa6793bd962a8880a459acadc,Excitation,positive,23.521995,defd42377d928cff6f73f78be4195c84727a9c02b43317d5d9b2c48e03d6901b,positive/excitation/positive_excitation_0387_00011341.mp4,False,
emotion:00011342.mp4,00011342.mp4,eMotions_chunk_012.parquet,datasets/Conna/eMotions/data/eMotions_chunk_012.parquet,bb97b7453720968aa6793bd962a8880a459acadc,Excitation,positive,14.187007,47958c7b4de0f16d4af1a18477f302c4c47021929a1d7f04c7b43d7334f6be9d,positive/excitation/positive_excitation_0388_00011342.mp4,False,
emotion:00011343.mp4,00011343.mp4,eMotions_chunk_012.parquet,datasets/Conna/eMotions/data/eMotions_chunk_012.parquet,bb97b7453720968aa6793bd962a8880a459acadc,Excitation,positive,23.103991,66c98eb860c7efe21f4c425645ff10b141a78600afecd90e235be3de81e252b5,positive/excitation/positive_excitation_0389_00011343.mp4,False,
emotion:00011346.mp4,00011346.mp4,eMotions_chunk_012.parquet,datasets/Conna/eMotions/data/eMotions_chunk_012.parquet,bb97b7453720968aa6793bd962a8880a459acadc,Excitation,positive,13.36,b43081c6e14a5ff9b9d90ea91bfa3f2e4266d37dc0f9ff787948ca4b3b005b6b,positive/excitation/positive_excitation_0390_00011346.mp4,False,
emotion:00011347.mp4,00011347.mp4,eMotions_chunk_012.parquet,datasets/Conna/eMotions/data/eMotions_chunk_012.parquet,bb97b7453720968aa6793bd962a8880a459acadc,Excitation,positive,24.542993,7e842a6a8f42ddcb6dc15725c7919f9e6a93937e93b44c54f3a5a423d5dbdad8,positive/excitation/positive_excitation_0391_00011347.mp4,False,
emotion:00011349.mp4,00011349.mp4,eMotions_chunk_012.parquet,datasets/Conna/eMotions/data/eMotions_chunk_012.parquet,bb97b7453720968aa6793bd962a8880a459acadc,Excitation,positive,28.375011,181ab98ae8c7627038d077870c9b468e4b8c455b3aea9fa8c4584737ff317e5f,positive/excitation/positive_excitation_0392_00011349.mp4,False,
emotion:00011350.mp4,00011350.mp4,eMotions_chunk_012.parquet,datasets/Conna/eMotions/data/eMotions_chunk_012.parquet,bb97b7453720968aa6793bd962a8880a459acadc,Excitation,positive,20.933333,b4714359033f0bbf8fedab96a318b347ef98b108de13cd66088ffdd390d9483b,positive/excitation/positive_excitation_0393_00011350.mp4,False,
emotion:00011351.mp4,00011351.mp4,eMotions_chunk_012.parquet,datasets/Conna/eMotions/data/eMotions_chunk_012.parquet,bb97b7453720968aa6793bd962a8880a459acadc,Excitation,positive,5.619002,993a0d74ecc10086e26acc2a37b3d0bc2af3e9663f7e3e1d84a99eb341c61d5d,positive/excitation/positive_excitation_0394_00011351.mp4,False,
emotion:00011380.mp4,00011380.mp4,eMotions_chunk_012.parquet,datasets/Conna/eMotions/data/eMotions_chunk_012.parquet,bb97b7453720968aa6793bd962a8880a459acadc,Excitation,positive,10.703991,3a628c02b01e80a9fe0bc41bfec750fdb873c1b86618b4285a6e1b1dd5af5e5a,positive/excitation/positive_excitation_0395_00011380.mp4,False,
emotion:00011381.mp4,00011381.mp4,eMotions_chunk_012.parquet,datasets/Conna/eMotions/data/eMotions_chunk_012.parquet,bb97b7453720968aa6793bd962a8880a459acadc,Excitation,positive,21.918005,d6fe30d81fead4bd7f64462730a8f4e95f36c0e32dd1f6eca03db8de1c259717,positive/excitation/positive_excitation_0396_00011381.mp4,False,
emotion:00011391.mp4,00011391.mp4,eMotions_chunk_012.parquet,datasets/Conna/eMotions/data/eMotions_chunk_012.parquet,bb97b7453720968aa6793bd962a8880a459acadc,Excitation,positive,14.485011,4d45b70ebe9504898dc7ab258bf7f2aaf50ad2bf1dd0c8df84490e5f92292177,positive/excitation/positive_excitation_0397_00011391.mp4,False,
emotion:00011393.mp4,00011393.mp4,eMotions_chunk_012.parquet,datasets/Conna/eMotions/data/eMotions_chunk_012.parquet,bb97b7453720968aa6793bd962a8880a459acadc,Excitation,positive,19.480998,5780e40fd17461af88b9fe60432fe58a5d4669e9f171a7fa6cc1bc4fed270abc,positive/excitation/positive_excitation_0398_00011393.mp4,False,
emotion:00011401.mp4,00011401.mp4,eMotions_chunk_012.parquet,datasets/Conna/eMotions/data/eMotions_chunk_012.parquet,bb97b7453720968aa6793bd962a8880a459acadc,Excitation,positive,12.91,cafbb6e34525ff17dab0f63f926e173707ba86b24737211b6f9faaac69b844a8,positive/excitation/positive_excitation_0399_00011401.mp4,False,
emotion:00011403.mp4,00011403.mp4,eMotions_chunk_012.parquet,datasets/Conna/eMotions/data/eMotions_chunk_012.parquet,bb97b7453720968aa6793bd962a8880a459acadc,Excitation,positive,15.046009,9f4eaf90fa3eab09d8f53acaac477375d5e1fb95af24d6c8f65c416b53ea6848,positive/excitation/positive_excitation_0400_00011403.mp4,False,
emotion:00011405.mp4,00011405.mp4,eMotions_chunk_012.parquet,datasets/Conna/eMotions/data/eMotions_chunk_012.parquet,bb97b7453720968aa6793bd962a8880a459acadc,Excitation,positive,19.819002,6162fc104f772655537b61ccdea120194491c469139236697e1923099d99fc07,positive/excitation/positive_excitation_0401_00011405.mp4,False,
emotion:00011414.mp4,00011414.mp4,eMotions_chunk_012.parquet,datasets/Conna/eMotions/data/eMotions_chunk_012.parquet,bb97b7453720968aa6793bd962a8880a459acadc,Excitation,positive,9.12,199ac9326aff8ebad9e858850be4be708266a32577edc9e1dcef22d10c80f74b,positive/excitation/positive_excitation_0402_00011414.mp4,False,
emotion:00011416.mp4,00011416.mp4,eMotions_chunk_012.parquet,datasets/Conna/eMotions/data/eMotions_chunk_012.parquet,bb97b7453720968aa6793bd962a8880a459acadc,Excitation,positive,21.107007,66d28648003dc5d8af118aa8ebb5d8e9974636e222db907b5a74cf7bfadf3521,positive/excitation/positive_excitation_0403_00011416.mp4,False,
emotion:00011428.mp4,00011428.mp4,eMotions_chunk_012.parquet,datasets/Conna/eMotions/data/eMotions_chunk_012.parquet,bb97b7453720968aa6793bd962a8880a459acadc,Excitation,positive,14.533991,d544c4953bdf625ac02eed78d88a2f7b0a3afa76c348ff6d6f963072e7444a47,positive/excitation/positive_excitation_0404_00011428.mp4,False,
emotion:00011430.mp4,00011430.mp4,eMotions_chunk_012.parquet,datasets/Conna/eMotions/data/eMotions_chunk_012.parquet,bb97b7453720968aa6793bd962a8880a459acadc,Excitation,positive,6.710998,6ed7b7d0b1858de7c8b9112e781608c8d9262c4e6e03b5710a3134d85d85dc01,positive/excitation/positive_excitation_0405_00011430.mp4,False,
emotion:00011431.mp4,00011431.mp4,eMotions_chunk_012.parquet,datasets/Conna/eMotions/data/eMotions_chunk_012.parquet,bb97b7453720968aa6793bd962a8880a459acadc,Excitation,positive,5.967007,37d8e75484faff9edf12de73270baf9efded52cda4fe7d7aa62514b6226babc0,positive/excitation/positive_excitation_0406_00011431.mp4,False,
emotion:00011432.mp4,00011432.mp4,eMotions_chunk_012.parquet,datasets/Conna/eMotions/data/eMotions_chunk_012.parquet,bb97b7453720968aa6793bd962a8880a459acadc,Excitation,positive,13.885011,169da9e4f057eda8275cd71be90a18bea58da695212fc10be89bd0ce75a63409,positive/excitation/positive_excitation_0407_00011432.mp4,False,
emotion:00011436.mp4,00011436.mp4,eMotions_chunk_012.parquet,datasets/Conna/eMotions/data/eMotions_chunk_012.parquet,bb97b7453720968aa6793bd962a8880a459acadc,Excitation,positive,22.871995,2c4437f353f612797cb5295a911dc78daf197ecc14832a05c7857dce225221c1,positive/excitation/positive_excitation_0408_00011436.mp4,False,
emotion:00011437.mp4,00011437.mp4,eMotions_chunk_012.parquet,datasets/Conna/eMotions/data/eMotions_chunk_012.parquet,bb97b7453720968aa6793bd962a8880a459acadc,Excitation,positive,8.847007,91d03766d29d721e5beb1c44e0e48ce51a0f3432f61d349ad31ca6a5128be947,positive/excitation/positive_excitation_0409_00011437.mp4,False,
emotion:00011438.mp4,00011438.mp4,eMotions_chunk_012.parquet,datasets/Conna/eMotions/data/eMotions_chunk_012.parquet,bb97b7453720968aa6793bd962a8880a459acadc,Excitation,positive,16.92,c427d36e914fb5647f8e8b009220cf616b0aa8e9fdac2ec7def4b822af89a9a2,positive/excitation/positive_excitation_0410_00011438.mp4,False,
emotion:00011441.mp4,00011441.mp4,eMotions_chunk_012.parquet,datasets/Conna/eMotions/data/eMotions_chunk_012.parquet,bb97b7453720968aa6793bd962a8880a459acadc,Excitation,positive,20.155011,2bbde47d18f891734240d24fba65364ad9e1af8eb4106b567f9fe126bec3ee34,positive/excitation/positive_excitation_0411_00011441.mp4,False,
emotion:00011442.mp4,00011442.mp4,eMotions_chunk_012.parquet,datasets/Conna/eMotions/data/eMotions_chunk_012.parquet,bb97b7453720968aa6793bd962a8880a459acadc,Excitation,positive,7.245011,b4a1b727010782a9b0db93043c0cad7c9609822b0d847431d8a3bdf7ffb5d2a2,positive/excitation/positive_excitation_0412_00011442.mp4,False,
emotion:00011443.mp4,00011443.mp4,eMotions_chunk_012.parquet,datasets/Conna/eMotions/data/eMotions_chunk_012.parquet,bb97b7453720968aa6793bd962a8880a459acadc,Excitation,positive,6.9,ad348b96069ea128cada7c15732605b02ac6a14748d1f7e5a338c861beb8a81a,positive/excitation/positive_excitation_0413_00011443.mp4,False,
emotion:00011446.mp4,00011446.mp4,eMotions_chunk_012.parquet,datasets/Conna/eMotions/data/eMotions_chunk_012.parquet,bb97b7453720968aa6793bd962a8880a459acadc,Excitation,positive,13.281995,70bdd5ddf45a60027d1593c64b5f052bc9125ce76ea13161701ece5f71c72311,positive/excitation/positive_excitation_0414_00011446.mp4,False,
emotion:00011461.mp4,00011461.mp4,eMotions_chunk_012.parquet,datasets/Conna/eMotions/data/eMotions_chunk_012.parquet,bb97b7453720968aa6793bd962a8880a459acadc,Excitation,positive,13.141995,7838d60a03b00c94cd13f1f134f2e1fd14b1e3ecef2c2169f1b9c369733a4638,positive/excitation/positive_excitation_0415_00011461.mp4,False,
emotion:00011462.mp4,00011462.mp4,eMotions_chunk_012.parquet,datasets/Conna/eMotions/data/eMotions_chunk_012.parquet,bb97b7453720968aa6793bd962a8880a459acadc,Excitation,positive,14.603991,59d9dca14c5817775c4d18a6851477036354623536383e4ce2154b40fc7e54ab,positive/excitation/positive_excitation_0416_00011462.mp4,False,
emotion:00011466.mp4,00011466.mp4,eMotions_chunk_012.parquet,datasets/Conna/eMotions/data/eMotions_chunk_012.parquet,bb97b7453720968aa6793bd962a8880a459acadc,Excitation,positive,10.146009,53b95cc430e199688fc61bdd07f2c2dedcdc359794ad1e442a5eba95e664d0bd,positive/excitation/positive_excitation_0417_00011466.mp4,False,
emotion:00011467.mp4,00011467.mp4,eMotions_chunk_012.parquet,datasets/Conna/eMotions/data/eMotions_chunk_012.parquet,bb97b7453720968aa6793bd962a8880a459acadc,Excitation,positive,9.171995,9e88a6cfa11a0075678224d3faf1981d7da9d0bdceabe8aa567fb5019e3b48b9,positive/excitation/positive_excitation_0418_00011467.mp4,False,
emotion:00011473.mp4,00011473.mp4,eMotions_chunk_012.parquet,datasets/Conna/eMotions/data/eMotions_chunk_012.parquet,bb97b7453720968aa6793bd962a8880a459acadc,Excitation,positive,9.2,6dd95c69cd651d6223b0c987d535f34400bc7c85fa9c6bfb64fb18659f4103de,positive/excitation/positive_excitation_0419_00011473.mp4,False,
emotion:00011479.mp4,00011479.mp4,eMotions_chunk_012.parquet,datasets/Conna/eMotions/data/eMotions_chunk_012.parquet,bb97b7453720968aa6793bd962a8880a459acadc,Excitation,positive,8.847007,eea827bcc87540c479e55cc231a15bcaf5b189fb256bd49c7ef2aeb85784ea5e,positive/excitation/positive_excitation_0420_00011479.mp4,False,
emotion:00011495.mp4,00011495.mp4,eMotions_chunk_012.parquet,datasets/Conna/eMotions/data/eMotions_chunk_012.parquet,bb97b7453720968aa6793bd962a8880a459acadc,Excitation,positive,19.833333,608f8dfbbb4802b128ef1994be6e8b4e390cecb881dd2b52a2b4cadd364fc8ab,positive/excitation/positive_excitation_0421_00011495.mp4,False,
emotion:00011496.mp4,00011496.mp4,eMotions_chunk_012.parquet,datasets/Conna/eMotions/data/eMotions_chunk_012.parquet,bb97b7453720968aa6793bd962a8880a459acadc,Excitation,positive,21.246009,1b24f39897d32b239c4fe3e93934cd9239f1abef0ffb1de53a253b1d9dfd7844,positive/excitation/positive_excitation_0422_00011496.mp4,False,
emotion:00011497.mp4,00011497.mp4,eMotions_chunk_012.parquet,datasets/Conna/eMotions/data/eMotions_chunk_012.parquet,bb97b7453720968aa6793bd962a8880a459acadc,Excitation,positive,30.612993,087983c7d0ecadfec5f7330537d960caa46c6aaebe0a7019aae11552ca1bd00c,positive/excitation/positive_excitation_0423_00011497.mp4,False,
emotion:00011499.mp4,00011499.mp4,eMotions_chunk_012.parquet,datasets/Conna/eMotions/data/eMotions_chunk_012.parquet,bb97b7453720968aa6793bd962a8880a459acadc,Excitation,positive,13.84,9cc01fae405a9b7d1467757f303059bd111b7f75c501d5fe9c1d610d44f1fcb7,positive/excitation/positive_excitation_0424_00011499.mp4,False,
emotion:00011508.mp4,00011508.mp4,eMotions_chunk_012.parquet,datasets/Conna/eMotions/data/eMotions_chunk_012.parquet,bb97b7453720968aa6793bd962a8880a459acadc,Excitation,positive,13.42,2e4705aeec0157a4af6a89c574d70e598978321c648ed8b2f5480b363d64e623,positive/excitation/positive_excitation_0425_00011508.mp4,False,
emotion:00011509.mp4,00011509.mp4,eMotions_chunk_012.parquet,datasets/Conna/eMotions/data/eMotions_chunk_012.parquet,bb97b7453720968aa6793bd962a8880a459acadc,Excitation,positive,12.866667,b27e68f2e319b0bf91a0f60d52767333b8a16adaf449f77408a05d27d85b9c85,positive/excitation/positive_excitation_0426_00011509.mp4,False,
emotion:00011510.mp4,00011510.mp4,eMotions_chunk_012.parquet,datasets/Conna/eMotions/data/eMotions_chunk_012.parquet,bb97b7453720968aa6793bd962a8880a459acadc,Excitation,positive,18.033333,7066c3923f521cdfe6dd9296732f4a0a75ca938a0baad06c329cb8791062ad61,positive/excitation/positive_excitation_0427_00011510.mp4,False,
emotion:00011511.mp4,00011511.mp4,eMotions_chunk_012.parquet,datasets/Conna/eMotions/data/eMotions_chunk_012.parquet,bb97b7453720968aa6793bd962a8880a459acadc,Excitation,positive,19.56,e52d118f9b418504d26690d059aa5e6ce11cd250604b34b36e4e22d1bfc61de2,positive/excitation/positive_excitation_0428_00011511.mp4,False,
emotion:00011512.mp4,00011512.mp4,eMotions_chunk_012.parquet,datasets/Conna/eMotions/data/eMotions_chunk_012.parquet,bb97b7453720968aa6793bd962a8880a459acadc,Excitation,positive,19.620998,e6d3170ae95b0b62d993c7df193da39535b9ea3dabdf819301876b54c07bdebe,positive/excitation/positive_excitation_0429_00011512.mp4,False,
emotion:00011517.mp4,00011517.mp4,eMotions_chunk_012.parquet,datasets/Conna/eMotions/data/eMotions_chunk_012.parquet,bb97b7453720968aa6793bd962a8880a459acadc,Excitation,positive,24.402993,663aec33fde368dfa5d31ea236e78dec426308023c62a6c8b025ea77890e9cf2,positive/excitation/positive_excitation_0430_00011517.mp4,False,
emotion:00011521.mp4,00011521.mp4,eMotions_chunk_012.parquet,datasets/Conna/eMotions/data/eMotions_chunk_012.parquet,bb97b7453720968aa6793bd962a8880a459acadc,Excitation,positive,22.245011,1a4e75a66e2cfe18192770469f87b063899532b541b947491f2c052a687a6959,positive/excitation/positive_excitation_0431_00011521.mp4,False,
emotion:00011523.mp4,00011523.mp4,eMotions_chunk_012.parquet,datasets/Conna/eMotions/data/eMotions_chunk_012.parquet,bb97b7453720968aa6793bd962a8880a459acadc,Excitation,positive,7.986009,4b0c40f9320bbfcfbcda9b5f4a43db4488247a1717a197d366b2a008417a068a,positive/excitation/positive_excitation_0432_00011523.mp4,False,
emotion:00011526.mp4,00011526.mp4,eMotions_chunk_012.parquet,datasets/Conna/eMotions/data/eMotions_chunk_012.parquet,bb97b7453720968aa6793bd962a8880a459acadc,Excitation,positive,15.186009,f004033d6c841d0598ff09e5196ab117d93bfe7e61063f0e5c77c48f21848b5e,positive/excitation/positive_excitation_0433_00011526.mp4,False,
emotion:00011529.mp4,00011529.mp4,eMotions_chunk_012.parquet,datasets/Conna/eMotions/data/eMotions_chunk_012.parquet,bb97b7453720968aa6793bd962a8880a459acadc,Excitation,positive,11.215011,14dc270c0c15dffa1b450c55e68d8df4bb0bdbe56cb941270d21b8841d4d1a96,positive/excitation/positive_excitation_0434_00011529.mp4,False,
emotion:00011531.mp4,00011531.mp4,eMotions_chunk_012.parquet,datasets/Conna/eMotions/data/eMotions_chunk_012.parquet,bb97b7453720968aa6793bd962a8880a459acadc,Excitation,positive,39.008005,8e710310b6947dfa8fc9cd28a9e2fed26251c3a78e194b63f64c7b3f1771679a,positive/excitation/positive_excitation_0435_00011531.mp4,False,
emotion:00011533.mp4,00011533.mp4,eMotions_chunk_012.parquet,datasets/Conna/eMotions/data/eMotions_chunk_012.parquet,bb97b7453720968aa6793bd962a8880a459acadc,Excitation,positive,9.706009,eeee97f2927ed0a8aec25983e5c25b63319e1f1b521bbbe28e0e5e388aac3e23,positive/excitation/positive_excitation_0436_00011533.mp4,False,
emotion:00011536.mp4,00011536.mp4,eMotions_chunk_012.parquet,datasets/Conna/eMotions/data/eMotions_chunk_012.parquet,bb97b7453720968aa6793bd962a8880a459acadc,Excitation,positive,5.013991,00e3bf119f35f691ff85e3b6099d8b23e7ef0ad4c18c3d3df77bbed6c67bc454,positive/excitation/positive_excitation_0437_00011536.mp4,False,
emotion:00011538.mp4,00011538.mp4,eMotions_chunk_012.parquet,datasets/Conna/eMotions/data/eMotions_chunk_012.parquet,bb97b7453720968aa6793bd962a8880a459acadc,Excitation,positive,28.211995,b3f0b085851764b3ca1740b4e630fb29e3d0fa78d0fa9fb5838760cebeec5c55,positive/excitation/positive_excitation_0438_00011538.mp4,False,
emotion:00011539.mp4,00011539.mp4,eMotions_chunk_012.parquet,datasets/Conna/eMotions/data/eMotions_chunk_012.parquet,bb97b7453720968aa6793bd962a8880a459acadc,Excitation,positive,27.050998,acfafce510e74808f0cf89d69430eff8d87ac9360338372a646ba287e51a7db3,positive/excitation/positive_excitation_0439_00011539.mp4,False,
emotion:00011543.mp4,00011543.mp4,eMotions_chunk_012.parquet,datasets/Conna/eMotions/data/eMotions_chunk_012.parquet,bb97b7453720968aa6793bd962a8880a459acadc,Excitation,positive,18.36,370b2393f9d3b75db4069cf2ea644712e87d56272f778129f03c10eacbb61355,positive/excitation/positive_excitation_0440_00011543.mp4,False,
emotion:00011546.mp4,00011546.mp4,eMotions_chunk_012.parquet,datasets/Conna/eMotions/data/eMotions_chunk_012.parquet,bb97b7453720968aa6793bd962a8880a459acadc,Excitation,positive,17.966667,d200d44ec591c933ab7bd20ec93ea5c7029ced4accd5b6d89cb8391b8c322c2b,positive/excitation/positive_excitation_0441_00011546.mp4,False,
emotion:00011548.mp4,00011548.mp4,eMotions_chunk_012.parquet,datasets/Conna/eMotions/data/eMotions_chunk_012.parquet,bb97b7453720968aa6793bd962a8880a459acadc,Excitation,positive,17.67,cefb5562f00c79122b87d989c824b335e117bad9a7e40bc1ec3baf3a5cfe7b91,positive/excitation/positive_excitation_0442_00011548.mp4,False,
emotion:00011551.mp4,00011551.mp4,eMotions_chunk_012.parquet,datasets/Conna/eMotions/data/eMotions_chunk_012.parquet,bb97b7453720968aa6793bd962a8880a459acadc,Excitation,positive,27.033333,fc07cec9585adacda1b36ab2604b813e9913d78608de9aa96f7886e8e62e453b,positive/excitation/positive_excitation_0443_00011551.mp4,False,
emotion:00011553.mp4,00011553.mp4,eMotions_chunk_012.parquet,datasets/Conna/eMotions/data/eMotions_chunk_012.parquet,bb97b7453720968aa6793bd962a8880a459acadc,Excitation,positive,29.933333,933ee9a18a60140c991cd9926ee839276d7d8a8bbcfe97dd7ec2b9737b244e3e,positive/excitation/positive_excitation_0444_00011553.mp4,False,
emotion:00011572.mp4,00011572.mp4,eMotions_chunk_012.parquet,datasets/Conna/eMotions/data/eMotions_chunk_012.parquet,bb97b7453720968aa6793bd962a8880a459acadc,Excitation,positive,19.340998,d7f0310d8c820a7b0cf2ca8d7c1b52017b523a2d77377bddcbebce65e77a96f4,positive/excitation/positive_excitation_0445_00011572.mp4,False,
emotion:00011576.mp4,00011576.mp4,eMotions_chunk_012.parquet,datasets/Conna/eMotions/data/eMotions_chunk_012.parquet,bb97b7453720968aa6793bd962a8880a459acadc,Excitation,positive,26.2,1d98e4f4e5cf5a119da73df179f0f57897f86293d1f6481afca84ef602a3b87d,positive/excitation/positive_excitation_0446_00011576.mp4,False,
emotion:00011582.mp4,00011582.mp4,eMotions_chunk_012.parquet,datasets/Conna/eMotions/data/eMotions_chunk_012.parquet,bb97b7453720968aa6793bd962a8880a459acadc,Excitation,positive,33.6,aa220d11f4e65191d3c5c1ff3725bdf4f9015cca3b4671b4dd5860d6adb65b12,positive/excitation/positive_excitation_0447_00011582.mp4,False,
emotion:00011585.mp4,00011585.mp4,eMotions_chunk_012.parquet,datasets/Conna/eMotions/data/eMotions_chunk_012.parquet,bb97b7453720968aa6793bd962a8880a459acadc,Excitation,positive,30.0,56e303b592599390c300f5b4be96919ac6a1f95a6835b0ceea02dc1b39a61524,positive/excitation/positive_excitation_0448_00011585.mp4,False,
emotion:00011586.mp4,00011586.mp4,eMotions_chunk_012.parquet,datasets/Conna/eMotions/data/eMotions_chunk_012.parquet,bb97b7453720968aa6793bd962a8880a459acadc,Excitation,positive,25.458333,27bfba4b5ed77d5c1dcb1e296e292fb622d6d7437a194ddd77840ce694990974,positive/excitation/positive_excitation_0449_00011586.mp4,False,
emotion:00011587.mp4,00011587.mp4,eMotions_chunk_012.parquet,datasets/Conna/eMotions/data/eMotions_chunk_012.parquet,bb97b7453720968aa6793bd962a8880a459acadc,Excitation,positive,26.911995,7af16d70255e1ecd8c34cd3e128cae19da45d094b523686266c27c6df932c6e8,positive/excitation/positive_excitation_0450_00011587.mp4,False,
emotion:00011589.mp4,00011589.mp4,eMotions_chunk_012.parquet,datasets/Conna/eMotions/data/eMotions_chunk_012.parquet,bb97b7453720968aa6793bd962a8880a459acadc,Excitation,positive,24.101995,586d857d321c2f108840e5e29e06bdb280505043284e43738c79c744fbfa0b36,positive/excitation/positive_excitation_0451_00011589.mp4,False,
emotion:00011591.mp4,00011591.mp4,eMotions_chunk_012.parquet,datasets/Conna/eMotions/data/eMotions_chunk_012.parquet,bb97b7453720968aa6793bd962a8880a459acadc,Excitation,positive,26.378005,ec5a4385c3b8263edff1d1168dc4d4267d3fc5d8345c1e0849cc1d3215975ed0,positive/excitation/positive_excitation_0452_00011591.mp4,False,
emotion:00011592.mp4,00011592.mp4,eMotions_chunk_012.parquet,datasets/Conna/eMotions/data/eMotions_chunk_012.parquet,bb97b7453720968aa6793bd962a8880a459acadc,Excitation,positive,24.6,bb0451741d5dab63b7ec77873e1b231c5488447511d67e29ad0dfc962fae6bfd,positive/excitation/positive_excitation_0453_00011592.mp4,False,
emotion:00011594.mp4,00011594.mp4,eMotions_chunk_012.parquet,datasets/Conna/eMotions/data/eMotions_chunk_012.parquet,bb97b7453720968aa6793bd962a8880a459acadc,Excitation,positive,24.288005,148d24966dc05eec24f0c8a28f040278526c6eb267419855318a4d132fe420df,positive/excitation/positive_excitation_0454_00011594.mp4,False,
emotion:00011598.mp4,00011598.mp4,eMotions_chunk_012.parquet,datasets/Conna/eMotions/data/eMotions_chunk_012.parquet,bb97b7453720968aa6793bd962a8880a459acadc,Excitation,positive,9.403991,e6f1d6d6a7ad7129548db3dc9b19ecc496590cd7f9f71033f1559dd52c4359dc,positive/excitation/positive_excitation_0455_00011598.mp4,False,
emotion:00011600.mp4,00011600.mp4,eMotions_chunk_012.parquet,datasets/Conna/eMotions/data/eMotions_chunk_012.parquet,bb97b7453720968aa6793bd962a8880a459acadc,Excitation,positive,8.916009,abebcfbc8d6f4215ffe52869088b46e26ba13e50d052cf10aa2c3124fb3ef3da,positive/excitation/positive_excitation_0456_00011600.mp4,False,
emotion:00011602.mp4,00011602.mp4,eMotions_chunk_012.parquet,datasets/Conna/eMotions/data/eMotions_chunk_012.parquet,bb97b7453720968aa6793bd962a8880a459acadc,Excitation,positive,13.141995,0120d8e6478e6447d14bb02eee10d612572bd228011d39eab8c0cd6fed802059,positive/excitation/positive_excitation_0457_00011602.mp4,False,
emotion:00011606.mp4,00011606.mp4,eMotions_chunk_012.parquet,datasets/Conna/eMotions/data/eMotions_chunk_012.parquet,bb97b7453720968aa6793bd962a8880a459acadc,Excitation,positive,7.151995,870ccadf6ecac80e1513ca28d0d94ae0c7bd6f9822d1d4ea82df9637dee2ba38,positive/excitation/positive_excitation_0458_00011606.mp4,False,
emotion:00011610.mp4,00011610.mp4,eMotions_chunk_012.parquet,datasets/Conna/eMotions/data/eMotions_chunk_012.parquet,bb97b7453720968aa6793bd962a8880a459acadc,Excitation,positive,32.4,d1d0aefe8f21a43d5260023a0313d6f8368139d14ce92447f9f48bc62b82cc1a,positive/excitation/positive_excitation_0459_00011610.mp4,False,
emotion:00011611.mp4,00011611.mp4,eMotions_chunk_012.parquet,datasets/Conna/eMotions/data/eMotions_chunk_012.parquet,bb97b7453720968aa6793bd962a8880a459acadc,Excitation,positive,15.8,44933c0229147f8ec062e90e6619e2d61c0b83a2c0b64d95266a042140672b24,positive/excitation/positive_excitation_0460_00011611.mp4,False,
emotion:00011616.mp4,00011616.mp4,eMotions_chunk_012.parquet,datasets/Conna/eMotions/data/eMotions_chunk_012.parquet,bb97b7453720968aa6793bd962a8880a459acadc,Excitation,positive,14.733333,2d738b12ec75d961adcab3656b89231d593a8e80da142531cbbabcb139d5e01a,positive/excitation/positive_excitation_0461_00011616.mp4,False,
emotion:00011618.mp4,00011618.mp4,eMotions_chunk_012.parquet,datasets/Conna/eMotions/data/eMotions_chunk_012.parquet,bb97b7453720968aa6793bd962a8880a459acadc,Excitation,positive,24.542993,fef917ed9b07d6843f7b23cf3a79422f9294b0cf5ed3fd0fe6799259c4bde03c,positive/excitation/positive_excitation_0462_00011618.mp4,False,
emotion:00011620.mp4,00011620.mp4,eMotions_chunk_012.parquet,datasets/Conna/eMotions/data/eMotions_chunk_012.parquet,bb97b7453720968aa6793bd962a8880a459acadc,Excitation,positive,57.818005,b4fc4237c68db82b71da48da4bc5da9762d962317d721812709c8abe9639a591,positive/excitation/positive_excitation_0463_00011620.mp4,False,
emotion:00011622.mp4,00011622.mp4,eMotions_chunk_012.parquet,datasets/Conna/eMotions/data/eMotions_chunk_012.parquet,bb97b7453720968aa6793bd962a8880a459acadc,Excitation,positive,29.836009,f5398e276ee16f46b401f8759749fef6a7878864cca98d698798f45afb4216a7,positive/excitation/positive_excitation_0464_00011622.mp4,False,
emotion:00011628.mp4,00011628.mp4,eMotions_chunk_012.parquet,datasets/Conna/eMotions/data/eMotions_chunk_012.parquet,bb97b7453720968aa6793bd962a8880a459acadc,Excitation,positive,49.130435,d253b35dfd20d5f7caa9b65b003ab884e8b6212f584a0119b828ee7d531d5985,positive/excitation/positive_excitation_0465_00011628.mp4,False,
emotion:00011630.mp4,00011630.mp4,eMotions_chunk_012.parquet,datasets/Conna/eMotions/data/eMotions_chunk_012.parquet,bb97b7453720968aa6793bd962a8880a459acadc,Excitation,positive,13.48,ed876ae1ab39b1fbd7a29a5eb9a220133c856f90eff65515c29fa2a0942cf0ca,positive/excitation/positive_excitation_0466_00011630.mp4,False,
emotion:00011644.mp4,00011644.mp4,eMotions_chunk_012.parquet,datasets/Conna/eMotions/data/eMotions_chunk_012.parquet,bb97b7453720968aa6793bd962a8880a459acadc,Excitation,positive,6.385011,3c7f63a11ec62127b5db3fb9b8cc32ad9c2d2e7b26d1d4ffdeee69090cc9a934,positive/excitation/positive_excitation_0467_00011644.mp4,False,
emotion:00011645.mp4,00011645.mp4,eMotions_chunk_012.parquet,datasets/Conna/eMotions/data/eMotions_chunk_012.parquet,bb97b7453720968aa6793bd962a8880a459acadc,Excitation,positive,9.868005,3a47398abd2bae50489e4fd165bf59392a012d86d72173ad73812ead9215cc71,positive/excitation/positive_excitation_0468_00011645.mp4,False,
emotion:00011647.mp4,00011647.mp4,eMotions_chunk_012.parquet,datasets/Conna/eMotions/data/eMotions_chunk_012.parquet,bb97b7453720968aa6793bd962a8880a459acadc,Excitation,positive,19.5,a15726c3b06b0f812c5ef55ddaf811d153f43a895c930bfb4e966f2af2f2ee3b,positive/excitation/positive_excitation_0469_00011647.mp4,False,
emotion:00011651.mp4,00011651.mp4,eMotions_chunk_012.parquet,datasets/Conna/eMotions/data/eMotions_chunk_012.parquet,bb97b7453720968aa6793bd962a8880a459acadc,Excitation,positive,9.8,49758a33ea3b8f497056738cf6d8e4c11db4f1f595ea8ae821c0a0f793ac240f,positive/excitation/positive_excitation_0470_00011651.mp4,False,
emotion:00011659.mp4,00011659.mp4,eMotions_chunk_012.parquet,datasets/Conna/eMotions/data/eMotions_chunk_012.parquet,bb97b7453720968aa6793bd962a8880a459acadc,Excitation,positive,29.303991,715a87a171c3bcaff50da482f242f12bb6a7fa40963d802662c4257b883dc8ec,positive/excitation/positive_excitation_0471_00011659.mp4,False,
emotion:00011665.mp4,00011665.mp4,eMotions_chunk_012.parquet,datasets/Conna/eMotions/data/eMotions_chunk_012.parquet,bb97b7453720968aa6793bd962a8880a459acadc,Excitation,positive,7.407007,97b27da08401230adfdfd9ce4d44d47bc3366c2b87109ed0e508cc19b19de2a7,positive/excitation/positive_excitation_0472_00011665.mp4,False,
emotion:00011667.mp4,00011667.mp4,eMotions_chunk_012.parquet,datasets/Conna/eMotions/data/eMotions_chunk_012.parquet,bb97b7453720968aa6793bd962a8880a459acadc,Excitation,positive,12.133333,d031b999850ed56eb6da841997796ebebd0500fecfaaf7728bcc915c749c6fdd,positive/excitation/positive_excitation_0473_00011667.mp4,False,
emotion:00011679.mp4,00011679.mp4,eMotions_chunk_012.parquet,datasets/Conna/eMotions/data/eMotions_chunk_012.parquet,bb97b7453720968aa6793bd962a8880a459acadc,Excitation,positive,34.645011,424d429c504fc557b88a8fd317b5bfe0702830fe18d7b4de64259eb46c93f690,positive/excitation/positive_excitation_0474_00011679.mp4,False,
emotion:00011705.mp4,00011705.mp4,eMotions_chunk_012.parquet,datasets/Conna/eMotions/data/eMotions_chunk_012.parquet,bb97b7453720968aa6793bd962a8880a459acadc,Excitation,positive,20.526009,ff13a8fb5ba19b48f41263d3f47a250546530439a074319347ff4cce2823fbf6,positive/excitation/positive_excitation_0475_00011705.mp4,False,
emotion:00011716.mp4,00011716.mp4,eMotions_chunk_012.parquet,datasets/Conna/eMotions/data/eMotions_chunk_012.parquet,bb97b7453720968aa6793bd962a8880a459acadc,Excitation,positive,13.28,d3012c45ed9f84c8132c93c273209e4b0674a896f95eadb744cdb2b67581c8ef,positive/excitation/positive_excitation_0476_00011716.mp4,False,
emotion:00011717.mp4,00011717.mp4,eMotions_chunk_012.parquet,datasets/Conna/eMotions/data/eMotions_chunk_012.parquet,bb97b7453720968aa6793bd962a8880a459acadc,Excitation,positive,25.88,9fa15db50041163d2dee4c23128944876eb90a177289bda0736f517af365474d,positive/excitation/positive_excitation_0477_00011717.mp4,False,
emotion:00011719.mp4,00011719.mp4,eMotions_chunk_012.parquet,datasets/Conna/eMotions/data/eMotions_chunk_012.parquet,bb97b7453720968aa6793bd962a8880a459acadc,Excitation,positive,46.92,7a1ee659cdbb0ee9b585737836d2f6e3de5c2ee388a1f1e73007829b0eb50efd,positive/excitation/positive_excitation_0478_00011719.mp4,False,
emotion:00011720.mp4,00011720.mp4,eMotions_chunk_012.parquet,datasets/Conna/eMotions/data/eMotions_chunk_012.parquet,bb97b7453720968aa6793bd962a8880a459acadc,Excitation,positive,13.720998,7fbe5ca0536b027c29263aea9b7441f34c0d3373686b3dfc015b126dd4378948,positive/excitation/positive_excitation_0479_00011720.mp4,False,
emotion:00011721.mp4,00011721.mp4,eMotions_chunk_012.parquet,datasets/Conna/eMotions/data/eMotions_chunk_012.parquet,bb97b7453720968aa6793bd962a8880a459acadc,Excitation,positive,13.235011,75cebcbbb024d12621637329964d70ea58e70859c43a83cc4fbc523b82e20c87,positive/excitation/positive_excitation_0480_00011721.mp4,False,
emotion:00011726.mp4,00011726.mp4,eMotions_chunk_012.parquet,datasets/Conna/eMotions/data/eMotions_chunk_012.parquet,bb97b7453720968aa6793bd962a8880a459acadc,Excitation,positive,9.706009,43c70b10ec8efaa7708812648db1f064ed4d1e6ed2d570914724859a7f5f24fc,positive/excitation/positive_excitation_0481_00011726.mp4,False,
emotion:00011728.mp4,00011728.mp4,eMotions_chunk_012.parquet,datasets/Conna/eMotions/data/eMotions_chunk_012.parquet,bb97b7453720968aa6793bd962a8880a459acadc,Excitation,positive,22.4,41c21c1d19b2b0c6f666042d73c911d7943b66d90482dc32dfc9de6f38db08a8,positive/excitation/positive_excitation_0482_00011728.mp4,False,
emotion:00011732.mp4,00011732.mp4,eMotions_chunk_012.parquet,datasets/Conna/eMotions/data/eMotions_chunk_012.parquet,bb97b7453720968aa6793bd962a8880a459acadc,Excitation,positive,6.989002,910df25894826d257d4d8f626768ec6e44044791c83fb6c8563419294842e7f7,positive/excitation/positive_excitation_0483_00011732.mp4,False,
emotion:00011734.mp4,00011734.mp4,eMotions_chunk_012.parquet,datasets/Conna/eMotions/data/eMotions_chunk_012.parquet,bb97b7453720968aa6793bd962a8880a459acadc,Excitation,positive,21.687007,b343974a13e3ebc828fcfa905db9d474b8f4ea846f683efb97076a8f2a59191f,positive/excitation/positive_excitation_0484_00011734.mp4,False,
emotion:00011736.mp4,00011736.mp4,eMotions_chunk_012.parquet,datasets/Conna/eMotions/data/eMotions_chunk_012.parquet,bb97b7453720968aa6793bd962a8880a459acadc,Excitation,positive,8.083333,2021ec7ede6b4f401eb33f0377216eb096988a059f49ef879dab9006bbb788fa,positive/excitation/positive_excitation_0485_00011736.mp4,False,
emotion:00011738.mp4,00011738.mp4,eMotions_chunk_012.parquet,datasets/Conna/eMotions/data/eMotions_chunk_012.parquet,bb97b7453720968aa6793bd962a8880a459acadc,Excitation,positive,17.7,417c1a84052afb4128d55e6a156b2cd25cae02b85c63c69e9146c94fab65d4df,positive/excitation/positive_excitation_0486_00011738.mp4,False,
emotion:00011739.mp4,00011739.mp4,eMotions_chunk_012.parquet,datasets/Conna/eMotions/data/eMotions_chunk_012.parquet,bb97b7453720968aa6793bd962a8880a459acadc,Excitation,positive,14.92,985466821a685507332d3354fdecbe4b7b0c4af55802cdcc2eb43ca803729920,positive/excitation/positive_excitation_0487_00011739.mp4,False,
emotion:00011759.mp4,00011759.mp4,eMotions_chunk_012.parquet,datasets/Conna/eMotions/data/eMotions_chunk_012.parquet,bb97b7453720968aa6793bd962a8880a459acadc,Excitation,positive,17.438005,487d00eebc3fade1b29cc510cb17c75c5ea77f90ec1cdd0c671535e6f289c1a9,positive/excitation/positive_excitation_0488_00011759.mp4,False,
emotion:00011760.mp4,00011760.mp4,eMotions_chunk_012.parquet,datasets/Conna/eMotions/data/eMotions_chunk_012.parquet,bb97b7453720968aa6793bd962a8880a459acadc,Excitation,positive,25.12,7ef816412ebf0aff759c5f1302480b58c9152faeb2f53911348a779b10970749,positive/excitation/positive_excitation_0489_00011760.mp4,False,
emotion:00011761.mp4,00011761.mp4,eMotions_chunk_012.parquet,datasets/Conna/eMotions/data/eMotions_chunk_012.parquet,bb97b7453720968aa6793bd962a8880a459acadc,Excitation,positive,21.547007,4c18e6d4d2d3f636e6f3f32e134ac7c79e88c62223d18ad35dd8b04e7c791886,positive/excitation/positive_excitation_0490_00011761.mp4,False,
emotion:00011762.mp4,00011762.mp4,eMotions_chunk_012.parquet,datasets/Conna/eMotions/data/eMotions_chunk_012.parquet,bb97b7453720968aa6793bd962a8880a459acadc,Excitation,positive,11.648005,a1f79730f0e8972a186c2cedc8f76445a888819b66b38410fada7697dc3034b4,positive/excitation/positive_excitation_0491_00011762.mp4,False,
emotion:00011766.mp4,00011766.mp4,eMotions_chunk_012.parquet,datasets/Conna/eMotions/data/eMotions_chunk_012.parquet,bb97b7453720968aa6793bd962a8880a459acadc,Excitation,positive,10.533333,0af4872f697551a03ff33d8fad6a0a3e91c7bc0ca876cb4fad64be5619d511e0,positive/excitation/positive_excitation_0492_00011766.mp4,False,
emotion:00011768.mp4,00011768.mp4,eMotions_chunk_012.parquet,datasets/Conna/eMotions/data/eMotions_chunk_012.parquet,bb97b7453720968aa6793bd962a8880a459acadc,Excitation,positive,5.433333,861f613bf081ea139781ce647876bdec0997f31fba796d4a9e052823f7373ce7,positive/excitation/positive_excitation_0493_00011768.mp4,False,
emotion:00011778.mp4,00011778.mp4,eMotions_chunk_012.parquet,datasets/Conna/eMotions/data/eMotions_chunk_012.parquet,bb97b7453720968aa6793bd962a8880a459acadc,Excitation,positive,14.883991,61d7759cd988ed6926edf405600eed8b7ad01502d537cb574860c6f47d3911b8,positive/excitation/positive_excitation_0494_00011778.mp4,False,
emotion:00011783.mp4,00011783.mp4,eMotions_chunk_012.parquet,datasets/Conna/eMotions/data/eMotions_chunk_012.parquet,bb97b7453720968aa6793bd962a8880a459acadc,Excitation,positive,44.651995,df9b35a32fe775a9fe017d0ca6b8eff02b4de969adb62f1568a15128b49e93e2,positive/excitation/positive_excitation_0495_00011783.mp4,False,
emotion:00011785.mp4,00011785.mp4,eMotions_chunk_012.parquet,datasets/Conna/eMotions/data/eMotions_chunk_012.parquet,bb97b7453720968aa6793bd962a8880a459acadc,Excitation,positive,21.779002,7f7b8b54b162c8b79e5c176381923ff2f366bab4a6b132481f7d4f29c1a39bc3,positive/excitation/positive_excitation_0496_00011785.mp4,False,
emotion:00011791.mp4,00011791.mp4,eMotions_chunk_012.parquet,datasets/Conna/eMotions/data/eMotions_chunk_012.parquet,bb97b7453720968aa6793bd962a8880a459acadc,Excitation,positive,13.512993,f82d241f550b2b9ead02d39ddc53c439cdcf4fc3bfa06908c41ab9cb43c52aaf,positive/excitation/positive_excitation_0497_00011791.mp4,False,
emotion:00011792.mp4,00011792.mp4,eMotions_chunk_012.parquet,datasets/Conna/eMotions/data/eMotions_chunk_012.parquet,bb97b7453720968aa6793bd962a8880a459acadc,Excitation,positive,34.155011,1c786b874343fc15115eba83b6e79fdb23bea088b40ce411f34bafa06f3ddd4b,positive/excitation/positive_excitation_0498_00011792.mp4,False,
emotion:00011796.mp4,00011796.mp4,eMotions_chunk_012.parquet,datasets/Conna/eMotions/data/eMotions_chunk_012.parquet,bb97b7453720968aa6793bd962a8880a459acadc,Excitation,positive,28.715011,ae246465b9e758b8bb04d08ecd6b3fe63ee522361edaa781e877830a54f09987,positive/excitation/positive_excitation_0499_00011796.mp4,False,
emotion:00011797.mp4,00011797.mp4,eMotions_chunk_012.parquet,datasets/Conna/eMotions/data/eMotions_chunk_012.parquet,bb97b7453720968aa6793bd962a8880a459acadc,Excitation,positive,9.611995,ab3ca3e09af1ff509c0331c058f2056965b49af807949e7b4eb2728fdc75783c,positive/excitation/positive_excitation_0500_00011797.mp4,False,
emotion:00011798.mp4,00011798.mp4,eMotions_chunk_012.parquet,datasets/Conna/eMotions/data/eMotions_chunk_012.parquet,bb97b7453720968aa6793bd962a8880a459acadc,Excitation,positive,22.16,d0aa5099382483df4eec4df5b5dda8b3bfe1727c8df89eafe13c857911c50acf,positive/excitation/positive_excitation_0501_00011798.mp4,False,
emotion:00011801.mp4,00011801.mp4,eMotions_chunk_012.parquet,datasets/Conna/eMotions/data/eMotions_chunk_012.parquet,bb97b7453720968aa6793bd962a8880a459acadc,Excitation,positive,15.0,a15643aca58ad23bcba0a40121c0f7e24850adb75228801e7e43885bf6438e68,positive/excitation/positive_excitation_0502_00011801.mp4,False,
emotion:00011814.mp4,00011814.mp4,eMotions_chunk_012.parquet,datasets/Conna/eMotions/data/eMotions_chunk_012.parquet,bb97b7453720968aa6793bd962a8880a459acadc,Excitation,positive,20.155011,3958d146b1764aeade53507f2a7ddc19d2f5138962995942f1490f914a4327c3,positive/excitation/positive_excitation_0503_00011814.mp4,False,
emotion:00011815.mp4,00011815.mp4,eMotions_chunk_012.parquet,datasets/Conna/eMotions/data/eMotions_chunk_012.parquet,bb97b7453720968aa6793bd962a8880a459acadc,Excitation,positive,8.079002,963016e0d4c66544b7c2745316f423da6d2571a528c4f43c829ebafa7635643b,positive/excitation/positive_excitation_0504_00011815.mp4,False,
emotion:00011820.mp4,00011820.mp4,eMotions_chunk_012.parquet,datasets/Conna/eMotions/data/eMotions_chunk_012.parquet,bb97b7453720968aa6793bd962a8880a459acadc,Excitation,positive,28.070998,cc1a45c1b0d6bbfa765efcf90d31a2971b7ff7ae47605524d1d77b9f8f1524a3,positive/excitation/positive_excitation_0505_00011820.mp4,False,
emotion:00011821.mp4,00011821.mp4,eMotions_chunk_012.parquet,datasets/Conna/eMotions/data/eMotions_chunk_012.parquet,bb97b7453720968aa6793bd962a8880a459acadc,Excitation,positive,24.705011,27dd7752e00ee1e302aa08286b0755bb26bbadb4ecc1f76b2bd3b654efd8c4ce,positive/excitation/positive_excitation_0506_00011821.mp4,False,
emotion:00011847.mp4,00011847.mp4,eMotions_chunk_012.parquet,datasets/Conna/eMotions/data/eMotions_chunk_012.parquet,bb97b7453720968aa6793bd962a8880a459acadc,Excitation,positive,30.532993,e815e6c913e6b7ea3b20a3208c7170fa6bcebf5efc2856b1c41c1fba3346dd0a,positive/excitation/positive_excitation_0507_00011847.mp4,False,
emotion:00011848.mp4,00011848.mp4,eMotions_chunk_012.parquet,datasets/Conna/eMotions/data/eMotions_chunk_012.parquet,bb97b7453720968aa6793bd962a8880a459acadc,Excitation,positive,23.381995,202d8cf9c926f108cebd0293d82df69962ce0ad8d429b65b069a6d4296744e30,positive/excitation/positive_excitation_0508_00011848.mp4,False,
emotion:00011851.mp4,00011851.mp4,eMotions_chunk_012.parquet,datasets/Conna/eMotions/data/eMotions_chunk_012.parquet,bb97b7453720968aa6793bd962a8880a459acadc,Excitation,positive,28.052993,55377c384b200f7fb8d8185e4bd778c5f1d83c99fdf2bb73bc5ce15708482086,positive/excitation/positive_excitation_0509_00011851.mp4,False,
emotion:00011852.mp4,00011852.mp4,eMotions_chunk_012.parquet,datasets/Conna/eMotions/data/eMotions_chunk_012.parquet,bb97b7453720968aa6793bd962a8880a459acadc,Excitation,positive,27.770998,9d3c22a0e7f74a3677405dd0345f9fd6866e3c0cf8b35dd9dd462c4efee46ad0,positive/excitation/positive_excitation_0510_00011852.mp4,False,
emotion:00011861.mp4,00011861.mp4,eMotions_chunk_012.parquet,datasets/Conna/eMotions/data/eMotions_chunk_012.parquet,bb97b7453720968aa6793bd962a8880a459acadc,Excitation,positive,8.706009,8d6ccd5e9729b6cdd565aa3065e8b817925393dfe5f594c229635eab827c8573,positive/excitation/positive_excitation_0511_00011861.mp4,False,
emotion:00011862.mp4,00011862.mp4,eMotions_chunk_012.parquet,datasets/Conna/eMotions/data/eMotions_chunk_012.parquet,bb97b7453720968aa6793bd962a8880a459acadc,Excitation,positive,36.64,e46bf25c1397689814858bbafd824d57da8d5d641430c9009bd35fe11459b62c,positive/excitation/positive_excitation_0512_00011862.mp4,False,
emotion:00011865.mp4,00011865.mp4,eMotions_chunk_012.parquet,datasets/Conna/eMotions/data/eMotions_chunk_012.parquet,bb97b7453720968aa6793bd962a8880a459acadc,Excitation,positive,17.553991,5f4d1f5677b6a63d4ab575fa1e2842d1553dbd87945bf4f0d417fae5cc004df8,positive/excitation/positive_excitation_0513_00011865.mp4,False,
emotion:00011876.mp4,00011876.mp4,eMotions_chunk_012.parquet,datasets/Conna/eMotions/data/eMotions_chunk_012.parquet,bb97b7453720968aa6793bd962a8880a459acadc,Excitation,positive,8.777007,d6c86da969916f3b0740caa2a91672e489e9b89c05c10afe92c3ba4855456dc5,positive/excitation/positive_excitation_0514_00011876.mp4,False,
emotion:00011879.mp4,00011879.mp4,eMotions_chunk_012.parquet,datasets/Conna/eMotions/data/eMotions_chunk_012.parquet,bb97b7453720968aa6793bd962a8880a459acadc,Excitation,positive,28.721995,918982ec4a55173541ba8009fb677df35635eb218393a08165dec6b14c1feca0,positive/excitation/positive_excitation_0515_00011879.mp4,False,
emotion:00011885.mp4,00011885.mp4,eMotions_chunk_012.parquet,datasets/Conna/eMotions/data/eMotions_chunk_012.parquet,bb97b7453720968aa6793bd962a8880a459acadc,Excitation,positive,32.855011,ea40d04b13c4c32b3427909bfdbedbcd190e697a83f7a32eb25c56e33b2fd3a4,positive/excitation/positive_excitation_0516_00011885.mp4,False,
emotion:00011904.mp4,00011904.mp4,eMotions_chunk_012.parquet,datasets/Conna/eMotions/data/eMotions_chunk_012.parquet,bb97b7453720968aa6793bd962a8880a459acadc,Excitation,positive,8.22,0ff1c0aa11b95d5a80ca557745125b35142c8e2b47c7b34b8ad56f8ad8d4e1d3,positive/excitation/positive_excitation_0517_00011904.mp4,False,
emotion:00011908.mp4,00011908.mp4,eMotions_chunk_012.parquet,datasets/Conna/eMotions/data/eMotions_chunk_012.parquet,bb97b7453720968aa6793bd962a8880a459acadc,Excitation,positive,56.2,93b3bb69e0dbbff25a7959a620f014f2fa8c213a0878a910367da82b737d459f,positive/excitation/positive_excitation_0518_00011908.mp4,False,
emotion:00011909.mp4,00011909.mp4,eMotions_chunk_012.parquet,datasets/Conna/eMotions/data/eMotions_chunk_012.parquet,bb97b7453720968aa6793bd962a8880a459acadc,Excitation,positive,14.125,0c7267a7d84971146aa0ed723162194968e5d96c0b3ac0763b887649efbe78ff,positive/excitation/positive_excitation_0519_00011909.mp4,False,
emotion:00011917.mp4,00011917.mp4,eMotions_chunk_012.parquet,datasets/Conna/eMotions/data/eMotions_chunk_012.parquet,bb97b7453720968aa6793bd962a8880a459acadc,Excitation,positive,21.866667,7aad91e3281931f29f83157e855d33dfd2b51f43508904de93d12afc88b48b8b,positive/excitation/positive_excitation_0520_00011917.mp4,False,
emotion:00011923.mp4,00011923.mp4,eMotions_chunk_012.parquet,datasets/Conna/eMotions/data/eMotions_chunk_012.parquet,bb97b7453720968aa6793bd962a8880a459acadc,Excitation,positive,9.915011,8ea1e1ef8a4d8faff88c15b80de83be50da80ca873ad681c530ea51280452782,positive/excitation/positive_excitation_0521_00011923.mp4,False,
emotion:00011924.mp4,00011924.mp4,eMotions_chunk_012.parquet,datasets/Conna/eMotions/data/eMotions_chunk_012.parquet,bb97b7453720968aa6793bd962a8880a459acadc,Excitation,positive,11.1,8b2b5c8359ad9f8d6cc0fd057ae312ed9ba5697aa826a1b3c1965ae2bc3c4757,positive/excitation/positive_excitation_0522_00011924.mp4,False,
emotion:00011931.mp4,00011931.mp4,eMotions_chunk_012.parquet,datasets/Conna/eMotions/data/eMotions_chunk_012.parquet,bb97b7453720968aa6793bd962a8880a459acadc,Excitation,positive,26.7,e86d22c64a33a06a5b2bc1dbdba711061914e8ae6ef48df2ac0a54a1262aee16,positive/excitation/positive_excitation_0523_00011931.mp4,False,
emotion:00024095.mp4,00024095.mp4,eMotions_chunk_063.parquet,datasets/Conna/eMotions/data/eMotions_chunk_063.parquet,bb97b7453720968aa6793bd962a8880a459acadc,Fear,negative,48.566667,175a4805f92322b273a951108534b114b3c0b268879031e1123befa0e08f686a,negative/fear/negative_fear_0524_00024095.mp4,False,
emotion:00024506.mp4,00024506.mp4,eMotions_chunk_063.parquet,datasets/Conna/eMotions/data/eMotions_chunk_063.parquet,bb97b7453720968aa6793bd962a8880a459acadc,Fear,negative,10.347007,385f4c7ef80ba0eb36cc3b10d3d54ab7a7a8b48b91193e1a1438d18310e67487,negative/fear/negative_fear_0525_00024506.mp4,False,
emotion:00024558.mp4,00024558.mp4,eMotions_chunk_063.parquet,datasets/Conna/eMotions/data/eMotions_chunk_063.parquet,bb97b7453720968aa6793bd962a8880a459acadc,Fear,negative,27.610917,ee4560780a54c344788c72185c9af9365bd2e66a900220e98dda8eefb098e706,negative/fear/negative_fear_0526_00024558.mp4,False,
emotion:00024622.mp4,00024622.mp4,eMotions_chunk_063.parquet,datasets/Conna/eMotions/data/eMotions_chunk_063.parquet,bb97b7453720968aa6793bd962a8880a459acadc,Fear,negative,15.862069,af99800cadf09d54bf8510d166897ee1b27b8aa5208a62e323ef101f7c1110f9,negative/fear/negative_fear_0527_00024622.mp4,False,
emotion:00024788.mp4,00024788.mp4,eMotions_chunk_063.parquet,datasets/Conna/eMotions/data/eMotions_chunk_063.parquet,bb97b7453720968aa6793bd962a8880a459acadc,Fear,negative,15.139002,6b07cfaaa5cc3d88311d8b64ec0f9b6d903f41b5c0919e2d8a7d33f8ca5491c8,negative/fear/negative_fear_0528_00024788.mp4,False,
emotion:00024984.mp4,00024984.mp4,eMotions_chunk_063.parquet,datasets/Conna/eMotions/data/eMotions_chunk_063.parquet,bb97b7453720968aa6793bd962a8880a459acadc,Fear,negative,7.87,31b3de0c49822b74bb58ff159d836ca21c29ff1a094f4b64795286663ca73152,negative/fear/negative_fear_0529_00024984.mp4,False,
emotion:00026592.mp4,00026592.mp4,eMotions_chunk_063.parquet,datasets/Conna/eMotions/data/eMotions_chunk_063.parquet,bb97b7453720968aa6793bd962a8880a459acadc,Fear,negative,15.815816,f0777aca153e0260e79078b320c67c7ab03c746ebbaff3df8545cd2bacc20647,negative/fear/negative_fear_0530_00026592.mp4,False,
emotion:00026644.mp4,00026644.mp4,eMotions_chunk_063.parquet,datasets/Conna/eMotions/data/eMotions_chunk_063.parquet,bb97b7453720968aa6793bd962a8880a459acadc,Fear,negative,35.596893,cf904520139165240d1e154c740037b54cc4e9d5e2f393844cbec7457926e5e8,negative/fear/negative_fear_0531_00026644.mp4,False,
emotion:00028116.mp4,00028116.mp4,eMotions_chunk_063.parquet,datasets/Conna/eMotions/data/eMotions_chunk_063.parquet,bb97b7453720968aa6793bd962a8880a459acadc,Fear,negative,21.337007,f219b6ddae45bdfbdf0ad7546300ffbd7baa248289d30d4d2af513eca5fa167d,negative/fear/negative_fear_0532_00028116.mp4,False,
emotion:00028119.mp4,00028119.mp4,eMotions_chunk_063.parquet,datasets/Conna/eMotions/data/eMotions_chunk_063.parquet,bb97b7453720968aa6793bd962a8880a459acadc,Fear,negative,27.569236,ab8aa212f7549ae102761abbcc223135860812d2dba4e9cc0f1e06ee72db71cb,negative/fear/negative_fear_0533_00028119.mp4,False,
emotion:00028286.mp4,00028286.mp4,eMotions_chunk_063.parquet,datasets/Conna/eMotions/data/eMotions_chunk_063.parquet,bb97b7453720968aa6793bd962a8880a459acadc,Fear,negative,35.222993,50160b7f2bf8b6d5b6f5e3eecbfbd77b9fe7e33a3ff7e6077e5e86222145c683,negative/fear/negative_fear_0534_00028286.mp4,False,
emotion:00028832.mp4,00028832.mp4,eMotions_chunk_063.parquet,datasets/Conna/eMotions/data/eMotions_chunk_063.parquet,bb97b7453720968aa6793bd962a8880a459acadc,Fear,negative,34.502993,27c829e185cc76abeeb8cc09760514f20b0002a16281db33b6caabdfb84515cc,negative/fear/negative_fear_0535_00028832.mp4,False,
emotion:00028847.mp4,00028847.mp4,eMotions_chunk_063.parquet,datasets/Conna/eMotions/data/eMotions_chunk_063.parquet,bb97b7453720968aa6793bd962a8880a459acadc,Fear,negative,22.033991,32b48d3a3f9de8929e7543849e0dfb4c91431d83653635b4ab950f27291f5f33,negative/fear/negative_fear_0536_00028847.mp4,False,
emotion:00028871.mp4,00028871.mp4,eMotions_chunk_063.parquet,datasets/Conna/eMotions/data/eMotions_chunk_063.parquet,bb97b7453720968aa6793bd962a8880a459acadc,Fear,negative,11.980998,a55260f79c4bcd0c105c26628a094c7ede6947545b92f28360a018a4e0bb5258,negative/fear/negative_fear_0537_00028871.mp4,False,
emotion:00028902.mp4,00028902.mp4,eMotions_chunk_063.parquet,datasets/Conna/eMotions/data/eMotions_chunk_063.parquet,bb97b7453720968aa6793bd962a8880a459acadc,Fear,negative,18.051385,ce58e485be7a0c5d3da4df5bd599ef4a088c76dbff9a699c957e9e68129a6cd6,negative/fear/negative_fear_0538_00028902.mp4,False,
emotion:00031503.mp4,00031503.mp4,eMotions_chunk_063.parquet,datasets/Conna/eMotions/data/eMotions_chunk_063.parquet,bb97b7453720968aa6793bd962a8880a459acadc,Fear,negative,42.305011,ea5db6f0369500f69103f71d8acf573a5d94fb45fb639570da3b36c5ad71a3ec,negative/fear/negative_fear_0539_00031503.mp4,False,
emotion:00031505.mp4,00031505.mp4,eMotions_chunk_063.parquet,datasets/Conna/eMotions/data/eMotions_chunk_063.parquet,bb97b7453720968aa6793bd962a8880a459acadc,Fear,negative,26.282993,2b14fbab3258b7ecf81220692f25166778bc9b175091ebbedc051b8490bc5c43,negative/fear/negative_fear_0540_00031505.mp4,False,
emotion:00031506.mp4,00031506.mp4,eMotions_chunk_063.parquet,datasets/Conna/eMotions/data/eMotions_chunk_063.parquet,bb97b7453720968aa6793bd962a8880a459acadc,Fear,negative,34.41,dd5321aeb8c7799ac68c69d7e907733667fd4e1e320b1b94438031dc356de4e6,negative/fear/negative_fear_0541_00031506.mp4,False,
emotion:00031507.mp4,00031507.mp4,eMotions_chunk_063.parquet,datasets/Conna/eMotions/data/eMotions_chunk_063.parquet,bb97b7453720968aa6793bd962a8880a459acadc,Fear,negative,49.200998,18284f942806e95b071d6b3902d5ad91420113ebfefeaa01d6e4aab12ea223bd,negative/fear/negative_fear_0542_00031507.mp4,False,
emotion:00031508.mp4,00031508.mp4,eMotions_chunk_063.parquet,datasets/Conna/eMotions/data/eMotions_chunk_063.parquet,bb97b7453720968aa6793bd962a8880a459acadc,Fear,negative,34.015011,951191a2915212ddadff615f1a8d598c3f2815756c9d10d9c614b08554f6aef3,negative/fear/negative_fear_0543_00031508.mp4,False,
emotion:00031509.mp4,00031509.mp4,eMotions_chunk_063.parquet,datasets/Conna/eMotions/data/eMotions_chunk_063.parquet,bb97b7453720968aa6793bd962a8880a459acadc,Fear,negative,45.44,af6cb1094e9e288357eb7f11b8b99df67698ae96ca417b0e03187a3aeafe69b3,negative/fear/negative_fear_0544_00031509.mp4,False,
emotion:00031510.mp4,00031510.mp4,eMotions_chunk_063.parquet,datasets/Conna/eMotions/data/eMotions_chunk_063.parquet,bb97b7453720968aa6793bd962a8880a459acadc,Fear,negative,40.61,fb8e9d3251f3e54dfd207edddbcd79aa281b7bf6cd0ae3ab634464a753e28edd,negative/fear/negative_fear_0545_00031510.mp4,False,
emotion:00031511.mp4,00031511.mp4,eMotions_chunk_063.parquet,datasets/Conna/eMotions/data/eMotions_chunk_063.parquet,bb97b7453720968aa6793bd962a8880a459acadc,Fear,negative,34.711995,b70ea2bb7f24414569478627dce5900c4b3351be943c20e758a007b7d383b35f,negative/fear/negative_fear_0546_00031511.mp4,False,
emotion:00031512.mp4,00031512.mp4,eMotions_chunk_063.parquet,datasets/Conna/eMotions/data/eMotions_chunk_063.parquet,bb97b7453720968aa6793bd962a8880a459acadc,Fear,negative,22.5,ca11667c6d471174dd89d296af44d1875c9595eedb394eec2a86eb93d3abad28,negative/fear/negative_fear_0547_00031512.mp4,False,
emotion:00031513.mp4,00031513.mp4,eMotions_chunk_063.parquet,datasets/Conna/eMotions/data/eMotions_chunk_063.parquet,bb97b7453720968aa6793bd962a8880a459acadc,Fear,negative,49.039002,cef1505da9b7897d849aac45e8ada8c3264e9fe4be5dc7fe34e15fe328482acd,negative/fear/negative_fear_0548_00031513.mp4,False,
emotion:00031518.mp4,00031518.mp4,eMotions_chunk_063.parquet,datasets/Conna/eMotions/data/eMotions_chunk_063.parquet,bb97b7453720968aa6793bd962a8880a459acadc,Fear,negative,16.438005,8f34e178bcdfa14e2a28fd7c451cba84451125d42204d0b1d110e72427fce537,negative/fear/negative_fear_0549_00031518.mp4,False,
emotion:00031519.mp4,00031519.mp4,eMotions_chunk_063.parquet,datasets/Conna/eMotions/data/eMotions_chunk_063.parquet,bb97b7453720968aa6793bd962a8880a459acadc,Fear,negative,21.407007,c45f85ff2d2cb22a9ded82e95aa38413c29b4cdb2841b8117255a700251a7617,negative/fear/negative_fear_0550_00031519.mp4,False,
emotion:00031520.mp4,00031520.mp4,eMotions_chunk_063.parquet,datasets/Conna/eMotions/data/eMotions_chunk_063.parquet,bb97b7453720968aa6793bd962a8880a459acadc,Fear,negative,18.319002,491e2203bc5a530c2eaf8b48bd5bbae94231a2cbf536e2268efef7276a3f478a,negative/fear/negative_fear_0551_00031520.mp4,False,
emotion:00031521.mp4,00031521.mp4,eMotions_chunk_063.parquet,datasets/Conna/eMotions/data/eMotions_chunk_063.parquet,bb97b7453720968aa6793bd962a8880a459acadc,Fear,negative,18.017007,815ccb238fc845952d84c4e32d19ebbdca950acf32a72267c2fa2bdbb5df016f,negative/fear/negative_fear_0552_00031521.mp4,False,
emotion:00031522.mp4,00031522.mp4,eMotions_chunk_063.parquet,datasets/Conna/eMotions/data/eMotions_chunk_063.parquet,bb97b7453720968aa6793bd962a8880a459acadc,Fear,negative,19.178005,0bc9214aacfc35f2bdca3a28ab052fe9b78e897f0663fc48c9e68df43f6e9d07,negative/fear/negative_fear_0553_00031522.mp4,False,
emotion:00031523.mp4,00031523.mp4,eMotions_chunk_063.parquet,datasets/Conna/eMotions/data/eMotions_chunk_063.parquet,bb97b7453720968aa6793bd962a8880a459acadc,Fear,negative,36.151995,11040e4e8590d5709b9361d3ab3f6e144dfca8527d9eedebe963d01d1c9f9703,negative/fear/negative_fear_0554_00031523.mp4,False,
emotion:00031524.mp4,00031524.mp4,eMotions_chunk_063.parquet,datasets/Conna/eMotions/data/eMotions_chunk_063.parquet,bb97b7453720968aa6793bd962a8880a459acadc,Fear,negative,23.636009,c6d0229b476cc1309eaa319a3978ad43f95ea1daa51c23fa9c821a996b318bbf,negative/fear/negative_fear_0555_00031524.mp4,False,
emotion:00031525.mp4,00031525.mp4,eMotions_chunk_063.parquet,datasets/Conna/eMotions/data/eMotions_chunk_063.parquet,bb97b7453720968aa6793bd962a8880a459acadc,Fear,negative,26.4,087dc91cc8c79e74be84b13f337d230ede96d6b0dfbaa2f464f04dff5688666d,negative/fear/negative_fear_0556_00031525.mp4,False,
emotion:00031526.mp4,00031526.mp4,eMotions_chunk_063.parquet,datasets/Conna/eMotions/data/eMotions_chunk_063.parquet,bb97b7453720968aa6793bd962a8880a459acadc,Fear,negative,25.166667,d22abeb83eb031a56b93dbe2def442162b451a192f976de6a7696ac86b5f162d,negative/fear/negative_fear_0557_00031526.mp4,False,
emotion:00031527.mp4,00031527.mp4,eMotions_chunk_063.parquet,datasets/Conna/eMotions/data/eMotions_chunk_063.parquet,bb97b7453720968aa6793bd962a8880a459acadc,Fear,negative,21.452993,c95b4515675f69494b240b37a4e3d1029c03545422cef6336ccff4a8d70b2da2,negative/fear/negative_fear_0558_00031527.mp4,False,
emotion:00031528.mp4,00031528.mp4,eMotions_chunk_063.parquet,datasets/Conna/eMotions/data/eMotions_chunk_063.parquet,bb97b7453720968aa6793bd962a8880a459acadc,Fear,negative,34.387007,9ad1751961eed4cb2280a754cee717fcdcdf54e5793aa6b332316ef374e2c541,negative/fear/negative_fear_0559_00031528.mp4,False,
emotion:00031529.mp4,00031529.mp4,eMotions_chunk_063.parquet,datasets/Conna/eMotions/data/eMotions_chunk_063.parquet,bb97b7453720968aa6793bd962a8880a459acadc,Fear,negative,37.568005,053dda2ec19393e6be2d5e05498953e273817d04c35219e2796010f877a1b60b,negative/fear/negative_fear_0560_00031529.mp4,False,
emotion:00031530.mp4,00031530.mp4,eMotions_chunk_063.parquet,datasets/Conna/eMotions/data/eMotions_chunk_063.parquet,bb97b7453720968aa6793bd962a8880a459acadc,Fear,negative,48.411995,03763b882f9c660893e2dfdf37389a2edcdd2f189f703511ded1d2a15a6e4c2e,negative/fear/negative_fear_0561_00031530.mp4,False,
emotion:00031531.mp4,00031531.mp4,eMotions_chunk_063.parquet,datasets/Conna/eMotions/data/eMotions_chunk_063.parquet,bb97b7453720968aa6793bd962a8880a459acadc,Fear,negative,37.94,89ed62642a591499ac06460b06cf9ec158d4d4748c63d1821f569a1c7aff1c37,negative/fear/negative_fear_0562_00031531.mp4,False,
emotion:00031532.mp4,00031532.mp4,eMotions_chunk_063.parquet,datasets/Conna/eMotions/data/eMotions_chunk_063.parquet,bb97b7453720968aa6793bd962a8880a459acadc,Fear,negative,33.806009,809e95d442e14235b9cdd1b90c29d70c5ed6f0022e6a58371ce049f2b0eab579,negative/fear/negative_fear_0563_00031532.mp4,False,
emotion:00031533.mp4,00031533.mp4,eMotions_chunk_063.parquet,datasets/Conna/eMotions/data/eMotions_chunk_063.parquet,bb97b7453720968aa6793bd962a8880a459acadc,Fear,negative,33.11,df2ff42425e9ab2b922461e64792d8a6e80aaa1ad3d268f1acbcfd35ffd9024e,negative/fear/negative_fear_0564_00031533.mp4,False,
emotion:00031534.mp4,00031534.mp4,eMotions_chunk_063.parquet,datasets/Conna/eMotions/data/eMotions_chunk_063.parquet,bb97b7453720968aa6793bd962a8880a459acadc,Fear,negative,33.573991,0d334b5ab8cf7896d637c8552b8387b67a0d282320b05bf0d5c5dcad7ff5f39d,negative/fear/negative_fear_0565_00031534.mp4,False,
emotion:00031535.mp4,00031535.mp4,eMotions_chunk_063.parquet,datasets/Conna/eMotions/data/eMotions_chunk_063.parquet,bb97b7453720968aa6793bd962a8880a459acadc,Fear,negative,46.3,fa6a401695f355974870af477604ed224b3ad823075936b5c276026e1b0beef1,negative/fear/negative_fear_0566_00031535.mp4,False,
emotion:00031536.mp4,00031536.mp4,eMotions_chunk_063.parquet,datasets/Conna/eMotions/data/eMotions_chunk_063.parquet,bb97b7453720968aa6793bd962a8880a459acadc,Fear,negative,28.511995,25449851d0dba577edda648443eeb57b5ff9ebc87881249efe14f56df690ba36,negative/fear/negative_fear_0567_00031536.mp4,False,
emotion:00031538.mp4,00031538.mp4,eMotions_chunk_063.parquet,datasets/Conna/eMotions/data/eMotions_chunk_063.parquet,bb97b7453720968aa6793bd962a8880a459acadc,Fear,negative,25.702993,b663a622bb13bb651758e4062dcdcf03a7ec78abd3595cf333f3d38a7e4b8789,negative/fear/negative_fear_0568_00031538.mp4,False,
emotion:00031540.mp4,00031540.mp4,eMotions_chunk_063.parquet,datasets/Conna/eMotions/data/eMotions_chunk_063.parquet,bb97b7453720968aa6793bd962a8880a459acadc,Fear,negative,28.419002,61bcdacc1de4eb0d4e6148de4cc11d2b8e66835cbe172c7788d0ccd8d5caaff2,negative/fear/negative_fear_0569_00031540.mp4,False,
emotion:00031541.mp4,00031541.mp4,eMotions_chunk_063.parquet,datasets/Conna/eMotions/data/eMotions_chunk_063.parquet,bb97b7453720968aa6793bd962a8880a459acadc,Fear,negative,21.011995,ff856ffb6286ba1528b55f9af7bf3dda8d111b6c4b612f4184c971fcfd81bdad,negative/fear/negative_fear_0570_00031541.mp4,False,
emotion:00031542.mp4,00031542.mp4,eMotions_chunk_063.parquet,datasets/Conna/eMotions/data/eMotions_chunk_063.parquet,bb97b7453720968aa6793bd962a8880a459acadc,Fear,negative,31.666667,c2783c4634a8ec281a5a0d70eb29cebc808540302ab6d841da42a743fdf18b17,negative/fear/negative_fear_0571_00031542.mp4,False,
emotion:00031543.mp4,00031543.mp4,eMotions_chunk_063.parquet,datasets/Conna/eMotions/data/eMotions_chunk_063.parquet,bb97b7453720968aa6793bd962a8880a459acadc,Fear,negative,36.5,bb89b96b91fd16c0fd58828c4819697325c10c5f99ced14a72037abac555149a,negative/fear/negative_fear_0572_00031543.mp4,False,
emotion:00031544.mp4,00031544.mp4,eMotions_chunk_063.parquet,datasets/Conna/eMotions/data/eMotions_chunk_063.parquet,bb97b7453720968aa6793bd962a8880a459acadc,Fear,negative,47.8,55ca5fd938a9ad91cc94ea37ccbe640578354cb90c7c0506627546e7c8c233dc,negative/fear/negative_fear_0573_00031544.mp4,False,
emotion:00031545.mp4,00031545.mp4,eMotions_chunk_063.parquet,datasets/Conna/eMotions/data/eMotions_chunk_063.parquet,bb97b7453720968aa6793bd962a8880a459acadc,Fear,negative,27.305011,0ea7913b20074d35b538fd67d2f279fbf385d8cfbfbb9cf0fe410c03c3556bbd,negative/fear/negative_fear_0574_00031545.mp4,False,
emotion:00031546.mp4,00031546.mp4,eMotions_chunk_063.parquet,datasets/Conna/eMotions/data/eMotions_chunk_063.parquet,bb97b7453720968aa6793bd962a8880a459acadc,Fear,negative,15.0,323809d31444d06f6f36950af0ff4e3f26b545525c9ee5bec4bd7166fc936bde,negative/fear/negative_fear_0575_00031546.mp4,False,
emotion:00031547.mp4,00031547.mp4,eMotions_chunk_063.parquet,datasets/Conna/eMotions/data/eMotions_chunk_063.parquet,bb97b7453720968aa6793bd962a8880a459acadc,Fear,negative,20.618005,a3a17e26d9ba7dbe2b4504a1c8ffc6f97a93417c33d31cb19987ceb775a4ebb7,negative/fear/negative_fear_0576_00031547.mp4,False,
emotion:00031548.mp4,00031548.mp4,eMotions_chunk_063.parquet,datasets/Conna/eMotions/data/eMotions_chunk_063.parquet,bb97b7453720968aa6793bd962a8880a459acadc,Fear,negative,18.6,b4058b2d46970a1cd79e71806ab2914739fd6d0637c64e4f493b4d942a6f9659,negative/fear/negative_fear_0577_00031548.mp4,False,
emotion:00031549.mp4,00031549.mp4,eMotions_chunk_063.parquet,datasets/Conna/eMotions/data/eMotions_chunk_063.parquet,bb97b7453720968aa6793bd962a8880a459acadc,Fear,negative,32.233333,96285969d8be4de01a1251e4d2aa8880d5340d9f55d662ef1123d354a087eed3,negative/fear/negative_fear_0578_00031549.mp4,False,
emotion:00031550.mp4,00031550.mp4,eMotions_chunk_063.parquet,datasets/Conna/eMotions/data/eMotions_chunk_063.parquet,bb97b7453720968aa6793bd962a8880a459acadc,Fear,negative,46.600998,543b06ebba60c5add19916eb3503429276d065740458081217fdcb7216ccc687,negative/fear/negative_fear_0579_00031550.mp4,False,
emotion:00031551.mp4,00031551.mp4,eMotions_chunk_063.parquet,datasets/Conna/eMotions/data/eMotions_chunk_063.parquet,bb97b7453720968aa6793bd962a8880a459acadc,Fear,negative,20.570998,d2b1d78b37784b2ef23dc44c15f9b7b6367e9154c28d8c1b6d4b90ec871663d2,negative/fear/negative_fear_0580_00031551.mp4,False,
emotion:00031552.mp4,00031552.mp4,eMotions_chunk_063.parquet,datasets/Conna/eMotions/data/eMotions_chunk_063.parquet,bb97b7453720968aa6793bd962a8880a459acadc,Fear,negative,22.916009,3d17ef7d72f43968b2d1b8d97bc44a10268bd3a7df671d9bccd8b6e466eba1a2,negative/fear/negative_fear_0581_00031552.mp4,False,
emotion:00031553.mp4,00031553.mp4,eMotions_chunk_063.parquet,datasets/Conna/eMotions/data/eMotions_chunk_063.parquet,bb97b7453720968aa6793bd962a8880a459acadc,Fear,negative,32.738005,7ae1168d6481bd4b1a643c971ef5c0db7fc29ffa390dd84ec17c7d0c85f52cdc,negative/fear/negative_fear_0582_00031553.mp4,False,
emotion:00031554.mp4,00031554.mp4,eMotions_chunk_063.parquet,datasets/Conna/eMotions/data/eMotions_chunk_063.parquet,bb97b7453720968aa6793bd962a8880a459acadc,Fear,negative,36.639002,95327337d08db6800a49c42284fe474b96124c3115f320f11756383913becc11,negative/fear/negative_fear_0583_00031554.mp4,False,
emotion:00031555.mp4,00031555.mp4,eMotions_chunk_063.parquet,datasets/Conna/eMotions/data/eMotions_chunk_063.parquet,bb97b7453720968aa6793bd962a8880a459acadc,Fear,negative,36.2,dc78d6ef21157c567248f16c97fd4118d266a674f82f2d945a05639581afaddf,negative/fear/negative_fear_0584_00031555.mp4,False,
emotion:00031556.mp4,00031556.mp4,eMotions_chunk_063.parquet,datasets/Conna/eMotions/data/eMotions_chunk_063.parquet,bb97b7453720968aa6793bd962a8880a459acadc,Fear,negative,23.380998,4777004f9848decbbcb6406297d46d051302f4a6cec91c00778ea68aace8204d,negative/fear/negative_fear_0585_00031556.mp4,False,
emotion:00031557.mp4,00031557.mp4,eMotions_chunk_063.parquet,datasets/Conna/eMotions/data/eMotions_chunk_063.parquet,bb97b7453720968aa6793bd962a8880a459acadc,Fear,negative,28.0,7bfe149b882f0614a24df4218269b74a2e024d6b89b64f9a93b759e98047c993,negative/fear/negative_fear_0586_00031557.mp4,False,
emotion:00031558.mp4,00031558.mp4,eMotions_chunk_063.parquet,datasets/Conna/eMotions/data/eMotions_chunk_063.parquet,bb97b7453720968aa6793bd962a8880a459acadc,Fear,negative,30.903991,3eb9a390fdcd5e74afdd68321539fa6fd80cf6a7ecfd81c187eb536ce852936d,negative/fear/negative_fear_0587_00031558.mp4,False,
emotion:00031560.mp4,00031560.mp4,eMotions_chunk_063.parquet,datasets/Conna/eMotions/data/eMotions_chunk_063.parquet,bb97b7453720968aa6793bd962a8880a459acadc,Fear,negative,25.6,13b83c75de5fb667e76512f8b26db608c814d2bfc35eb3cc6aba6c79f0576563,negative/fear/negative_fear_0588_00031560.mp4,False,
emotion:00031561.mp4,00031561.mp4,eMotions_chunk_063.parquet,datasets/Conna/eMotions/data/eMotions_chunk_063.parquet,bb97b7453720968aa6793bd962a8880a459acadc,Fear,negative,33.806009,838bddaf049369067b39c50974b2fe025ffe382f0cefad8cbe30db9fe7168224,negative/fear/negative_fear_0589_00031561.mp4,False,
emotion:00031563.mp4,00031563.mp4,eMotions_chunk_063.parquet,datasets/Conna/eMotions/data/eMotions_chunk_063.parquet,bb97b7453720968aa6793bd962a8880a459acadc,Fear,negative,32.666667,d5994e6163a63e1d29f2e3ffdb978513cfbacd356fd578330b6c62a10ab1040b,negative/fear/negative_fear_0590_00031563.mp4,False,
emotion:00031564.mp4,00031564.mp4,eMotions_chunk_063.parquet,datasets/Conna/eMotions/data/eMotions_chunk_063.parquet,bb97b7453720968aa6793bd962a8880a459acadc,Fear,negative,49.48,5ed3613598ca856ac01106f77bb91b407df5677f5592e5a78312cb96fb5d0cdd,negative/fear/negative_fear_0591_00031564.mp4,False,
emotion:00031565.mp4,00031565.mp4,eMotions_chunk_063.parquet,datasets/Conna/eMotions/data/eMotions_chunk_063.parquet,bb97b7453720968aa6793bd962a8880a459acadc,Fear,negative,37.406009,8729eb8d24247ae5acd1a20b499594748412b15b91047ef24e6e276ab0556bc8,negative/fear/negative_fear_0592_00031565.mp4,False,
emotion:00031567.mp4,00031567.mp4,eMotions_chunk_063.parquet,datasets/Conna/eMotions/data/eMotions_chunk_063.parquet,bb97b7453720968aa6793bd962a8880a459acadc,Fear,negative,25.911995,a0a127d4a338225bbc49c2c14685b7e845c04d065324252f1612026cbc2ccc02,negative/fear/negative_fear_0593_00031567.mp4,False,
emotion:00031569.mp4,00031569.mp4,eMotions_chunk_063.parquet,datasets/Conna/eMotions/data/eMotions_chunk_063.parquet,bb97b7453720968aa6793bd962a8880a459acadc,Fear,negative,28.366667,ecc3c8a2b9687567a170221f9918a76174843268bf48810f2f1aa228986cef01,negative/fear/negative_fear_0594_00031569.mp4,False,
emotion:00031570.mp4,00031570.mp4,eMotions_chunk_063.parquet,datasets/Conna/eMotions/data/eMotions_chunk_063.parquet,bb97b7453720968aa6793bd962a8880a459acadc,Fear,negative,24.565011,616cacd3b7a57004806db7b32e8d7c700a913f75b56a2068e4b7829e4a6b723d,negative/fear/negative_fear_0595_00031570.mp4,False,
emotion:00031571.mp4,00031571.mp4,eMotions_chunk_063.parquet,datasets/Conna/eMotions/data/eMotions_chunk_063.parquet,bb97b7453720968aa6793bd962a8880a459acadc,Fear,negative,20.3,96220cbd7ce05703bb74e0b7e898b2aede7d82a0e80648a0a66748d59ea15524,negative/fear/negative_fear_0596_00031571.mp4,False,
emotion:00031572.mp4,00031572.mp4,eMotions_chunk_063.parquet,datasets/Conna/eMotions/data/eMotions_chunk_063.parquet,bb97b7453720968aa6793bd962a8880a459acadc,Fear,negative,24.449002,519c2e46359ef075a7ddef9cbf084db8dd3ed89b61f943b8eb69846d81ddb32e,negative/fear/negative_fear_0597_00031572.mp4,False,
emotion:00031574.mp4,00031574.mp4,eMotions_chunk_063.parquet,datasets/Conna/eMotions/data/eMotions_chunk_063.parquet,bb97b7453720968aa6793bd962a8880a459acadc,Fear,negative,47.066667,9f34099b25610eddf4f686d50442783a54374ecc4fca7d1ab9740a54235bbcc7,negative/fear/negative_fear_0598_00031574.mp4,False,
emotion:00031575.mp4,00031575.mp4,eMotions_chunk_063.parquet,datasets/Conna/eMotions/data/eMotions_chunk_063.parquet,bb97b7453720968aa6793bd962a8880a459acadc,Fear,negative,28.4,5b125b5ecc89a655532bdf0eb57f4654e4303463fde62183f3016353e50342b0,negative/fear/negative_fear_0599_00031575.mp4,False,
emotion:00031576.mp4,00031576.mp4,eMotions_chunk_063.parquet,datasets/Conna/eMotions/data/eMotions_chunk_063.parquet,bb97b7453720968aa6793bd962a8880a459acadc,Fear,negative,28.28,14ec6aa3402b31ef3287f279c7377141db1f034f500528933ea511c08c0303ed,negative/fear/negative_fear_0600_00031576.mp4,False,
emotion:00031578.mp4,00031578.mp4,eMotions_chunk_063.parquet,datasets/Conna/eMotions/data/eMotions_chunk_063.parquet,bb97b7453720968aa6793bd962a8880a459acadc,Fear,negative,25.935011,256e494a45a9b47b852f62f3f7c5527ba5a493bbfa1a2b47edeb23787939ddca,negative/fear/negative_fear_0601_00031578.mp4,False,
emotion:00031579.mp4,00031579.mp4,eMotions_chunk_063.parquet,datasets/Conna/eMotions/data/eMotions_chunk_063.parquet,bb97b7453720968aa6793bd962a8880a459acadc,Fear,negative,25.006009,88b719689f932f193e3340f7627b1952ad4532795c86e23f723d95b815ea5405,negative/fear/negative_fear_0602_00031579.mp4,False,
emotion:00031580.mp4,00031580.mp4,eMotions_chunk_063.parquet,datasets/Conna/eMotions/data/eMotions_chunk_063.parquet,bb97b7453720968aa6793bd962a8880a459acadc,Fear,negative,36.036009,828a57f953b7cfe2b3f2a869ce5ba9707c99e94145c48e1a767d3565dc6afe78,negative/fear/negative_fear_0603_00031580.mp4,False,
emotion:00031581.mp4,00031581.mp4,eMotions_chunk_063.parquet,datasets/Conna/eMotions/data/eMotions_chunk_063.parquet,bb97b7453720968aa6793bd962a8880a459acadc,Fear,negative,26.98,c9108f66c8ffbd4408a7913ad11643c0b4fac352b880bace967b74128a811fbd,negative/fear/negative_fear_0604_00031581.mp4,False,
emotion:00031582.mp4,00031582.mp4,eMotions_chunk_063.parquet,datasets/Conna/eMotions/data/eMotions_chunk_063.parquet,bb97b7453720968aa6793bd962a8880a459acadc,Fear,negative,19.085011,1a54a46d67eead75dad832166b2921156fda8fe18dd6dbbac0bf539fbdbef283,negative/fear/negative_fear_0605_00031582.mp4,False,
emotion:00031583.mp4,00031583.mp4,eMotions_chunk_063.parquet,datasets/Conna/eMotions/data/eMotions_chunk_063.parquet,bb97b7453720968aa6793bd962a8880a459acadc,Fear,negative,34.039002,ca5f5330c91cde42ba86dd396ac28418b9c93c947d0e1254146d9ffc7fe7fc5f,negative/fear/negative_fear_0606_00031583.mp4,False,
emotion:00031587.mp4,00031587.mp4,eMotions_chunk_063.parquet,datasets/Conna/eMotions/data/eMotions_chunk_063.parquet,bb97b7453720968aa6793bd962a8880a459acadc,Fear,negative,12.002993,59a68186f86251ec16ee997cc694240effb541b7f9bd7a92e1a2063194055d6e,negative/fear/negative_fear_0607_00031587.mp4,False,
emotion:00031589.mp4,00031589.mp4,eMotions_chunk_063.parquet,datasets/Conna/eMotions/data/eMotions_chunk_063.parquet,bb97b7453720968aa6793bd962a8880a459acadc,Fear,negative,13.980392,385d3b7c4c3e6c899d5252ae9ebb6a106c304007b8d9770ce691a867c0193ef7,negative/fear/negative_fear_0608_00031589.mp4,False,
emotion:00031591.mp4,00031591.mp4,eMotions_chunk_063.parquet,datasets/Conna/eMotions/data/eMotions_chunk_063.parquet,bb97b7453720968aa6793bd962a8880a459acadc,Fear,negative,12.002993,705a7e818d67ab2cee50d6239d946db58de9200d607bef846f18bc4ab12aab9c,negative/fear/negative_fear_0609_00031591.mp4,False,
emotion:00031595.mp4,00031595.mp4,eMotions_chunk_063.parquet,datasets/Conna/eMotions/data/eMotions_chunk_063.parquet,bb97b7453720968aa6793bd962a8880a459acadc,Fear,negative,12.026009,0c305e3bc83589f44bd89bf9babe12762e500b3dec3d2975d715aa685ee8a601,negative/fear/negative_fear_0610_00031595.mp4,False,
emotion:00031596.mp4,00031596.mp4,eMotions_chunk_063.parquet,datasets/Conna/eMotions/data/eMotions_chunk_063.parquet,bb97b7453720968aa6793bd962a8880a459acadc,Fear,negative,19.966667,4c7231022fe690fa199d8977937d1525f104f3f1b92c767cc4d34f23ef5e688c,negative/fear/negative_fear_0611_00031596.mp4,False,
emotion:00031597.mp4,00031597.mp4,eMotions_chunk_063.parquet,datasets/Conna/eMotions/data/eMotions_chunk_063.parquet,bb97b7453720968aa6793bd962a8880a459acadc,Fear,negative,12.033333,da7ea842b139161cba890c6e60ebd86c0e52b97a41848468400f3bb1c0cd8ea7,negative/fear/negative_fear_0612_00031597.mp4,False,
emotion:00031599.mp4,00031599.mp4,eMotions_chunk_063.parquet,datasets/Conna/eMotions/data/eMotions_chunk_063.parquet,bb97b7453720968aa6793bd962a8880a459acadc,Fear,negative,35.533333,91e1bc49e3308cdb83809d3a0b5b71185c8f0fc8311b84c21ade83b63b9cbf15,negative/fear/negative_fear_0613_00031599.mp4,False,
emotion:00031600.mp4,00031600.mp4,eMotions_chunk_063.parquet,datasets/Conna/eMotions/data/eMotions_chunk_063.parquet,bb97b7453720968aa6793bd962a8880a459acadc,Fear,negative,12.002993,914ce3725daf85d508e58db04fff22827b83c3c81b2978b8a7ca110319b48fcb,negative/fear/negative_fear_0614_00031600.mp4,False,
emotion:00031601.mp4,00031601.mp4,eMotions_chunk_063.parquet,datasets/Conna/eMotions/data/eMotions_chunk_063.parquet,bb97b7453720968aa6793bd962a8880a459acadc,Fear,negative,11.98,25aaa3053f8f8412213cbd8ae1df5665bffb4ee2e095514edfb43cdc283bf762,negative/fear/negative_fear_0615_00031601.mp4,False,
emotion:00031605.mp4,00031605.mp4,eMotions_chunk_063.parquet,datasets/Conna/eMotions/data/eMotions_chunk_063.parquet,bb97b7453720968aa6793bd962a8880a459acadc,Fear,negative,12.066667,ef1843665ff26a9ad8b5aa7f2139b2c5551e40af05f8e26fe84da559ed0a3386,negative/fear/negative_fear_0616_00031605.mp4,False,
emotion:00031606.mp4,00031606.mp4,eMotions_chunk_063.parquet,datasets/Conna/eMotions/data/eMotions_chunk_063.parquet,bb97b7453720968aa6793bd962a8880a459acadc,Fear,negative,30.166667,d8fe3e670321f05ae3e5c88b0d005d080e38c186de4451895d6c378c252434e4,negative/fear/negative_fear_0617_00031606.mp4,False,
emotion:00031608.mp4,00031608.mp4,eMotions_chunk_063.parquet,datasets/Conna/eMotions/data/eMotions_chunk_063.parquet,bb97b7453720968aa6793bd962a8880a459acadc,Fear,negative,6.243991,4e40a2b096983292f506f91b0e9b08619c00cb430cb70c1d9c7ec13efa3ba4f8,negative/fear/negative_fear_0618_00031608.mp4,False,
emotion:00031610.mp4,00031610.mp4,eMotions_chunk_063.parquet,datasets/Conna/eMotions/data/eMotions_chunk_063.parquet,bb97b7453720968aa6793bd962a8880a459acadc,Fear,negative,49.502993,89bef4e1c347877ed7acb667a2e85b201e622582fdd4733829d175c3d7ac5aab,negative/fear/negative_fear_0619_00031610.mp4,False,
emotion:00031611.mp4,00031611.mp4,eMotions_chunk_063.parquet,datasets/Conna/eMotions/data/eMotions_chunk_063.parquet,bb97b7453720968aa6793bd962a8880a459acadc,Fear,negative,22.266009,2ddf5dd5f1b33da05935d37f01a3235b845ac1ea4bc2dc64d0afad86b79352a9,negative/fear/negative_fear_0620_00031611.mp4,False,
emotion:00031612.mp4,00031612.mp4,eMotions_chunk_063.parquet,datasets/Conna/eMotions/data/eMotions_chunk_063.parquet,bb97b7453720968aa6793bd962a8880a459acadc,Fear,negative,18.202993,1497f307aba23310d1e94b6829b241f7d11539974ecdcedebdd3a1856fc803af,negative/fear/negative_fear_0621_00031612.mp4,False,
emotion:00031613.mp4,00031613.mp4,eMotions_chunk_063.parquet,datasets/Conna/eMotions/data/eMotions_chunk_063.parquet,bb97b7453720968aa6793bd962a8880a459acadc,Fear,negative,41.733333,d52baba61aefc1038e635093dc6875d17333cfce5d1e783979a96f1b0a17ec49,negative/fear/negative_fear_0622_00031613.mp4,False,
emotion:00031615.mp4,00031615.mp4,eMotions_chunk_063.parquet,datasets/Conna/eMotions/data/eMotions_chunk_063.parquet,bb97b7453720968aa6793bd962a8880a459acadc,Fear,negative,20.500998,c11f7c20bd46264a6b58079ab984fe1944d5190539119fd91d7acff6a92bd755,negative/fear/negative_fear_0623_00031615.mp4,False,
emotion:00031617.mp4,00031617.mp4,eMotions_chunk_063.parquet,datasets/Conna/eMotions/data/eMotions_chunk_063.parquet,bb97b7453720968aa6793bd962a8880a459acadc,Fear,negative,10.819002,e171a48bb99c3a7f79fb2130f2320acc512e5891f50b325fcd971a5f3e334abd,negative/fear/negative_fear_0624_00031617.mp4,False,
emotion:00031618.mp4,00031618.mp4,eMotions_chunk_063.parquet,datasets/Conna/eMotions/data/eMotions_chunk_063.parquet,bb97b7453720968aa6793bd962a8880a459acadc,Fear,negative,9.82,aa2dc7b42d9f37848cfd5d6d55fd6a5aa5368f15b8b7de6d967ecf077e127f4d,negative/fear/negative_fear_0625_00031618.mp4,False,
emotion:00031619.mp4,00031619.mp4,eMotions_chunk_063.parquet,datasets/Conna/eMotions/data/eMotions_chunk_063.parquet,bb97b7453720968aa6793bd962a8880a459acadc,Fear,negative,8.009002,bc8beaee63be3397f54283cce6eadc4ca2625b9fa0c4f74d6e473cddd6feed9e,negative/fear/negative_fear_0626_00031619.mp4,False,
emotion:00031621.mp4,00031621.mp4,eMotions_chunk_063.parquet,datasets/Conna/eMotions/data/eMotions_chunk_063.parquet,bb97b7453720968aa6793bd962a8880a459acadc,Fear,negative,36.848005,890d350e10a9aa0cc2194a0de769c69b47ed0dc47083b6e63c2c8f96e1e90b46,negative/fear/negative_fear_0627_00031621.mp4,False,
emotion:00031622.mp4,00031622.mp4,eMotions_chunk_063.parquet,datasets/Conna/eMotions/data/eMotions_chunk_063.parquet,bb97b7453720968aa6793bd962a8880a459acadc,Fear,negative,15.439002,96941464e9dfb8669e0c422a7ca7f3ddce94450f22dafc956323b7c1b16d419d,negative/fear/negative_fear_0628_00031622.mp4,False,
emotion:00031624.mp4,00031624.mp4,eMotions_chunk_063.parquet,datasets/Conna/eMotions/data/eMotions_chunk_063.parquet,bb97b7453720968aa6793bd962a8880a459acadc,Fear,negative,18.366667,f43e58d6d727c6a7659ff92fac550a9a81ca7213ecf1b2a1f0d7fd0882af080f,negative/fear/negative_fear_0629_00031624.mp4,False,
emotion:00031628.mp4,00031628.mp4,eMotions_chunk_063.parquet,datasets/Conna/eMotions/data/eMotions_chunk_063.parquet,bb97b7453720968aa6793bd962a8880a459acadc,Fear,negative,28.9,b6a19658bc94a7058b5091f5d6ade8ab91710233514e0f71b4556b95ad4c17f4,negative/fear/negative_fear_0630_00031628.mp4,False,
emotion:00031630.mp4,00031630.mp4,eMotions_chunk_063.parquet,datasets/Conna/eMotions/data/eMotions_chunk_063.parquet,bb97b7453720968aa6793bd962a8880a459acadc,Fear,negative,23.240998,d6c5dfcf5f3ec8ab19a50997f3328d71e5d8a990fe139016b24083fb8de106e7,negative/fear/negative_fear_0631_00031630.mp4,False,
emotion:00031632.mp4,00031632.mp4,eMotions_chunk_063.parquet,datasets/Conna/eMotions/data/eMotions_chunk_063.parquet,bb97b7453720968aa6793bd962a8880a459acadc,Fear,negative,37.15,601b714196d7917ce3ac542fd181d6dfad6380cb951f12daf910ca214c005aa1,negative/fear/negative_fear_0632_00031632.mp4,False,
emotion:00031634.mp4,00031634.mp4,eMotions_chunk_063.parquet,datasets/Conna/eMotions/data/eMotions_chunk_063.parquet,bb97b7453720968aa6793bd962a8880a459acadc,Fear,negative,14.905011,7a6c89a1dd45cccd73454a413e41a676e2fc8ef968b3582cfad7bad1670b28c1,negative/fear/negative_fear_0633_00031634.mp4,False,
emotion:00031635.mp4,00031635.mp4,eMotions_chunk_063.parquet,datasets/Conna/eMotions/data/eMotions_chunk_063.parquet,bb97b7453720968aa6793bd962a8880a459acadc,Fear,negative,39.82,20741e98151b8a91ed13192b51629620fe97c8338dc6da31bb04d15dc6f7f9a8,negative/fear/negative_fear_0634_00031635.mp4,False,
emotion:00031636.mp4,00031636.mp4,eMotions_chunk_063.parquet,datasets/Conna/eMotions/data/eMotions_chunk_063.parquet,bb97b7453720968aa6793bd962a8880a459acadc,Fear,negative,21.8,44968665de1fab162947d3fa15de0cdf3297c7ff0e02ed62f41739334a8e9305,negative/fear/negative_fear_0635_00031636.mp4,False,
emotion:00031638.mp4,00031638.mp4,eMotions_chunk_063.parquet,datasets/Conna/eMotions/data/eMotions_chunk_063.parquet,bb97b7453720968aa6793bd962a8880a459acadc,Fear,negative,20.246009,d8b44b0254fd421ca88c97847da8c8dc994df34215829e473b03ea451c296b46,negative/fear/negative_fear_0636_00031638.mp4,False,
emotion:00031639.mp4,00031639.mp4,eMotions_chunk_063.parquet,datasets/Conna/eMotions/data/eMotions_chunk_063.parquet,bb97b7453720968aa6793bd962a8880a459acadc,Fear,negative,19.387007,06cd5d4adc740bc9868faf48b77c0e75f7d3044299cca2df3cf16caba4140ff0,negative/fear/negative_fear_0637_00031639.mp4,False,
emotion:00031641.mp4,00031641.mp4,eMotions_chunk_063.parquet,datasets/Conna/eMotions/data/eMotions_chunk_063.parquet,bb97b7453720968aa6793bd962a8880a459acadc,Fear,negative,24.912993,0d60a8c5b981a4aa9acc7f4a106a6ec51365296065a6fe9219458c6270e275ee,negative/fear/negative_fear_0638_00031641.mp4,False,
emotion:00031642.mp4,00031642.mp4,eMotions_chunk_063.parquet,datasets/Conna/eMotions/data/eMotions_chunk_063.parquet,bb97b7453720968aa6793bd962a8880a459acadc,Fear,negative,9.541995,cfb45eaeebe6aa54962067d7658ab2f8371c3c1fa412e480c41200f269550f22,negative/fear/negative_fear_0639_00031642.mp4,False,
emotion:00031644.mp4,00031644.mp4,eMotions_chunk_063.parquet,datasets/Conna/eMotions/data/eMotions_chunk_063.parquet,bb97b7453720968aa6793bd962a8880a459acadc,Fear,negative,9.1,2ecbf3ef31e4372271271e32c369520081bc7966333788e7f7bc990b713a8fb2,negative/fear/negative_fear_0640_00031644.mp4,False,
emotion:00031645.mp4,00031645.mp4,eMotions_chunk_063.parquet,datasets/Conna/eMotions/data/eMotions_chunk_063.parquet,bb97b7453720968aa6793bd962a8880a459acadc,Fear,negative,23.868005,8649a77622db50d0d5d19970bad2cf7062c40ab48c2c59102f7f16ee0474a70a,negative/fear/negative_fear_0641_00031645.mp4,False,
emotion:00031646.mp4,00031646.mp4,eMotions_chunk_063.parquet,datasets/Conna/eMotions/data/eMotions_chunk_063.parquet,bb97b7453720968aa6793bd962a8880a459acadc,Fear,negative,26.282993,1c76abbc8b9ec0206148150ef3dd15e80f292f002c327ad31640d5235586d89b,negative/fear/negative_fear_0642_00031646.mp4,False,
emotion:00031647.mp4,00031647.mp4,eMotions_chunk_063.parquet,datasets/Conna/eMotions/data/eMotions_chunk_063.parquet,bb97b7453720968aa6793bd962a8880a459acadc,Fear,negative,35.548005,13e573b84272be555222620e5c097e5856d6b5d56289304f45d028ce3c97f2ee,negative/fear/negative_fear_0643_00031647.mp4,False,
emotion:00031648.mp4,00031648.mp4,eMotions_chunk_063.parquet,datasets/Conna/eMotions/data/eMotions_chunk_063.parquet,bb97b7453720968aa6793bd962a8880a459acadc,Fear,negative,32.412993,a91f5b5a36f3b80ace9bf29b68cc3b59b1876c7a0461004181f96a8162ff015f,negative/fear/negative_fear_0644_00031648.mp4,False,
emotion:00031649.mp4,00031649.mp4,eMotions_chunk_063.parquet,datasets/Conna/eMotions/data/eMotions_chunk_063.parquet,bb97b7453720968aa6793bd962a8880a459acadc,Fear,negative,18.11,61709870e3d779456241a90d1d26a88b2c7fee098872457f5da2e2897235a562,negative/fear/negative_fear_0645_00031649.mp4,False,
emotion:00031650.mp4,00031650.mp4,eMotions_chunk_063.parquet,datasets/Conna/eMotions/data/eMotions_chunk_063.parquet,bb97b7453720968aa6793bd962a8880a459acadc,Fear,negative,7.08,17bb7b7294674c55e64b2a084d09b196a409ac8c1b16c0f4ebb4973f3f8d08e2,negative/fear/negative_fear_0646_00031650.mp4,False,
emotion:00031655.mp4,00031655.mp4,eMotions_chunk_063.parquet,datasets/Conna/eMotions/data/eMotions_chunk_063.parquet,bb97b7453720968aa6793bd962a8880a459acadc,Fear,negative,32.203991,913d5ab228bd234301eddc9cb9df5cf8e362905bffa5ff5d7e0762f6d1bb050c,negative/fear/negative_fear_0647_00031655.mp4,False,
emotion:00031658.mp4,00031658.mp4,eMotions_chunk_063.parquet,datasets/Conna/eMotions/data/eMotions_chunk_063.parquet,bb97b7453720968aa6793bd962a8880a459acadc,Fear,negative,25.8,f45aaef5023ccfa3c3db6a71212a14b893be17513982207dc8fd646ba611786b,negative/fear/negative_fear_0648_00031658.mp4,False,
emotion:00031659.mp4,00031659.mp4,eMotions_chunk_063.parquet,datasets/Conna/eMotions/data/eMotions_chunk_063.parquet,bb97b7453720968aa6793bd962a8880a459acadc,Fear,negative,14.440998,d1f8e3250ae246b1c49249cbe55405fcee9967ea003d9685d1d3f2c45d53d07e,negative/fear/negative_fear_0649_00031659.mp4,False,
emotion:00031660.mp4,00031660.mp4,eMotions_chunk_063.parquet,datasets/Conna/eMotions/data/eMotions_chunk_063.parquet,bb97b7453720968aa6793bd962a8880a459acadc,Fear,negative,8.915011,4218b0d2369c42ecfe958150632cdad473b30740aaee7c380bd29ecfb7ac4678,negative/fear/negative_fear_0650_00031660.mp4,False,
emotion:00031663.mp4,00031663.mp4,eMotions_chunk_063.parquet,datasets/Conna/eMotions/data/eMotions_chunk_063.parquet,bb97b7453720968aa6793bd962a8880a459acadc,Fear,negative,25.145011,a70b878498b5eb51c21c16e52d9fbf845f911c4440ddf11a10305c3c562f0c67,negative/fear/negative_fear_0651_00031663.mp4,False,
emotion:00031668.mp4,00031668.mp4,eMotions_chunk_063.parquet,datasets/Conna/eMotions/data/eMotions_chunk_063.parquet,bb97b7453720968aa6793bd962a8880a459acadc,Fear,negative,55.5,45b4d728d2822aa7cb11171235a84db3b6a2d32a5305638f6d3491757455808b,negative/fear/negative_fear_0652_00031668.mp4,False,
emotion:00031669.mp4,00031669.mp4,eMotions_chunk_063.parquet,datasets/Conna/eMotions/data/eMotions_chunk_063.parquet,bb97b7453720968aa6793bd962a8880a459acadc,Fear,negative,19.9,862ebfdeab65eaa19ab9c7e96e805761077020d707a661d3d6b8571ac09e63cc,negative/fear/negative_fear_0653_00031669.mp4,False,
emotion:00031676.mp4,00031676.mp4,eMotions_chunk_063.parquet,datasets/Conna/eMotions/data/eMotions_chunk_063.parquet,bb97b7453720968aa6793bd962a8880a459acadc,Fear,negative,22.9,fc3ca0cf813a2d2032d9a456faf569890587bf6a577931ab41ef6729bcbf3b4b,negative/fear/negative_fear_0654_00031676.mp4,False,
emotion:00031677.mp4,00031677.mp4,eMotions_chunk_063.parquet,datasets/Conna/eMotions/data/eMotions_chunk_063.parquet,bb97b7453720968aa6793bd962a8880a459acadc,Fear,negative,27.443991,c1d161142dc985f0950fdf62d33e918792edb2cf01e64d926346b39a77119b9b,negative/fear/negative_fear_0655_00031677.mp4,False,
emotion:00031678.mp4,00031678.mp4,eMotions_chunk_063.parquet,datasets/Conna/eMotions/data/eMotions_chunk_063.parquet,bb97b7453720968aa6793bd962a8880a459acadc,Fear,negative,13.2,53720b23d881fdfe8766fd5393d085ee49b1e811d1ca3c72f6a4f45aa9867e56,negative/fear/negative_fear_0656_00031678.mp4,False,
emotion:00031680.mp4,00031680.mp4,eMotions_chunk_063.parquet,datasets/Conna/eMotions/data/eMotions_chunk_063.parquet,bb97b7453720968aa6793bd962a8880a459acadc,Fear,negative,19.200998,4062b97ad0f5eff562c3b5f0f9bb92d490a9306a197eb07956ecf38a6ee538c4,negative/fear/negative_fear_0657_00031680.mp4,False,
emotion:00031681.mp4,00031681.mp4,eMotions_chunk_063.parquet,datasets/Conna/eMotions/data/eMotions_chunk_063.parquet,bb97b7453720968aa6793bd962a8880a459acadc,Fear,negative,54.666667,714d2db73b376b258021256ee9fa0342b500e33a219370ebd6c27193e62e4ead,negative/fear/negative_fear_0658_00031681.mp4,False,
emotion:00031682.mp4,00031682.mp4,eMotions_chunk_063.parquet,datasets/Conna/eMotions/data/eMotions_chunk_063.parquet,bb97b7453720968aa6793bd962a8880a459acadc,Fear,negative,9.2,df3767ad1d3cb035968231d19a800d16eb8398345f1785eec54c913d8105ad37,negative/fear/negative_fear_0659_00031682.mp4,False,
emotion:00031683.mp4,00031683.mp4,eMotions_chunk_063.parquet,datasets/Conna/eMotions/data/eMotions_chunk_063.parquet,bb97b7453720968aa6793bd962a8880a459acadc,Fear,negative,23.825011,5301682602c8a3d7c6ef843280a11cba05ecdb5e387e8d8c3f54ab0a8d1bd76e,negative/fear/negative_fear_0660_00031683.mp4,False,
emotion:00031684.mp4,00031684.mp4,eMotions_chunk_063.parquet,datasets/Conna/eMotions/data/eMotions_chunk_063.parquet,bb97b7453720968aa6793bd962a8880a459acadc,Fear,negative,22.866667,4ea7f6a0405964930b191896b05588c72c75e7fc784b34e942e2c60f1611a2c3,negative/fear/negative_fear_0661_00031684.mp4,False,
emotion:00031685.mp4,00031685.mp4,eMotions_chunk_063.parquet,datasets/Conna/eMotions/data/eMotions_chunk_063.parquet,bb97b7453720968aa6793bd962a8880a459acadc,Fear,negative,13.733333,481f152c924e09672b738306dd14d99052c801b9196d0597254df257c5e4399c,negative/fear/negative_fear_0662_00031685.mp4,False,
emotion:00031686.mp4,00031686.mp4,eMotions_chunk_063.parquet,datasets/Conna/eMotions/data/eMotions_chunk_063.parquet,bb97b7453720968aa6793bd962a8880a459acadc,Fear,negative,9.842993,5851708c053c80e743c645db632273ff760d9f990c3f724edc546104e70dffd4,negative/fear/negative_fear_0663_00031686.mp4,False,
emotion:00031690.mp4,00031690.mp4,eMotions_chunk_063.parquet,datasets/Conna/eMotions/data/eMotions_chunk_063.parquet,bb97b7453720968aa6793bd962a8880a459acadc,Fear,negative,49.850998,15b050a4091282c8b3e8b517311d8aba98ff7938326eac3d63b5d121064837b8,negative/fear/negative_fear_0664_00031690.mp4,False,
emotion:00031694.mp4,00031694.mp4,eMotions_chunk_063.parquet,datasets/Conna/eMotions/data/eMotions_chunk_063.parquet,bb97b7453720968aa6793bd962a8880a459acadc,Fear,negative,44.733333,39bd90cc1a3a7aaf56ed3a0d97b4f249793b6f1ba88280af71c1737f58fb121f,negative/fear/negative_fear_0665_00031694.mp4,False,
emotion:00031695.mp4,00031695.mp4,eMotions_chunk_063.parquet,datasets/Conna/eMotions/data/eMotions_chunk_063.parquet,bb97b7453720968aa6793bd962a8880a459acadc,Fear,negative,16.901995,0cf10809489dbb6a9c6f05a44c62232194a4b2a1d02719f51d858e110e5ccb4e,negative/fear/negative_fear_0666_00031695.mp4,False,
emotion:00031696.mp4,00031696.mp4,eMotions_chunk_063.parquet,datasets/Conna/eMotions/data/eMotions_chunk_063.parquet,bb97b7453720968aa6793bd962a8880a459acadc,Fear,negative,17.669002,6cd47e1427392522e46ccab1fde9b50fa388a1560fac96b289097c8a0ab1cdac,negative/fear/negative_fear_0667_00031696.mp4,False,
emotion:00031697.mp4,00031697.mp4,eMotions_chunk_063.parquet,datasets/Conna/eMotions/data/eMotions_chunk_063.parquet,bb97b7453720968aa6793bd962a8880a459acadc,Fear,negative,14.58,4f43a8664f9ce5fb6effa887af5ab8916f6ca9a30d4ac3a3cc8147b4c2d46e1f,negative/fear/negative_fear_0668_00031697.mp4,False,
emotion:00031699.mp4,00031699.mp4,eMotions_chunk_063.parquet,datasets/Conna/eMotions/data/eMotions_chunk_063.parquet,bb97b7453720968aa6793bd962a8880a459acadc,Fear,negative,19.48,899da18b354ff067e501542b96d83dbda8b38ee2c30efcfba588e6a82337a38c,negative/fear/negative_fear_0669_00031699.mp4,False,
emotion:00031701.mp4,00031701.mp4,eMotions_chunk_063.parquet,datasets/Conna/eMotions/data/eMotions_chunk_063.parquet,bb97b7453720968aa6793bd962a8880a459acadc,Fear,negative,39.82,a485fb8ad6a91d64bc1ebdd8308cd17af0cfda2e44ecfcf73a3928250871eee0,negative/fear/negative_fear_0670_00031701.mp4,False,
emotion:00031702.mp4,00031702.mp4,eMotions_chunk_063.parquet,datasets/Conna/eMotions/data/eMotions_chunk_063.parquet,bb97b7453720968aa6793bd962a8880a459acadc,Fear,negative,19.502993,230cebdb7443f8e09ce5469562662c2202f46f7ccf96a0cf326d8031441a3a5d,negative/fear/negative_fear_0671_00031702.mp4,False,
emotion:00031706.mp4,00031706.mp4,eMotions_chunk_063.parquet,datasets/Conna/eMotions/data/eMotions_chunk_063.parquet,bb97b7453720968aa6793bd962a8880a459acadc,Fear,negative,17.32,13375d0fcbb85fb3ded0b54f2c33f8d2224f35bda55591aa8d75d4717addd2c4,negative/fear/negative_fear_0672_00031706.mp4,False,
emotion:00031712.mp4,00031712.mp4,eMotions_chunk_063.parquet,datasets/Conna/eMotions/data/eMotions_chunk_063.parquet,bb97b7453720968aa6793bd962a8880a459acadc,Fear,negative,13.2,1c5e8ca048aa41e40dfa25cf69bf19b8c1bff66e8d4e2f687c4e8e1b97789aab,negative/fear/negative_fear_0673_00031712.mp4,False,
emotion:00031715.mp4,00031715.mp4,eMotions_chunk_063.parquet,datasets/Conna/eMotions/data/eMotions_chunk_063.parquet,bb97b7453720968aa6793bd962a8880a459acadc,Fear,negative,44.906009,9375787fd03638991dcb3a37d00ce8dbdaab433bd11978264325c33dacd79828,negative/fear/negative_fear_0674_00031715.mp4,False,
emotion:00031716.mp4,00031716.mp4,eMotions_chunk_063.parquet,datasets/Conna/eMotions/data/eMotions_chunk_063.parquet,bb97b7453720968aa6793bd962a8880a459acadc,Fear,negative,21.666667,b9de62bb577d1b8bdddf2cd2e9a9f626f6f89e36574970a82bc558b8ff6031a2,negative/fear/negative_fear_0675_00031716.mp4,False,
emotion:00031718.mp4,00031718.mp4,eMotions_chunk_063.parquet,datasets/Conna/eMotions/data/eMotions_chunk_063.parquet,bb97b7453720968aa6793bd962a8880a459acadc,Fear,negative,54.912993,284226647a9ff4db5d198e505e18d24a1a78f330884f06c8d8d58ca3e67d45f4,negative/fear/negative_fear_0676_00031718.mp4,False,
emotion:00031721.mp4,00031721.mp4,eMotions_chunk_063.parquet,datasets/Conna/eMotions/data/eMotions_chunk_063.parquet,bb97b7453720968aa6793bd962a8880a459acadc,Fear,negative,9.842993,928e8a31f4f8750d2b887cd3aa557f1045419baa6ff8af6f6984bdc2548d8ff2,negative/fear/negative_fear_0677_00031721.mp4,False,
emotion:00031722.mp4,00031722.mp4,eMotions_chunk_063.parquet,datasets/Conna/eMotions/data/eMotions_chunk_063.parquet,bb97b7453720968aa6793bd962a8880a459acadc,Fear,negative,31.766667,e1bdcd6da98c9062153a08448b259950961d61bdfb17b4c6b5e3fecb87fad4eb,negative/fear/negative_fear_0678_00031722.mp4,False,
emotion:00031723.mp4,00031723.mp4,eMotions_chunk_063.parquet,datasets/Conna/eMotions/data/eMotions_chunk_063.parquet,bb97b7453720968aa6793bd962a8880a459acadc,Fear,negative,38.751995,6171b8848a977f435889a1f9058e5107bbe563f2b4ddd4cb6740bfa98009d35f,negative/fear/negative_fear_0679_00031723.mp4,False,
emotion:00031725.mp4,00031725.mp4,eMotions_chunk_063.parquet,datasets/Conna/eMotions/data/eMotions_chunk_063.parquet,bb97b7453720968aa6793bd962a8880a459acadc,Fear,negative,11.282993,f0f0453ac98b18b3a5de0aca0d8a65ac7155dcd214b90031508469a51d4625c4,negative/fear/negative_fear_0680_00031725.mp4,False,
emotion:00031726.mp4,00031726.mp4,eMotions_chunk_063.parquet,datasets/Conna/eMotions/data/eMotions_chunk_063.parquet,bb97b7453720968aa6793bd962a8880a459acadc,Fear,negative,44.301995,930bc3a3a5a9c64ca576138d12b356c82847df55764edaff1140f61777042c21,negative/fear/negative_fear_0681_00031726.mp4,False,
emotion:00031727.mp4,00031727.mp4,eMotions_chunk_063.parquet,datasets/Conna/eMotions/data/eMotions_chunk_063.parquet,bb97b7453720968aa6793bd962a8880a459acadc,Fear,negative,25.771995,b550de280a5c67a0bd990d2fb3ff5ca17176afd807911a12e536adf83617c74f,negative/fear/negative_fear_0682_00031727.mp4,False,
emotion:00031730.mp4,00031730.mp4,eMotions_chunk_063.parquet,datasets/Conna/eMotions/data/eMotions_chunk_063.parquet,bb97b7453720968aa6793bd962a8880a459acadc,Fear,negative,15.95,b4ab7e955d953bb40a9d134e5f4393bb314a531ef5fd6331ba2556c5b3afb9f6,negative/fear/negative_fear_0683_00031730.mp4,False,
emotion:00031734.mp4,00031734.mp4,eMotions_chunk_063.parquet,datasets/Conna/eMotions/data/eMotions_chunk_063.parquet,bb97b7453720968aa6793bd962a8880a459acadc,Fear,negative,24.008005,7501c4c044746d0f2e15664e58dc6c85793dab0002d2df260125506f9376dea8,negative/fear/negative_fear_0684_00031734.mp4,False,
emotion:00031737.mp4,00031737.mp4,eMotions_chunk_063.parquet,datasets/Conna/eMotions/data/eMotions_chunk_063.parquet,bb97b7453720968aa6793bd962a8880a459acadc,Fear,negative,23.336009,e81ccb2a3c1dc2026cf2eabe8d974dde108de04798c03a7b0d3ce9b08aa70711,negative/fear/negative_fear_0685_00031737.mp4,False,
emotion:00031739.mp4,00031739.mp4,eMotions_chunk_063.parquet,datasets/Conna/eMotions/data/eMotions_chunk_063.parquet,bb97b7453720968aa6793bd962a8880a459acadc,Fear,negative,15.301995,eb8b862401978e153df68b9713dd941cb6f50ae6a4be7f49440053a7bb8598c7,negative/fear/negative_fear_0686_00031739.mp4,False,
emotion:00031740.mp4,00031740.mp4,eMotions_chunk_063.parquet,datasets/Conna/eMotions/data/eMotions_chunk_063.parquet,bb97b7453720968aa6793bd962a8880a459acadc,Fear,negative,27.446009,7a362319d106304aefd040afeb124882da575dbf4617c14a3e0f82314d604203,negative/fear/negative_fear_0687_00031740.mp4,False,
emotion:00031741.mp4,00031741.mp4,eMotions_chunk_063.parquet,datasets/Conna/eMotions/data/eMotions_chunk_063.parquet,bb97b7453720968aa6793bd962a8880a459acadc,Fear,negative,33.933333,c620d95c6b216a6c384ed0d0b37b7d44b542a2c9dc210af2dbe1fdb08f445b6d,negative/fear/negative_fear_0688_00031741.mp4,False,
emotion:00031742.mp4,00031742.mp4,eMotions_chunk_063.parquet,datasets/Conna/eMotions/data/eMotions_chunk_063.parquet,bb97b7453720968aa6793bd962a8880a459acadc,Fear,negative,24.218005,228514c499f35c595b099146326890ef72053bb2a21b6182ed09a1bc1ac48a8e,negative/fear/negative_fear_0689_00031742.mp4,False,
emotion:00031743.mp4,00031743.mp4,eMotions_chunk_063.parquet,datasets/Conna/eMotions/data/eMotions_chunk_063.parquet,bb97b7453720968aa6793bd962a8880a459acadc,Fear,negative,8.336009,3c2d785c4ba8c4007a8cb0b6551e2ad400b1e24d92567ac78597889b0a93e869,negative/fear/negative_fear_0690_00031743.mp4,False,
emotion:00031744.mp4,00031744.mp4,eMotions_chunk_063.parquet,datasets/Conna/eMotions/data/eMotions_chunk_063.parquet,bb97b7453720968aa6793bd962a8880a459acadc,Fear,negative,9.472993,e60e29eabd22ad1bc0c44d067e834568af6122ec7ee569bdc7a3efb65dc36343,negative/fear/negative_fear_0691_00031744.mp4,False,
emotion:00031746.mp4,00031746.mp4,eMotions_chunk_063.parquet,datasets/Conna/eMotions/data/eMotions_chunk_063.parquet,bb97b7453720968aa6793bd962a8880a459acadc,Fear,negative,15.951995,d6d7949e04efc79818b5f3d522f934d853e87a1e733f795029c7eb06d1a8863b,negative/fear/negative_fear_0692_00031746.mp4,False,
emotion:00031748.mp4,00031748.mp4,eMotions_chunk_063.parquet,datasets/Conna/eMotions/data/eMotions_chunk_063.parquet,bb97b7453720968aa6793bd962a8880a459acadc,Fear,negative,54.706009,b5e3973e64ea4b63289e4b76b074011a81ddcccc00fb67a2ad93bf4cdf471636,negative/fear/negative_fear_0693_00031748.mp4,False,
emotion:00031749.mp4,00031749.mp4,eMotions_chunk_063.parquet,datasets/Conna/eMotions/data/eMotions_chunk_063.parquet,bb97b7453720968aa6793bd962a8880a459acadc,Fear,negative,34.017007,ef574b874468ed43b5a1956c243a8a0883a1c468d0e815f7f0281c0722ca8558,negative/fear/negative_fear_0694_00031749.mp4,False,
emotion:00031750.mp4,00031750.mp4,eMotions_chunk_063.parquet,datasets/Conna/eMotions/data/eMotions_chunk_063.parquet,bb97b7453720968aa6793bd962a8880a459acadc,Fear,negative,55.147007,f3a20a978591f2bd126225a945acfd98f71cd24ab2f3e8812ba12f9a32cc590c,negative/fear/negative_fear_0695_00031750.mp4,False,
emotion:00031754.mp4,00031754.mp4,eMotions_chunk_063.parquet,datasets/Conna/eMotions/data/eMotions_chunk_063.parquet,bb97b7453720968aa6793bd962a8880a459acadc,Fear,negative,13.978005,d9de7d0b30ad412f0c410d7118ad66bfbc9c14f82e89c931c10c953528f49a05,negative/fear/negative_fear_0696_00031754.mp4,False,
emotion:00031756.mp4,00031756.mp4,eMotions_chunk_063.parquet,datasets/Conna/eMotions/data/eMotions_chunk_063.parquet,bb97b7453720968aa6793bd962a8880a459acadc,Fear,negative,32.136009,70e688e53fb1f1b7b5ce686b75a0ed945cb69f0ea1dda468cb003095482dd6ee,negative/fear/negative_fear_0697_00031756.mp4,False,
emotion:00031759.mp4,00031759.mp4,eMotions_chunk_063.parquet,datasets/Conna/eMotions/data/eMotions_chunk_063.parquet,bb97b7453720968aa6793bd962a8880a459acadc,Fear,negative,29.466009,ea7b4cb7ee452344cfdc1780be4cfcf78d61f84967ad79ba9384ef7a9557b437,negative/fear/negative_fear_0698_00031759.mp4,False,
emotion:00031762.mp4,00031762.mp4,eMotions_chunk_063.parquet,datasets/Conna/eMotions/data/eMotions_chunk_063.parquet,bb97b7453720968aa6793bd962a8880a459acadc,Fear,negative,43.537007,076b9566e87f2b37ec1ce1a350eb28409146b3224a8e1a806d3dd10fd6c9c8a5,negative/fear/negative_fear_0699_00031762.mp4,False,
emotion:00031766.mp4,00031766.mp4,eMotions_chunk_063.parquet,datasets/Conna/eMotions/data/eMotions_chunk_063.parquet,bb97b7453720968aa6793bd962a8880a459acadc,Fear,negative,19.782993,77661508c664011bf0159dce8f02527b1700e2f4d2d7ae38c7acaae333320731,negative/fear/negative_fear_0700_00031766.mp4,False,
emotion:00031768.mp4,00031768.mp4,eMotions_chunk_063.parquet,datasets/Conna/eMotions/data/eMotions_chunk_063.parquet,bb97b7453720968aa6793bd962a8880a459acadc,Fear,negative,13.56,73e75b0abc9affe54d36c59abd19f377fd26c13a16c6ad41fab3bbc1370ce6c8,negative/fear/negative_fear_0701_00031768.mp4,False,
emotion:00031771.mp4,00031771.mp4,eMotions_chunk_063.parquet,datasets/Conna/eMotions/data/eMotions_chunk_063.parquet,bb97b7453720968aa6793bd962a8880a459acadc,Fear,negative,10.053991,246219ccfd4570d03b3f055332aea15674d03e53c89fdd516e23c0e9ef36da85,negative/fear/negative_fear_0702_00031771.mp4,False,
emotion:00031772.mp4,00031772.mp4,eMotions_chunk_063.parquet,datasets/Conna/eMotions/data/eMotions_chunk_063.parquet,bb97b7453720968aa6793bd962a8880a459acadc,Fear,negative,15.0,73152bdb08554e10003d1591861b86ab24b4abb1f6edae4de0d759993ea7c6e9,negative/fear/negative_fear_0703_00031772.mp4,False,
emotion:00031773.mp4,00031773.mp4,eMotions_chunk_063.parquet,datasets/Conna/eMotions/data/eMotions_chunk_063.parquet,bb97b7453720968aa6793bd962a8880a459acadc,Fear,negative,21.339002,270a543106907af69f0bda3ebc9b0d0ab0ca6b200f699eed7431147d0c91b9be,negative/fear/negative_fear_0704_00031773.mp4,False,
emotion:00031789.mp4,00031789.mp4,eMotions_chunk_063.parquet,datasets/Conna/eMotions/data/eMotions_chunk_063.parquet,bb97b7453720968aa6793bd962a8880a459acadc,Fear,negative,10.233333,6adeae2643a07dfcd30f531be1d1acc214df229b935390f90b4502f409848f84,negative/fear/negative_fear_0705_00031789.mp4,False,
emotion:00031790.mp4,00031790.mp4,eMotions_chunk_063.parquet,datasets/Conna/eMotions/data/eMotions_chunk_063.parquet,bb97b7453720968aa6793bd962a8880a459acadc,Fear,negative,51.989002,48b96413227463cc82b53e24573446156f460e27763cce7e563b44600e321c07,negative/fear/negative_fear_0706_00031790.mp4,False,
emotion:00031791.mp4,00031791.mp4,eMotions_chunk_063.parquet,datasets/Conna/eMotions/data/eMotions_chunk_063.parquet,bb97b7453720968aa6793bd962a8880a459acadc,Fear,negative,20.549002,4125873fae6986900c7fe7aa46b84f635110ce55d0b2fec27035bf2ab2e7ee58,negative/fear/negative_fear_0707_00031791.mp4,False,
emotion:00031792.mp4,00031792.mp4,eMotions_chunk_063.parquet,datasets/Conna/eMotions/data/eMotions_chunk_063.parquet,bb97b7453720968aa6793bd962a8880a459acadc,Fear,negative,14.535011,0af74926f0b41c334b88f52cc6b253c256f0704812a982ca1601060eab99e383,negative/fear/negative_fear_0708_00031792.mp4,False,
emotion:00031795.mp4,00031795.mp4,eMotions_chunk_063.parquet,datasets/Conna/eMotions/data/eMotions_chunk_063.parquet,bb97b7453720968aa6793bd962a8880a459acadc,Fear,negative,37.43,2409dffc832b4f070eb54c04f00fa5b863f97e52329e65184077c4ceab83efa8,negative/fear/negative_fear_0709_00031795.mp4,False,
emotion:00031796.mp4,00031796.mp4,eMotions_chunk_063.parquet,datasets/Conna/eMotions/data/eMotions_chunk_063.parquet,bb97b7453720968aa6793bd962a8880a459acadc,Fear,negative,54.45,c8a70f16e4e63bde33a5c42e73d2c0e6877057641bd1f5b4e098d23b00c1cef3,negative/fear/negative_fear_0710_00031796.mp4,False,
emotion:00031803.mp4,00031803.mp4,eMotions_chunk_063.parquet,datasets/Conna/eMotions/data/eMotions_chunk_063.parquet,bb97b7453720968aa6793bd962a8880a459acadc,Fear,negative,52.477007,cb74aef958960480c482ace443976f12fa61b174945773cf94ff361a455baa55,negative/fear/negative_fear_0711_00031803.mp4,False,
emotion:00031804.mp4,00031804.mp4,eMotions_chunk_063.parquet,datasets/Conna/eMotions/data/eMotions_chunk_063.parquet,bb97b7453720968aa6793bd962a8880a459acadc,Fear,negative,20.038005,af319b19df84e8fab9db8637d86f94e6e7529f26fa8c821370f4f7ecdd4576eb,negative/fear/negative_fear_0712_00031804.mp4,False,
emotion:00031805.mp4,00031805.mp4,eMotions_chunk_063.parquet,datasets/Conna/eMotions/data/eMotions_chunk_063.parquet,bb97b7453720968aa6793bd962a8880a459acadc,Fear,negative,39.240998,e3231039609065da2e5a649114b3602da98615edc9d6b6f46bb19aa13aa7789b,negative/fear/negative_fear_0713_00031805.mp4,False,
emotion:00031806.mp4,00031806.mp4,eMotions_chunk_063.parquet,datasets/Conna/eMotions/data/eMotions_chunk_063.parquet,bb97b7453720968aa6793bd962a8880a459acadc,Fear,negative,23.638005,a0650dd630e2e3eeaa142f66d9a7b82d489ea8cab402bb6dbe356b2ecac849aa,negative/fear/negative_fear_0714_00031806.mp4,False,
emotion:00031807.mp4,00031807.mp4,eMotions_chunk_063.parquet,datasets/Conna/eMotions/data/eMotions_chunk_063.parquet,bb97b7453720968aa6793bd962a8880a459acadc,Fear,negative,56.266667,00f4512ed0a4059c74046b65f9557a5e099c2ea5003bd83bb0f8666a6d0963f9,negative/fear/negative_fear_0715_00031807.mp4,False,
emotion:00031808.mp4,00031808.mp4,eMotions_chunk_063.parquet,datasets/Conna/eMotions/data/eMotions_chunk_063.parquet,bb97b7453720968aa6793bd962a8880a459acadc,Fear,negative,29.117007,87f504e0d4955cef609aa17493255ff7abb5b8ab7ca58b8b0961562ec1dca307,negative/fear/negative_fear_0716_00031808.mp4,False,
emotion:00031809.mp4,00031809.mp4,eMotions_chunk_063.parquet,datasets/Conna/eMotions/data/eMotions_chunk_063.parquet,bb97b7453720968aa6793bd962a8880a459acadc,Fear,negative,20.015011,ac56841e7e2ce2e668af9eb3bd316b820492643b00d6adc6ab73e7a0c6bbeb03,negative/fear/negative_fear_0717_00031809.mp4,False,
emotion:00031810.mp4,00031810.mp4,eMotions_chunk_063.parquet,datasets/Conna/eMotions/data/eMotions_chunk_063.parquet,bb97b7453720968aa6793bd962a8880a459acadc,Fear,negative,14.140998,ac9cd40ee314f8dacaef75ed52fc45fa36fa8e38256de6cabf41fe16c876c8ae,negative/fear/negative_fear_0718_00031810.mp4,False,
emotion:00031812.mp4,00031812.mp4,eMotions_chunk_063.parquet,datasets/Conna/eMotions/data/eMotions_chunk_063.parquet,bb97b7453720968aa6793bd962a8880a459acadc,Fear,negative,22.383991,8042bdddfcd7393f3c509fca81cfa2f96fb7f065f80c0cecc57668a443cb1973,negative/fear/negative_fear_0719_00031812.mp4,False,
emotion:00031816.mp4,00031816.mp4,eMotions_chunk_063.parquet,datasets/Conna/eMotions/data/eMotions_chunk_063.parquet,bb97b7453720968aa6793bd962a8880a459acadc,Fear,negative,39.148005,87e0bc4a9ee637268e0ce81ed1cef5906a03e82abb9385848ab022a9cea2a2f1,negative/fear/negative_fear_0720_00031816.mp4,False,
emotion:00031817.mp4,00031817.mp4,eMotions_chunk_063.parquet,datasets/Conna/eMotions/data/eMotions_chunk_063.parquet,bb97b7453720968aa6793bd962a8880a459acadc,Fear,negative,6.266667,86440b4eef7e7040dd217442276144719f926c8389267f462d0912fd14cd7c9e,negative/fear/negative_fear_0721_00031817.mp4,False,
emotion:00031820.mp4,00031820.mp4,eMotions_chunk_063.parquet,datasets/Conna/eMotions/data/eMotions_chunk_063.parquet,bb97b7453720968aa6793bd962a8880a459acadc,Fear,negative,12.050998,5182a7042f93e9601786765e00d80a0a34138684ed45a61ce7395a4b765cfc47,negative/fear/negative_fear_0722_00031820.mp4,False,
emotion:00031821.mp4,00031821.mp4,eMotions_chunk_063.parquet,datasets/Conna/eMotions/data/eMotions_chunk_063.parquet,bb97b7453720968aa6793bd962a8880a459acadc,Fear,negative,29.266667,44a3a9256ecf419b9328901c2c843ddce89e51b8a246bc0611bef8407179df00,negative/fear/negative_fear_0723_00031821.mp4,False,
emotion:00031824.mp4,00031824.mp4,eMotions_chunk_063.parquet,datasets/Conna/eMotions/data/eMotions_chunk_063.parquet,bb97b7453720968aa6793bd962a8880a459acadc,Fear,negative,39.915011,7f2f93662efa46380a5c7bd23792a9b773cbbcc4157e971eb1ad10f7f7f20ce8,negative/fear/negative_fear_0724_00031824.mp4,False,
emotion:00031827.mp4,00031827.mp4,eMotions_chunk_063.parquet,datasets/Conna/eMotions/data/eMotions_chunk_063.parquet,bb97b7453720968aa6793bd962a8880a459acadc,Fear,negative,29.720998,a338408594560dc8882903c7f305ec47b136ba584beb75ac5c648e4098b3c5a9,negative/fear/negative_fear_0725_00031827.mp4,False,
emotion:00031828.mp4,00031828.mp4,eMotions_chunk_063.parquet,datasets/Conna/eMotions/data/eMotions_chunk_063.parquet,bb97b7453720968aa6793bd962a8880a459acadc,Fear,negative,37.8,1c407f6f4959d9ecdc66427ad6919c3587540470eac5ddba345673859fb69416,negative/fear/negative_fear_0726_00031828.mp4,False,
emotion:00031830.mp4,00031830.mp4,eMotions_chunk_063.parquet,datasets/Conna/eMotions/data/eMotions_chunk_063.parquet,bb97b7453720968aa6793bd962a8880a459acadc,Fear,negative,20.735011,17f6715284c4a4ae9ae9c2e4a5f4983bcb77a845c26f0ddc9f544470f2ce0713,negative/fear/negative_fear_0727_00031830.mp4,False,
emotion:00031831.mp4,00031831.mp4,eMotions_chunk_063.parquet,datasets/Conna/eMotions/data/eMotions_chunk_063.parquet,bb97b7453720968aa6793bd962a8880a459acadc,Fear,negative,55.333333,5e1980748d69f2be2d75acde1222c8aa5482dc96763f3cb3c30da95bc7d0c420,negative/fear/negative_fear_0728_00031831.mp4,False,
emotion:00031835.mp4,00031835.mp4,eMotions_chunk_063.parquet,datasets/Conna/eMotions/data/eMotions_chunk_063.parquet,bb97b7453720968aa6793bd962a8880a459acadc,Fear,negative,36.107007,c0735608dbbb429c59c3802779f7be576c6ff399430c3f6eb31f75431363cb9e,negative/fear/negative_fear_0729_00031835.mp4,False,
emotion:00031837.mp4,00031837.mp4,eMotions_chunk_063.parquet,datasets/Conna/eMotions/data/eMotions_chunk_063.parquet,bb97b7453720968aa6793bd962a8880a459acadc,Fear,negative,19.319002,695e137740b899467512eea87602a7aa37bb7043ac2fa19c41df088a3ac82513,negative/fear/negative_fear_0730_00031837.mp4,False,
emotion:00031839.mp4,00031839.mp4,eMotions_chunk_063.parquet,datasets/Conna/eMotions/data/eMotions_chunk_063.parquet,bb97b7453720968aa6793bd962a8880a459acadc,Fear,negative,11.749002,110907b0c9e3b098279ce8aa532ca41bf333a4d916f765c4062b2edcf3b63d6b,negative/fear/negative_fear_0731_00031839.mp4,False,
emotion:00031843.mp4,00031843.mp4,eMotions_chunk_063.parquet,datasets/Conna/eMotions/data/eMotions_chunk_063.parquet,bb97b7453720968aa6793bd962a8880a459acadc,Fear,negative,5.502993,acb8b017e076519c8d597db857a63cc8020c00282bde4058923dbbdd081568d5,negative/fear/negative_fear_0732_00031843.mp4,False,
emotion:00031847.mp4,00031847.mp4,eMotions_chunk_063.parquet,datasets/Conna/eMotions/data/eMotions_chunk_063.parquet,bb97b7453720968aa6793bd962a8880a459acadc,Fear,negative,22.987007,238d5e9b4c7bbd89c1c1e28375bfe32d0ab03a7f6869b1b937a6d8ee3946c288,negative/fear/negative_fear_0733_00031847.mp4,False,
emotion:00031848.mp4,00031848.mp4,eMotions_chunk_063.parquet,datasets/Conna/eMotions/data/eMotions_chunk_063.parquet,bb97b7453720968aa6793bd962a8880a459acadc,Fear,negative,11.308005,bb3c44cbe204e1d6be0e94d5f5d44af22f89d5e09ec095677cf568d2d0bf05be,negative/fear/negative_fear_0734_00031848.mp4,False,
emotion:00031849.mp4,00031849.mp4,eMotions_chunk_063.parquet,datasets/Conna/eMotions/data/eMotions_chunk_063.parquet,bb97b7453720968aa6793bd962a8880a459acadc,Fear,negative,55.866667,208be1c74a98da04303db596bca2ef27cf36049a85399fe25dbe0f8541deb47d,negative/fear/negative_fear_0735_00031849.mp4,False,
emotion:00031851.mp4,00031851.mp4,eMotions_chunk_063.parquet,datasets/Conna/eMotions/data/eMotions_chunk_063.parquet,bb97b7453720968aa6793bd962a8880a459acadc,Fear,negative,25.356009,6e29d5faa8b7e815ed8312531aef9f054ac78408024003ee3a4e7946602e0be3,negative/fear/negative_fear_0736_00031851.mp4,False,
emotion:00031852.mp4,00031852.mp4,eMotions_chunk_063.parquet,datasets/Conna/eMotions/data/eMotions_chunk_063.parquet,bb97b7453720968aa6793bd962a8880a459acadc,Fear,negative,55.449002,eb1fabada4fe6074669323f0afb77048b69d4162abded1bd232aafa8642f73b8,negative/fear/negative_fear_0737_00031852.mp4,False,
emotion:00031855.mp4,00031855.mp4,eMotions_chunk_063.parquet,datasets/Conna/eMotions/data/eMotions_chunk_063.parquet,bb97b7453720968aa6793bd962a8880a459acadc,Fear,negative,10.842993,7fd56b202ece88f4a2822002ece92ab68f26b0225f4145cc4c0ba87dc424d34b,negative/fear/negative_fear_0738_00031855.mp4,False,
emotion:00031857.mp4,00031857.mp4,eMotions_chunk_063.parquet,datasets/Conna/eMotions/data/eMotions_chunk_063.parquet,bb97b7453720968aa6793bd962a8880a459acadc,Fear,negative,24.171995,f26f3dfdd3572573431bbdcbef2e767723a942c8298fcb8da0f4bc878310b784,negative/fear/negative_fear_0739_00031857.mp4,False,
emotion:00031860.mp4,00031860.mp4,eMotions_chunk_063.parquet,datasets/Conna/eMotions/data/eMotions_chunk_063.parquet,bb97b7453720968aa6793bd962a8880a459acadc,Fear,negative,5.317007,210d0261fb4fc825bb60d8b5ae8617c87f72885dbb85eacf4ae5219c61e02baf,negative/fear/negative_fear_0740_00031860.mp4,False,
emotion:00031861.mp4,00031861.mp4,eMotions_chunk_063.parquet,datasets/Conna/eMotions/data/eMotions_chunk_063.parquet,bb97b7453720968aa6793bd962a8880a459acadc,Fear,negative,6.246009,2feb071b9a2a8692e365286cf8153ff2561e0e733165f19c6477e9425563941f,negative/fear/negative_fear_0741_00031861.mp4,False,
emotion:00031862.mp4,00031862.mp4,eMotions_chunk_063.parquet,datasets/Conna/eMotions/data/eMotions_chunk_063.parquet,bb97b7453720968aa6793bd962a8880a459acadc,Fear,negative,9.612993,79f2c4c8979d2f9fbb5c8bea1475c1090276c8ec1e51ef29e555f35502ce3f82,negative/fear/negative_fear_0742_00031862.mp4,False,
emotion:00031863.mp4,00031863.mp4,eMotions_chunk_063.parquet,datasets/Conna/eMotions/data/eMotions_chunk_063.parquet,bb97b7453720968aa6793bd962a8880a459acadc,Fear,negative,22.940998,ad826ce7666ce5848a917cb12e641f7e149b2914d9a0b003a83be743f1b282bc,negative/fear/negative_fear_0743_00031863.mp4,False,
emotion:00031864.mp4,00031864.mp4,eMotions_chunk_063.parquet,datasets/Conna/eMotions/data/eMotions_chunk_063.parquet,bb97b7453720968aa6793bd962a8880a459acadc,Fear,negative,7.987007,52fceeb14b3498533c363c35932140b53b40b2ba7a7db2c65d3da238f220fa21,negative/fear/negative_fear_0744_00031864.mp4,False,
emotion:00008645.mp4,00008645.mp4,eMotions_chunk_061.parquet,datasets/Conna/eMotions/data/eMotions_chunk_061.parquet,bb97b7453720968aa6793bd962a8880a459acadc,Fear,negative,39.017007,8e71a1d03df9fc805a2fb0b0b5c0254e484f7115b4c4df09643a777ac7d78018,negative/fear/negative_fear_0745_00008645.mp4,True,00031865.mp4
emotion:00031868.mp4,00031868.mp4,eMotions_chunk_063.parquet,datasets/Conna/eMotions/data/eMotions_chunk_063.parquet,bb97b7453720968aa6793bd962a8880a459acadc,Fear,negative,9.829268,dee7ae73a0bad9f95c31c5b1d0975d0370546af12f441464bb16b3ecda5d0043,negative/fear/negative_fear_0746_00031868.mp4,False,
emotion:00031870.mp4,00031870.mp4,eMotions_chunk_063.parquet,datasets/Conna/eMotions/data/eMotions_chunk_063.parquet,bb97b7453720968aa6793bd962a8880a459acadc,Fear,negative,26.076009,849d572b9c37dfbdddf1fe99d602133c99577ddb1a99d8a480c88edb215e655c,negative/fear/negative_fear_0747_00031870.mp4,False,
emotion:00031871.mp4,00031871.mp4,eMotions_chunk_063.parquet,datasets/Conna/eMotions/data/eMotions_chunk_063.parquet,bb97b7453720968aa6793bd962a8880a459acadc,Fear,negative,12.050998,de81b9d054bda52d697164e467d83ffb5578321f36ae5459f67f298f569caf3a,negative/fear/negative_fear_0748_00031871.mp4,False,
emotion:00031872.mp4,00031872.mp4,eMotions_chunk_063.parquet,datasets/Conna/eMotions/data/eMotions_chunk_063.parquet,bb97b7453720968aa6793bd962a8880a459acadc,Fear,negative,20.038005,85dd2417ed3e6984f5ce521a0cd653c3cd16c58916c06c147a8aa340034ef0b8,negative/fear/negative_fear_0749_00031872.mp4,False,
emotion:00031873.mp4,00031873.mp4,eMotions_chunk_063.parquet,datasets/Conna/eMotions/data/eMotions_chunk_063.parquet,bb97b7453720968aa6793bd962a8880a459acadc,Fear,negative,22.755011,eea30c36a7e38cbacf31558507ccfcbb1238fe81f4604ca76288a32a00282ad2,negative/fear/negative_fear_0750_00031873.mp4,False,
emotion:00031876.mp4,00031876.mp4,eMotions_chunk_063.parquet,datasets/Conna/eMotions/data/eMotions_chunk_063.parquet,bb97b7453720968aa6793bd962a8880a459acadc,Fear,negative,9.5,85163b4e5b320a0261b62b7795ea34ad2dec41c7e4df6c46a9ed0d7f345d9226,negative/fear/negative_fear_0751_00031876.mp4,False,
emotion:00031879.mp4,00031879.mp4,eMotions_chunk_063.parquet,datasets/Conna/eMotions/data/eMotions_chunk_063.parquet,bb97b7453720968aa6793bd962a8880a459acadc,Fear,negative,6.941995,9d7d38ba20b7b89eeafbb7698f7e868b62fac10e5b4cc78446803bd92f255298,negative/fear/negative_fear_0752_00031879.mp4,False,
emotion:00031882.mp4,00031882.mp4,eMotions_chunk_063.parquet,datasets/Conna/eMotions/data/eMotions_chunk_063.parquet,bb97b7453720968aa6793bd962a8880a459acadc,Fear,negative,35.270998,8a3003cf658b3a72b611491b82b8e1db576324bc076b3853fbb024306794c22a,negative/fear/negative_fear_0753_00031882.mp4,False,
emotion:00031884.mp4,00031884.mp4,eMotions_chunk_063.parquet,datasets/Conna/eMotions/data/eMotions_chunk_063.parquet,bb97b7453720968aa6793bd962a8880a459acadc,Fear,negative,20.689002,b01496057e46174cbc277e6553e25e82d9f050927d0c1b1b089b718019c71509,negative/fear/negative_fear_0754_00031884.mp4,False,
emotion:00031888.mp4,00031888.mp4,eMotions_chunk_063.parquet,datasets/Conna/eMotions/data/eMotions_chunk_063.parquet,bb97b7453720968aa6793bd962a8880a459acadc,Fear,negative,22.546009,2f422e8d20ba18d2a55714e1690a01829a52125278c915b1f8b0b0ce2165eae0,negative/fear/negative_fear_0755_00031888.mp4,False,
emotion:00031891.mp4,00031891.mp4,eMotions_chunk_063.parquet,datasets/Conna/eMotions/data/eMotions_chunk_063.parquet,bb97b7453720968aa6793bd962a8880a459acadc,Fear,negative,55.610998,2db6617fb6547b857717801a60ecdf1bf89e862fed59b7e420db920b7c660929,negative/fear/negative_fear_0756_00031891.mp4,False,
emotion:00031892.mp4,00031892.mp4,eMotions_chunk_063.parquet,datasets/Conna/eMotions/data/eMotions_chunk_063.parquet,bb97b7453720968aa6793bd962a8880a459acadc,Fear,negative,26.517007,c981bdacf5055aa0d73b65cdaee9d4477e778ceedffe6c5fc5a17b7f89cb7048,negative/fear/negative_fear_0757_00031892.mp4,False,
emotion:00031893.mp4,00031893.mp4,eMotions_chunk_063.parquet,datasets/Conna/eMotions/data/eMotions_chunk_063.parquet,bb97b7453720968aa6793bd962a8880a459acadc,Fear,negative,29.209002,13e9d8cd73496db37ca61a43984df04a2e6a1c2974d2e6d9fb929b1a2abf8b62,negative/fear/negative_fear_0758_00031893.mp4,False,
emotion:00031895.mp4,00031895.mp4,eMotions_chunk_063.parquet,datasets/Conna/eMotions/data/eMotions_chunk_063.parquet,bb97b7453720968aa6793bd962a8880a459acadc,Fear,negative,54.008005,03cca9683bb8700ceae3b951d1797b633c623c721255a5b107fa6f6d71ac0972,negative/fear/negative_fear_0759_00031895.mp4,False,
emotion:00031896.mp4,00031896.mp4,eMotions_chunk_063.parquet,datasets/Conna/eMotions/data/eMotions_chunk_063.parquet,bb97b7453720968aa6793bd962a8880a459acadc,Fear,negative,41.005011,df41c74414d7b78482c865e0e8f83c688b1bb818a73f2adab2706fab4ec12470,negative/fear/negative_fear_0760_00031896.mp4,False,
emotion:00031897.mp4,00031897.mp4,eMotions_chunk_063.parquet,datasets/Conna/eMotions/data/eMotions_chunk_063.parquet,bb97b7453720968aa6793bd962a8880a459acadc,Fear,negative,47.180998,e7d4e50116a5df912b8259113582f7c6e8236e7fa4e825178e3bc55fb5f66871,negative/fear/negative_fear_0761_00031897.mp4,False,
emotion:00031898.mp4,00031898.mp4,eMotions_chunk_063.parquet,datasets/Conna/eMotions/data/eMotions_chunk_063.parquet,bb97b7453720968aa6793bd962a8880a459acadc,Fear,negative,58.977007,db5430aceb357e33270a5b705a48e17723eaf4abf212edc07c97a6d2a7bf7e06,negative/fear/negative_fear_0762_00031898.mp4,False,
emotion:00031901.mp4,00031901.mp4,eMotions_chunk_063.parquet,datasets/Conna/eMotions/data/eMotions_chunk_063.parquet,bb97b7453720968aa6793bd962a8880a459acadc,Fear,negative,19.666667,72e5909714d826a75ef8d00311456299e474d9e9f5555805379a4a6c31ac0343,negative/fear/negative_fear_0763_00031901.mp4,False,
emotion:00031902.mp4,00031902.mp4,eMotions_chunk_063.parquet,datasets/Conna/eMotions/data/eMotions_chunk_063.parquet,bb97b7453720968aa6793bd962a8880a459acadc,Fear,negative,30.0,882219cfe519a38174d7b364d4c384fdd0cedd57a3167512024a19733bcfae53,negative/fear/negative_fear_0764_00031902.mp4,False,
emotion:00031904.mp4,00031904.mp4,eMotions_chunk_063.parquet,datasets/Conna/eMotions/data/eMotions_chunk_063.parquet,bb97b7453720968aa6793bd962a8880a459acadc,Fear,negative,39.31,8916f91ad75add6fbaa13ce4bf07056c16cbec70c06954a03c3ebda69ed2cd51,negative/fear/negative_fear_0765_00031904.mp4,False,
emotion:00031906.mp4,00031906.mp4,eMotions_chunk_063.parquet,datasets/Conna/eMotions/data/eMotions_chunk_063.parquet,bb97b7453720968aa6793bd962a8880a459acadc,Fear,negative,44.58,3a3960004da11bdde03c28cd8feeb4eb1b963f0833b351c05eaf00cafb72cd01,negative/fear/negative_fear_0766_00031906.mp4,False,
emotion:00031907.mp4,00031907.mp4,eMotions_chunk_063.parquet,datasets/Conna/eMotions/data/eMotions_chunk_063.parquet,bb97b7453720968aa6793bd962a8880a459acadc,Fear,negative,54.053991,42904bc2b1f6a68c4daa0badbe82db7392963373304bb43426753c5f0e737bfb,negative/fear/negative_fear_0767_00031907.mp4,False,
emotion:00031908.mp4,00031908.mp4,eMotions_chunk_063.parquet,datasets/Conna/eMotions/data/eMotions_chunk_063.parquet,bb97b7453720968aa6793bd962a8880a459acadc,Fear,negative,37.103991,f2c9ab165bd00e880bd2f5d1c6d8b5b29d6fcce0f44a8e79b07f9ff03d878540,negative/fear/negative_fear_0768_00031908.mp4,False,
emotion:00031909.mp4,00031909.mp4,eMotions_chunk_063.parquet,datasets/Conna/eMotions/data/eMotions_chunk_063.parquet,bb97b7453720968aa6793bd962a8880a459acadc,Fear,negative,54.379002,4b08267d610de77237263c1d57a9bc3c5ca7123c6b6e6f17763954bf9f2f5f78,negative/fear/negative_fear_0769_00031909.mp4,False,
emotion:00031911.mp4,00031911.mp4,eMotions_chunk_063.parquet,datasets/Conna/eMotions/data/eMotions_chunk_063.parquet,bb97b7453720968aa6793bd962a8880a459acadc,Fear,negative,49.317007,3a2de4a2e6a55f75fc2b01f1bd22ccb4d6891875528241152acbec6941737cf1,negative/fear/negative_fear_0770_00031911.mp4,False,
emotion:00031912.mp4,00031912.mp4,eMotions_chunk_063.parquet,datasets/Conna/eMotions/data/eMotions_chunk_063.parquet,bb97b7453720968aa6793bd962a8880a459acadc,Fear,negative,51.477007,b16deecfbed6f4efea57821aa7aaede21063fd16052a3c30de034ced7bffac48,negative/fear/negative_fear_0771_00031912.mp4,False,
emotion:00031913.mp4,00031913.mp4,eMotions_chunk_063.parquet,datasets/Conna/eMotions/data/eMotions_chunk_063.parquet,bb97b7453720968aa6793bd962a8880a459acadc,Fear,negative,31.67,b96a55fa0aaaddd2d23c2fe9f48b4d16fb2fd461e731aba86cd2f8ca83656cf0,negative/fear/negative_fear_0772_00031913.mp4,False,
emotion:00031914.mp4,00031914.mp4,eMotions_chunk_063.parquet,datasets/Conna/eMotions/data/eMotions_chunk_063.parquet,bb97b7453720968aa6793bd962a8880a459acadc,Fear,negative,42.676009,75dde9393dde102bd4e875f1c4003bce6235f58359c896ca03cb32fa59d421d5,negative/fear/negative_fear_0773_00031914.mp4,False,
emotion:00031915.mp4,00031915.mp4,eMotions_chunk_063.parquet,datasets/Conna/eMotions/data/eMotions_chunk_063.parquet,bb97b7453720968aa6793bd962a8880a459acadc,Fear,negative,46.02,e5ad0f35a69143212bc47c3d0d3fc5bb6f69456436b487968ea7819dedfe689e,negative/fear/negative_fear_0774_00031915.mp4,False,
emotion:00031916.mp4,00031916.mp4,eMotions_chunk_063.parquet,datasets/Conna/eMotions/data/eMotions_chunk_063.parquet,bb97b7453720968aa6793bd962a8880a459acadc,Fear,negative,58.302993,2a5f885585a343c8aac126ce6ccfb3fbdb11092ee4b28991670d109a2bb9ba74,negative/fear/negative_fear_0775_00031916.mp4,False,
emotion:00031921.mp4,00031921.mp4,eMotions_chunk_063.parquet,datasets/Conna/eMotions/data/eMotions_chunk_063.parquet,bb97b7453720968aa6793bd962a8880a459acadc,Fear,negative,53.380998,dc58c2331abfc1ffbecd075f7f77bf513817a167c8c2e9aa97fc3d789c6385c9,negative/fear/negative_fear_0776_00031921.mp4,False,
emotion:00031922.mp4,00031922.mp4,eMotions_chunk_063.parquet,datasets/Conna/eMotions/data/eMotions_chunk_063.parquet,bb97b7453720968aa6793bd962a8880a459acadc,Fear,negative,57.7,dbe698530e201f0d8c50fec0618d396c7cccc6653d5c374d9de3638d0fc1abda,negative/fear/negative_fear_0777_00031922.mp4,False,
emotion:00031924.mp4,00031924.mp4,eMotions_chunk_063.parquet,datasets/Conna/eMotions/data/eMotions_chunk_063.parquet,bb97b7453720968aa6793bd962a8880a459acadc,Fear,negative,26.4,8effc31c41c4567bbf377167482ffaa9aca158f8c0010c764f8904571ffeee11,negative/fear/negative_fear_0778_00031924.mp4,False,
emotion:00031926.mp4,00031926.mp4,eMotions_chunk_063.parquet,datasets/Conna/eMotions/data/eMotions_chunk_063.parquet,bb97b7453720968aa6793bd962a8880a459acadc,Fear,negative,59.603991,2b0da9ea4aed2f043e44c6172b0878ab72a037b288e30fb7f5c6bc6cc1c258b7,negative/fear/negative_fear_0779_00031926.mp4,False,
emotion:00031927.mp4,00031927.mp4,eMotions_chunk_063.parquet,datasets/Conna/eMotions/data/eMotions_chunk_063.parquet,bb97b7453720968aa6793bd962a8880a459acadc,Fear,negative,21.801995,6f9a82162bc73658c846c02e1064963c2823771c669ff180c2672f168cf706a2,negative/fear/negative_fear_0780_00031927.mp4,False,
emotion:00031930.mp4,00031930.mp4,eMotions_chunk_063.parquet,datasets/Conna/eMotions/data/eMotions_chunk_063.parquet,bb97b7453720968aa6793bd962a8880a459acadc,Fear,negative,51.801995,d6811737532b9621018bfa2b383117b537cc8ccfb2825af6c333550b72433551,negative/fear/negative_fear_0781_00031930.mp4,False,
emotion:00000001.mp4,00000001.mp4,eMotions_chunk_064.parquet,datasets/Conna/eMotions/data/eMotions_chunk_064.parquet,bb97b7453720968aa6793bd962a8880a459acadc,Neutral,neutral,11.7,8b5668bd943020f3b79692480a4b8f247017eb21fa94d73fd480af61a2586f5c,neutral/neutral/neutral_neutral_0782_00000001.mp4,False,
emotion:00000003.mp4,00000003.mp4,eMotions_chunk_064.parquet,datasets/Conna/eMotions/data/eMotions_chunk_064.parquet,bb97b7453720968aa6793bd962a8880a459acadc,Neutral,neutral,6.733333,ccc7bf3183381d236ecfd9ae1498c5800d2648c8844b1aa53dcb7736395e20c3,neutral/neutral/neutral_neutral_0783_00000003.mp4,False,
emotion:00000006.mp4,00000006.mp4,eMotions_chunk_064.parquet,datasets/Conna/eMotions/data/eMotions_chunk_064.parquet,bb97b7453720968aa6793bd962a8880a459acadc,Neutral,neutral,56.322933,2a854039c89e7e933f056a35afb22108699cd6b769b7712f9c5ce0699bfb4bba,neutral/neutral/neutral_neutral_0784_00000006.mp4,False,
emotion:00000013.mp4,00000013.mp4,eMotions_chunk_064.parquet,datasets/Conna/eMotions/data/eMotions_chunk_064.parquet,bb97b7453720968aa6793bd962a8880a459acadc,Neutral,neutral,15.433333,85ff1dc73b7f9256db375fbd3e3b81dbf86b406a71ec3c1ebfdadd43f77d3a06,neutral/neutral/neutral_neutral_0785_00000013.mp4,False,
emotion:00000014.mp4,00000014.mp4,eMotions_chunk_064.parquet,datasets/Conna/eMotions/data/eMotions_chunk_064.parquet,bb97b7453720968aa6793bd962a8880a459acadc,Neutral,neutral,35.698767,d713c95180ee1b373a643203a79440118375632062cb21e42a2252ba9fc83624,neutral/neutral/neutral_neutral_0786_00000014.mp4,False,
emotion:00000028.mp4,00000028.mp4,eMotions_chunk_064.parquet,datasets/Conna/eMotions/data/eMotions_chunk_064.parquet,bb97b7453720968aa6793bd962a8880a459acadc,Neutral,neutral,9.533333,2f77b277a477c84c0db616baea14d8e892a29842fe1842e28db55f550fb02701,neutral/neutral/neutral_neutral_0787_00000028.mp4,False,
emotion:00000037.mp4,00000037.mp4,eMotions_chunk_064.parquet,datasets/Conna/eMotions/data/eMotions_chunk_064.parquet,bb97b7453720968aa6793bd962a8880a459acadc,Neutral,neutral,7.8,f753ca32b74cdfa829a4763b78d16d543c85cb6057629c8ad5acdb3e46a3ee7e,neutral/neutral/neutral_neutral_0788_00000037.mp4,False,
emotion:00000048.mp4,00000048.mp4,eMotions_chunk_064.parquet,datasets/Conna/eMotions/data/eMotions_chunk_064.parquet,bb97b7453720968aa6793bd962a8880a459acadc,Neutral,neutral,7.6,de415f94633c49c7879cbb116a6d244ee2c36276b4b05e612b423e47ef6a9fa6,neutral/neutral/neutral_neutral_0789_00000048.mp4,False,
emotion:00000057.mp4,00000057.mp4,eMotions_chunk_064.parquet,datasets/Conna/eMotions/data/eMotions_chunk_064.parquet,bb97b7453720968aa6793bd962a8880a459acadc,Neutral,neutral,20.01661,7ea1fc811896078d8ddcc0b2a1ed416331510d6abb4d2c233ee728bde64ccc12,neutral/neutral/neutral_neutral_0790_00000057.mp4,False,
emotion:00000060.mp4,00000060.mp4,eMotions_chunk_064.parquet,datasets/Conna/eMotions/data/eMotions_chunk_064.parquet,bb97b7453720968aa6793bd962a8880a459acadc,Neutral,neutral,20.108005,56342cbd0ac077cfdb0404dbe034ee503cad74c2ca3ebd89dd2787a4da5b3d0d,neutral/neutral/neutral_neutral_0791_00000060.mp4,False,
emotion:00000063.mp4,00000063.mp4,eMotions_chunk_064.parquet,datasets/Conna/eMotions/data/eMotions_chunk_064.parquet,bb97b7453720968aa6793bd962a8880a459acadc,Neutral,neutral,27.933333,773b3714df93fdb16b82a1584f17f3e01449630ae24e0bb79d90a197cd2697ea,neutral/neutral/neutral_neutral_0792_00000063.mp4,False,
emotion:00000064.mp4,00000064.mp4,eMotions_chunk_064.parquet,datasets/Conna/eMotions/data/eMotions_chunk_064.parquet,bb97b7453720968aa6793bd962a8880a459acadc,Neutral,neutral,10.033333,0d3a33556f2de95da2c125e40b7cccc7d840171070d6215ba55652607c0262c9,neutral/neutral/neutral_neutral_0793_00000064.mp4,False,
emotion:00000065.mp4,00000065.mp4,eMotions_chunk_064.parquet,datasets/Conna/eMotions/data/eMotions_chunk_064.parquet,bb97b7453720968aa6793bd962a8880a459acadc,Neutral,neutral,59.07,53db612761085898e64b5f09318aa89a1ce121dfbc1240f001ce1e48c338f979,neutral/neutral/neutral_neutral_0794_00000065.mp4,False,
emotion:00000067.mp4,00000067.mp4,eMotions_chunk_064.parquet,datasets/Conna/eMotions/data/eMotions_chunk_064.parquet,bb97b7453720968aa6793bd962a8880a459acadc,Neutral,neutral,50.5,3bbe207cab04f1de4689e59e7cb16c74d0dd86175a19675a4b7cfcd610b27f03,neutral/neutral/neutral_neutral_0795_00000067.mp4,False,
emotion:00000068.mp4,00000068.mp4,eMotions_chunk_064.parquet,datasets/Conna/eMotions/data/eMotions_chunk_064.parquet,bb97b7453720968aa6793bd962a8880a459acadc,Neutral,neutral,15.068005,7d1da92e70cfeb3de09c2edba34a50c2ca2ffa9eaf435927afe7ad7c8faa36a5,neutral/neutral/neutral_neutral_0796_00000068.mp4,False,
emotion:00000070.mp4,00000070.mp4,eMotions_chunk_064.parquet,datasets/Conna/eMotions/data/eMotions_chunk_064.parquet,bb97b7453720968aa6793bd962a8880a459acadc,Neutral,neutral,12.346009,548b126502dc94c6072632d6bd86a9763ae1a82cced3ac49cf936d713e38190f,neutral/neutral/neutral_neutral_0797_00000070.mp4,False,
emotion:00000071.mp4,00000071.mp4,eMotions_chunk_064.parquet,datasets/Conna/eMotions/data/eMotions_chunk_064.parquet,bb97b7453720968aa6793bd962a8880a459acadc,Neutral,neutral,19.566667,31a6eda516ead405cb0ca6b11d5571e76197853cd158ecc151fd2c679985efa8,neutral/neutral/neutral_neutral_0798_00000071.mp4,False,
emotion:00000077.mp4,00000077.mp4,eMotions_chunk_064.parquet,datasets/Conna/eMotions/data/eMotions_chunk_064.parquet,bb97b7453720968aa6793bd962a8880a459acadc,Neutral,neutral,20.016009,5333aa22e62b2764586eb2e7fa1495ccf62af352d69d52c8bf78da3e86eeb1c5,neutral/neutral/neutral_neutral_0799_00000077.mp4,False,
emotion:00000080.mp4,00000080.mp4,eMotions_chunk_064.parquet,datasets/Conna/eMotions/data/eMotions_chunk_064.parquet,bb97b7453720968aa6793bd962a8880a459acadc,Neutral,neutral,9.009002,70b18ead8d7357585d90ba0db1164e1fe1db6fa02e0b07e7a4e7582554b5d39f,neutral/neutral/neutral_neutral_0800_00000080.mp4,False,
emotion:00000089.mp4,00000089.mp4,eMotions_chunk_064.parquet,datasets/Conna/eMotions/data/eMotions_chunk_064.parquet,bb97b7453720968aa6793bd962a8880a459acadc,Neutral,neutral,24.533333,95755befc60232233bcb409247d4ada8106a520e41a02b26f7b1382897f7d01f,neutral/neutral/neutral_neutral_0801_00000089.mp4,False,
emotion:00000099.mp4,00000099.mp4,eMotions_chunk_064.parquet,datasets/Conna/eMotions/data/eMotions_chunk_064.parquet,bb97b7453720968aa6793bd962a8880a459acadc,Neutral,neutral,18.366667,3b5651471b766566e85fc743731db5a87f1509094ec0d2155043ba16cbe741f4,neutral/neutral/neutral_neutral_0802_00000099.mp4,False,
emotion:00000103.mp4,00000103.mp4,eMotions_chunk_064.parquet,datasets/Conna/eMotions/data/eMotions_chunk_064.parquet,bb97b7453720968aa6793bd962a8880a459acadc,Neutral,neutral,11.54,2a6e76ee233836fa72e3ed9eb15145d79006d88521ec5cc8fbf6d84c7fcafd00,neutral/neutral/neutral_neutral_0803_00000103.mp4,False,
emotion:00000104.mp4,00000104.mp4,eMotions_chunk_064.parquet,datasets/Conna/eMotions/data/eMotions_chunk_064.parquet,bb97b7453720968aa6793bd962a8880a459acadc,Neutral,neutral,13.42,799deaf4cd5a968f74847e98c207073a40a9d412b6ef7c332f021da8c86715b3,neutral/neutral/neutral_neutral_0804_00000104.mp4,False,
emotion:00000113.mp4,00000113.mp4,eMotions_chunk_064.parquet,datasets/Conna/eMotions/data/eMotions_chunk_064.parquet,bb97b7453720968aa6793bd962a8880a459acadc,Neutral,neutral,14.5,ea918452cbe077c266f405d56cbbdf7dcf3e74719c98e789556e50fd408fc4e2,neutral/neutral/neutral_neutral_0805_00000113.mp4,False,
emotion:00000114.mp4,00000114.mp4,eMotions_chunk_064.parquet,datasets/Conna/eMotions/data/eMotions_chunk_064.parquet,bb97b7453720968aa6793bd962a8880a459acadc,Neutral,neutral,13.537007,ace580302bf0b9329638b983892a70019757541df736a9ce7c27cd25f2d87600,neutral/neutral/neutral_neutral_0806_00000114.mp4,False,
emotion:00000117.mp4,00000117.mp4,eMotions_chunk_064.parquet,datasets/Conna/eMotions/data/eMotions_chunk_064.parquet,bb97b7453720968aa6793bd962a8880a459acadc,Neutral,neutral,8.079002,ed068d332fc7952aa93d32fcc07e22166e5fc3a5e1c06ed394bfa81bbcd6736b,neutral/neutral/neutral_neutral_0807_00000117.mp4,False,
emotion:00000118.mp4,00000118.mp4,eMotions_chunk_064.parquet,datasets/Conna/eMotions/data/eMotions_chunk_064.parquet,bb97b7453720968aa6793bd962a8880a459acadc,Neutral,neutral,15.092993,ac06d033b759ed77b39a64e9339ad36f2cdacd390aa2b8c68293c0b4fef6868c,neutral/neutral/neutral_neutral_0808_00000118.mp4,False,
emotion:00000127.mp4,00000127.mp4,eMotions_chunk_064.parquet,datasets/Conna/eMotions/data/eMotions_chunk_064.parquet,bb97b7453720968aa6793bd962a8880a459acadc,Neutral,neutral,23.847007,16635e3b53df182dfb9e8a64039adaf3fb07edbb2f600ac25b501d1722fc6c36,neutral/neutral/neutral_neutral_0809_00000127.mp4,False,
emotion:00000131.mp4,00000131.mp4,eMotions_chunk_064.parquet,datasets/Conna/eMotions/data/eMotions_chunk_064.parquet,bb97b7453720968aa6793bd962a8880a459acadc,Neutral,neutral,9.722269,763e1080bdcb1edcbb9caa947076ce7f5083070c30553f64a3bbd34613f620a2,neutral/neutral/neutral_neutral_0810_00000131.mp4,False,
emotion:00000136.mp4,00000136.mp4,eMotions_chunk_064.parquet,datasets/Conna/eMotions/data/eMotions_chunk_064.parquet,bb97b7453720968aa6793bd962a8880a459acadc,Neutral,neutral,20.016009,1a43222789befdac5645b8f6dd64880968ac8dcf316e02068743a9f093c455a0,neutral/neutral/neutral_neutral_0811_00000136.mp4,False,
emotion:00000137.mp4,00000137.mp4,eMotions_chunk_064.parquet,datasets/Conna/eMotions/data/eMotions_chunk_064.parquet,bb97b7453720968aa6793bd962a8880a459acadc,Neutral,neutral,12.2,f9168bcd45fae42147f8f60be006c3b52e1527be66a309e6e3b09d1ab1946621,neutral/neutral/neutral_neutral_0812_00000137.mp4,False,
emotion:00000142.mp4,00000142.mp4,eMotions_chunk_064.parquet,datasets/Conna/eMotions/data/eMotions_chunk_064.parquet,bb97b7453720968aa6793bd962a8880a459acadc,Neutral,neutral,13.533333,0591cc107e46438d03d8917bef398ea7807be55d657384cc7472bf5ad097fb26,neutral/neutral/neutral_neutral_0813_00000142.mp4,False,
emotion:00000146.mp4,00000146.mp4,eMotions_chunk_064.parquet,datasets/Conna/eMotions/data/eMotions_chunk_064.parquet,bb97b7453720968aa6793bd962a8880a459acadc,Neutral,neutral,15.463991,d25efd8355665514b2ae1ba56f062c3082d5c44e6738941bc5720c2e1656e3b5,neutral/neutral/neutral_neutral_0814_00000146.mp4,False,
emotion:00000147.mp4,00000147.mp4,eMotions_chunk_064.parquet,datasets/Conna/eMotions/data/eMotions_chunk_064.parquet,bb97b7453720968aa6793bd962a8880a459acadc,Neutral,neutral,10.680998,cba069fc3e117a114cbc4751b51e873e77ef0b5c4b7febe80077ea76e349d9b2,neutral/neutral/neutral_neutral_0815_00000147.mp4,False,
emotion:00000155.mp4,00000155.mp4,eMotions_chunk_064.parquet,datasets/Conna/eMotions/data/eMotions_chunk_064.parquet,bb97b7453720968aa6793bd962a8880a459acadc,Neutral,neutral,14.533333,8dcc81394d6c5f1af967a96173145107e780014a09b0caec77ed29cd1eb03d61,neutral/neutral/neutral_neutral_0816_00000155.mp4,False,
emotion:00000156.mp4,00000156.mp4,eMotions_chunk_064.parquet,datasets/Conna/eMotions/data/eMotions_chunk_064.parquet,bb97b7453720968aa6793bd962a8880a459acadc,Neutral,neutral,9.745777,9149746baa63e54e59029adcae52b183ffab6b6ea16673966d41fdfe2fc2eb4a,neutral/neutral/neutral_neutral_0817_00000156.mp4,False,
emotion:00000159.mp4,00000159.mp4,eMotions_chunk_064.parquet,datasets/Conna/eMotions/data/eMotions_chunk_064.parquet,bb97b7453720968aa6793bd962a8880a459acadc,Neutral,neutral,23.898861,612705e6312079fb1a63f77b7da1284701784e1637ea8f34e9829172092919ba,neutral/neutral/neutral_neutral_0818_00000159.mp4,False,
emotion:00000162.mp4,00000162.mp4,eMotions_chunk_064.parquet,datasets/Conna/eMotions/data/eMotions_chunk_064.parquet,bb97b7453720968aa6793bd962a8880a459acadc,Neutral,neutral,5.967007,b8abef07daf22f26258d7d8a4aad388257692e5cb79b67caa340e2ae5d9d9d7a,neutral/neutral/neutral_neutral_0819_00000162.mp4,False,
emotion:00000163.mp4,00000163.mp4,eMotions_chunk_064.parquet,datasets/Conna/eMotions/data/eMotions_chunk_064.parquet,bb97b7453720968aa6793bd962a8880a459acadc,Neutral,neutral,16.556009,72500b0214378ed898d99596b4fdbb14a461bc6915f32ac692f31f68ca2dac93,neutral/neutral/neutral_neutral_0820_00000163.mp4,False,
emotion:00000165.mp4,00000165.mp4,eMotions_chunk_064.parquet,datasets/Conna/eMotions/data/eMotions_chunk_064.parquet,bb97b7453720968aa6793bd962a8880a459acadc,Neutral,neutral,7.592993,975af3a0626920fd614800868f5bb13905e4c5cec608e038aadfce48d5cb7c2c,neutral/neutral/neutral_neutral_0821_00000165.mp4,False,
emotion:00000166.mp4,00000166.mp4,eMotions_chunk_064.parquet,datasets/Conna/eMotions/data/eMotions_chunk_064.parquet,bb97b7453720968aa6793bd962a8880a459acadc,Neutral,neutral,16.516668,54814e429f9a9f69217b96aabc31e983f6eee00e592cdafbca4deccbea949107,neutral/neutral/neutral_neutral_0822_00000166.mp4,False,
emotion:00000167.mp4,00000167.mp4,eMotions_chunk_064.parquet,datasets/Conna/eMotions/data/eMotions_chunk_064.parquet,bb97b7453720968aa6793bd962a8880a459acadc,Neutral,neutral,9.1,09fce312d43f71f7657012a92d6e22320d33991145e402a2377a3d84efb54d4f,neutral/neutral/neutral_neutral_0823_00000167.mp4,False,
emotion:00000169.mp4,00000169.mp4,eMotions_chunk_064.parquet,datasets/Conna/eMotions/data/eMotions_chunk_064.parquet,bb97b7453720968aa6793bd962a8880a459acadc,Neutral,neutral,14.533333,45cf825ee35144fba5b0f0c333fbc500537ad46d21fecd279008596c62a1b91f,neutral/neutral/neutral_neutral_0824_00000169.mp4,False,
emotion:00000172.mp4,00000172.mp4,eMotions_chunk_064.parquet,datasets/Conna/eMotions/data/eMotions_chunk_064.parquet,bb97b7453720968aa6793bd962a8880a459acadc,Neutral,neutral,20.033333,8a8a3be0ef65cc67cfa6762b9b38f033c44eb67242f64c7b302e303bd9649502,neutral/neutral/neutral_neutral_0825_00000172.mp4,False,
emotion:00000173.mp4,00000173.mp4,eMotions_chunk_064.parquet,datasets/Conna/eMotions/data/eMotions_chunk_064.parquet,bb97b7453720968aa6793bd962a8880a459acadc,Neutral,neutral,24.533333,d97ee926c75c0013711d86bc7226cbf8ca4555c7070f18ae4202b2d4719a42d6,neutral/neutral/neutral_neutral_0826_00000173.mp4,False,
emotion:00000180.mp4,00000180.mp4,eMotions_chunk_064.parquet,datasets/Conna/eMotions/data/eMotions_chunk_064.parquet,bb97b7453720968aa6793bd962a8880a459acadc,Neutral,neutral,13.676009,d9aa200d0c1003e2fba4226f6b239c6725dc4fae05f6df574e445481b8ebdf35,neutral/neutral/neutral_neutral_0827_00000180.mp4,False,
emotion:00000202.mp4,00000202.mp4,eMotions_chunk_064.parquet,datasets/Conna/eMotions/data/eMotions_chunk_064.parquet,bb97b7453720968aa6793bd962a8880a459acadc,Neutral,neutral,15.25,d3b291d1dfe31ec13e0a1d0702a5220a77e25e16f17ad74a72921d541c865566,neutral/neutral/neutral_neutral_0828_00000202.mp4,False,
emotion:00000217.mp4,00000217.mp4,eMotions_chunk_064.parquet,datasets/Conna/eMotions/data/eMotions_chunk_064.parquet,bb97b7453720968aa6793bd962a8880a459acadc,Neutral,neutral,14.966667,3ac0c28423d85385e37a576baffe3de911c0dd1401335218d00ad8b8a8e0beeb,neutral/neutral/neutral_neutral_0829_00000217.mp4,False,
emotion:00000229.mp4,00000229.mp4,eMotions_chunk_064.parquet,datasets/Conna/eMotions/data/eMotions_chunk_064.parquet,bb97b7453720968aa6793bd962a8880a459acadc,Neutral,neutral,15.157895,5aaa49f05308a7867c8c4194c8964fde6f3a36d4348c428253a3ad9c91c2e52c,neutral/neutral/neutral_neutral_0830_00000229.mp4,False,
emotion:00000230.mp4,00000230.mp4,eMotions_chunk_064.parquet,datasets/Conna/eMotions/data/eMotions_chunk_064.parquet,bb97b7453720968aa6793bd962a8880a459acadc,Neutral,neutral,17.033333,9df6f991189affc9c42633a4f1062ffe8dbf996a438ceb4b6e1dfe8a1d0e3079,neutral/neutral/neutral_neutral_0831_00000230.mp4,False,
emotion:00000231.mp4,00000231.mp4,eMotions_chunk_064.parquet,datasets/Conna/eMotions/data/eMotions_chunk_064.parquet,bb97b7453720968aa6793bd962a8880a459acadc,Neutral,neutral,14.133333,63b3b0b4227990cf975c490b3881c3008fe807915cd8c4ce2374e7c7c189823d,neutral/neutral/neutral_neutral_0832_00000231.mp4,False,
emotion:00000235.mp4,00000235.mp4,eMotions_chunk_064.parquet,datasets/Conna/eMotions/data/eMotions_chunk_064.parquet,bb97b7453720968aa6793bd962a8880a459acadc,Neutral,neutral,38.615011,a62d3f51ff682332ad28a0b1844cc7a1393dba3bca8a4f9069eb4474238bbb31,neutral/neutral/neutral_neutral_0833_00000235.mp4,False,
emotion:00000241.mp4,00000241.mp4,eMotions_chunk_064.parquet,datasets/Conna/eMotions/data/eMotions_chunk_064.parquet,bb97b7453720968aa6793bd962a8880a459acadc,Neutral,neutral,15.046009,c088bb8f540feb658e687000f51baa243f960692b8adec7cf47fb06c9492eefd,neutral/neutral/neutral_neutral_0834_00000241.mp4,False,
emotion:00000250.mp4,00000250.mp4,eMotions_chunk_064.parquet,datasets/Conna/eMotions/data/eMotions_chunk_064.parquet,bb97b7453720968aa6793bd962a8880a459acadc,Neutral,neutral,33.343991,20bd1e1ceb6731a2f995a3442aa19c0a9e93cdc34dda7ee172c8dff01d6f9ff7,neutral/neutral/neutral_neutral_0835_00000250.mp4,False,
emotion:00000251.mp4,00000251.mp4,eMotions_chunk_064.parquet,datasets/Conna/eMotions/data/eMotions_chunk_064.parquet,bb97b7453720968aa6793bd962a8880a459acadc,Neutral,neutral,19.40143,b2f203fdb3e1c056c552fbd9b30074862e5600539cff25e4b153cc20434c47cc,neutral/neutral/neutral_neutral_0836_00000251.mp4,False,
emotion:00000253.mp4,00000253.mp4,eMotions_chunk_064.parquet,datasets/Conna/eMotions/data/eMotions_chunk_064.parquet,bb97b7453720968aa6793bd962a8880a459acadc,Neutral,neutral,14.5,b682b31d549d85d5863abdad8491f51e12a65a5b3e00cf8efff21f263235e419,neutral/neutral/neutral_neutral_0837_00000253.mp4,False,
emotion:00000255.mp4,00000255.mp4,eMotions_chunk_064.parquet,datasets/Conna/eMotions/data/eMotions_chunk_064.parquet,bb97b7453720968aa6793bd962a8880a459acadc,Neutral,neutral,15.046009,861aed4b007e753ac2b58a94f76bc8ec7ef5c0e56d176cfeb303dcec3d7499b3,neutral/neutral/neutral_neutral_0838_00000255.mp4,False,
emotion:00000257.mp4,00000257.mp4,eMotions_chunk_064.parquet,datasets/Conna/eMotions/data/eMotions_chunk_064.parquet,bb97b7453720968aa6793bd962a8880a459acadc,Neutral,neutral,15.418005,3d069cb25560e1e04dae5c5145074c3908ad892aee29778130c45a00f854941e,neutral/neutral/neutral_neutral_0839_00000257.mp4,False,
emotion:00000259.mp4,00000259.mp4,eMotions_chunk_064.parquet,datasets/Conna/eMotions/data/eMotions_chunk_064.parquet,bb97b7453720968aa6793bd962a8880a459acadc,Neutral,neutral,17.333333,ff8111bbe67a68680aec08ea6156da803ef401e18c70e3020d18d8864c0cbb69,neutral/neutral/neutral_neutral_0840_00000259.mp4,False,
emotion:00000264.mp4,00000264.mp4,eMotions_chunk_064.parquet,datasets/Conna/eMotions/data/eMotions_chunk_064.parquet,bb97b7453720968aa6793bd962a8880a459acadc,Neutral,neutral,10.1,2291fccc0cbe514bbc71b9a778ee3bad9744444b02c60c5fc1b6a9f6091b4202,neutral/neutral/neutral_neutral_0841_00000264.mp4,False,
emotion:00000266.mp4,00000266.mp4,eMotions_chunk_064.parquet,datasets/Conna/eMotions/data/eMotions_chunk_064.parquet,bb97b7453720968aa6793bd962a8880a459acadc,Neutral,neutral,14.313009,5f6472b05aa937052595c954073bd41b0c7f83a04f3f3eb0209ff014db786026,neutral/neutral/neutral_neutral_0842_00000266.mp4,False,
emotion:00000270.mp4,00000270.mp4,eMotions_chunk_064.parquet,datasets/Conna/eMotions/data/eMotions_chunk_064.parquet,bb97b7453720968aa6793bd962a8880a459acadc,Neutral,neutral,12.050998,0f2c24bc622db40b4bdda5c2404b8ff30a56e24443d642e3d0b44634b5212d24,neutral/neutral/neutral_neutral_0843_00000270.mp4,False,
emotion:00000273.mp4,00000273.mp4,eMotions_chunk_064.parquet,datasets/Conna/eMotions/data/eMotions_chunk_064.parquet,bb97b7453720968aa6793bd962a8880a459acadc,Neutral,neutral,28.3,182305ad7d110c8cb64566a6a6435209929d5e953a755386ee2bb6e113798ee6,neutral/neutral/neutral_neutral_0844_00000273.mp4,False,
emotion:00000275.mp4,00000275.mp4,eMotions_chunk_064.parquet,datasets/Conna/eMotions/data/eMotions_chunk_064.parquet,bb97b7453720968aa6793bd962a8880a459acadc,Neutral,neutral,29.301995,1d59b2be9ad8aa92d0f495e3c0d19ad75ba38605022cc45df35fa84db8ccb05f,neutral/neutral/neutral_neutral_0845_00000275.mp4,False,
emotion:00000276.mp4,00000276.mp4,eMotions_chunk_064.parquet,datasets/Conna/eMotions/data/eMotions_chunk_064.parquet,bb97b7453720968aa6793bd962a8880a459acadc,Neutral,neutral,32.369748,9d88fcee89dac474e58fb08616286c0ad6f86bc00fdff137282d0cae8ba88e43,neutral/neutral/neutral_neutral_0846_00000276.mp4,False,
emotion:00000278.mp4,00000278.mp4,eMotions_chunk_064.parquet,datasets/Conna/eMotions/data/eMotions_chunk_064.parquet,bb97b7453720968aa6793bd962a8880a459acadc,Neutral,neutral,35.8,8aff2e8d949468f44d7af56645ec405f2341960126d2db68db2dde00cf270646,neutral/neutral/neutral_neutral_0847_00000278.mp4,False,
emotion:00000279.mp4,00000279.mp4,eMotions_chunk_064.parquet,datasets/Conna/eMotions/data/eMotions_chunk_064.parquet,bb97b7453720968aa6793bd962a8880a459acadc,Neutral,neutral,10.933333,b63c49028d1ba82513ca37dc21c573e1a7fe1a7291bf15e6658fcf28a70a3fed,neutral/neutral/neutral_neutral_0848_00000279.mp4,False,
emotion:00000299.mp4,00000299.mp4,eMotions_chunk_064.parquet,datasets/Conna/eMotions/data/eMotions_chunk_064.parquet,bb97b7453720968aa6793bd962a8880a459acadc,Neutral,neutral,13.033333,065a6e27d2b802f65c8124b33f11c7f6f063b9e1da6563cf837becd35b4d87cd,neutral/neutral/neutral_neutral_0849_00000299.mp4,False,
emotion:00000300.mp4,00000300.mp4,eMotions_chunk_064.parquet,datasets/Conna/eMotions/data/eMotions_chunk_064.parquet,bb97b7453720968aa6793bd962a8880a459acadc,Neutral,neutral,7.611342,ecfded22cbde2ba685d542bddabb146d85d7af78c4d1f26810636937cce1b33c,neutral/neutral/neutral_neutral_0850_00000300.mp4,False,
emotion:00000301.mp4,00000301.mp4,eMotions_chunk_064.parquet,datasets/Conna/eMotions/data/eMotions_chunk_064.parquet,bb97b7453720968aa6793bd962a8880a459acadc,Neutral,neutral,14.949888,237d7702713a2a2a64caca2fbdc9cce467840df776bb532f78c1b878a32230d2,neutral/neutral/neutral_neutral_0851_00000301.mp4,False,
emotion:00000308.mp4,00000308.mp4,eMotions_chunk_064.parquet,datasets/Conna/eMotions/data/eMotions_chunk_064.parquet,bb97b7453720968aa6793bd962a8880a459acadc,Neutral,neutral,59.333333,87f10ec7f049b2db9aed4888a903623d76dddcf0ac0889b3c4463fadb1c2b7b6,neutral/neutral/neutral_neutral_0852_00000308.mp4,False,
emotion:00000315.mp4,00000315.mp4,eMotions_chunk_064.parquet,datasets/Conna/eMotions/data/eMotions_chunk_064.parquet,bb97b7453720968aa6793bd962a8880a459acadc,Neutral,neutral,34.233333,4ff4cf753137c209e02d838e5a12cd231949e2d8cff48ce45cfc80747eb0e89c,neutral/neutral/neutral_neutral_0853_00000315.mp4,False,
emotion:00000317.mp4,00000317.mp4,eMotions_chunk_064.parquet,datasets/Conna/eMotions/data/eMotions_chunk_064.parquet,bb97b7453720968aa6793bd962a8880a459acadc,Neutral,neutral,9.233333,6c13dd2734d8ced7e63799f7add598e97447063a0b60f44f9d4f17f943e4b34f,neutral/neutral/neutral_neutral_0854_00000317.mp4,False,
emotion:00000318.mp4,00000318.mp4,eMotions_chunk_064.parquet,datasets/Conna/eMotions/data/eMotions_chunk_064.parquet,bb97b7453720968aa6793bd962a8880a459acadc,Neutral,neutral,10.033333,20dcc3164b5628383f809c282af6b8e7c27e71fd75eac64440115e664935e8b0,neutral/neutral/neutral_neutral_0855_00000318.mp4,False,
emotion:00000328.mp4,00000328.mp4,eMotions_chunk_064.parquet,datasets/Conna/eMotions/data/eMotions_chunk_064.parquet,bb97b7453720968aa6793bd962a8880a459acadc,Neutral,neutral,9.533333,2a64343d3f4c70055f63f2506ae8dab788656d7c43396746ffe57c9c1afca829,neutral/neutral/neutral_neutral_0856_00000328.mp4,False,
emotion:00000329.mp4,00000329.mp4,eMotions_chunk_064.parquet,datasets/Conna/eMotions/data/eMotions_chunk_064.parquet,bb97b7453720968aa6793bd962a8880a459acadc,Neutral,neutral,9.533333,0f07f379191028191ab0d10d0be55f4d68aee242235eeda9e92c3ee8b9aeac02,neutral/neutral/neutral_neutral_0857_00000329.mp4,False,
emotion:00000331.mp4,00000331.mp4,eMotions_chunk_064.parquet,datasets/Conna/eMotions/data/eMotions_chunk_064.parquet,bb97b7453720968aa6793bd962a8880a459acadc,Neutral,neutral,13.9,82f1e07ca6a7bb147e61bf1a9cb8d549edcdc05663e6c32d8cfb68336ce84f8b,neutral/neutral/neutral_neutral_0858_00000331.mp4,False,
emotion:00000332.mp4,00000332.mp4,eMotions_chunk_064.parquet,datasets/Conna/eMotions/data/eMotions_chunk_064.parquet,bb97b7453720968aa6793bd962a8880a459acadc,Neutral,neutral,20.687007,eb79fc772287b9f0428a2d77f70f9237adea0bb2e9a3bf5ec3fc20d9d8e01aad,neutral/neutral/neutral_neutral_0859_00000332.mp4,False,
emotion:00000335.mp4,00000335.mp4,eMotions_chunk_064.parquet,datasets/Conna/eMotions/data/eMotions_chunk_064.parquet,bb97b7453720968aa6793bd962a8880a459acadc,Neutral,neutral,11.666667,56e92ded2d05a4a62ab24f776b7d5620e8dfb7e6f8b698b5255e212bf05ac482,neutral/neutral/neutral_neutral_0860_00000335.mp4,False,
emotion:00000337.mp4,00000337.mp4,eMotions_chunk_064.parquet,datasets/Conna/eMotions/data/eMotions_chunk_064.parquet,bb97b7453720968aa6793bd962a8880a459acadc,Neutral,neutral,15.633333,ec31fcc9f0ce7f77c2a7e590a2224e02094d8da74b93a58f58982d6d6f5d9427,neutral/neutral/neutral_neutral_0861_00000337.mp4,False,
emotion:00000341.mp4,00000341.mp4,eMotions_chunk_064.parquet,datasets/Conna/eMotions/data/eMotions_chunk_064.parquet,bb97b7453720968aa6793bd962a8880a459acadc,Neutral,neutral,15.116009,f2ddb768ffcdf8a9fe15b1d100977d56aa55403110916cf18c071420dcbb1245,neutral/neutral/neutral_neutral_0862_00000341.mp4,False,
emotion:00000343.mp4,00000343.mp4,eMotions_chunk_064.parquet,datasets/Conna/eMotions/data/eMotions_chunk_064.parquet,bb97b7453720968aa6793bd962a8880a459acadc,Neutral,neutral,44.559002,344d4dc905aae2e5e08ad62c5dee5edc07275763fcf9d966bac6a60267c2d68b,neutral/neutral/neutral_neutral_0863_00000343.mp4,False,
emotion:00000346.mp4,00000346.mp4,eMotions_chunk_064.parquet,datasets/Conna/eMotions/data/eMotions_chunk_064.parquet,bb97b7453720968aa6793bd962a8880a459acadc,Neutral,neutral,15.557007,fd89d58558af05e2b195c6fcf63a105677c8b13cd9e97ee7cac6eabdec8b82b4,neutral/neutral/neutral_neutral_0864_00000346.mp4,False,
emotion:00000352.mp4,00000352.mp4,eMotions_chunk_064.parquet,datasets/Conna/eMotions/data/eMotions_chunk_064.parquet,bb97b7453720968aa6793bd962a8880a459acadc,Neutral,neutral,10.391178,ba9dd20c4d66824c2ac9dda6c6b458a054892068cd1ce85953e49d29ff3b9479,neutral/neutral/neutral_neutral_0865_00000352.mp4,False,
emotion:00000356.mp4,00000356.mp4,eMotions_chunk_064.parquet,datasets/Conna/eMotions/data/eMotions_chunk_064.parquet,bb97b7453720968aa6793bd962a8880a459acadc,Neutral,neutral,12.746079,61b7bb74362dd7ef347d687ebd2cc92bd4d33e8b3d3d29ef80d0c121e32c28ce,neutral/neutral/neutral_neutral_0866_00000356.mp4,False,
emotion:00000360.mp4,00000360.mp4,eMotions_chunk_064.parquet,datasets/Conna/eMotions/data/eMotions_chunk_064.parquet,bb97b7453720968aa6793bd962a8880a459acadc,Neutral,neutral,59.95,00578fcb42a2b5f75aab7c6b80c2ae3b166709c894bd94a5a7de9d27eeb2ce0c,neutral/neutral/neutral_neutral_0867_00000360.mp4,False,
emotion:00000362.mp4,00000362.mp4,eMotions_chunk_064.parquet,datasets/Conna/eMotions/data/eMotions_chunk_064.parquet,bb97b7453720968aa6793bd962a8880a459acadc,Neutral,neutral,15.166667,143d2b0a9b5514528c9fc89de653b0dc044fb857eb8c0aeee4da2879f4aa40e3,neutral/neutral/neutral_neutral_0868_00000362.mp4,False,
emotion:00000364.mp4,00000364.mp4,eMotions_chunk_064.parquet,datasets/Conna/eMotions/data/eMotions_chunk_064.parquet,bb97b7453720968aa6793bd962a8880a459acadc,Neutral,neutral,15.1,4235e78fab72738cf98f01ef60175b67f613f04cfb93e2a0a2752972e5d59704,neutral/neutral/neutral_neutral_0869_00000364.mp4,False,
emotion:00000381.mp4,00000381.mp4,eMotions_chunk_064.parquet,datasets/Conna/eMotions/data/eMotions_chunk_064.parquet,bb97b7453720968aa6793bd962a8880a459acadc,Neutral,neutral,16.935402,03e4a5acbfb05c3ebc4dc9740fe37326790da58c6690d726e2520341f58152a8,neutral/neutral/neutral_neutral_0870_00000381.mp4,False,
emotion:00000382.mp4,00000382.mp4,eMotions_chunk_064.parquet,datasets/Conna/eMotions/data/eMotions_chunk_064.parquet,bb97b7453720968aa6793bd962a8880a459acadc,Neutral,neutral,27.005011,cc18a3d3df8a889e218e4a0d6b24fb73d4e78b7ddad27152404d8170f27a2b18,neutral/neutral/neutral_neutral_0871_00000382.mp4,False,
emotion:00000398.mp4,00000398.mp4,eMotions_chunk_064.parquet,datasets/Conna/eMotions/data/eMotions_chunk_064.parquet,bb97b7453720968aa6793bd962a8880a459acadc,Neutral,neutral,9.8,865e4d6723c9fe7dc154ed3c57a92785a763f812476e26328733eb0966350043,neutral/neutral/neutral_neutral_0872_00000398.mp4,False,
emotion:00000400.mp4,00000400.mp4,eMotions_chunk_064.parquet,datasets/Conna/eMotions/data/eMotions_chunk_064.parquet,bb97b7453720968aa6793bd962a8880a459acadc,Neutral,neutral,15.046009,976e4e3dc68bfd641b569cbc497c89c8985a30341ca07a4fd40abff55d92c2da,neutral/neutral/neutral_neutral_0873_00000400.mp4,False,
emotion:00000401.mp4,00000401.mp4,eMotions_chunk_064.parquet,datasets/Conna/eMotions/data/eMotions_chunk_064.parquet,bb97b7453720968aa6793bd962a8880a459acadc,Neutral,neutral,15.873016,50a3442ecd5e8adac3ae19ac5e77c48d5632fa757610299caaa15814d5cb0c2a,neutral/neutral/neutral_neutral_0874_00000401.mp4,False,
emotion:00000402.mp4,00000402.mp4,eMotions_chunk_064.parquet,datasets/Conna/eMotions/data/eMotions_chunk_064.parquet,bb97b7453720968aa6793bd962a8880a459acadc,Neutral,neutral,14.489002,98c84462de0d257f659c9e523b059708be1c65da33b792ec7beeba63c7013987,neutral/neutral/neutral_neutral_0875_00000402.mp4,False,
emotion:00000410.mp4,00000410.mp4,eMotions_chunk_064.parquet,datasets/Conna/eMotions/data/eMotions_chunk_064.parquet,bb97b7453720968aa6793bd962a8880a459acadc,Neutral,neutral,8.103991,28617becb80cc825a6d1f3ffefeb86e0c4d8ce5c1030c6cae57cf140be14e99c,neutral/neutral/neutral_neutral_0876_00000410.mp4,False,
emotion:00000413.mp4,00000413.mp4,eMotions_chunk_064.parquet,datasets/Conna/eMotions/data/eMotions_chunk_064.parquet,bb97b7453720968aa6793bd962a8880a459acadc,Neutral,neutral,11.533333,fb4d2b9026f5d5020b9cf139b9e10a52fd7b2ed605e0c123d432ab5840b49f55,neutral/neutral/neutral_neutral_0877_00000413.mp4,False,
emotion:00000417.mp4,00000417.mp4,eMotions_chunk_064.parquet,datasets/Conna/eMotions/data/eMotions_chunk_064.parquet,bb97b7453720968aa6793bd962a8880a459acadc,Neutral,neutral,9.533333,a077b45cf25902a96b81847a3b166030ca6ba898729eb90a00656a8ea48736ec,neutral/neutral/neutral_neutral_0878_00000417.mp4,False,
emotion:00000423.mp4,00000423.mp4,eMotions_chunk_064.parquet,datasets/Conna/eMotions/data/eMotions_chunk_064.parquet,bb97b7453720968aa6793bd962a8880a459acadc,Neutral,neutral,6.284053,9b0c16a4fecf83f68f2015a935752b107270783fc3dd43a6a9bc4b01ffaf0d92,neutral/neutral/neutral_neutral_0879_00000423.mp4,False,
emotion:00000424.mp4,00000424.mp4,eMotions_chunk_064.parquet,datasets/Conna/eMotions/data/eMotions_chunk_064.parquet,bb97b7453720968aa6793bd962a8880a459acadc,Neutral,neutral,9.821995,0411e5b460300866505719a9dea9b6779d4e3a66eec049a65a96f37304506205,neutral/neutral/neutral_neutral_0880_00000424.mp4,False,
emotion:00000429.mp4,00000429.mp4,eMotions_chunk_064.parquet,datasets/Conna/eMotions/data/eMotions_chunk_064.parquet,bb97b7453720968aa6793bd962a8880a459acadc,Neutral,neutral,31.466667,1c13b710e5b814de38e5be4c1da7c9ac764788c131bf9704441947b32ef1700e,neutral/neutral/neutral_neutral_0881_00000429.mp4,False,
emotion:00000430.mp4,00000430.mp4,eMotions_chunk_064.parquet,datasets/Conna/eMotions/data/eMotions_chunk_064.parquet,bb97b7453720968aa6793bd962a8880a459acadc,Neutral,neutral,13.9,00224b88dc6fe68eb437671ee9ac7d8fbc0119e91294d7b5d24353ce2ed2a4f6,neutral/neutral/neutral_neutral_0882_00000430.mp4,False,
emotion:00000432.mp4,00000432.mp4,eMotions_chunk_064.parquet,datasets/Conna/eMotions/data/eMotions_chunk_064.parquet,bb97b7453720968aa6793bd962a8880a459acadc,Neutral,neutral,14.933333,20a35cfcd1ae635a5ceed764a0be4ede7025376ebb6e1d7ebf7db81860e1a7fe,neutral/neutral/neutral_neutral_0883_00000432.mp4,False,
emotion:00000433.mp4,00000433.mp4,eMotions_chunk_064.parquet,datasets/Conna/eMotions/data/eMotions_chunk_064.parquet,bb97b7453720968aa6793bd962a8880a459acadc,Neutral,neutral,11.016667,658800238576cab418056c5d16ec2b818b42d3545310306a9078a672ce37a018,neutral/neutral/neutral_neutral_0884_00000433.mp4,False,
emotion:00000434.mp4,00000434.mp4,eMotions_chunk_064.parquet,datasets/Conna/eMotions/data/eMotions_chunk_064.parquet,bb97b7453720968aa6793bd962a8880a459acadc,Neutral,neutral,40.983333,4d58f7f19ba86638d4ecc70c13ad53e9b819a3ac5cbd9dc9090b67303162887b,neutral/neutral/neutral_neutral_0885_00000434.mp4,False,
emotion:00000438.mp4,00000438.mp4,eMotions_chunk_064.parquet,datasets/Conna/eMotions/data/eMotions_chunk_064.parquet,bb97b7453720968aa6793bd962a8880a459acadc,Neutral,neutral,15.166667,22c54aa11d48981659e9f4bf3dded02d1924a339dc5a03a34828a4db76607fb1,neutral/neutral/neutral_neutral_0886_00000438.mp4,False,
emotion:00031933.mp4,00031933.mp4,eMotions_chunk_064.parquet,datasets/Conna/eMotions/data/eMotions_chunk_064.parquet,bb97b7453720968aa6793bd962a8880a459acadc,Fear,negative,26.933333,5369d2a8fe654dd8f122945b99697a1948221908dcbbdcc71044be89be8d8939,negative/fear/negative_fear_0887_00031933.mp4,False,
emotion:00031937.mp4,00031937.mp4,eMotions_chunk_064.parquet,datasets/Conna/eMotions/data/eMotions_chunk_064.parquet,bb97b7453720968aa6793bd962a8880a459acadc,Fear,negative,38.033333,6039bae6cb4ff272c1d468a75e3356d770340d8a41383d699582e53a708f7014,negative/fear/negative_fear_0888_00031937.mp4,False,
emotion:00031939.mp4,00031939.mp4,eMotions_chunk_064.parquet,datasets/Conna/eMotions/data/eMotions_chunk_064.parquet,bb97b7453720968aa6793bd962a8880a459acadc,Fear,negative,46.485011,3c5de99db9a823bb5f7512138f389bb7d34cbffd83d68e94d4d7219d007b65a3,negative/fear/negative_fear_0889_00031939.mp4,False,
emotion:00031944.mp4,00031944.mp4,eMotions_chunk_064.parquet,datasets/Conna/eMotions/data/eMotions_chunk_064.parquet,bb97b7453720968aa6793bd962a8880a459acadc,Fear,negative,44.0,54cd521d0b66d79ebf48129b2e37306d89c8060d69b3860439075ebd6965198b,negative/fear/negative_fear_0890_00031944.mp4,False,
emotion:00031945.mp4,00031945.mp4,eMotions_chunk_064.parquet,datasets/Conna/eMotions/data/eMotions_chunk_064.parquet,bb97b7453720968aa6793bd962a8880a459acadc,Fear,negative,36.407007,7db2683a883f3929e486c983a71cbc2e8b9e1b3ea92c8b5441f0376adcb160c3,negative/fear/negative_fear_0891_00031945.mp4,False,
emotion:00031946.mp4,00031946.mp4,eMotions_chunk_064.parquet,datasets/Conna/eMotions/data/eMotions_chunk_064.parquet,bb97b7453720968aa6793bd962a8880a459acadc,Fear,negative,39.008005,eea3d0285d5bb3162f679fd3b60475bb0c8bcc0fc4a629e64494788d5098e9d1,negative/fear/negative_fear_0892_00031946.mp4,False,
emotion:00031947.mp4,00031947.mp4,eMotions_chunk_064.parquet,datasets/Conna/eMotions/data/eMotions_chunk_064.parquet,bb97b7453720968aa6793bd962a8880a459acadc,Fear,negative,53.1,1e3bfbe4796cf5a1e632f7c4bed1d4c4e01e764866e550be6051aee5526faab6,negative/fear/negative_fear_0893_00031947.mp4,False,
emotion:00031953.mp4,00031953.mp4,eMotions_chunk_064.parquet,datasets/Conna/eMotions/data/eMotions_chunk_064.parquet,bb97b7453720968aa6793bd962a8880a459acadc,Fear,negative,40.841995,bdcee4ae9ef911b514a83a54090cda3f4201e848b79f7aa2979f20ac6842fe95,negative/fear/negative_fear_0894_00031953.mp4,False,
emotion:00031954.mp4,00031954.mp4,eMotions_chunk_064.parquet,datasets/Conna/eMotions/data/eMotions_chunk_064.parquet,bb97b7453720968aa6793bd962a8880a459acadc,Fear,negative,56.516009,1b043b2c71943c727e35134d69616372eafbec34dc13c9bc6af191f66f5e4447,negative/fear/negative_fear_0895_00031954.mp4,False,
emotion:00031956.mp4,00031956.mp4,eMotions_chunk_064.parquet,datasets/Conna/eMotions/data/eMotions_chunk_064.parquet,bb97b7453720968aa6793bd962a8880a459acadc,Fear,negative,60.0,6b080c5ab3cef9d93030b8fd2accba78d8443cfefa05bf18206d88298455b212,negative/fear/negative_fear_0896_00031956.mp4,False,
emotion:00031958.mp4,00031958.mp4,eMotions_chunk_064.parquet,datasets/Conna/eMotions/data/eMotions_chunk_064.parquet,bb97b7453720968aa6793bd962a8880a459acadc,Fear,negative,39.17,674e98e161b89b877fd3292fe8b0df1da48afe49b4b8dd8cf669558b19f49381,negative/fear/negative_fear_0897_00031958.mp4,False,
emotion:00031960.mp4,00031960.mp4,eMotions_chunk_064.parquet,datasets/Conna/eMotions/data/eMotions_chunk_064.parquet,bb97b7453720968aa6793bd962a8880a459acadc,Fear,negative,56.678005,c32324757341cc3d3c007b356b948882fedd76131c4c1059ce6391d0b975f007,negative/fear/negative_fear_0898_00031960.mp4,False,
emotion:00031961.mp4,00031961.mp4,eMotions_chunk_064.parquet,datasets/Conna/eMotions/data/eMotions_chunk_064.parquet,bb97b7453720968aa6793bd962a8880a459acadc,Fear,negative,32.166667,597373b3b858332699784cad585c79f2bb442b3863b93c2a9640cf44758ee01d,negative/fear/negative_fear_0899_00031961.mp4,False,
emotion:00031967.mp4,00031967.mp4,eMotions_chunk_064.parquet,datasets/Conna/eMotions/data/eMotions_chunk_064.parquet,bb97b7453720968aa6793bd962a8880a459acadc,Fear,negative,22.683991,6b4cfbb515b14ab2deedaa556583f4d0ce36500446ef5084c58345f7b4c54d94,negative/fear/negative_fear_0900_00031967.mp4,False,
emotion:00031969.mp4,00031969.mp4,eMotions_chunk_064.parquet,datasets/Conna/eMotions/data/eMotions_chunk_064.parquet,bb97b7453720968aa6793bd962a8880a459acadc,Fear,negative,39.541995,58ba9eee62bf31f8854a59e37cffaa8cb2d5ed1f3bbc79122fef72449820e52b,negative/fear/negative_fear_0901_00031969.mp4,False,
emotion:00031970.mp4,00031970.mp4,eMotions_chunk_064.parquet,datasets/Conna/eMotions/data/eMotions_chunk_064.parquet,bb97b7453720968aa6793bd962a8880a459acadc,Fear,negative,44.0,6f8ae4057beb3c03f7588b6596a6a6d2410ab7802c9bac2e83458669e6bb47cc,negative/fear/negative_fear_0902_00031970.mp4,False,
emotion:00031971.mp4,00031971.mp4,eMotions_chunk_064.parquet,datasets/Conna/eMotions/data/eMotions_chunk_064.parquet,bb97b7453720968aa6793bd962a8880a459acadc,Fear,negative,36.175011,9e972872b7a02b494ee0da5dca1ba65c7d31c710fe669e918eba46e258fb6ea4,negative/fear/negative_fear_0903_00031971.mp4,False,
emotion:00031972.mp4,00031972.mp4,eMotions_chunk_064.parquet,datasets/Conna/eMotions/data/eMotions_chunk_064.parquet,bb97b7453720968aa6793bd962a8880a459acadc,Fear,negative,36.407007,e4e462b81690c6ff2f1c0978f520b89a28cf998b05412f91e9aa4642de539155,negative/fear/negative_fear_0904_00031972.mp4,False,
emotion:00031973.mp4,00031973.mp4,eMotions_chunk_064.parquet,datasets/Conna/eMotions/data/eMotions_chunk_064.parquet,bb97b7453720968aa6793bd962a8880a459acadc,Fear,negative,49.016009,ddcbd834e80c74bfef0520b01fbeecab8901567e82757d55fe2af7e5cbacc578,negative/fear/negative_fear_0905_00031973.mp4,False,
emotion:00031974.mp4,00031974.mp4,eMotions_chunk_064.parquet,datasets/Conna/eMotions/data/eMotions_chunk_064.parquet,bb97b7453720968aa6793bd962a8880a459acadc,Fear,negative,47.878005,fbf7672599a3c5986fc83aa0512a53a988559965ebe982dea4b4971f2811d6da,negative/fear/negative_fear_0906_00031974.mp4,False,
emotion:00031975.mp4,00031975.mp4,eMotions_chunk_064.parquet,datasets/Conna/eMotions/data/eMotions_chunk_064.parquet,bb97b7453720968aa6793bd962a8880a459acadc,Fear,negative,33.480998,dfe0294d121398eecf56bf61957a734f38b118a161b0a190003ca8af83b49290,negative/fear/negative_fear_0907_00031975.mp4,False,
emotion:00031976.mp4,00031976.mp4,eMotions_chunk_064.parquet,datasets/Conna/eMotions/data/eMotions_chunk_064.parquet,bb97b7453720968aa6793bd962a8880a459acadc,Fear,negative,29.766667,48582e07a1d467a3a374c76ea8694593a3fc183e73265d78173e39901d94fc4a,negative/fear/negative_fear_0908_00031976.mp4,False,
emotion:00031979.mp4,00031979.mp4,eMotions_chunk_064.parquet,datasets/Conna/eMotions/data/eMotions_chunk_064.parquet,bb97b7453720968aa6793bd962a8880a459acadc,Fear,negative,48.737007,b36fb468ba9d9d5fcfd5c3eb3d252d0092a8c071ad887ab41bdff046456edb72,negative/fear/negative_fear_0909_00031979.mp4,False,
emotion:00031982.mp4,00031982.mp4,eMotions_chunk_064.parquet,datasets/Conna/eMotions/data/eMotions_chunk_064.parquet,bb97b7453720968aa6793bd962a8880a459acadc,Fear,negative,15.0,9f1f8686f7462645f59702e73366541e651c9817f29e6a538fdc930f5f85bcd9,negative/fear/negative_fear_0910_00031982.mp4,False,
emotion:00031987.mp4,00031987.mp4,eMotions_chunk_064.parquet,datasets/Conna/eMotions/data/eMotions_chunk_064.parquet,bb97b7453720968aa6793bd962a8880a459acadc,Fear,negative,14.000998,99530ebb091f2eb2e28494058c7dd1d8d96527a53b780ce6cdd3b0d3ef174e9f,negative/fear/negative_fear_0911_00031987.mp4,False,
emotion:00031988.mp4,00031988.mp4,eMotions_chunk_064.parquet,datasets/Conna/eMotions/data/eMotions_chunk_064.parquet,bb97b7453720968aa6793bd962a8880a459acadc,Fear,negative,10.053991,c2c478b48b3ea68d654df3252e0f5bbcec7627e3b593805f44668acf1b4b6a9e,negative/fear/negative_fear_0912_00031988.mp4,False,
emotion:00031990.mp4,00031990.mp4,eMotions_chunk_064.parquet,datasets/Conna/eMotions/data/eMotions_chunk_064.parquet,bb97b7453720968aa6793bd962a8880a459acadc,Fear,negative,14.070998,d0e62f92f09828a11e414e0b977e03c1a413f10c9e585c1da95c3ec0e6b4f05a,negative/fear/negative_fear_0913_00031990.mp4,False,
emotion:00031993.mp4,00031993.mp4,eMotions_chunk_064.parquet,datasets/Conna/eMotions/data/eMotions_chunk_064.parquet,bb97b7453720968aa6793bd962a8880a459acadc,Fear,negative,27.84,5fe0fb005aa2b2a835cfebc63d119a12d1e951abf9728264c060f22394c4f3b2,negative/fear/negative_fear_0914_00031993.mp4,False,
emotion:00031994.mp4,00031994.mp4,eMotions_chunk_064.parquet,datasets/Conna/eMotions/data/eMotions_chunk_064.parquet,bb97b7453720968aa6793bd962a8880a459acadc,Fear,negative,11.051995,1bbe5a8395e0421583566474d98150945a8308c86a8fa3b52401d8ed2960b8cd,negative/fear/negative_fear_0915_00031994.mp4,False,
emotion:00031995.mp4,00031995.mp4,eMotions_chunk_064.parquet,datasets/Conna/eMotions/data/eMotions_chunk_064.parquet,bb97b7453720968aa6793bd962a8880a459acadc,Fear,negative,11.980998,319063559d4dec4d3c96b50ac5a0e41e88f469abdbd0eda5ab82a003da991239,negative/fear/negative_fear_0916_00031995.mp4,False,
emotion:00031997.mp4,00031997.mp4,eMotions_chunk_064.parquet,datasets/Conna/eMotions/data/eMotions_chunk_064.parquet,bb97b7453720968aa6793bd962a8880a459acadc,Fear,negative,8.010998,25a3d9b29203c9d9ea83cb05d2fc50bd20f258bcaf69bd66d9da9293dbfe330a,negative/fear/negative_fear_0917_00031997.mp4,False,
emotion:00032000.mp4,00032000.mp4,eMotions_chunk_064.parquet,datasets/Conna/eMotions/data/eMotions_chunk_064.parquet,bb97b7453720968aa6793bd962a8880a459acadc,Fear,negative,14.790998,50b98bdf14cb50d31a3b6a4094cdfac96a29b4f8fcf19caa4d0514d8d2e98bdd,negative/fear/negative_fear_0918_00032000.mp4,False,
emotion:00032009.mp4,00032009.mp4,eMotions_chunk_064.parquet,datasets/Conna/eMotions/data/eMotions_chunk_064.parquet,bb97b7453720968aa6793bd962a8880a459acadc,Fear,negative,14.977007,57e9b2718008444c2f050daf074e57bc159486d87f79abd9e2c602f6e2bb19e8,negative/fear/negative_fear_0919_00032009.mp4,False,
emotion:00032016.mp4,00032016.mp4,eMotions_chunk_064.parquet,datasets/Conna/eMotions/data/eMotions_chunk_064.parquet,bb97b7453720968aa6793bd962a8880a459acadc,Fear,negative,15.019002,3e083562a9aafa21ff66d8e3ad40ccbb1acdf6ca097b03e13c5e7840da2869ff,negative/fear/negative_fear_0920_00032016.mp4,False,
emotion:00032020.mp4,00032020.mp4,eMotions_chunk_064.parquet,datasets/Conna/eMotions/data/eMotions_chunk_064.parquet,bb97b7453720968aa6793bd962a8880a459acadc,Fear,negative,9.408005,b6ec4aaf9c94e9d9ff9c61650ed2b6c330fca219759eafc054198ca2a1778db0,negative/fear/negative_fear_0921_00032020.mp4,False,
emotion:00032023.mp4,00032023.mp4,eMotions_chunk_064.parquet,datasets/Conna/eMotions/data/eMotions_chunk_064.parquet,bb97b7453720968aa6793bd962a8880a459acadc,Fear,negative,11.215011,810a2f11fa56a2771265acd46171cd9f23d36b07ca4650d4ef12da126cab64cd,negative/fear/negative_fear_0922_00032023.mp4,False,
emotion:00032034.mp4,00032034.mp4,eMotions_chunk_064.parquet,datasets/Conna/eMotions/data/eMotions_chunk_064.parquet,bb97b7453720968aa6793bd962a8880a459acadc,Fear,negative,13.12,37b49f72b8730c9a8f83141e9a22f43947b188216f315ee913c666084bcf4980,negative/fear/negative_fear_0923_00032034.mp4,False,
emotion:00032039.mp4,00032039.mp4,eMotions_chunk_064.parquet,datasets/Conna/eMotions/data/eMotions_chunk_064.parquet,bb97b7453720968aa6793bd962a8880a459acadc,Fear,negative,11.477007,e19128e239fa9cac8c9c741014aef9510e330ff60b7ca9545da16abb47792edd,negative/fear/negative_fear_0924_00032039.mp4,False,
emotion:00032040.mp4,00032040.mp4,eMotions_chunk_064.parquet,datasets/Conna/eMotions/data/eMotions_chunk_064.parquet,bb97b7453720968aa6793bd962a8880a459acadc,Fear,negative,13.888005,5e2b5c917599ab6b98d02b40436666f35ac16a2dcae8045a2524147733d42e81,negative/fear/negative_fear_0925_00032040.mp4,False,
emotion:00032042.mp4,00032042.mp4,eMotions_chunk_064.parquet,datasets/Conna/eMotions/data/eMotions_chunk_064.parquet,bb97b7453720968aa6793bd962a8880a459acadc,Fear,negative,14.72,355ac4c7a17b6718db3854a14184b6d0f5ec71afca18657b21a52abfbc3611f7,negative/fear/negative_fear_0926_00032042.mp4,False,
emotion:00032043.mp4,00032043.mp4,eMotions_chunk_064.parquet,datasets/Conna/eMotions/data/eMotions_chunk_064.parquet,bb97b7453720968aa6793bd962a8880a459acadc,Fear,negative,25.17,6ab70052e0cd8a02b0489f7501fc11dade8bc502835e7218924fb7323ed3efff,negative/fear/negative_fear_0927_00032043.mp4,False,
emotion:00032045.mp4,00032045.mp4,eMotions_chunk_064.parquet,datasets/Conna/eMotions/data/eMotions_chunk_064.parquet,bb97b7453720968aa6793bd962a8880a459acadc,Fear,negative,14.016009,1426edfc828266b08d9455f5a5df0f01cf537faca64de2d49c7781bd03d02daf,negative/fear/negative_fear_0928_00032045.mp4,False,
emotion:00032047.mp4,00032047.mp4,eMotions_chunk_064.parquet,datasets/Conna/eMotions/data/eMotions_chunk_064.parquet,bb97b7453720968aa6793bd962a8880a459acadc,Fear,negative,12.010998,c19f569ebb34cc057364e09aad44159eb7f25866a3dea0f2c7bc0e21c13be994,negative/fear/negative_fear_0929_00032047.mp4,False,
emotion:00032048.mp4,00032048.mp4,eMotions_chunk_064.parquet,datasets/Conna/eMotions/data/eMotions_chunk_064.parquet,bb97b7453720968aa6793bd962a8880a459acadc,Fear,negative,8.057007,d8a37ee0401c6853fd8519ee822b2e964d245cd8d1203739e18fd306c4f11d7a,negative/fear/negative_fear_0930_00032048.mp4,False,
emotion:00032051.mp4,00032051.mp4,eMotions_chunk_064.parquet,datasets/Conna/eMotions/data/eMotions_chunk_064.parquet,bb97b7453720968aa6793bd962a8880a459acadc,Fear,negative,12.421995,b7c3c67dcbda17ba858e7e7b6bc2cb646fcdbbbb8e9e999168a456a4ef781191,negative/fear/negative_fear_0931_00032051.mp4,False,
emotion:00032053.mp4,00032053.mp4,eMotions_chunk_064.parquet,datasets/Conna/eMotions/data/eMotions_chunk_064.parquet,bb97b7453720968aa6793bd962a8880a459acadc,Fear,negative,8.545011,31451efa2f36445cfefe8e0d6d7de4ae358d2fce591749fed42b2cab691b9273,negative/fear/negative_fear_0932_00032053.mp4,False,
emotion:00032059.mp4,00032059.mp4,eMotions_chunk_064.parquet,datasets/Conna/eMotions/data/eMotions_chunk_064.parquet,bb97b7453720968aa6793bd962a8880a459acadc,Fear,negative,12.167007,592d204dc4660fb4cd8afb4d5c4c44932422d8f9fbb5826906a909839756a427,negative/fear/negative_fear_0933_00032059.mp4,False,
emotion:00032060.mp4,00032060.mp4,eMotions_chunk_064.parquet,datasets/Conna/eMotions/data/eMotions_chunk_064.parquet,bb97b7453720968aa6793bd962a8880a459acadc,Fear,negative,9.685011,98a93e6f20c658eb495d87d8d818d8af7612e8a84dbac11a63b91994fad2668e,negative/fear/negative_fear_0934_00032060.mp4,False,
emotion:00032062.mp4,00032062.mp4,eMotions_chunk_064.parquet,datasets/Conna/eMotions/data/eMotions_chunk_064.parquet,bb97b7453720968aa6793bd962a8880a459acadc,Fear,negative,10.89,182e5eb25532432405f088ee99b19cee445e5e2fbcc21758894eec249340f2d0,negative/fear/negative_fear_0935_00032062.mp4,False,
emotion:00032064.mp4,00032064.mp4,eMotions_chunk_064.parquet,datasets/Conna/eMotions/data/eMotions_chunk_064.parquet,bb97b7453720968aa6793bd962a8880a459acadc,Fear,negative,12.416009,8c395271752fb9b42a84e9a8e9c6fa6136a2278676773be104dfaa8fb3ed43a5,negative/fear/negative_fear_0936_00032064.mp4,False,
emotion:00032072.mp4,00032072.mp4,eMotions_chunk_064.parquet,datasets/Conna/eMotions/data/eMotions_chunk_064.parquet,bb97b7453720968aa6793bd962a8880a459acadc,Fear,negative,12.073991,abda21ddd675797cb7624536c552ed07780fe751c4235527f18c6bf2f8c60b19,negative/fear/negative_fear_0937_00032072.mp4,False,
emotion:00032076.mp4,00032076.mp4,eMotions_chunk_064.parquet,datasets/Conna/eMotions/data/eMotions_chunk_064.parquet,bb97b7453720968aa6793bd962a8880a459acadc,Fear,negative,12.050998,956643bd5ca505d841bf18ad324cabd66c1b80d0779089ededa9433536f96a85,negative/fear/negative_fear_0938_00032076.mp4,False,
emotion:00032079.mp4,00032079.mp4,eMotions_chunk_064.parquet,datasets/Conna/eMotions/data/eMotions_chunk_064.parquet,bb97b7453720968aa6793bd962a8880a459acadc,Fear,negative,25.147007,96576427cff3ed18e86cb5330ebf8fbd098d0b1a56d49db5d6a63301cba34220,negative/fear/negative_fear_0939_00032079.mp4,False,
emotion:00032086.mp4,00032086.mp4,eMotions_chunk_064.parquet,datasets/Conna/eMotions/data/eMotions_chunk_064.parquet,bb97b7453720968aa6793bd962a8880a459acadc,Fear,negative,7.546009,118710c6ab8624bbd29864a4e92361f17f6acd5fa502b452dcbc89c2f70798d6,negative/fear/negative_fear_0940_00032086.mp4,False,
emotion:00032088.mp4,00032088.mp4,eMotions_chunk_064.parquet,datasets/Conna/eMotions/data/eMotions_chunk_064.parquet,bb97b7453720968aa6793bd962a8880a459acadc,Fear,negative,13.420998,c43f8174134e55f0721c048ac2f0cd5c93a4352aa5c1005f9d122120491a895d,negative/fear/negative_fear_0941_00032088.mp4,False,
emotion:00032093.mp4,00032093.mp4,eMotions_chunk_064.parquet,datasets/Conna/eMotions/data/eMotions_chunk_064.parquet,bb97b7453720968aa6793bd962a8880a459acadc,Fear,negative,15.139002,3fe673db52fd980c960ad1198496c0cb800a44a1ee509fd37f3b7634140f45e2,negative/fear/negative_fear_0942_00032093.mp4,False,
emotion:00032096.mp4,00032096.mp4,eMotions_chunk_064.parquet,datasets/Conna/eMotions/data/eMotions_chunk_064.parquet,bb97b7453720968aa6793bd962a8880a459acadc,Fear,negative,7.895011,5deb3ac5d91c16e2341c1c349d78aed23bb67ad88917ead1f86064bdb48d17a6,negative/fear/negative_fear_0943_00032096.mp4,False,
emotion:00032097.mp4,00032097.mp4,eMotions_chunk_064.parquet,datasets/Conna/eMotions/data/eMotions_chunk_064.parquet,bb97b7453720968aa6793bd962a8880a459acadc,Fear,negative,8.010998,bb5703794c9b5b450698f14582149ee1313830ae96d03a121598a370d085a990,negative/fear/negative_fear_0944_00032097.mp4,False,
emotion:00032098.mp4,00032098.mp4,eMotions_chunk_064.parquet,datasets/Conna/eMotions/data/eMotions_chunk_064.parquet,bb97b7453720968aa6793bd962a8880a459acadc,Fear,negative,14.675011,658af1d16ddb6425bbb6970173b0df6c1889fe5019d12351a72c67c5dce9099d,negative/fear/negative_fear_0945_00032098.mp4,False,
emotion:00032100.mp4,00032100.mp4,eMotions_chunk_064.parquet,datasets/Conna/eMotions/data/eMotions_chunk_064.parquet,bb97b7453720968aa6793bd962a8880a459acadc,Fear,negative,7.848005,58015b3685f7ba5ea45b3f030c9ba9c5856853d01d26e53aa04c2b19cc7b611d,negative/fear/negative_fear_0946_00032100.mp4,False,
emotion:00032103.mp4,00032103.mp4,eMotions_chunk_064.parquet,datasets/Conna/eMotions/data/eMotions_chunk_064.parquet,bb97b7453720968aa6793bd962a8880a459acadc,Fear,negative,14.35,030cfc94a5f462af78751b6ddb4ee496665aa8fdf3620b3c995d694cd5364652,negative/fear/negative_fear_0947_00032103.mp4,False,
emotion:00032105.mp4,00032105.mp4,eMotions_chunk_064.parquet,datasets/Conna/eMotions/data/eMotions_chunk_064.parquet,bb97b7453720968aa6793bd962a8880a459acadc,Fear,negative,8.010998,ff89699f431b5c1f9cdac75ad19404daff4df36ef5dc3a0b2527ba54681e3a3a,negative/fear/negative_fear_0948_00032105.mp4,False,
emotion:00032106.mp4,00032106.mp4,eMotions_chunk_064.parquet,datasets/Conna/eMotions/data/eMotions_chunk_064.parquet,bb97b7453720968aa6793bd962a8880a459acadc,Fear,negative,8.590998,3e5397d8c63516f96c0bc1bb4179dd3f9724281fec5718134531ef42dfb91195,negative/fear/negative_fear_0949_00032106.mp4,False,
emotion:00032116.mp4,00032116.mp4,eMotions_chunk_064.parquet,datasets/Conna/eMotions/data/eMotions_chunk_064.parquet,bb97b7453720968aa6793bd962a8880a459acadc,Fear,negative,10.797007,811dfcc1a92e1e523f8fea28f141cca7cb49f57910eb06ed756315b905f0c412,negative/fear/negative_fear_0950_00032116.mp4,False,
emotion:00032122.mp4,00032122.mp4,eMotions_chunk_064.parquet,datasets/Conna/eMotions/data/eMotions_chunk_064.parquet,bb97b7453720968aa6793bd962a8880a459acadc,Fear,negative,27.469002,e0787f55e1ccda24306151d6593434b2a62106f834369921d7cdbf90b9427c3d,negative/fear/negative_fear_0951_00032122.mp4,False,
emotion:00032127.mp4,00032127.mp4,eMotions_chunk_064.parquet,datasets/Conna/eMotions/data/eMotions_chunk_064.parquet,bb97b7453720968aa6793bd962a8880a459acadc,Fear,negative,15.0,b8468a9b879e9463b5cbbe204325ac878aca14692b9b134d73cdb68e80e4ca78,negative/fear/negative_fear_0952_00032127.mp4,False,
emotion:00032131.mp4,00032131.mp4,eMotions_chunk_064.parquet,datasets/Conna/eMotions/data/eMotions_chunk_064.parquet,bb97b7453720968aa6793bd962a8880a459acadc,Fear,negative,23.010998,d1d644094f9d7752120eb612a9ae0e16451676fc348c01a0f1919f8193d5c5e2,negative/fear/negative_fear_0953_00032131.mp4,False,
emotion:00032135.mp4,00032135.mp4,eMotions_chunk_064.parquet,datasets/Conna/eMotions/data/eMotions_chunk_064.parquet,bb97b7453720968aa6793bd962a8880a459acadc,Fear,negative,19.435011,d6f5e97963bba7dcdfe7b3a26c16c43df08da810940073e7ac391dbba9ee1b1e,negative/fear/negative_fear_0954_00032135.mp4,False,
emotion:00032137.mp4,00032137.mp4,eMotions_chunk_064.parquet,datasets/Conna/eMotions/data/eMotions_chunk_064.parquet,bb97b7453720968aa6793bd962a8880a459acadc,Fear,negative,20.48,f360874ecccb08b096ae6259840a815a8cfe0a277a289a8f30e3d7dbb2767e15,negative/fear/negative_fear_0955_00032137.mp4,False,
emotion:00032140.mp4,00032140.mp4,eMotions_chunk_064.parquet,datasets/Conna/eMotions/data/eMotions_chunk_064.parquet,bb97b7453720968aa6793bd962a8880a459acadc,Fear,negative,14.977007,ad250d443b817fc88ce56ee3420d40be83cc35883d6205506039d0f0541c1361,negative/fear/negative_fear_0956_00032140.mp4,False,
emotion:00032141.mp4,00032141.mp4,eMotions_chunk_064.parquet,datasets/Conna/eMotions/data/eMotions_chunk_064.parquet,bb97b7453720968aa6793bd962a8880a459acadc,Fear,negative,14.977007,709309a8af47506198c1f5f176f9b3f8adab60fb3276d92d518cd8d25a303fc8,negative/fear/negative_fear_0957_00032141.mp4,False,
emotion:00032142.mp4,00032142.mp4,eMotions_chunk_064.parquet,datasets/Conna/eMotions/data/eMotions_chunk_064.parquet,bb97b7453720968aa6793bd962a8880a459acadc,Fear,negative,7.940998,9a46fb60aacc5e9a306dee2c0a84b34c1018705d102aa93ddd968b59fe1f5221,negative/fear/negative_fear_0958_00032142.mp4,False,
emotion:00032146.mp4,00032146.mp4,eMotions_chunk_064.parquet,datasets/Conna/eMotions/data/eMotions_chunk_064.parquet,bb97b7453720968aa6793bd962a8880a459acadc,Fear,negative,14.581995,cd58105d3c149dc1f3dca5eb831a39356ca542b4ffe0cd4959de36851c942d25,negative/fear/negative_fear_0959_00032146.mp4,False,
emotion:00032150.mp4,00032150.mp4,eMotions_chunk_064.parquet,datasets/Conna/eMotions/data/eMotions_chunk_064.parquet,bb97b7453720968aa6793bd962a8880a459acadc,Fear,negative,11.168005,5b8324e20923a2aa22f044aa938f1464e73d9cf3620254fde9544832edd482ac,negative/fear/negative_fear_0960_00032150.mp4,False,
emotion:00032151.mp4,00032151.mp4,eMotions_chunk_064.parquet,datasets/Conna/eMotions/data/eMotions_chunk_064.parquet,bb97b7453720968aa6793bd962a8880a459acadc,Fear,negative,10.077007,69858923dba36e4925d0b215e0a9fc7fb34b0ef422fe8f03849bdfaeaebd5a41,negative/fear/negative_fear_0961_00032151.mp4,False,
emotion:00032152.mp4,00032152.mp4,eMotions_chunk_064.parquet,datasets/Conna/eMotions/data/eMotions_chunk_064.parquet,bb97b7453720968aa6793bd962a8880a459acadc,Fear,negative,15.0,b334ef33269ea37875e2ff6a78d1c5fffc3b976f1226a89097308b9eb31694e4,negative/fear/negative_fear_0962_00032152.mp4,False,
emotion:00032153.mp4,00032153.mp4,eMotions_chunk_064.parquet,datasets/Conna/eMotions/data/eMotions_chunk_064.parquet,bb97b7453720968aa6793bd962a8880a459acadc,Fear,negative,14.977007,553ec174a3a9c251c17358a4e656fd45dc0d7fd27e4668740613834e15e51aa0,negative/fear/negative_fear_0963_00032153.mp4,False,
emotion:00032156.mp4,00032156.mp4,eMotions_chunk_064.parquet,datasets/Conna/eMotions/data/eMotions_chunk_064.parquet,bb97b7453720968aa6793bd962a8880a459acadc,Fear,negative,20.015011,83bbdb706574642614907da712eba8e3748f184637ce841f018d2454800bf074,negative/fear/negative_fear_0964_00032156.mp4,False,
emotion:00032161.mp4,00032161.mp4,eMotions_chunk_064.parquet,datasets/Conna/eMotions/data/eMotions_chunk_064.parquet,bb97b7453720968aa6793bd962a8880a459acadc,Fear,negative,14.605011,67c7c42287e25b3dfc5507f339242812465f1e8ebd55a16d5487d0e7b11c05d6,negative/fear/negative_fear_0965_00032161.mp4,False,
emotion:00032165.mp4,00032165.mp4,eMotions_chunk_064.parquet,datasets/Conna/eMotions/data/eMotions_chunk_064.parquet,bb97b7453720968aa6793bd962a8880a459acadc,Fear,negative,14.977007,e6d91608f709b0fb646028bdccf61db755b1a59906d1a1df90a3d175ec973582,negative/fear/negative_fear_0966_00032165.mp4,False,
emotion:00032167.mp4,00032167.mp4,eMotions_chunk_064.parquet,datasets/Conna/eMotions/data/eMotions_chunk_064.parquet,bb97b7453720968aa6793bd962a8880a459acadc,Fear,negative,15.440998,159e43725ee64b4dd10ccefcd017d6b4309df666ed83d17a8d867015a02aa74a,negative/fear/negative_fear_0967_00032167.mp4,False,
emotion:00032169.mp4,00032169.mp4,eMotions_chunk_064.parquet,datasets/Conna/eMotions/data/eMotions_chunk_064.parquet,bb97b7453720968aa6793bd962a8880a459acadc,Fear,negative,15.0,3e8fef42aec76ee7909b65631a47da946915c769e744681c46d049f48376df1e,negative/fear/negative_fear_0968_00032169.mp4,False,
emotion:00032171.mp4,00032171.mp4,eMotions_chunk_064.parquet,datasets/Conna/eMotions/data/eMotions_chunk_064.parquet,bb97b7453720968aa6793bd962a8880a459acadc,Fear,negative,15.0,0fd1d4833fa9c9736331ee36a9ea16a5bf939804466d8a032595f6191212f89c,negative/fear/negative_fear_0969_00032171.mp4,False,
emotion:00032172.mp4,00032172.mp4,eMotions_chunk_064.parquet,datasets/Conna/eMotions/data/eMotions_chunk_064.parquet,bb97b7453720968aa6793bd962a8880a459acadc,Fear,negative,14.977007,b4f97141fd3b3f068dd540787f4caa92feb18073ad30d8f316abf83b807ce764,negative/fear/negative_fear_0970_00032172.mp4,False,
emotion:00032180.mp4,00032180.mp4,eMotions_chunk_064.parquet,datasets/Conna/eMotions/data/eMotions_chunk_064.parquet,bb97b7453720968aa6793bd962a8880a459acadc,Fear,negative,15.487007,ae8fefd55e21fb1acaa081144986142ebdda6cc88796c4ec1bbd356125e4784e,negative/fear/negative_fear_0971_00032180.mp4,False,
emotion:00032183.mp4,00032183.mp4,eMotions_chunk_064.parquet,datasets/Conna/eMotions/data/eMotions_chunk_064.parquet,bb97b7453720968aa6793bd962a8880a459acadc,Fear,negative,19.435011,dd4894df66883a372f14c863ff97319121d7651869b2433521139a183b77ba45,negative/fear/negative_fear_0972_00032183.mp4,False,
emotion:00032186.mp4,00032186.mp4,eMotions_chunk_064.parquet,datasets/Conna/eMotions/data/eMotions_chunk_064.parquet,bb97b7453720968aa6793bd962a8880a459acadc,Fear,negative,11.910998,1da6fd154fe8d0f0eab49758e4fb9d2c5bc69c7af127d38b4c0159e973908df5,negative/fear/negative_fear_0973_00032186.mp4,False,
emotion:00032188.mp4,00032188.mp4,eMotions_chunk_064.parquet,datasets/Conna/eMotions/data/eMotions_chunk_064.parquet,bb97b7453720968aa6793bd962a8880a459acadc,Fear,negative,12.143991,81204355f98fc5fa49e2f98f2395635599a928bcf628228ea211f35c1949f106,negative/fear/negative_fear_0974_00032188.mp4,False,
emotion:00032189.mp4,00032189.mp4,eMotions_chunk_064.parquet,datasets/Conna/eMotions/data/eMotions_chunk_064.parquet,bb97b7453720968aa6793bd962a8880a459acadc,Fear,negative,14.907007,07e6bcd2105d515501af08ea2d0c50b1beccae5e842cb4861f47c57c12d8d1d1,negative/fear/negative_fear_0975_00032189.mp4,False,
emotion:00032190.mp4,00032190.mp4,eMotions_chunk_064.parquet,datasets/Conna/eMotions/data/eMotions_chunk_064.parquet,bb97b7453720968aa6793bd962a8880a459acadc,Fear,negative,13.513991,b653da04c721e81057ab1a3aa8be02fe9dc86f079c6a5bf5522455cee835cb4c,negative/fear/negative_fear_0976_00032190.mp4,False,
emotion:00032198.mp4,00032198.mp4,eMotions_chunk_064.parquet,datasets/Conna/eMotions/data/eMotions_chunk_064.parquet,bb97b7453720968aa6793bd962a8880a459acadc,Fear,negative,15.0,3586c1feeb0a6e9388dc0f8e3951d580bf8f4c5f4a64869b682cbcc1e6d4fffb,negative/fear/negative_fear_0977_00032198.mp4,False,
emotion:00000911.mp4,00000911.mp4,eMotions_chunk_066.parquet,datasets/Conna/eMotions/data/eMotions_chunk_066.parquet,bb97b7453720968aa6793bd962a8880a459acadc,Neutral,neutral,18.033333,545994d894546a81835d99a110ca06cdef081f652e3b09e480e70b756fa61b57,neutral/neutral/neutral_neutral_0978_00000911.mp4,False,
emotion:00000913.mp4,00000913.mp4,eMotions_chunk_066.parquet,datasets/Conna/eMotions/data/eMotions_chunk_066.parquet,bb97b7453720968aa6793bd962a8880a459acadc,Neutral,neutral,16.509002,ab410d1ead80c42acbcd10cc8eb7a3935a8eba9788d5d12824006821aa042836,neutral/neutral/neutral_neutral_0979_00000913.mp4,False,
emotion:00000915.mp4,00000915.mp4,eMotions_chunk_066.parquet,datasets/Conna/eMotions/data/eMotions_chunk_066.parquet,bb97b7453720968aa6793bd962a8880a459acadc,Neutral,neutral,15.07,49f00b6a08e8c3de45f7385b5ad7c4c9be3353e1429262597cd96d55416e7d1f,neutral/neutral/neutral_neutral_0980_00000915.mp4,False,
emotion:00000916.mp4,00000916.mp4,eMotions_chunk_066.parquet,datasets/Conna/eMotions/data/eMotions_chunk_066.parquet,bb97b7453720968aa6793bd962a8880a459acadc,Neutral,neutral,21.866667,f40d12e26c52a6989c5efc36ac889fedd4a7c73cf7ee7a125b196d854f4ecc2f,neutral/neutral/neutral_neutral_0981_00000916.mp4,False,
emotion:00000917.mp4,00000917.mp4,eMotions_chunk_066.parquet,datasets/Conna/eMotions/data/eMotions_chunk_066.parquet,bb97b7453720968aa6793bd962a8880a459acadc,Neutral,neutral,13.357143,621ae719babf90e917fdd560b30bbbf0a405f1aac324778e4fd21a8e3a32f159,neutral/neutral/neutral_neutral_0982_00000917.mp4,False,
emotion:00000919.mp4,00000919.mp4,eMotions_chunk_066.parquet,datasets/Conna/eMotions/data/eMotions_chunk_066.parquet,bb97b7453720968aa6793bd962a8880a459acadc,Neutral,neutral,15.733333,b14b22402c3be22a894a6bc92a7319777716cfaa8d6249aaec12596bf91eda49,neutral/neutral/neutral_neutral_0983_00000919.mp4,False,
emotion:00000920.mp4,00000920.mp4,eMotions_chunk_066.parquet,datasets/Conna/eMotions/data/eMotions_chunk_066.parquet,bb97b7453720968aa6793bd962a8880a459acadc,Neutral,neutral,23.4,acaa92853b6aac4a1b595e7a6ff674fe2681b9596b7b1f9db1a42c7c90495523,neutral/neutral/neutral_neutral_0984_00000920.mp4,False,
emotion:00000922.mp4,00000922.mp4,eMotions_chunk_066.parquet,datasets/Conna/eMotions/data/eMotions_chunk_066.parquet,bb97b7453720968aa6793bd962a8880a459acadc,Neutral,neutral,14.28,6e6c353f842bc42960e01442c63cc830432c87059d72e15a132a652d026c2184,neutral/neutral/neutral_neutral_0985_00000922.mp4,False,
emotion:00000923.mp4,00000923.mp4,eMotions_chunk_066.parquet,datasets/Conna/eMotions/data/eMotions_chunk_066.parquet,bb97b7453720968aa6793bd962a8880a459acadc,Neutral,neutral,14.233333,c9d5143265c05c35f1113e2527913daad1850ee13390f4c070d89d9bdf0e3161,neutral/neutral/neutral_neutral_0986_00000923.mp4,False,
emotion:00000924.mp4,00000924.mp4,eMotions_chunk_066.parquet,datasets/Conna/eMotions/data/eMotions_chunk_066.parquet,bb97b7453720968aa6793bd962a8880a459acadc,Neutral,neutral,13.118644,83b367b1c0e3d5549e5ec815b60ab5630a51872bcc63111216beeba441b1c4fd,neutral/neutral/neutral_neutral_0987_00000924.mp4,False,
emotion:00000925.mp4,00000925.mp4,eMotions_chunk_066.parquet,datasets/Conna/eMotions/data/eMotions_chunk_066.parquet,bb97b7453720968aa6793bd962a8880a459acadc,Neutral,neutral,9.066667,c4c9fa380b1e7f8c6a012e8a7ecddf4781103a074f3b87d8e7755c59296b371f,neutral/neutral/neutral_neutral_0988_00000925.mp4,False,
emotion:00000927.mp4,00000927.mp4,eMotions_chunk_066.parquet,datasets/Conna/eMotions/data/eMotions_chunk_066.parquet,bb97b7453720968aa6793bd962a8880a459acadc,Neutral,neutral,29.1,4f643bc79788cf81cdf4148e84930fcc89f7ed3a3ab40aa0798aa2ba914ec6aa,neutral/neutral/neutral_neutral_0989_00000927.mp4,False,
emotion:00000930.mp4,00000930.mp4,eMotions_chunk_066.parquet,datasets/Conna/eMotions/data/eMotions_chunk_066.parquet,bb97b7453720968aa6793bd962a8880a459acadc,Neutral,neutral,15.081748,7910e32bdc04345c904e80842c0db54fba01dc578904fe5da19e373e2cb288fc,neutral/neutral/neutral_neutral_0990_00000930.mp4,False,
emotion:00000933.mp4,00000933.mp4,eMotions_chunk_066.parquet,datasets/Conna/eMotions/data/eMotions_chunk_066.parquet,bb97b7453720968aa6793bd962a8880a459acadc,Neutral,neutral,13.5,7b35414789e66f4b715d5143a228f043646122c626f8e0a589a8ff909db5f0e4,neutral/neutral/neutral_neutral_0991_00000933.mp4,False,
emotion:00000934.mp4,00000934.mp4,eMotions_chunk_066.parquet,datasets/Conna/eMotions/data/eMotions_chunk_066.parquet,bb97b7453720968aa6793bd962a8880a459acadc,Neutral,neutral,13.2,2113913724aac867898e11fda99992740dd9a422d8229cf7e7a44c9c3d56275c,neutral/neutral/neutral_neutral_0992_00000934.mp4,False,
emotion:00000936.mp4,00000936.mp4,eMotions_chunk_066.parquet,datasets/Conna/eMotions/data/eMotions_chunk_066.parquet,bb97b7453720968aa6793bd962a8880a459acadc,Neutral,neutral,9.792401,5b6e88d43820e9ea2bc185d7fe83fc6531dbbb1d639be332644c431113ad2fc7,neutral/neutral/neutral_neutral_0993_00000936.mp4,False,
emotion:00000942.mp4,00000942.mp4,eMotions_chunk_066.parquet,datasets/Conna/eMotions/data/eMotions_chunk_066.parquet,bb97b7453720968aa6793bd962a8880a459acadc,Neutral,neutral,23.833333,43596e7c2a969064065a5ae6aacace2fc5aa7d7e6e966409dd032b0f48204809,neutral/neutral/neutral_neutral_0994_00000942.mp4,False,
emotion:00000944.mp4,00000944.mp4,eMotions_chunk_066.parquet,datasets/Conna/eMotions/data/eMotions_chunk_066.parquet,bb97b7453720968aa6793bd962a8880a459acadc,Neutral,neutral,14.0,180742e7dafaa04acbb22d2ecb547a00036a52f93a315dc96f3c504cd69a31a0,neutral/neutral/neutral_neutral_0995_00000944.mp4,False,
emotion:00000945.mp4,00000945.mp4,eMotions_chunk_066.parquet,datasets/Conna/eMotions/data/eMotions_chunk_066.parquet,bb97b7453720968aa6793bd962a8880a459acadc,Neutral,neutral,15.068005,aed2d39a28ee94e1fea0ab48cfdce4e3ad1a025042cae8efa0ef2f3c22201e7f,neutral/neutral/neutral_neutral_0996_00000945.mp4,False,
emotion:00000946.mp4,00000946.mp4,eMotions_chunk_066.parquet,datasets/Conna/eMotions/data/eMotions_chunk_066.parquet,bb97b7453720968aa6793bd962a8880a459acadc,Neutral,neutral,20.387007,d617c28aac41b82a45950db42e04d457115d37595e138d5e98d53e7ddf5fce6f,neutral/neutral/neutral_neutral_0997_00000946.mp4,False,
emotion:00000947.mp4,00000947.mp4,eMotions_chunk_066.parquet,datasets/Conna/eMotions/data/eMotions_chunk_066.parquet,bb97b7453720968aa6793bd962a8880a459acadc,Neutral,neutral,14.836009,123903c2e352f05fa37f8c64e16d66f7bbec7f2fc1d5301651450a0df16c87a2,neutral/neutral/neutral_neutral_0998_00000947.mp4,False,
emotion:00000949.mp4,00000949.mp4,eMotions_chunk_066.parquet,datasets/Conna/eMotions/data/eMotions_chunk_066.parquet,bb97b7453720968aa6793bd962a8880a459acadc,Neutral,neutral,14.748081,7053f5aa9b0e88b290ae38d954991e824cbf50a734d33838880cc1eceb51ab44,neutral/neutral/neutral_neutral_0999_00000949.mp4,False,
emotion:00000950.mp4,00000950.mp4,eMotions_chunk_066.parquet,datasets/Conna/eMotions/data/eMotions_chunk_066.parquet,bb97b7453720968aa6793bd962a8880a459acadc,Neutral,neutral,12.3,9c79de16371424ee21572ad8a6fcf73141d6eec12dd54bac29317b469202999c,neutral/neutral/neutral_neutral_1000_00000950.mp4,False,
emotion:00000951.mp4,00000951.mp4,eMotions_chunk_066.parquet,datasets/Conna/eMotions/data/eMotions_chunk_066.parquet,bb97b7453720968aa6793bd962a8880a459acadc,Neutral,neutral,9.566667,53f12797377e1506c31ebe2ad4b741fb42ac06d9c9730bd0bb9cfcd49701cf50,neutral/neutral/neutral_neutral_1001_00000951.mp4,False,
emotion:00000952.mp4,00000952.mp4,eMotions_chunk_066.parquet,datasets/Conna/eMotions/data/eMotions_chunk_066.parquet,bb97b7453720968aa6793bd962a8880a459acadc,Neutral,neutral,44.783333,d0e54c431b94104f36f58d65c8c7ea4cc612df00f0f04d62d6892c23dcfb0b37,neutral/neutral/neutral_neutral_1002_00000952.mp4,False,
emotion:00000953.mp4,00000953.mp4,eMotions_chunk_066.parquet,datasets/Conna/eMotions/data/eMotions_chunk_066.parquet,bb97b7453720968aa6793bd962a8880a459acadc,Neutral,neutral,20.033333,6df7452427ed6e8cbba2fc659c081e149fb23080f4967756ba37c5ccb3dbd759,neutral/neutral/neutral_neutral_1003_00000953.mp4,False,
emotion:00000954.mp4,00000954.mp4,eMotions_chunk_066.parquet,datasets/Conna/eMotions/data/eMotions_chunk_066.parquet,bb97b7453720968aa6793bd962a8880a459acadc,Neutral,neutral,16.033333,6e1b244350f0b8f6d0a500957d7829e46fa3f4732e51275e204d9cb6eed2778d,neutral/neutral/neutral_neutral_1004_00000954.mp4,False,
emotion:00000956.mp4,00000956.mp4,eMotions_chunk_066.parquet,datasets/Conna/eMotions/data/eMotions_chunk_066.parquet,bb97b7453720968aa6793bd962a8880a459acadc,Neutral,neutral,13.068404,842ce74c01ff3192c3b9440953f5249a8b5b4b8f48d788bd280aa4f5f2a31353,neutral/neutral/neutral_neutral_1005_00000956.mp4,False,
emotion:00000957.mp4,00000957.mp4,eMotions_chunk_066.parquet,datasets/Conna/eMotions/data/eMotions_chunk_066.parquet,bb97b7453720968aa6793bd962a8880a459acadc,Neutral,neutral,8.057007,6b2e2d1d46d6f61a2f127108cd8263de670a0cde539a41e8d275132dc991f95c,neutral/neutral/neutral_neutral_1006_00000957.mp4,False,
emotion:00000958.mp4,00000958.mp4,eMotions_chunk_066.parquet,datasets/Conna/eMotions/data/eMotions_chunk_066.parquet,bb97b7453720968aa6793bd962a8880a459acadc,Neutral,neutral,9.1,af57f1962671ffaa5ba2189112400d089e267d70fa04d972b517a31b2fa4608e,neutral/neutral/neutral_neutral_1007_00000958.mp4,False,
emotion:00000963.mp4,00000963.mp4,eMotions_chunk_066.parquet,datasets/Conna/eMotions/data/eMotions_chunk_066.parquet,bb97b7453720968aa6793bd962a8880a459acadc,Neutral,neutral,13.8,fa1760727a717a11f8ae19297168705a082298d163c1353b882f0fc65d671e64,neutral/neutral/neutral_neutral_1008_00000963.mp4,False,
emotion:00000965.mp4,00000965.mp4,eMotions_chunk_066.parquet,datasets/Conna/eMotions/data/eMotions_chunk_066.parquet,bb97b7453720968aa6793bd962a8880a459acadc,Neutral,neutral,27.4,a3853dfcf41698322c1deb0b36b6d26718a2ea16404201c88b7e427e0fd5d2de,neutral/neutral/neutral_neutral_1009_00000965.mp4,False,
emotion:00000967.mp4,00000967.mp4,eMotions_chunk_066.parquet,datasets/Conna/eMotions/data/eMotions_chunk_066.parquet,bb97b7453720968aa6793bd962a8880a459acadc,Neutral,neutral,9.965517,57151048a4f7cbc8000184a0c411e98a5a6dd67ccb0109357995207371459fb3,neutral/neutral/neutral_neutral_1010_00000967.mp4,False,
emotion:00000968.mp4,00000968.mp4,eMotions_chunk_066.parquet,datasets/Conna/eMotions/data/eMotions_chunk_066.parquet,bb97b7453720968aa6793bd962a8880a459acadc,Neutral,neutral,15.066667,a1617e9ae7816ce7a61f666a21ff3cec63ecda6e5681284d77f1c9f202401748,neutral/neutral/neutral_neutral_1011_00000968.mp4,False,
emotion:00000971.mp4,00000971.mp4,eMotions_chunk_066.parquet,datasets/Conna/eMotions/data/eMotions_chunk_066.parquet,bb97b7453720968aa6793bd962a8880a459acadc,Neutral,neutral,17.8,eac1215263d3c8671877f7764282d3375a4a5dd4750ff119cc2a18aa59389f24,neutral/neutral/neutral_neutral_1012_00000971.mp4,False,
emotion:00000972.mp4,00000972.mp4,eMotions_chunk_066.parquet,datasets/Conna/eMotions/data/eMotions_chunk_066.parquet,bb97b7453720968aa6793bd962a8880a459acadc,Neutral,neutral,13.833333,90d599db6ed399cef81974b2abfd3b72440fc7ab663fa0583820613838d8e431,neutral/neutral/neutral_neutral_1013_00000972.mp4,False,
emotion:00000973.mp4,00000973.mp4,eMotions_chunk_066.parquet,datasets/Conna/eMotions/data/eMotions_chunk_066.parquet,bb97b7453720968aa6793bd962a8880a459acadc,Neutral,neutral,17.879002,1eb5faac02ff8dcec60c2d7163993c63bb4f7a969f385aaaa7604c48cb8e1a9f,neutral/neutral/neutral_neutral_1014_00000973.mp4,False,
emotion:00000974.mp4,00000974.mp4,eMotions_chunk_066.parquet,datasets/Conna/eMotions/data/eMotions_chunk_066.parquet,bb97b7453720968aa6793bd962a8880a459acadc,Neutral,neutral,15.277007,f339678441d2c5fb04ae7d6b8320a85bd31ca694ae36ea4611a9b8010f9f2a79,neutral/neutral/neutral_neutral_1015_00000974.mp4,False,
emotion:00000976.mp4,00000976.mp4,eMotions_chunk_066.parquet,datasets/Conna/eMotions/data/eMotions_chunk_066.parquet,bb97b7453720968aa6793bd962a8880a459acadc,Neutral,neutral,28.607007,42006e288362bc5bc19f5a604c07d3df6b59e719bfa2af2d4358e246fd9ca461,neutral/neutral/neutral_neutral_1016_00000976.mp4,False,
emotion:00000977.mp4,00000977.mp4,eMotions_chunk_066.parquet,datasets/Conna/eMotions/data/eMotions_chunk_066.parquet,bb97b7453720968aa6793bd962a8880a459acadc,Neutral,neutral,17.866667,bb57e461c8e18da4097bc232044268bcc10d6c49d3b87517b2fb8383f20d7d13,neutral/neutral/neutral_neutral_1017_00000977.mp4,False,
emotion:00000981.mp4,00000981.mp4,eMotions_chunk_066.parquet,datasets/Conna/eMotions/data/eMotions_chunk_066.parquet,bb97b7453720968aa6793bd962a8880a459acadc,Neutral,neutral,12.638591,2d74369fb53d25636424fa7a304f843a209a0d66854dd28e57cfeb8655805e45,neutral/neutral/neutral_neutral_1018_00000981.mp4,False,
emotion:00000985.mp4,00000985.mp4,eMotions_chunk_066.parquet,datasets/Conna/eMotions/data/eMotions_chunk_066.parquet,bb97b7453720968aa6793bd962a8880a459acadc,Neutral,neutral,8.833333,da8c3c231687079d6823895c8b81f61b673d7502a18fac70662794d1eaf53e7b,neutral/neutral/neutral_neutral_1019_00000985.mp4,False,
emotion:00000987.mp4,00000987.mp4,eMotions_chunk_066.parquet,datasets/Conna/eMotions/data/eMotions_chunk_066.parquet,bb97b7453720968aa6793bd962a8880a459acadc,Neutral,neutral,9.533333,9b0b4cf408858d04287991f69ec3adc9da98e4d478f5d13587ed104242a9c267,neutral/neutral/neutral_neutral_1020_00000987.mp4,False,
emotion:00000991.mp4,00000991.mp4,eMotions_chunk_066.parquet,datasets/Conna/eMotions/data/eMotions_chunk_066.parquet,bb97b7453720968aa6793bd962a8880a459acadc,Neutral,neutral,8.25,d419f549b71b8106835b0fb8a0b74ea3e9c671193c1e1185a730a39b592582c2,neutral/neutral/neutral_neutral_1021_00000991.mp4,False,
emotion:00000992.mp4,00000992.mp4,eMotions_chunk_066.parquet,datasets/Conna/eMotions/data/eMotions_chunk_066.parquet,bb97b7453720968aa6793bd962a8880a459acadc,Neutral,neutral,29.210998,abe85c66fb82f6c47d757438dd1143ec7a89997aa561e36a67c30038f1c18b68,neutral/neutral/neutral_neutral_1022_00000992.mp4,False,
emotion:00000993.mp4,00000993.mp4,eMotions_chunk_066.parquet,datasets/Conna/eMotions/data/eMotions_chunk_066.parquet,bb97b7453720968aa6793bd962a8880a459acadc,Neutral,neutral,7.4,aed52f645c4d89e0edabd194efefe18e2d8004b10b0fe1266011818ac07262f5,neutral/neutral/neutral_neutral_1023_00000993.mp4,False,
emotion:00000994.mp4,00000994.mp4,eMotions_chunk_066.parquet,datasets/Conna/eMotions/data/eMotions_chunk_066.parquet,bb97b7453720968aa6793bd962a8880a459acadc,Neutral,neutral,14.953991,068ece5999b4683f95b83fd485b7bee0040e1c9625eab107165ab0962765c4f8,neutral/neutral/neutral_neutral_1024_00000994.mp4,False,
emotion:00000998.mp4,00000998.mp4,eMotions_chunk_066.parquet,datasets/Conna/eMotions/data/eMotions_chunk_066.parquet,bb97b7453720968aa6793bd962a8880a459acadc,Neutral,neutral,15.0,11620f3dfed9050ea7013e03f6208532261bed34f3da2b097e2a7d60ff513fe5,neutral/neutral/neutral_neutral_1025_00000998.mp4,False,
emotion:00000999.mp4,00000999.mp4,eMotions_chunk_066.parquet,datasets/Conna/eMotions/data/eMotions_chunk_066.parquet,bb97b7453720968aa6793bd962a8880a459acadc,Neutral,neutral,14.766667,e4c4142e481ad28529d61154b52a0f06d91bcd574027d21d454e7fe44f12ee29,neutral/neutral/neutral_neutral_1026_00000999.mp4,False,
emotion:00001001.mp4,00001001.mp4,eMotions_chunk_066.parquet,datasets/Conna/eMotions/data/eMotions_chunk_066.parquet,bb97b7453720968aa6793bd962a8880a459acadc,Neutral,neutral,54.566667,2cb1a5c461623726384457e6485c7861ab25d02c5f34ee45b3b3ed26f9872435,neutral/neutral/neutral_neutral_1027_00001001.mp4,False,
emotion:00001005.mp4,00001005.mp4,eMotions_chunk_066.parquet,datasets/Conna/eMotions/data/eMotions_chunk_066.parquet,bb97b7453720968aa6793bd962a8880a459acadc,Neutral,neutral,13.44678,414565079020209a99c003b69dc2ebd40ed93b4294105620e10a1c2d7e5da092,neutral/neutral/neutral_neutral_1028_00001005.mp4,False,
emotion:00001008.mp4,00001008.mp4,eMotions_chunk_066.parquet,datasets/Conna/eMotions/data/eMotions_chunk_066.parquet,bb97b7453720968aa6793bd962a8880a459acadc,Neutral,neutral,15.266667,fef3ec1034f91c63924e30ced20f66a0862c989949853fbe7b07fc61f16e9ca1,neutral/neutral/neutral_neutral_1029_00001008.mp4,False,
emotion:00001011.mp4,00001011.mp4,eMotions_chunk_066.parquet,datasets/Conna/eMotions/data/eMotions_chunk_066.parquet,bb97b7453720968aa6793bd962a8880a459acadc,Neutral,neutral,9.20339,566fe02a493f3356e8ad5b7e0fa9ef9cc9a370b6093ac8f213d644feb6407950,neutral/neutral/neutral_neutral_1030_00001011.mp4,False,
emotion:00001018.mp4,00001018.mp4,eMotions_chunk_066.parquet,datasets/Conna/eMotions/data/eMotions_chunk_066.parquet,bb97b7453720968aa6793bd962a8880a459acadc,Neutral,neutral,32.16,33c614a0868bfb912d49100f27c10994e4211f0e718710a1c1e639426b6cc075,neutral/neutral/neutral_neutral_1031_00001018.mp4,False,
emotion:00001023.mp4,00001023.mp4,eMotions_chunk_066.parquet,datasets/Conna/eMotions/data/eMotions_chunk_066.parquet,bb97b7453720968aa6793bd962a8880a459acadc,Neutral,neutral,8.7,6b9e40fb1e80c9cb6a36ba26c9fb2ce7834876283d8861a8a217073c8f9fb993,neutral/neutral/neutral_neutral_1032_00001023.mp4,False,
emotion:00001025.mp4,00001025.mp4,eMotions_chunk_066.parquet,datasets/Conna/eMotions/data/eMotions_chunk_066.parquet,bb97b7453720968aa6793bd962a8880a459acadc,Neutral,neutral,31.341132,54a1bdf62ac95989c1959b7c8ea782087679ea6af8c9812af6242086642f09a2,neutral/neutral/neutral_neutral_1033_00001025.mp4,False,
emotion:00001026.mp4,00001026.mp4,eMotions_chunk_066.parquet,datasets/Conna/eMotions/data/eMotions_chunk_066.parquet,bb97b7453720968aa6793bd962a8880a459acadc,Neutral,neutral,12.266667,2d2fad9998855fa53b70157ecd42b5d8d2c5fb9fa90d5e3b946314f5224424e5,neutral/neutral/neutral_neutral_1034_00001026.mp4,False,
emotion:00001028.mp4,00001028.mp4,eMotions_chunk_066.parquet,datasets/Conna/eMotions/data/eMotions_chunk_066.parquet,bb97b7453720968aa6793bd962a8880a459acadc,Neutral,neutral,12.068966,a6d3e2ab5ac56b7d754c206f2dec789c54209601150988dc6c74c985d3928c98,neutral/neutral/neutral_neutral_1035_00001028.mp4,False,
emotion:00001033.mp4,00001033.mp4,eMotions_chunk_066.parquet,datasets/Conna/eMotions/data/eMotions_chunk_066.parquet,bb97b7453720968aa6793bd962a8880a459acadc,Neutral,neutral,6.989002,01a23b0d00072daa72afe2dae7998c58877d627cb8deb217482fd10e8874d2c3,neutral/neutral/neutral_neutral_1036_00001033.mp4,False,
emotion:00001035.mp4,00001035.mp4,eMotions_chunk_066.parquet,datasets/Conna/eMotions/data/eMotions_chunk_066.parquet,bb97b7453720968aa6793bd962a8880a459acadc,Neutral,neutral,14.758621,49c0ad57636e5a673bcb60f5adf7e19fe2415ec461db0e2c52829583fbdf66ef,neutral/neutral/neutral_neutral_1037_00001035.mp4,False,
emotion:00001036.mp4,00001036.mp4,eMotions_chunk_066.parquet,datasets/Conna/eMotions/data/eMotions_chunk_066.parquet,bb97b7453720968aa6793bd962a8880a459acadc,Neutral,neutral,19.533333,eeec9332d3e0db50e9e0e24e7d9c81716272ea80091e3ea08f8198e94a079fab,neutral/neutral/neutral_neutral_1038_00001036.mp4,False,
emotion:00001038.mp4,00001038.mp4,eMotions_chunk_066.parquet,datasets/Conna/eMotions/data/eMotions_chunk_066.parquet,bb97b7453720968aa6793bd962a8880a459acadc,Neutral,neutral,8.660998,73d949e6ff2193fb87fedd52bf49452f3c370ee8ed9252e5ab051a5e60bea95a,neutral/neutral/neutral_neutral_1039_00001038.mp4,False,
emotion:00001039.mp4,00001039.mp4,eMotions_chunk_066.parquet,datasets/Conna/eMotions/data/eMotions_chunk_066.parquet,bb97b7453720968aa6793bd962a8880a459acadc,Neutral,neutral,17.933333,63df301849b34fe5a174dd4e515b49579d0c90a5b16e1097ba41fb1a3dc66b2e,neutral/neutral/neutral_neutral_1040_00001039.mp4,False,
emotion:00001041.mp4,00001041.mp4,eMotions_chunk_066.parquet,datasets/Conna/eMotions/data/eMotions_chunk_066.parquet,bb97b7453720968aa6793bd962a8880a459acadc,Neutral,neutral,16.766667,85f096f50f1bb30a061ab1be47e232fc7d97b9616c92ef18902b16aea47931e3,neutral/neutral/neutral_neutral_1041_00001041.mp4,False,
emotion:00001044.mp4,00001044.mp4,eMotions_chunk_066.parquet,datasets/Conna/eMotions/data/eMotions_chunk_066.parquet,bb97b7453720968aa6793bd962a8880a459acadc,Neutral,neutral,14.070998,d46f2a795cbcc31d175a78f8985e5c572391d90f242787215c0da698922253cc,neutral/neutral/neutral_neutral_1042_00001044.mp4,False,
emotion:00001047.mp4,00001047.mp4,eMotions_chunk_066.parquet,datasets/Conna/eMotions/data/eMotions_chunk_066.parquet,bb97b7453720968aa6793bd962a8880a459acadc,Neutral,neutral,29.633333,4c8db79697c4e5b7c7b6b116ad73e23ce6b26f458a3cb1dd102765a8df4bef33,neutral/neutral/neutral_neutral_1043_00001047.mp4,False,
emotion:00001049.mp4,00001049.mp4,eMotions_chunk_066.parquet,datasets/Conna/eMotions/data/eMotions_chunk_066.parquet,bb97b7453720968aa6793bd962a8880a459acadc,Neutral,neutral,9.616667,84e6afe390bb9f516fb251e5fa8e6f4fa97bd607604eb054afaa2e3380a391fa,neutral/neutral/neutral_neutral_1044_00001049.mp4,False,
emotion:00001050.mp4,00001050.mp4,eMotions_chunk_066.parquet,datasets/Conna/eMotions/data/eMotions_chunk_066.parquet,bb97b7453720968aa6793bd962a8880a459acadc,Neutral,neutral,15.666667,5a4957e74525d34efa1ee6987e96e6c31933698e5c364bf42e25f6ff78d504a8,neutral/neutral/neutral_neutral_1045_00001050.mp4,False,
emotion:00001052.mp4,00001052.mp4,eMotions_chunk_066.parquet,datasets/Conna/eMotions/data/eMotions_chunk_066.parquet,bb97b7453720968aa6793bd962a8880a459acadc,Neutral,neutral,15.116009,dd7cdcf92f420f04d41c99a1bc25064a9492b2e085fe1ea54212fc3fd699e58e,neutral/neutral/neutral_neutral_1046_00001052.mp4,False,
emotion:00001054.mp4,00001054.mp4,eMotions_chunk_066.parquet,datasets/Conna/eMotions/data/eMotions_chunk_066.parquet,bb97b7453720968aa6793bd962a8880a459acadc,Neutral,neutral,11.2,e7736c7005de2dc4d41a54ddb02172d59544438a470bc7e0a2070855e3446664,neutral/neutral/neutral_neutral_1047_00001054.mp4,False,
emotion:00001055.mp4,00001055.mp4,eMotions_chunk_066.parquet,datasets/Conna/eMotions/data/eMotions_chunk_066.parquet,bb97b7453720968aa6793bd962a8880a459acadc,Neutral,neutral,15.046009,b60f21d80db85b856e9c09d4f114b8e9ca2ba3d539473a196bf84f80aef39d65,neutral/neutral/neutral_neutral_1048_00001055.mp4,False,
emotion:00001057.mp4,00001057.mp4,eMotions_chunk_066.parquet,datasets/Conna/eMotions/data/eMotions_chunk_066.parquet,bb97b7453720968aa6793bd962a8880a459acadc,Neutral,neutral,21.058261,20b3d6e55fe061d9333650e7e81a187d20dd020afedbb107f637fe62abe4f5bc,neutral/neutral/neutral_neutral_1049_00001057.mp4,False,
emotion:00001061.mp4,00001061.mp4,eMotions_chunk_066.parquet,datasets/Conna/eMotions/data/eMotions_chunk_066.parquet,bb97b7453720968aa6793bd962a8880a459acadc,Neutral,neutral,14.070998,9832f14fb9621f6c4a69bfc62469bd37aa552d3001c1521c38a294b3a6548b4a,neutral/neutral/neutral_neutral_1050_00001061.mp4,False,
emotion:00001063.mp4,00001063.mp4,eMotions_chunk_066.parquet,datasets/Conna/eMotions/data/eMotions_chunk_066.parquet,bb97b7453720968aa6793bd962a8880a459acadc,Neutral,neutral,15.131973,5d277564025b1274c18d1a7135e5e7954353d14254c1bac9e06e65be8bfa8e3a,neutral/neutral/neutral_neutral_1051_00001063.mp4,False,
emotion:00001064.mp4,00001064.mp4,eMotions_chunk_066.parquet,datasets/Conna/eMotions/data/eMotions_chunk_066.parquet,bb97b7453720968aa6793bd962a8880a459acadc,Neutral,neutral,52.114673,e0b43777e71cbdf4e684e64c825a372e89376c4cbff0b804ed73d76915caaccd,neutral/neutral/neutral_neutral_1052_00001064.mp4,False,
emotion:00001065.mp4,00001065.mp4,eMotions_chunk_066.parquet,datasets/Conna/eMotions/data/eMotions_chunk_066.parquet,bb97b7453720968aa6793bd962a8880a459acadc,Neutral,neutral,8.962993,93bed571fba18a395707f01db5bfb2f82dab9b43098f3e3fbb1e1dac6ae582e7,neutral/neutral/neutral_neutral_1053_00001065.mp4,False,
emotion:00001067.mp4,00001067.mp4,eMotions_chunk_066.parquet,datasets/Conna/eMotions/data/eMotions_chunk_066.parquet,bb97b7453720968aa6793bd962a8880a459acadc,Neutral,neutral,10.266667,cb321ef805596d7de94598e5ff4eaf0f3cef2e0fce97adcbfe032248d2fd44e5,neutral/neutral/neutral_neutral_1054_00001067.mp4,False,
emotion:00001068.mp4,00001068.mp4,eMotions_chunk_066.parquet,datasets/Conna/eMotions/data/eMotions_chunk_066.parquet,bb97b7453720968aa6793bd962a8880a459acadc,Neutral,neutral,15.139002,1121a0fbd008f4e2d2d21f9a87a68dca712465b3092ec9c29c1347bd727ed120,neutral/neutral/neutral_neutral_1055_00001068.mp4,False,
emotion:00001070.mp4,00001070.mp4,eMotions_chunk_066.parquet,datasets/Conna/eMotions/data/eMotions_chunk_066.parquet,bb97b7453720968aa6793bd962a8880a459acadc,Neutral,neutral,13.680347,d64932b8009dea6da15b3ad0f0bef3898556b4d4ede6775d372df22475930b23,neutral/neutral/neutral_neutral_1056_00001070.mp4,False,
emotion:00001071.mp4,00001071.mp4,eMotions_chunk_066.parquet,datasets/Conna/eMotions/data/eMotions_chunk_066.parquet,bb97b7453720968aa6793bd962a8880a459acadc,Neutral,neutral,13.909002,479bd95d9c4e15b0350448888b64e01784dda55b3524630adf8b192f9ec3d7c4,neutral/neutral/neutral_neutral_1057_00001071.mp4,False,
emotion:00001076.mp4,00001076.mp4,eMotions_chunk_066.parquet,datasets/Conna/eMotions/data/eMotions_chunk_066.parquet,bb97b7453720968aa6793bd962a8880a459acadc,Neutral,neutral,20.079774,714db4a4f460872ad30b15c249ce6f49fd72d48cc1257c1fc2f99c6b6dc415a9,neutral/neutral/neutral_neutral_1058_00001076.mp4,False,
emotion:00001077.mp4,00001077.mp4,eMotions_chunk_066.parquet,datasets/Conna/eMotions/data/eMotions_chunk_066.parquet,bb97b7453720968aa6793bd962a8880a459acadc,Neutral,neutral,12.012012,f96df84c553e60d050a87d4594436c08e35ce37a2624aed6249a457294c4f9fb,neutral/neutral/neutral_neutral_1059_00001077.mp4,False,
emotion:00001078.mp4,00001078.mp4,eMotions_chunk_066.parquet,datasets/Conna/eMotions/data/eMotions_chunk_066.parquet,bb97b7453720968aa6793bd962a8880a459acadc,Neutral,neutral,13.233333,b194f396d28b1d48d46453b5321768889053eb26cc66d7005ad86f34a4b53335,neutral/neutral/neutral_neutral_1060_00001078.mp4,False,
emotion:00001079.mp4,00001079.mp4,eMotions_chunk_066.parquet,datasets/Conna/eMotions/data/eMotions_chunk_066.parquet,bb97b7453720968aa6793bd962a8880a459acadc,Neutral,neutral,49.366667,ca144dea2a521973a3dd4e96a04a39b9f56a7a817994622602fa68c561095cb2,neutral/neutral/neutral_neutral_1061_00001079.mp4,False,
emotion:00001082.mp4,00001082.mp4,eMotions_chunk_066.parquet,datasets/Conna/eMotions/data/eMotions_chunk_066.parquet,bb97b7453720968aa6793bd962a8880a459acadc,Neutral,neutral,9.533333,71f74a59be1ff4aca30779c1031d8b134d29ff41882451b87e5c05ac4702aa45,neutral/neutral/neutral_neutral_1062_00001082.mp4,False,
emotion:00001085.mp4,00001085.mp4,eMotions_chunk_066.parquet,datasets/Conna/eMotions/data/eMotions_chunk_066.parquet,bb97b7453720968aa6793bd962a8880a459acadc,Neutral,neutral,8.230769,2499727da523c37bdacc8c401b09eec27b634bd7107c8b49d40dcc3c79fdbe12,neutral/neutral/neutral_neutral_1063_00001085.mp4,False,
emotion:00001103.mp4,00001103.mp4,eMotions_chunk_066.parquet,datasets/Conna/eMotions/data/eMotions_chunk_066.parquet,bb97b7453720968aa6793bd962a8880a459acadc,Neutral,neutral,13.666667,347b43e2d94599ea662eabe38453fb4ec29c359218660d87590c88519df1bf15,neutral/neutral/neutral_neutral_1064_00001103.mp4,False,
emotion:00001104.mp4,00001104.mp4,eMotions_chunk_066.parquet,datasets/Conna/eMotions/data/eMotions_chunk_066.parquet,bb97b7453720968aa6793bd962a8880a459acadc,Neutral,neutral,9.1,96a0f899d751d6fdeb49e845705216084a9315ea5a0e57f7d2de85d62c0c8635,neutral/neutral/neutral_neutral_1065_00001104.mp4,False,
emotion:00001105.mp4,00001105.mp4,eMotions_chunk_066.parquet,datasets/Conna/eMotions/data/eMotions_chunk_066.parquet,bb97b7453720968aa6793bd962a8880a459acadc,Neutral,neutral,36.78,2e1c51d8d91cac16b13bf8a534c2397732b0c648d7f867e1d876144fb5e52509,neutral/neutral/neutral_neutral_1066_00001105.mp4,False,
emotion:00001112.mp4,00001112.mp4,eMotions_chunk_066.parquet,datasets/Conna/eMotions/data/eMotions_chunk_066.parquet,bb97b7453720968aa6793bd962a8880a459acadc,Neutral,neutral,20.033333,d1b53ebe01f3cf4090f5bd827c20c3b329ba6fc2aac5c9e9f60f2188875d23bf,neutral/neutral/neutral_neutral_1067_00001112.mp4,False,
emotion:00001113.mp4,00001113.mp4,eMotions_chunk_066.parquet,datasets/Conna/eMotions/data/eMotions_chunk_066.parquet,bb97b7453720968aa6793bd962a8880a459acadc,Neutral,neutral,19.816667,f58100e2cca5d793c36fd3f517f405fb7d81dfbfcc95f7d0c6546a5c6c107ab8,neutral/neutral/neutral_neutral_1068_00001113.mp4,False,
emotion:00001114.mp4,00001114.mp4,eMotions_chunk_066.parquet,datasets/Conna/eMotions/data/eMotions_chunk_066.parquet,bb97b7453720968aa6793bd962a8880a459acadc,Neutral,neutral,14.544579,7de59ca466bc5f1e581bffc568aa2dd7feaade7ac73bd5286800b89c51367260,neutral/neutral/neutral_neutral_1069_00001114.mp4,False,
emotion:00001116.mp4,00001116.mp4,eMotions_chunk_066.parquet,datasets/Conna/eMotions/data/eMotions_chunk_066.parquet,bb97b7453720968aa6793bd962a8880a459acadc,Neutral,neutral,36.361995,e6c00c6b54112b47ac5143bdcee22203aaab670b19cd7df40a45f208e76c7286,neutral/neutral/neutral_neutral_1070_00001116.mp4,False,
emotion:00001119.mp4,00001119.mp4,eMotions_chunk_066.parquet,datasets/Conna/eMotions/data/eMotions_chunk_066.parquet,bb97b7453720968aa6793bd962a8880a459acadc,Neutral,neutral,13.438596,4de9527460801ff4a774ca5a30ce6c606a5918b10d15f45e6bbd0bee90c92d90,neutral/neutral/neutral_neutral_1071_00001119.mp4,False,
emotion:00001121.mp4,00001121.mp4,eMotions_chunk_066.parquet,datasets/Conna/eMotions/data/eMotions_chunk_066.parquet,bb97b7453720968aa6793bd962a8880a459acadc,Neutral,neutral,15.966667,c5d997952929ec394b799822c432204c0d8e27308216ddddeecc69cf46f88375,neutral/neutral/neutral_neutral_1072_00001121.mp4,False,
emotion:00001125.mp4,00001125.mp4,eMotions_chunk_066.parquet,datasets/Conna/eMotions/data/eMotions_chunk_066.parquet,bb97b7453720968aa6793bd962a8880a459acadc,Neutral,neutral,17.029099,9c061fc3e1d6dd8d89d48f36f9fa0c8576ac67679a240fca0f737745316ee5ca,neutral/neutral/neutral_neutral_1073_00001125.mp4,False,
emotion:00001126.mp4,00001126.mp4,eMotions_chunk_066.parquet,datasets/Conna/eMotions/data/eMotions_chunk_066.parquet,bb97b7453720968aa6793bd962a8880a459acadc,Neutral,neutral,15.083333,e4212a8ef053a10b2272145c8bd8514e4c9a1092aa6b2a25638edb424daf50a9,neutral/neutral/neutral_neutral_1074_00001126.mp4,False,
emotion:00001127.mp4,00001127.mp4,eMotions_chunk_066.parquet,datasets/Conna/eMotions/data/eMotions_chunk_066.parquet,bb97b7453720968aa6793bd962a8880a459acadc,Neutral,neutral,18.666667,9cd743915ee67bc77d869450cd19880875a390c64d4c2f95299598f79418c1c4,neutral/neutral/neutral_neutral_1075_00001127.mp4,False,
emotion:00001128.mp4,00001128.mp4,eMotions_chunk_066.parquet,datasets/Conna/eMotions/data/eMotions_chunk_066.parquet,bb97b7453720968aa6793bd962a8880a459acadc,Neutral,neutral,10.028215,f939c399a22460edaff9d878eb29233454147421fa6ce7c149a048859cda974b,neutral/neutral/neutral_neutral_1076_00001128.mp4,False,
emotion:00001130.mp4,00001130.mp4,eMotions_chunk_066.parquet,datasets/Conna/eMotions/data/eMotions_chunk_066.parquet,bb97b7453720968aa6793bd962a8880a459acadc,Neutral,neutral,58.997966,7327b0ac4b9db0000b01b5d4fa91bea4f201f09581323c9ae0ec821736eff88b,neutral/neutral/neutral_neutral_1077_00001130.mp4,False,
emotion:00001136.mp4,00001136.mp4,eMotions_chunk_066.parquet,datasets/Conna/eMotions/data/eMotions_chunk_066.parquet,bb97b7453720968aa6793bd962a8880a459acadc,Neutral,neutral,15.133333,6f4b48012272c9c535c01271c673637d221ce9bda456162faad63403d5af94a9,neutral/neutral/neutral_neutral_1078_00001136.mp4,False,
emotion:00001137.mp4,00001137.mp4,eMotions_chunk_066.parquet,datasets/Conna/eMotions/data/eMotions_chunk_066.parquet,bb97b7453720968aa6793bd962a8880a459acadc,Neutral,neutral,8.266667,7fad313d4ec4c57771b6e0033127d3991310452c188cb59c9d94ace07dffe1c3,neutral/neutral/neutral_neutral_1079_00001137.mp4,False,
emotion:00001139.mp4,00001139.mp4,eMotions_chunk_066.parquet,datasets/Conna/eMotions/data/eMotions_chunk_066.parquet,bb97b7453720968aa6793bd962a8880a459acadc,Neutral,neutral,14.533333,d4b58da467f0bbcde8383d6409dc1126e8f238be4f74074c44e43060cbc16e95,neutral/neutral/neutral_neutral_1080_00001139.mp4,False,
emotion:00001141.mp4,00001141.mp4,eMotions_chunk_066.parquet,datasets/Conna/eMotions/data/eMotions_chunk_066.parquet,bb97b7453720968aa6793bd962a8880a459acadc,Neutral,neutral,13.885011,6e57e223afffcdfd5969000c22c072ef7d0970e92f757ecb26c78b2e7a495cf6,neutral/neutral/neutral_neutral_1081_00001141.mp4,False,
emotion:00001142.mp4,00001142.mp4,eMotions_chunk_066.parquet,datasets/Conna/eMotions/data/eMotions_chunk_066.parquet,bb97b7453720968aa6793bd962a8880a459acadc,Neutral,neutral,13.647059,25bc70d4008d1b3388f66eb5a041085242b95082e1ea490bad972a3fa5cbc42f,neutral/neutral/neutral_neutral_1082_00001142.mp4,False,
emotion:00001145.mp4,00001145.mp4,eMotions_chunk_066.parquet,datasets/Conna/eMotions/data/eMotions_chunk_066.parquet,bb97b7453720968aa6793bd962a8880a459acadc,Neutral,neutral,14.8,e63a35a6015df914a629ba1ac37966d311bcebd68af1b35846845fd8daa3a750,neutral/neutral/neutral_neutral_1083_00001145.mp4,False,
emotion:00001146.mp4,00001146.mp4,eMotions_chunk_066.parquet,datasets/Conna/eMotions/data/eMotions_chunk_066.parquet,bb97b7453720968aa6793bd962a8880a459acadc,Neutral,neutral,14.133333,f579b628b9e12d66db86e25d5a9e916f908f74db5cfa77bc110029d2e5a59b41,neutral/neutral/neutral_neutral_1084_00001146.mp4,False,
emotion:00001147.mp4,00001147.mp4,eMotions_chunk_066.parquet,datasets/Conna/eMotions/data/eMotions_chunk_066.parquet,bb97b7453720968aa6793bd962a8880a459acadc,Neutral,neutral,8.8,e0a10f42f6ae9f6b0e022a1fa84b0cdfab99d7605582576f839954e76398ab73,neutral/neutral/neutral_neutral_1085_00001147.mp4,False,
emotion:00001149.mp4,00001149.mp4,eMotions_chunk_066.parquet,datasets/Conna/eMotions/data/eMotions_chunk_066.parquet,bb97b7453720968aa6793bd962a8880a459acadc,Neutral,neutral,30.233333,31a003b87d44c9b42045bf4df5069fe9991962219a72c88225fba34622aaae35,neutral/neutral/neutral_neutral_1086_00001149.mp4,False,
emotion:00001152.mp4,00001152.mp4,eMotions_chunk_066.parquet,datasets/Conna/eMotions/data/eMotions_chunk_066.parquet,bb97b7453720968aa6793bd962a8880a459acadc,Neutral,neutral,14.716667,175346229aca2155644ebb2996932b1e0a1a9baa2550dcf6b24fc23d16344c5f,neutral/neutral/neutral_neutral_1087_00001152.mp4,False,
emotion:00001153.mp4,00001153.mp4,eMotions_chunk_066.parquet,datasets/Conna/eMotions/data/eMotions_chunk_066.parquet,bb97b7453720968aa6793bd962a8880a459acadc,Neutral,neutral,28.533333,42826c848d0d812bc17fbd2feaa6c19306d7d3c08a28058fbc1815e70c4752ff,neutral/neutral/neutral_neutral_1088_00001153.mp4,False,
emotion:00001154.mp4,00001154.mp4,eMotions_chunk_066.parquet,datasets/Conna/eMotions/data/eMotions_chunk_066.parquet,bb97b7453720968aa6793bd962a8880a459acadc,Neutral,neutral,7.966667,51a5d71a892e78436713c1affd467caf18794eb60ce102aa04cbc467d911c55a,neutral/neutral/neutral_neutral_1089_00001154.mp4,False,
emotion:00001156.mp4,00001156.mp4,eMotions_chunk_066.parquet,datasets/Conna/eMotions/data/eMotions_chunk_066.parquet,bb97b7453720968aa6793bd962a8880a459acadc,Neutral,neutral,20.013991,a85f5d12510641f43ca7d514bbe396e62c88fb6d108d744f8af6cfcc806b68ab,neutral/neutral/neutral_neutral_1090_00001156.mp4,False,
emotion:00001158.mp4,00001158.mp4,eMotions_chunk_066.parquet,datasets/Conna/eMotions/data/eMotions_chunk_066.parquet,bb97b7453720968aa6793bd962a8880a459acadc,Neutral,neutral,9.008005,62f75c4522e0e46b05afabb10956112451e3710030dace53e79d0c493ff384fd,neutral/neutral/neutral_neutral_1091_00001158.mp4,False,
emotion:00001160.mp4,00001160.mp4,eMotions_chunk_066.parquet,datasets/Conna/eMotions/data/eMotions_chunk_066.parquet,bb97b7453720968aa6793bd962a8880a459acadc,Neutral,neutral,14.533333,b7c8bd1893757497524139d2e27d722654aeddd21279593eaf09a4e101ae6fbc,neutral/neutral/neutral_neutral_1092_00001160.mp4,False,
emotion:00001163.mp4,00001163.mp4,eMotions_chunk_066.parquet,datasets/Conna/eMotions/data/eMotions_chunk_066.parquet,bb97b7453720968aa6793bd962a8880a459acadc,Neutral,neutral,13.583333,2826936f448054230a2fc262f7083a87e1a07619c8fe41ff5127d5e7c93959d6,neutral/neutral/neutral_neutral_1093_00001163.mp4,False,
emotion:00001164.mp4,00001164.mp4,eMotions_chunk_066.parquet,datasets/Conna/eMotions/data/eMotions_chunk_066.parquet,bb97b7453720968aa6793bd962a8880a459acadc,Neutral,neutral,5.999933,42338b7fe46cde054fdb9a6521202c941dd2206e56effce385bb66f67b0d6b31,neutral/neutral/neutral_neutral_1094_00001164.mp4,False,
emotion:00001167.mp4,00001167.mp4,eMotions_chunk_066.parquet,datasets/Conna/eMotions/data/eMotions_chunk_066.parquet,bb97b7453720968aa6793bd962a8880a459acadc,Neutral,neutral,9.60961,5b12b3851013bff338e957d9f4f134deb6eaa7fa9a1bdc483d2f3d95434e8faa,neutral/neutral/neutral_neutral_1095_00001167.mp4,False,
emotion:00001168.mp4,00001168.mp4,eMotions_chunk_066.parquet,datasets/Conna/eMotions/data/eMotions_chunk_066.parquet,bb97b7453720968aa6793bd962a8880a459acadc,Neutral,neutral,15.066667,481d8f53785e3bf6e30fbb383fbebc7f8a17a7669e0f8fd7864c3e54e2583a2a,neutral/neutral/neutral_neutral_1096_00001168.mp4,False,
emotion:00001170.mp4,00001170.mp4,eMotions_chunk_066.parquet,datasets/Conna/eMotions/data/eMotions_chunk_066.parquet,bb97b7453720968aa6793bd962a8880a459acadc,Neutral,neutral,17.019002,18fbd9b6a8eabc94be6a4f6c718331c22595ba65350d17c588057d5a1396ff8b,neutral/neutral/neutral_neutral_1097_00001170.mp4,False,
emotion:00001171.mp4,00001171.mp4,eMotions_chunk_066.parquet,datasets/Conna/eMotions/data/eMotions_chunk_066.parquet,bb97b7453720968aa6793bd962a8880a459acadc,Neutral,neutral,41.766667,9d1fe638927cfe9477baff79708e75e00cf68f1a303c89d027b463b51c8665d0,neutral/neutral/neutral_neutral_1098_00001171.mp4,False,
emotion:00001175.mp4,00001175.mp4,eMotions_chunk_066.parquet,datasets/Conna/eMotions/data/eMotions_chunk_066.parquet,bb97b7453720968aa6793bd962a8880a459acadc,Neutral,neutral,44.533333,8757d95afe2a8ccf8c7cfdd2d36623b2b4249e348a931cf19acb6b7364e8142f,neutral/neutral/neutral_neutral_1099_00001175.mp4,False,
emotion:00001176.mp4,00001176.mp4,eMotions_chunk_066.parquet,datasets/Conna/eMotions/data/eMotions_chunk_066.parquet,bb97b7453720968aa6793bd962a8880a459acadc,Neutral,neutral,18.46948,f7a5233b8d3f11bdddc7eb54b9083e9b28e46df10f85ab4804ef7c5e88d31afc,neutral/neutral/neutral_neutral_1100_00001176.mp4,False,
emotion:00001177.mp4,00001177.mp4,eMotions_chunk_066.parquet,datasets/Conna/eMotions/data/eMotions_chunk_066.parquet,bb97b7453720968aa6793bd962a8880a459acadc,Neutral,neutral,8.568005,4f8f86c4470e710bb111da05fb754c6e084f4de9d3d1af68c491afb05a5da1ca,neutral/neutral/neutral_neutral_1101_00001177.mp4,False,
emotion:00001178.mp4,00001178.mp4,eMotions_chunk_066.parquet,datasets/Conna/eMotions/data/eMotions_chunk_066.parquet,bb97b7453720968aa6793bd962a8880a459acadc,Neutral,neutral,7.896552,85dc9016057247f904141d65263afaa7e2a3c3086c1f319a2a550bc810bb3e34,neutral/neutral/neutral_neutral_1102_00001178.mp4,False,
emotion:00001179.mp4,00001179.mp4,eMotions_chunk_066.parquet,datasets/Conna/eMotions/data/eMotions_chunk_066.parquet,bb97b7453720968aa6793bd962a8880a459acadc,Neutral,neutral,59.9,871d903f12dea52a3ec01530328afbf34f8af69e2e06d40604ae3072eaf26f76,neutral/neutral/neutral_neutral_1103_00001179.mp4,False,
emotion:00001181.mp4,00001181.mp4,eMotions_chunk_066.parquet,datasets/Conna/eMotions/data/eMotions_chunk_066.parquet,bb97b7453720968aa6793bd962a8880a459acadc,Neutral,neutral,14.951995,5ff3a6891272feca7d29f6d15dd1fc9ecd1c37b8239c663cd67e5f32b824983f,neutral/neutral/neutral_neutral_1104_00001181.mp4,False,
emotion:00001182.mp4,00001182.mp4,eMotions_chunk_066.parquet,datasets/Conna/eMotions/data/eMotions_chunk_066.parquet,bb97b7453720968aa6793bd962a8880a459acadc,Neutral,neutral,17.433333,7b711b276cfed0f25be355292c5c1389e859b4e4f97f8684238aaf0167e9dd75,neutral/neutral/neutral_neutral_1105_00001182.mp4,False,
emotion:00001187.mp4,00001187.mp4,eMotions_chunk_066.parquet,datasets/Conna/eMotions/data/eMotions_chunk_066.parquet,bb97b7453720968aa6793bd962a8880a459acadc,Neutral,neutral,26.517007,ef019f2c3879f2f573104d028e4a0126e39e49da4da666e89c40758bd55bac05,neutral/neutral/neutral_neutral_1106_00001187.mp4,False,
emotion:00001191.mp4,00001191.mp4,eMotions_chunk_066.parquet,datasets/Conna/eMotions/data/eMotions_chunk_066.parquet,bb97b7453720968aa6793bd962a8880a459acadc,Neutral,neutral,14.9,93b32ccb828e4de1d2caff643e0737b2cf6e60df41a83711c9fab843c137034e,neutral/neutral/neutral_neutral_1107_00001191.mp4,False,
emotion:00001192.mp4,00001192.mp4,eMotions_chunk_066.parquet,datasets/Conna/eMotions/data/eMotions_chunk_066.parquet,bb97b7453720968aa6793bd962a8880a459acadc,Neutral,neutral,20.0,8aa1a8cabb1021d7dd946a13034d248479998df708c532a7adbfa230d6d0ed2a,neutral/neutral/neutral_neutral_1108_00001192.mp4,False,
emotion:00001194.mp4,00001194.mp4,eMotions_chunk_066.parquet,datasets/Conna/eMotions/data/eMotions_chunk_066.parquet,bb97b7453720968aa6793bd962a8880a459acadc,Neutral,neutral,26.772993,08bec98a21d9b4a67b89db786ba827150b142e781d32e3f61dcd62895e46551f,neutral/neutral/neutral_neutral_1109_00001194.mp4,False,
emotion:00001195.mp4,00001195.mp4,eMotions_chunk_066.parquet,datasets/Conna/eMotions/data/eMotions_chunk_066.parquet,bb97b7453720968aa6793bd962a8880a459acadc,Neutral,neutral,15.046009,46c97f27cbaba68927b8c6509bebfe6253541ccdff8124444815c852e7babcde,neutral/neutral/neutral_neutral_1110_00001195.mp4,False,
emotion:00001196.mp4,00001196.mp4,eMotions_chunk_066.parquet,datasets/Conna/eMotions/data/eMotions_chunk_066.parquet,bb97b7453720968aa6793bd962a8880a459acadc,Neutral,neutral,19.536109,dcdde61d6bab8ec04046dedf8e03210c83d5f6e5e8377cfdeeb854ebdc31927f,neutral/neutral/neutral_neutral_1111_00001196.mp4,False,
emotion:00001198.mp4,00001198.mp4,eMotions_chunk_066.parquet,datasets/Conna/eMotions/data/eMotions_chunk_066.parquet,bb97b7453720968aa6793bd962a8880a459acadc,Neutral,neutral,19.969002,b4219d7ee2eef26cb44b533a23b6a3739dc069f7e52048197680bb27b9fa0305,neutral/neutral/neutral_neutral_1112_00001198.mp4,False,
emotion:00001200.mp4,00001200.mp4,eMotions_chunk_066.parquet,datasets/Conna/eMotions/data/eMotions_chunk_066.parquet,bb97b7453720968aa6793bd962a8880a459acadc,Neutral,neutral,17.5,bbf642e58c3843728d9044ea873a58811720b2693f1e608eae80bd85b4b61d1d,neutral/neutral/neutral_neutral_1113_00001200.mp4,False,
emotion:00001206.mp4,00001206.mp4,eMotions_chunk_066.parquet,datasets/Conna/eMotions/data/eMotions_chunk_066.parquet,bb97b7453720968aa6793bd962a8880a459acadc,Neutral,neutral,13.319149,f43632dd1727b2c12462390cf94db0fd81d5ca00a9315131397ee51278f06694,neutral/neutral/neutral_neutral_1114_00001206.mp4,False,
emotion:00001208.mp4,00001208.mp4,eMotions_chunk_066.parquet,datasets/Conna/eMotions/data/eMotions_chunk_066.parquet,bb97b7453720968aa6793bd962a8880a459acadc,Neutral,neutral,9.52,4b1f56588bd06b376487ab0d8d72fe2987da8ea8f53881131bb4b2bd8e992fe0,neutral/neutral/neutral_neutral_1115_00001208.mp4,False,
emotion:00001211.mp4,00001211.mp4,eMotions_chunk_066.parquet,datasets/Conna/eMotions/data/eMotions_chunk_066.parquet,bb97b7453720968aa6793bd962a8880a459acadc,Neutral,neutral,17.273991,d936aded0fb6140d4074e7ca239f5518b19846c271627544902fd21f580f7027,neutral/neutral/neutral_neutral_1116_00001211.mp4,False,
emotion:00001216.mp4,00001216.mp4,eMotions_chunk_066.parquet,datasets/Conna/eMotions/data/eMotions_chunk_066.parquet,bb97b7453720968aa6793bd962a8880a459acadc,Neutral,neutral,14.837007,09e6201182f1d8a84f184229e63a90634b1fad931525de97305473cf7bf5094d,neutral/neutral/neutral_neutral_1117_00001216.mp4,False,
emotion:00001217.mp4,00001217.mp4,eMotions_chunk_066.parquet,datasets/Conna/eMotions/data/eMotions_chunk_066.parquet,bb97b7453720968aa6793bd962a8880a459acadc,Neutral,neutral,15.1,d79561ca4e51229d6793fe1e8c390523ee60a2fe40dc3b8997324ff0256f5c94,neutral/neutral/neutral_neutral_1118_00001217.mp4,False,
emotion:00001218.mp4,00001218.mp4,eMotions_chunk_066.parquet,datasets/Conna/eMotions/data/eMotions_chunk_066.parquet,bb97b7453720968aa6793bd962a8880a459acadc,Neutral,neutral,11.523949,b15aa1e39ae3cfe64c50d831bbaa8ad70ac97cc9d40e2c232a45b76a231e24d5,neutral/neutral/neutral_neutral_1119_00001218.mp4,False,
emotion:00001221.mp4,00001221.mp4,eMotions_chunk_066.parquet,datasets/Conna/eMotions/data/eMotions_chunk_066.parquet,bb97b7453720968aa6793bd962a8880a459acadc,Neutral,neutral,18.066667,8b8764d2ec76d9f89b964018e86424c523f128a90d546608524a3b7ed17225f5,neutral/neutral/neutral_neutral_1120_00001221.mp4,False,
emotion:00001222.mp4,00001222.mp4,eMotions_chunk_066.parquet,datasets/Conna/eMotions/data/eMotions_chunk_066.parquet,bb97b7453720968aa6793bd962a8880a459acadc,Neutral,neutral,9.008005,a4787655f2eb87a7eceedc29ccb7fb136f30f1c2fdf9b232a079c6d542c1cb6a,neutral/neutral/neutral_neutral_1121_00001222.mp4,False,
emotion:00001223.mp4,00001223.mp4,eMotions_chunk_066.parquet,datasets/Conna/eMotions/data/eMotions_chunk_066.parquet,bb97b7453720968aa6793bd962a8880a459acadc,Neutral,neutral,14.866667,8914ea30006147f0fad413f70279df813625ec5945b22cfa2b1b5a43f54f8815,neutral/neutral/neutral_neutral_1122_00001223.mp4,False,
emotion:00001232.mp4,00001232.mp4,eMotions_chunk_066.parquet,datasets/Conna/eMotions/data/eMotions_chunk_066.parquet,bb97b7453720968aa6793bd962a8880a459acadc,Neutral,neutral,5.833333,653b9eeba4753f6a5735ce6a06843b136f090e3e9e3acfcd3aef0729f4488cb3,neutral/neutral/neutral_neutral_1123_00001232.mp4,False,
emotion:00001234.mp4,00001234.mp4,eMotions_chunk_066.parquet,datasets/Conna/eMotions/data/eMotions_chunk_066.parquet,bb97b7453720968aa6793bd962a8880a459acadc,Neutral,neutral,21.896552,3c1d63ee2b6db86d6bca8be1a1aca2874c844f4de8fde83b5b5f7782fbb089f8,neutral/neutral/neutral_neutral_1124_00001234.mp4,False,
emotion:00001235.mp4,00001235.mp4,eMotions_chunk_066.parquet,datasets/Conna/eMotions/data/eMotions_chunk_066.parquet,bb97b7453720968aa6793bd962a8880a459acadc,Neutral,neutral,15.058824,22521e651fb7169ebeb7485f9284d411cdecd1c170240bd6d32a4e61ffb33455,neutral/neutral/neutral_neutral_1125_00001235.mp4,False,
emotion:00001240.mp4,00001240.mp4,eMotions_chunk_066.parquet,datasets/Conna/eMotions/data/eMotions_chunk_066.parquet,bb97b7453720968aa6793bd962a8880a459acadc,Neutral,neutral,9.358005,35677697628d1416b8f39bf66087c17804be1b4888aa96603cd4bda6bc0d5d64,neutral/neutral/neutral_neutral_1126_00001240.mp4,False,
emotion:00001241.mp4,00001241.mp4,eMotions_chunk_066.parquet,datasets/Conna/eMotions/data/eMotions_chunk_066.parquet,bb97b7453720968aa6793bd962a8880a459acadc,Neutral,neutral,15.081748,154d77755b8153d84802b89e03d7df62f01ab266159c40b46d23bc9d5a5c85cd,neutral/neutral/neutral_neutral_1127_00001241.mp4,False,
emotion:00001244.mp4,00001244.mp4,eMotions_chunk_066.parquet,datasets/Conna/eMotions/data/eMotions_chunk_066.parquet,bb97b7453720968aa6793bd962a8880a459acadc,Neutral,neutral,20.033333,49d84194e1a997773998a15aa99a5d832809ff3fe442693a04820b85f115332e,neutral/neutral/neutral_neutral_1128_00001244.mp4,False,
emotion:00001248.mp4,00001248.mp4,eMotions_chunk_066.parquet,datasets/Conna/eMotions/data/eMotions_chunk_066.parquet,bb97b7453720968aa6793bd962a8880a459acadc,Neutral,neutral,14.966124,b86a6c90d362287255c813efe3ee8cf74436096fdc995179bdd20976baa394db,neutral/neutral/neutral_neutral_1129_00001248.mp4,False,
emotion:00001249.mp4,00001249.mp4,eMotions_chunk_066.parquet,datasets/Conna/eMotions/data/eMotions_chunk_066.parquet,bb97b7453720968aa6793bd962a8880a459acadc,Neutral,neutral,8.766667,7ab7d921d7f3daa5559db7636fedec802d48f507330957c85e2826271c64c5f9,neutral/neutral/neutral_neutral_1130_00001249.mp4,False,
emotion:00001251.mp4,00001251.mp4,eMotions_chunk_066.parquet,datasets/Conna/eMotions/data/eMotions_chunk_066.parquet,bb97b7453720968aa6793bd962a8880a459acadc,Neutral,neutral,10.937007,9ae5334ae65a3c2dbf72bbe82feddfa5adfd59bb3de966e6a0b872f36822ccd8,neutral/neutral/neutral_neutral_1131_00001251.mp4,False,
emotion:00001252.mp4,00001252.mp4,eMotions_chunk_066.parquet,datasets/Conna/eMotions/data/eMotions_chunk_066.parquet,bb97b7453720968aa6793bd962a8880a459acadc,Neutral,neutral,13.375011,0a7f63189ba5934afe280b881a5d623875ecf488ad6d46e9ba8f79b7f466aba5,neutral/neutral/neutral_neutral_1132_00001252.mp4,False,
emotion:00001259.mp4,00001259.mp4,eMotions_chunk_066.parquet,datasets/Conna/eMotions/data/eMotions_chunk_066.parquet,bb97b7453720968aa6793bd962a8880a459acadc,Neutral,neutral,14.8,8f6b1ae87122e9037c499a2e4b2bdc25c4fdbd48e80931397b94071a1aecb844,neutral/neutral/neutral_neutral_1133_00001259.mp4,False,
emotion:00001261.mp4,00001261.mp4,eMotions_chunk_066.parquet,datasets/Conna/eMotions/data/eMotions_chunk_066.parquet,bb97b7453720968aa6793bd962a8880a459acadc,Neutral,neutral,27.666667,a58b4319b5aa06120f23835f7ca99e2d618cc6b0560e71ae93ed400c75696a3a,neutral/neutral/neutral_neutral_1134_00001261.mp4,False,
emotion:00001265.mp4,00001265.mp4,eMotions_chunk_066.parquet,datasets/Conna/eMotions/data/eMotions_chunk_066.parquet,bb97b7453720968aa6793bd962a8880a459acadc,Neutral,neutral,9.310998,873680657eb1a0ab9e0b2df609a8677170b20d6175a099fe1eec644b6cb21780,neutral/neutral/neutral_neutral_1135_00001265.mp4,False,
emotion:00001269.mp4,00001269.mp4,eMotions_chunk_066.parquet,datasets/Conna/eMotions/data/eMotions_chunk_066.parquet,bb97b7453720968aa6793bd962a8880a459acadc,Neutral,neutral,16.3,57c730333a1e83be3070f5162a25c96d8171e85e4b3105ee803006c60e4b03c2,neutral/neutral/neutral_neutral_1136_00001269.mp4,False,
emotion:00001272.mp4,00001272.mp4,eMotions_chunk_066.parquet,datasets/Conna/eMotions/data/eMotions_chunk_066.parquet,bb97b7453720968aa6793bd962a8880a459acadc,Neutral,neutral,9.533333,44dced353ced575799178cc7c5a8d37a8fc9579e440c31e2d3bc636746af48df,neutral/neutral/neutral_neutral_1137_00001272.mp4,False,
emotion:00001273.mp4,00001273.mp4,eMotions_chunk_066.parquet,datasets/Conna/eMotions/data/eMotions_chunk_066.parquet,bb97b7453720968aa6793bd962a8880a459acadc,Neutral,neutral,13.733333,05944a8e21ce6e5d001ccd2521e495885b1ec3b09b45930bd8b8ecc68daf2cb7,neutral/neutral/neutral_neutral_1138_00001273.mp4,False,
emotion:00001277.mp4,00001277.mp4,eMotions_chunk_066.parquet,datasets/Conna/eMotions/data/eMotions_chunk_066.parquet,bb97b7453720968aa6793bd962a8880a459acadc,Neutral,neutral,19.52,b63d00169108513cafef3ffca6def170b213467e060d1c268c0d08ac16dacd5e,neutral/neutral/neutral_neutral_1139_00001277.mp4,False,
emotion:00001281.mp4,00001281.mp4,eMotions_chunk_066.parquet,datasets/Conna/eMotions/data/eMotions_chunk_066.parquet,bb97b7453720968aa6793bd962a8880a459acadc,Neutral,neutral,26.841995,cf5de381a6d8cea0db4c706a86fe6fe138417c82698322f448b0ae1e838ab9f5,neutral/neutral/neutral_neutral_1140_00001281.mp4,False,
emotion:00001282.mp4,00001282.mp4,eMotions_chunk_066.parquet,datasets/Conna/eMotions/data/eMotions_chunk_066.parquet,bb97b7453720968aa6793bd962a8880a459acadc,Neutral,neutral,22.779002,ef65b08ce209207bc3365ff8afca569c13be2f326cab1b1152e71012763c41c8,neutral/neutral/neutral_neutral_1141_00001282.mp4,False,
emotion:00001283.mp4,00001283.mp4,eMotions_chunk_066.parquet,datasets/Conna/eMotions/data/eMotions_chunk_066.parquet,bb97b7453720968aa6793bd962a8880a459acadc,Neutral,neutral,40.783333,e0656a4f3316a7285f48501782bb1873fde1a5e0646cf30417e738ef857fd8b3,neutral/neutral/neutral_neutral_1142_00001283.mp4,False,
emotion:00001287.mp4,00001287.mp4,eMotions_chunk_066.parquet,datasets/Conna/eMotions/data/eMotions_chunk_066.parquet,bb97b7453720968aa6793bd962a8880a459acadc,Neutral,neutral,7.105011,4126f4fa63bf3ab51cb4a34221f1a5a4f8aab5bcc4770f1087c088b6c47ee6ec,neutral/neutral/neutral_neutral_1143_00001287.mp4,False,
emotion:00001298.mp4,00001298.mp4,eMotions_chunk_066.parquet,datasets/Conna/eMotions/data/eMotions_chunk_066.parquet,bb97b7453720968aa6793bd962a8880a459acadc,Neutral,neutral,10.033333,b5301cf3940ebb1f2e0ac1e621d6c515208522ae6ba9a757e1cb19533240aa13,neutral/neutral/neutral_neutral_1144_00001298.mp4,False,
emotion:00001301.mp4,00001301.mp4,eMotions_chunk_066.parquet,datasets/Conna/eMotions/data/eMotions_chunk_066.parquet,bb97b7453720968aa6793bd962a8880a459acadc,Neutral,neutral,17.966667,3909f51a4051d65a53046edbce4fa956cea5697186fc7bb52712de2e7f4719eb,neutral/neutral/neutral_neutral_1145_00001301.mp4,False,
emotion:00001303.mp4,00001303.mp4,eMotions_chunk_066.parquet,datasets/Conna/eMotions/data/eMotions_chunk_066.parquet,bb97b7453720968aa6793bd962a8880a459acadc,Neutral,neutral,22.366667,56a8f23a102ee1a1dbfccfd4c89f07f8c0a40d88962e01680b5ea7bfcacae804,neutral/neutral/neutral_neutral_1146_00001303.mp4,False,
emotion:00001308.mp4,00001308.mp4,eMotions_chunk_066.parquet,datasets/Conna/eMotions/data/eMotions_chunk_066.parquet,bb97b7453720968aa6793bd962a8880a459acadc,Neutral,neutral,6.501995,45b6a42aabf7688faeef4e44d115740921677f09546eddcbb8ab7be4ab96f931,neutral/neutral/neutral_neutral_1147_00001308.mp4,False,
emotion:00001309.mp4,00001309.mp4,eMotions_chunk_066.parquet,datasets/Conna/eMotions/data/eMotions_chunk_066.parquet,bb97b7453720968aa6793bd962a8880a459acadc,Neutral,neutral,32.791667,f8c8d28dc410ff532aa6eaa7278e3215b0af9453b0908b77ac4f60d3ea7a48c1,neutral/neutral/neutral_neutral_1148_00001309.mp4,False,
emotion:00001312.mp4,00001312.mp4,eMotions_chunk_066.parquet,datasets/Conna/eMotions/data/eMotions_chunk_066.parquet,bb97b7453720968aa6793bd962a8880a459acadc,Neutral,neutral,35.32,a7330c4bd2e2328c1fe809c59b439b89c7f8960f3ec8b26345a6edcbaa2e136c,neutral/neutral/neutral_neutral_1149_00001312.mp4,False,
emotion:00001313.mp4,00001313.mp4,eMotions_chunk_066.parquet,datasets/Conna/eMotions/data/eMotions_chunk_066.parquet,bb97b7453720968aa6793bd962a8880a459acadc,Neutral,neutral,19.946009,c648f007f074bd26c9ee75b00eac40bfeb4fe2c1d762d0d50eda1872e977d42b,neutral/neutral/neutral_neutral_1150_00001313.mp4,False,
emotion:00001315.mp4,00001315.mp4,eMotions_chunk_066.parquet,datasets/Conna/eMotions/data/eMotions_chunk_066.parquet,bb97b7453720968aa6793bd962a8880a459acadc,Neutral,neutral,18.715011,e68a0ab15aafe008d47d12b67d729fd0a4a7d58d5e11fff40e01f29d030bd5ca,neutral/neutral/neutral_neutral_1151_00001315.mp4,False,
emotion:00001317.mp4,00001317.mp4,eMotions_chunk_066.parquet,datasets/Conna/eMotions/data/eMotions_chunk_066.parquet,bb97b7453720968aa6793bd962a8880a459acadc,Neutral,neutral,19.416667,8fece0940d4db4b1cfcda7ac87d2e97c5b6939cbb10897b667ec9d6f73573ef8,neutral/neutral/neutral_neutral_1152_00001317.mp4,False,
emotion:00001318.mp4,00001318.mp4,eMotions_chunk_066.parquet,datasets/Conna/eMotions/data/eMotions_chunk_066.parquet,bb97b7453720968aa6793bd962a8880a459acadc,Neutral,neutral,34.068966,92a0326f1e25de0d80e5d42a36bfcc362fff044c745715616f0f8a68f0169899,neutral/neutral/neutral_neutral_1153_00001318.mp4,False,
emotion:00001319.mp4,00001319.mp4,eMotions_chunk_066.parquet,datasets/Conna/eMotions/data/eMotions_chunk_066.parquet,bb97b7453720968aa6793bd962a8880a459acadc,Neutral,neutral,16.504202,929c6475dcd23030b98b965be1a29590fc3395238077c90358f0c2e20c9989f2,neutral/neutral/neutral_neutral_1154_00001319.mp4,False,
emotion:00001323.mp4,00001323.mp4,eMotions_chunk_066.parquet,datasets/Conna/eMotions/data/eMotions_chunk_066.parquet,bb97b7453720968aa6793bd962a8880a459acadc,Neutral,neutral,8.406009,05fa4b9c1031c6a5ff9e9b1c3bcf00b971eae4fb7fbd7a60c1843a199ec33862,neutral/neutral/neutral_neutral_1155_00001323.mp4,False,
emotion:00001325.mp4,00001325.mp4,eMotions_chunk_066.parquet,datasets/Conna/eMotions/data/eMotions_chunk_066.parquet,bb97b7453720968aa6793bd962a8880a459acadc,Neutral,neutral,18.266667,f867947286bfc9fdc538e1fe0c61badc013af1ae13c2131f601e11b49fd458ec,neutral/neutral/neutral_neutral_1156_00001325.mp4,False,
emotion:00001331.mp4,00001331.mp4,eMotions_chunk_066.parquet,datasets/Conna/eMotions/data/eMotions_chunk_066.parquet,bb97b7453720968aa6793bd962a8880a459acadc,Neutral,neutral,28.533333,88ab2c04e61bd44fef2a0ecde42b44c9fb08cef9382ad6a7fe31b7e4603b6c60,neutral/neutral/neutral_neutral_1157_00001331.mp4,False,
emotion:00001332.mp4,00001332.mp4,eMotions_chunk_066.parquet,datasets/Conna/eMotions/data/eMotions_chunk_066.parquet,bb97b7453720968aa6793bd962a8880a459acadc,Neutral,neutral,14.176471,89041e6392685231eb769413239769745a3eeeb8798b946c6c49ce640d1b5096,neutral/neutral/neutral_neutral_1158_00001332.mp4,False,
emotion:00001334.mp4,00001334.mp4,eMotions_chunk_066.parquet,datasets/Conna/eMotions/data/eMotions_chunk_066.parquet,bb97b7453720968aa6793bd962a8880a459acadc,Neutral,neutral,8.8,9466f43da0e8bc191f5a05727130eab3520e0a3708647e20004c5aeb70018210,neutral/neutral/neutral_neutral_1159_00001334.mp4,False,
emotion:00001335.mp4,00001335.mp4,eMotions_chunk_066.parquet,datasets/Conna/eMotions/data/eMotions_chunk_066.parquet,bb97b7453720968aa6793bd962a8880a459acadc,Neutral,neutral,18.6,7b7ed3342cc0322289d091ea507c021dcb320a232f54bd7abd5c902b15a6bccf,neutral/neutral/neutral_neutral_1160_00001335.mp4,False,
emotion:00001339.mp4,00001339.mp4,eMotions_chunk_066.parquet,datasets/Conna/eMotions/data/eMotions_chunk_066.parquet,bb97b7453720968aa6793bd962a8880a459acadc,Neutral,neutral,8.766667,5323ebb703445ba4a815e62b75ab3c4ef0d7af991d97b59f9c596253c66ff020,neutral/neutral/neutral_neutral_1161_00001339.mp4,False,
emotion:00001340.mp4,00001340.mp4,eMotions_chunk_066.parquet,datasets/Conna/eMotions/data/eMotions_chunk_066.parquet,bb97b7453720968aa6793bd962a8880a459acadc,Neutral,neutral,8.766667,509351a5dea91a28f54c16aaba0a170f53151b2c06b9d1641e3463cc614761c2,neutral/neutral/neutral_neutral_1162_00001340.mp4,False,
emotion:00001341.mp4,00001341.mp4,eMotions_chunk_066.parquet,datasets/Conna/eMotions/data/eMotions_chunk_066.parquet,bb97b7453720968aa6793bd962a8880a459acadc,Neutral,neutral,7.988005,54216b4bb4757a8f86743f213c5445f5a6b3a3f53e5350707bac4d9474a066c5,neutral/neutral/neutral_neutral_1163_00001341.mp4,False,
emotion:00001343.mp4,00001343.mp4,eMotions_chunk_066.parquet,datasets/Conna/eMotions/data/eMotions_chunk_066.parquet,bb97b7453720968aa6793bd962a8880a459acadc,Neutral,neutral,10.286009,35ded7f7711bb37d5ca8b5c6b26372530d3586366b0ed4feb9557d0ec74aa9ed,neutral/neutral/neutral_neutral_1164_00001343.mp4,False,
emotion:00001345.mp4,00001345.mp4,eMotions_chunk_066.parquet,datasets/Conna/eMotions/data/eMotions_chunk_066.parquet,bb97b7453720968aa6793bd962a8880a459acadc,Neutral,neutral,18.633333,1e3409a6003ebe35fcac79f853aa6f0efd87824ac0555554969d29ff21198b1c,neutral/neutral/neutral_neutral_1165_00001345.mp4,False,
emotion:00001346.mp4,00001346.mp4,eMotions_chunk_066.parquet,datasets/Conna/eMotions/data/eMotions_chunk_066.parquet,bb97b7453720968aa6793bd962a8880a459acadc,Neutral,neutral,32.433333,0b5ac2080c3831202b528de21c5913e01edc3c7978572fb13ce9e3f0a3f3adad,neutral/neutral/neutral_neutral_1166_00001346.mp4,False,
emotion:00001351.mp4,00001351.mp4,eMotions_chunk_066.parquet,datasets/Conna/eMotions/data/eMotions_chunk_066.parquet,bb97b7453720968aa6793bd962a8880a459acadc,Neutral,neutral,34.533333,c2ba83412c780bc632ebbd53075600af8e74d38a862ccb4385b69f087bc8bf18,neutral/neutral/neutral_neutral_1167_00001351.mp4,False,
emotion:00001353.mp4,00001353.mp4,eMotions_chunk_066.parquet,datasets/Conna/eMotions/data/eMotions_chunk_066.parquet,bb97b7453720968aa6793bd962a8880a459acadc,Neutral,neutral,14.533333,c5c1c99e4c020820c721ea8fc8a6beddbff444688271e687286819141bcc629d,neutral/neutral/neutral_neutral_1168_00001353.mp4,False,
emotion:00001356.mp4,00001356.mp4,eMotions_chunk_066.parquet,datasets/Conna/eMotions/data/eMotions_chunk_066.parquet,bb97b7453720968aa6793bd962a8880a459acadc,Neutral,neutral,20.516667,3b11efefc506c7bafa55486cedb56176ed0fc048c9825f3226323a1e70f002b5,neutral/neutral/neutral_neutral_1169_00001356.mp4,False,
emotion:00001358.mp4,00001358.mp4,eMotions_chunk_066.parquet,datasets/Conna/eMotions/data/eMotions_chunk_066.parquet,bb97b7453720968aa6793bd962a8880a459acadc,Neutral,neutral,14.733333,ec3caa8a171c28f48c306b99610b3a85308c4278c0c4210577bba4ae792ff60d,neutral/neutral/neutral_neutral_1170_00001358.mp4,False,
emotion:00001365.mp4,00001365.mp4,eMotions_chunk_066.parquet,datasets/Conna/eMotions/data/eMotions_chunk_066.parquet,bb97b7453720968aa6793bd962a8880a459acadc,Neutral,neutral,36.0,c40b74d055c5e36404d12670940f406513c1d2049016b2581abf76e46035c08e,neutral/neutral/neutral_neutral_1171_00001365.mp4,False,
emotion:00001367.mp4,00001367.mp4,eMotions_chunk_067.parquet,datasets/Conna/eMotions/data/eMotions_chunk_067.parquet,bb97b7453720968aa6793bd962a8880a459acadc,Neutral,neutral,14.372993,9b886a0ad85684b5b4e0cf3b0959b57c954eb309960cdbd12e0a5665aec6b223,neutral/neutral/neutral_neutral_1172_00001367.mp4,False,
emotion:00001369.mp4,00001369.mp4,eMotions_chunk_067.parquet,datasets/Conna/eMotions/data/eMotions_chunk_067.parquet,bb97b7453720968aa6793bd962a8880a459acadc,Neutral,neutral,25.17,ec523a25083da389a223c3a18be5f50c2fd15aa77b966ae8e5b5ddf4747ecc6f,neutral/neutral/neutral_neutral_1173_00001369.mp4,False,
emotion:00001371.mp4,00001371.mp4,eMotions_chunk_067.parquet,datasets/Conna/eMotions/data/eMotions_chunk_067.parquet,bb97b7453720968aa6793bd962a8880a459acadc,Neutral,neutral,13.583991,c5ddccb0de7d58421d97480c2abad5ee33de2665a35f7551a020a2c75af7e42e,neutral/neutral/neutral_neutral_1174_00001371.mp4,False,
emotion:00001374.mp4,00001374.mp4,eMotions_chunk_067.parquet,datasets/Conna/eMotions/data/eMotions_chunk_067.parquet,bb97b7453720968aa6793bd962a8880a459acadc,Neutral,neutral,19.0,e3eaeea0290aa3b261cf4524f583c014c28d87431ee5c171adfb8a623c36c5a8,neutral/neutral/neutral_neutral_1175_00001374.mp4,False,
emotion:00001379.mp4,00001379.mp4,eMotions_chunk_067.parquet,datasets/Conna/eMotions/data/eMotions_chunk_067.parquet,bb97b7453720968aa6793bd962a8880a459acadc,Neutral,neutral,17.5,d5770881d5a25eba3b895cc8dded5af372edaeab10f623cf41556b8850edff19,neutral/neutral/neutral_neutral_1176_00001379.mp4,False,
emotion:00001380.mp4,00001380.mp4,eMotions_chunk_067.parquet,datasets/Conna/eMotions/data/eMotions_chunk_067.parquet,bb97b7453720968aa6793bd962a8880a459acadc,Neutral,neutral,17.566667,3ec911db6544109ad758aef0c0691af9882daa32db990ff4dae14ff6ff25818a,neutral/neutral/neutral_neutral_1177_00001380.mp4,False,
emotion:00001381.mp4,00001381.mp4,eMotions_chunk_067.parquet,datasets/Conna/eMotions/data/eMotions_chunk_067.parquet,bb97b7453720968aa6793bd962a8880a459acadc,Neutral,neutral,13.148515,e862957252a2732cc6977ae308807978364e445a61b85e047a6aa6057cfbffb5,neutral/neutral/neutral_neutral_1178_00001381.mp4,False,
emotion:00001382.mp4,00001382.mp4,eMotions_chunk_067.parquet,datasets/Conna/eMotions/data/eMotions_chunk_067.parquet,bb97b7453720968aa6793bd962a8880a459acadc,Neutral,neutral,25.31,4d89af608c22c3eff0e438de05853ec447efe12dda121caebce96231f4dc00c4,neutral/neutral/neutral_neutral_1179_00001382.mp4,False,
emotion:00001383.mp4,00001383.mp4,eMotions_chunk_067.parquet,datasets/Conna/eMotions/data/eMotions_chunk_067.parquet,bb97b7453720968aa6793bd962a8880a459acadc,Neutral,neutral,17.880817,19ed740737966d4be3a3aabf922d9304b0bbf44d38d59468a9686ff28fd93e37,neutral/neutral/neutral_neutral_1180_00001383.mp4,False,
emotion:00001384.mp4,00001384.mp4,eMotions_chunk_067.parquet,datasets/Conna/eMotions/data/eMotions_chunk_067.parquet,bb97b7453720968aa6793bd962a8880a459acadc,Neutral,neutral,11.28,9c8a7e14a62b04c4ea15ecfff2e903cd31a633821ba7e0a260e2b1e3a91e8c05,neutral/neutral/neutral_neutral_1181_00001384.mp4,False,
emotion:00001386.mp4,00001386.mp4,eMotions_chunk_067.parquet,datasets/Conna/eMotions/data/eMotions_chunk_067.parquet,bb97b7453720968aa6793bd962a8880a459acadc,Neutral,neutral,29.233333,d9a232876c35835978ba426efc980fdb2e54b4a0183de293d736215459822944,neutral/neutral/neutral_neutral_1182_00001386.mp4,False,
emotion:00001387.mp4,00001387.mp4,eMotions_chunk_067.parquet,datasets/Conna/eMotions/data/eMotions_chunk_067.parquet,bb97b7453720968aa6793bd962a8880a459acadc,Neutral,neutral,8.033333,aa0d2211f79eb806a155804182c4e3fe6cbb48018a479276352e26abbe335adb,neutral/neutral/neutral_neutral_1183_00001387.mp4,False,
emotion:00001390.mp4,00001390.mp4,eMotions_chunk_067.parquet,datasets/Conna/eMotions/data/eMotions_chunk_067.parquet,bb97b7453720968aa6793bd962a8880a459acadc,Neutral,neutral,12.723874,67112b43f53def526429470d8b4417ee8639367543711af1bdd810e97b2150b8,neutral/neutral/neutral_neutral_1184_00001390.mp4,False,
emotion:00001394.mp4,00001394.mp4,eMotions_chunk_067.parquet,datasets/Conna/eMotions/data/eMotions_chunk_067.parquet,bb97b7453720968aa6793bd962a8880a459acadc,Neutral,neutral,27.91,fc2a918e7bb024e93e140927b53de313256b090af38cd5a730e49a11f3fa5672,neutral/neutral/neutral_neutral_1185_00001394.mp4,False,
emotion:00001396.mp4,00001396.mp4,eMotions_chunk_067.parquet,datasets/Conna/eMotions/data/eMotions_chunk_067.parquet,bb97b7453720968aa6793bd962a8880a459acadc,Neutral,neutral,34.533333,b2150a9eaac4378094a17d11f3aa8f41caabb4aeedb29f278a185bda2f5bbda5,neutral/neutral/neutral_neutral_1186_00001396.mp4,False,
emotion:00001402.mp4,00001402.mp4,eMotions_chunk_067.parquet,datasets/Conna/eMotions/data/eMotions_chunk_067.parquet,bb97b7453720968aa6793bd962a8880a459acadc,Neutral,neutral,12.840998,fe7c168f9a66156b8169450333020f8e292ea6b3a49523c948bb58e5849554a9,neutral/neutral/neutral_neutral_1187_00001402.mp4,False,
emotion:00001403.mp4,00001403.mp4,eMotions_chunk_067.parquet,datasets/Conna/eMotions/data/eMotions_chunk_067.parquet,bb97b7453720968aa6793bd962a8880a459acadc,Neutral,neutral,28.746009,116f3d45d43f37067263aa345f1c45cc99ece83249a4ce27e2e517eedbfc5def,neutral/neutral/neutral_neutral_1188_00001403.mp4,False,
emotion:00001406.mp4,00001406.mp4,eMotions_chunk_067.parquet,datasets/Conna/eMotions/data/eMotions_chunk_067.parquet,bb97b7453720968aa6793bd962a8880a459acadc,Neutral,neutral,17.066667,4d445d93578d8039d7f645cd4484b98a6091310992af58ba22564d508fa80a62,neutral/neutral/neutral_neutral_1189_00001406.mp4,False,
emotion:00001407.mp4,00001407.mp4,eMotions_chunk_067.parquet,datasets/Conna/eMotions/data/eMotions_chunk_067.parquet,bb97b7453720968aa6793bd962a8880a459acadc,Neutral,neutral,12.9,879a64d1202fa09d1177fa0305ca7ffd5d29cc86b15a55dbe98a83b13458f5c5,neutral/neutral/neutral_neutral_1190_00001407.mp4,False,
emotion:00001411.mp4,00001411.mp4,eMotions_chunk_067.parquet,datasets/Conna/eMotions/data/eMotions_chunk_067.parquet,bb97b7453720968aa6793bd962a8880a459acadc,Neutral,neutral,14.366667,bd6f289bd9fa0b4db8903aa3e3589fbd01ab4a5ccb09f98c6c7956c0163626b8,neutral/neutral/neutral_neutral_1191_00001411.mp4,False,
emotion:00001415.mp4,00001415.mp4,eMotions_chunk_067.parquet,datasets/Conna/eMotions/data/eMotions_chunk_067.parquet,bb97b7453720968aa6793bd962a8880a459acadc,Neutral,neutral,20.033333,00fb25119b39ba9a176627f75c3594c4132d5e903f36945f94e01252b903b2ec,neutral/neutral/neutral_neutral_1192_00001415.mp4,False,
emotion:00001416.mp4,00001416.mp4,eMotions_chunk_067.parquet,datasets/Conna/eMotions/data/eMotions_chunk_067.parquet,bb97b7453720968aa6793bd962a8880a459acadc,Neutral,neutral,8.636009,a5a88fddc6b556992ab2fdb0d80e8c98700a8270314317b03ad527b95a81c250,neutral/neutral/neutral_neutral_1193_00001416.mp4,False,
emotion:00001417.mp4,00001417.mp4,eMotions_chunk_067.parquet,datasets/Conna/eMotions/data/eMotions_chunk_067.parquet,bb97b7453720968aa6793bd962a8880a459acadc,Neutral,neutral,19.9,dc63a99d7929fa904b461195b120499bf110a23b0e4e025f5066374e114bf111,neutral/neutral/neutral_neutral_1194_00001417.mp4,False,
emotion:00001419.mp4,00001419.mp4,eMotions_chunk_067.parquet,datasets/Conna/eMotions/data/eMotions_chunk_067.parquet,bb97b7453720968aa6793bd962a8880a459acadc,Neutral,neutral,40.8,cb030df427afffdb1180c4417783ad259b5c2565fe785d7007d6041540448ad7,neutral/neutral/neutral_neutral_1195_00001419.mp4,False,
emotion:00001420.mp4,00001420.mp4,eMotions_chunk_067.parquet,datasets/Conna/eMotions/data/eMotions_chunk_067.parquet,bb97b7453720968aa6793bd962a8880a459acadc,Neutral,neutral,11.935011,96d4d97c8aed403d23957266c0ec1f51b1192d84e9c5300779861c997c77324d,neutral/neutral/neutral_neutral_1196_00001420.mp4,False,
emotion:00001425.mp4,00001425.mp4,eMotions_chunk_067.parquet,datasets/Conna/eMotions/data/eMotions_chunk_067.parquet,bb97b7453720968aa6793bd962a8880a459acadc,Neutral,neutral,12.366667,f51b3be3529f38a4fafa82ce5ddc5cc9b2d8d98d3e45860886823504a7bfd497,neutral/neutral/neutral_neutral_1197_00001425.mp4,False,
emotion:00001431.mp4,00001431.mp4,eMotions_chunk_067.parquet,datasets/Conna/eMotions/data/eMotions_chunk_067.parquet,bb97b7453720968aa6793bd962a8880a459acadc,Neutral,neutral,20.166667,1d6b0d2ecc88e4c7c874ac5fe458e8498634c23a319b0e1f97e3940066be3b3f,neutral/neutral/neutral_neutral_1198_00001431.mp4,False,
emotion:00001435.mp4,00001435.mp4,eMotions_chunk_067.parquet,datasets/Conna/eMotions/data/eMotions_chunk_067.parquet,bb97b7453720968aa6793bd962a8880a459acadc,Neutral,neutral,60.0,949b5f255c400d663332f027c42a3cea036670e45b0ce5f242298aa31c9c5542,neutral/neutral/neutral_neutral_1199_00001435.mp4,False,
emotion:00001436.mp4,00001436.mp4,eMotions_chunk_067.parquet,datasets/Conna/eMotions/data/eMotions_chunk_067.parquet,bb97b7453720968aa6793bd962a8880a459acadc,Neutral,neutral,13.3,22cf6bad49b9bbc523ac8e6789c70da08af0f8dc6ca7c764272500e63ff67a12,neutral/neutral/neutral_neutral_1200_00001436.mp4,False,
emotion:00001437.mp4,00001437.mp4,eMotions_chunk_067.parquet,datasets/Conna/eMotions/data/eMotions_chunk_067.parquet,bb97b7453720968aa6793bd962a8880a459acadc,Neutral,neutral,14.566667,c00dee579a51fbdf984b12b66943bfa230b15efb55132bc4ea97c88a0836bbe5,neutral/neutral/neutral_neutral_1201_00001437.mp4,False,
emotion:00001441.mp4,00001441.mp4,eMotions_chunk_067.parquet,datasets/Conna/eMotions/data/eMotions_chunk_067.parquet,bb97b7453720968aa6793bd962a8880a459acadc,Neutral,neutral,5.666667,134ead4ffda015e25e6214f3c910bb999deff10eba17a00076c5dbcc8b3b9054,neutral/neutral/neutral_neutral_1202_00001441.mp4,False,
emotion:00001443.mp4,00001443.mp4,eMotions_chunk_067.parquet,datasets/Conna/eMotions/data/eMotions_chunk_067.parquet,bb97b7453720968aa6793bd962a8880a459acadc,Neutral,neutral,15.015015,a803b73b235e860235633dfa13ed889cd0f2b071415ef5a76ae60512ccec422f,neutral/neutral/neutral_neutral_1203_00001443.mp4,False,
emotion:00001449.mp4,00001449.mp4,eMotions_chunk_067.parquet,datasets/Conna/eMotions/data/eMotions_chunk_067.parquet,bb97b7453720968aa6793bd962a8880a459acadc,Neutral,neutral,8.5,04637b958a970fb9fee7baab4f945573dc05b12bbd73846b7ea833907463ed7c,neutral/neutral/neutral_neutral_1204_00001449.mp4,False,
emotion:00001450.mp4,00001450.mp4,eMotions_chunk_067.parquet,datasets/Conna/eMotions/data/eMotions_chunk_067.parquet,bb97b7453720968aa6793bd962a8880a459acadc,Neutral,neutral,18.932203,b345a1614a47ebc4b4bfb0c86283f999077c7dae21ce0f4b95d5fc7a4d51c572,neutral/neutral/neutral_neutral_1205_00001450.mp4,False,
emotion:00001453.mp4,00001453.mp4,eMotions_chunk_067.parquet,datasets/Conna/eMotions/data/eMotions_chunk_067.parquet,bb97b7453720968aa6793bd962a8880a459acadc,Neutral,neutral,14.616667,e0e6e2c0ec524a7e145688f7b5dce48f4d4d599f120cc6af9711940ebe5930c0,neutral/neutral/neutral_neutral_1206_00001453.mp4,False,
emotion:00001456.mp4,00001456.mp4,eMotions_chunk_067.parquet,datasets/Conna/eMotions/data/eMotions_chunk_067.parquet,bb97b7453720968aa6793bd962a8880a459acadc,Neutral,neutral,21.033333,2b5328dc8e1a08398efde295fdaa9079768c383f5e27c81b2d48a49e0b2f06c7,neutral/neutral/neutral_neutral_1207_00001456.mp4,False,
emotion:00001461.mp4,00001461.mp4,eMotions_chunk_067.parquet,datasets/Conna/eMotions/data/eMotions_chunk_067.parquet,bb97b7453720968aa6793bd962a8880a459acadc,Neutral,neutral,14.1,01d8c64adb4c7b9e5a02760a2a1a244d9cba6d8e28902f8e571e2c9ec19a1190,neutral/neutral/neutral_neutral_1208_00001461.mp4,False,
emotion:00001462.mp4,00001462.mp4,eMotions_chunk_067.parquet,datasets/Conna/eMotions/data/eMotions_chunk_067.parquet,bb97b7453720968aa6793bd962a8880a459acadc,Neutral,neutral,18.206269,d0793c15a49834540f58d139aa329f1d5b239c2e87c1edf1fef27d21e70e57ad,neutral/neutral/neutral_neutral_1209_00001462.mp4,False,
emotion:00001464.mp4,00001464.mp4,eMotions_chunk_067.parquet,datasets/Conna/eMotions/data/eMotions_chunk_067.parquet,bb97b7453720968aa6793bd962a8880a459acadc,Neutral,neutral,26.887007,52c01c44ff641ac7c0c2ef661822fc249215217a658d6824e86a12215b41935e,neutral/neutral/neutral_neutral_1210_00001464.mp4,False,
emotion:00001466.mp4,00001466.mp4,eMotions_chunk_067.parquet,datasets/Conna/eMotions/data/eMotions_chunk_067.parquet,bb97b7453720968aa6793bd962a8880a459acadc,Neutral,neutral,10.308005,2c8b423ce4a199d3ca83f895c9ecad0b36215e2c41ced70458ab2e481ce6b6aa,neutral/neutral/neutral_neutral_1211_00001466.mp4,False,
emotion:00001467.mp4,00001467.mp4,eMotions_chunk_067.parquet,datasets/Conna/eMotions/data/eMotions_chunk_067.parquet,bb97b7453720968aa6793bd962a8880a459acadc,Neutral,neutral,8.266667,25548287ee73a2c67cc247fdb90d03f0c74d5308b12b74c64f5f099f697ec8e7,neutral/neutral/neutral_neutral_1212_00001467.mp4,False,
emotion:00001469.mp4,00001469.mp4,eMotions_chunk_067.parquet,datasets/Conna/eMotions/data/eMotions_chunk_067.parquet,bb97b7453720968aa6793bd962a8880a459acadc,Neutral,neutral,13.966667,5e3834d4c77bd95c4b1903344ecc0b6c1fb6019fd67d31096386826644f4ccf1,neutral/neutral/neutral_neutral_1213_00001469.mp4,False,
emotion:00001470.mp4,00001470.mp4,eMotions_chunk_067.parquet,datasets/Conna/eMotions/data/eMotions_chunk_067.parquet,bb97b7453720968aa6793bd962a8880a459acadc,Neutral,neutral,14.166667,c1e768ff26ec8c02d84d3f27938651299a1c734cd319ec0d44ebbdf74b53b44c,neutral/neutral/neutral_neutral_1214_00001470.mp4,False,
emotion:00001475.mp4,00001475.mp4,eMotions_chunk_067.parquet,datasets/Conna/eMotions/data/eMotions_chunk_067.parquet,bb97b7453720968aa6793bd962a8880a459acadc,Neutral,neutral,38.847007,1cc8ad8170d2074113cb8c09a7cf53519fb5379857955072d496387b151e22dc,neutral/neutral/neutral_neutral_1215_00001475.mp4,False,
emotion:00001479.mp4,00001479.mp4,eMotions_chunk_067.parquet,datasets/Conna/eMotions/data/eMotions_chunk_067.parquet,bb97b7453720968aa6793bd962a8880a459acadc,Neutral,neutral,58.955011,da51db4f1a5af5624402805e3838ecb21811752ee45dd2fe4e142402d463eb69,neutral/neutral/neutral_neutral_1216_00001479.mp4,False,
emotion:00001480.mp4,00001480.mp4,eMotions_chunk_067.parquet,datasets/Conna/eMotions/data/eMotions_chunk_067.parquet,bb97b7453720968aa6793bd962a8880a459acadc,Neutral,neutral,7.533333,e60920f3d636ef4c15a193dfafd7684570d34e319011a9216f3e02e050fc5f23,neutral/neutral/neutral_neutral_1217_00001480.mp4,False,
emotion:00001481.mp4,00001481.mp4,eMotions_chunk_067.parquet,datasets/Conna/eMotions/data/eMotions_chunk_067.parquet,bb97b7453720968aa6793bd962a8880a459acadc,Neutral,neutral,15.046009,0d198c9c3e6b580afc81a6dc7fbe0f802d3b701a0f5e7bf3a88f68ab8d92634f,neutral/neutral/neutral_neutral_1218_00001481.mp4,False,
emotion:00001482.mp4,00001482.mp4,eMotions_chunk_067.parquet,datasets/Conna/eMotions/data/eMotions_chunk_067.parquet,bb97b7453720968aa6793bd962a8880a459acadc,Neutral,neutral,8.833333,9f00d2541734d59ed6072c5cbbf4983efc82406adb7ca1e186a9f66e923c1d01,neutral/neutral/neutral_neutral_1219_00001482.mp4,False,
emotion:00001483.mp4,00001483.mp4,eMotions_chunk_067.parquet,datasets/Conna/eMotions/data/eMotions_chunk_067.parquet,bb97b7453720968aa6793bd962a8880a459acadc,Neutral,neutral,17.225559,5af1074d03436dd0850a3d468a5b7bd036d561ff1d78fd39ba1f3ac2b071a309,neutral/neutral/neutral_neutral_1220_00001483.mp4,False,
emotion:00001484.mp4,00001484.mp4,eMotions_chunk_067.parquet,datasets/Conna/eMotions/data/eMotions_chunk_067.parquet,bb97b7453720968aa6793bd962a8880a459acadc,Neutral,neutral,11.965517,94b313edf79a4bde57b4fe6cc7145e18b5438edfc5f924e85adc0390d3ff1bcd,neutral/neutral/neutral_neutral_1221_00001484.mp4,False,
emotion:00001485.mp4,00001485.mp4,eMotions_chunk_067.parquet,datasets/Conna/eMotions/data/eMotions_chunk_067.parquet,bb97b7453720968aa6793bd962a8880a459acadc,Neutral,neutral,18.033333,2cdd6e0150f90eda412dc44938e8a3e4f39f25395134b209ceb2f9d28bf8f45d,neutral/neutral/neutral_neutral_1222_00001485.mp4,False,
emotion:00001488.mp4,00001488.mp4,eMotions_chunk_067.parquet,datasets/Conna/eMotions/data/eMotions_chunk_067.parquet,bb97b7453720968aa6793bd962a8880a459acadc,Neutral,neutral,16.186441,d70e12bd0956c68642907995e091f416c2d360c7feb5c04d576338d118df11d6,neutral/neutral/neutral_neutral_1223_00001488.mp4,False,
emotion:00001491.mp4,00001491.mp4,eMotions_chunk_067.parquet,datasets/Conna/eMotions/data/eMotions_chunk_067.parquet,bb97b7453720968aa6793bd962a8880a459acadc,Neutral,neutral,12.8,9b99198dfb7bb797e51f85c8609aba205a4d8e37681eeae57f6d616d12b5f3c3,neutral/neutral/neutral_neutral_1224_00001491.mp4,False,
emotion:00001493.mp4,00001493.mp4,eMotions_chunk_067.parquet,datasets/Conna/eMotions/data/eMotions_chunk_067.parquet,bb97b7453720968aa6793bd962a8880a459acadc,Neutral,neutral,15.433333,b4a4447f3948644be13f787325dcae213e1e3601e428fae5c89fa9a22ac49eca,neutral/neutral/neutral_neutral_1225_00001493.mp4,False,
emotion:00001496.mp4,00001496.mp4,eMotions_chunk_067.parquet,datasets/Conna/eMotions/data/eMotions_chunk_067.parquet,bb97b7453720968aa6793bd962a8880a459acadc,Neutral,neutral,17.733333,260566a8fbb855fe2c873712c6ca47583c8a500be702f11f3b334ec07d73d044,neutral/neutral/neutral_neutral_1226_00001496.mp4,False,
emotion:00001498.mp4,00001498.mp4,eMotions_chunk_067.parquet,datasets/Conna/eMotions/data/eMotions_chunk_067.parquet,bb97b7453720968aa6793bd962a8880a459acadc,Neutral,neutral,14.8,810d223c2d31b0770c3302c4d4e6b19fcfd4fb21f5b620843b09487461c89201,neutral/neutral/neutral_neutral_1227_00001498.mp4,False,
emotion:00001499.mp4,00001499.mp4,eMotions_chunk_067.parquet,datasets/Conna/eMotions/data/eMotions_chunk_067.parquet,bb97b7453720968aa6793bd962a8880a459acadc,Neutral,neutral,37.2,5eafbccef9db27ff839711a9cf8e78bc1f18c5cd4fd8f306d820cdaa1bf688f8,neutral/neutral/neutral_neutral_1228_00001499.mp4,False,
emotion:00001500.mp4,00001500.mp4,eMotions_chunk_067.parquet,datasets/Conna/eMotions/data/eMotions_chunk_067.parquet,bb97b7453720968aa6793bd962a8880a459acadc,Neutral,neutral,16.733333,a578ee28111221fac188228ba6c674ea0b16ef3d759c16e3c28930193d39ddcd,neutral/neutral/neutral_neutral_1229_00001500.mp4,False,
emotion:00001501.mp4,00001501.mp4,eMotions_chunk_067.parquet,datasets/Conna/eMotions/data/eMotions_chunk_067.parquet,bb97b7453720968aa6793bd962a8880a459acadc,Neutral,neutral,27.783333,f1c6f3975d834f4132412bcd24da1573b99f907becbcc9158793b69609cffc20,neutral/neutral/neutral_neutral_1230_00001501.mp4,False,
emotion:00001507.mp4,00001507.mp4,eMotions_chunk_067.parquet,datasets/Conna/eMotions/data/eMotions_chunk_067.parquet,bb97b7453720968aa6793bd962a8880a459acadc,Neutral,neutral,23.416036,d8c9a2cb2497875ce53a1ed7fed5a7432f8ae572eab7a8644feea64eb9d24e8b,neutral/neutral/neutral_neutral_1231_00001507.mp4,False,
emotion:00001508.mp4,00001508.mp4,eMotions_chunk_067.parquet,datasets/Conna/eMotions/data/eMotions_chunk_067.parquet,bb97b7453720968aa6793bd962a8880a459acadc,Neutral,neutral,17.564442,96a0208afa5919c4a44c9cf9cb9474cf0677cc4a1522ed83b4304fc24877a8fa,neutral/neutral/neutral_neutral_1232_00001508.mp4,False,
emotion:00001509.mp4,00001509.mp4,eMotions_chunk_067.parquet,datasets/Conna/eMotions/data/eMotions_chunk_067.parquet,bb97b7453720968aa6793bd962a8880a459acadc,Neutral,neutral,13.536009,e4c158891307f80305a15333c1acdb8098e1736cfdcb0bac7816fc9d44486ddb,neutral/neutral/neutral_neutral_1233_00001509.mp4,False,
emotion:00001513.mp4,00001513.mp4,eMotions_chunk_067.parquet,datasets/Conna/eMotions/data/eMotions_chunk_067.parquet,bb97b7453720968aa6793bd962a8880a459acadc,Neutral,neutral,9.133333,2df23f72babdda986f20f9ba9e5b8ecf1cc67026c55ce794854a95c92b0598af,neutral/neutral/neutral_neutral_1234_00001513.mp4,False,
emotion:00001514.mp4,00001514.mp4,eMotions_chunk_067.parquet,datasets/Conna/eMotions/data/eMotions_chunk_067.parquet,bb97b7453720968aa6793bd962a8880a459acadc,Neutral,neutral,12.033333,35e9c146f862ac8d00b85a740fe38c93ace50299dac857cd125976c4751ef5f4,neutral/neutral/neutral_neutral_1235_00001514.mp4,False,
emotion:00001523.mp4,00001523.mp4,eMotions_chunk_067.parquet,datasets/Conna/eMotions/data/eMotions_chunk_067.parquet,bb97b7453720968aa6793bd962a8880a459acadc,Neutral,neutral,34.433333,e3864baf57711d84f83b4cb4a815781c200de7fef27ce253ea460c6414b7b671,neutral/neutral/neutral_neutral_1236_00001523.mp4,False,
emotion:00001527.mp4,00001527.mp4,eMotions_chunk_067.parquet,datasets/Conna/eMotions/data/eMotions_chunk_067.parquet,bb97b7453720968aa6793bd962a8880a459acadc,Neutral,neutral,13.266667,2e5acaad18ebfb612daadbbf67d246be5155a4ca9778112447343d7915abfa1f,neutral/neutral/neutral_neutral_1237_00001527.mp4,False,
emotion:00001530.mp4,00001530.mp4,eMotions_chunk_067.parquet,datasets/Conna/eMotions/data/eMotions_chunk_067.parquet,bb97b7453720968aa6793bd962a8880a459acadc,Neutral,neutral,15.966667,072bebae5a4b2cc0a975f59cc7de3fc250663da3261d5b7529aae648e35977fa,neutral/neutral/neutral_neutral_1238_00001530.mp4,False,
emotion:00001535.mp4,00001535.mp4,eMotions_chunk_067.parquet,datasets/Conna/eMotions/data/eMotions_chunk_067.parquet,bb97b7453720968aa6793bd962a8880a459acadc,Neutral,neutral,13.652993,60cfcc88b8cf19b040c2fb373c3f855d554948bea7e668e4b5e860d8465b922f,neutral/neutral/neutral_neutral_1239_00001535.mp4,False,
emotion:00001538.mp4,00001538.mp4,eMotions_chunk_067.parquet,datasets/Conna/eMotions/data/eMotions_chunk_067.parquet,bb97b7453720968aa6793bd962a8880a459acadc,Neutral,neutral,14.378815,561065c96c5f78ccbc079a05362714b65b116b730fbdab3b4d427b34ab7ea45d,neutral/neutral/neutral_neutral_1240_00001538.mp4,False,
emotion:00001539.mp4,00001539.mp4,eMotions_chunk_067.parquet,datasets/Conna/eMotions/data/eMotions_chunk_067.parquet,bb97b7453720968aa6793bd962a8880a459acadc,Neutral,neutral,7.433333,5fcd76854c912a876af24db36809420572d9ec31de547301a3a2b1898f531c94,neutral/neutral/neutral_neutral_1241_00001539.mp4,False,
emotion:00001540.mp4,00001540.mp4,eMotions_chunk_067.parquet,datasets/Conna/eMotions/data/eMotions_chunk_067.parquet,bb97b7453720968aa6793bd962a8880a459acadc,Neutral,neutral,13.666667,da53f4f80c13cb6aaf886632f8a2fd95734984ed40cc52cc0a6342d755069139,neutral/neutral/neutral_neutral_1242_00001540.mp4,False,
emotion:00001541.mp4,00001541.mp4,eMotions_chunk_067.parquet,datasets/Conna/eMotions/data/eMotions_chunk_067.parquet,bb97b7453720968aa6793bd962a8880a459acadc,Neutral,neutral,14.953991,cdbf93478455ed79c485d6fe2cd4e8d969f511131b858e63257985aa64832114,neutral/neutral/neutral_neutral_1243_00001541.mp4,False,
emotion:00001543.mp4,00001543.mp4,eMotions_chunk_067.parquet,datasets/Conna/eMotions/data/eMotions_chunk_067.parquet,bb97b7453720968aa6793bd962a8880a459acadc,Neutral,neutral,28.7,3d9c929e505c28bc573bd4baa709fb9b6305c611b2409a74bdbc8faea1d7c53f,neutral/neutral/neutral_neutral_1244_00001543.mp4,False,
emotion:00001545.mp4,00001545.mp4,eMotions_chunk_067.parquet,datasets/Conna/eMotions/data/eMotions_chunk_067.parquet,bb97b7453720968aa6793bd962a8880a459acadc,Neutral,neutral,24.833333,7e1ee8ec6d057dd74df4d14793af7a3055f03791a908d22bd488314aceab7d7c,neutral/neutral/neutral_neutral_1245_00001545.mp4,False,
emotion:00001546.mp4,00001546.mp4,eMotions_chunk_067.parquet,datasets/Conna/eMotions/data/eMotions_chunk_067.parquet,bb97b7453720968aa6793bd962a8880a459acadc,Neutral,neutral,9.4,17682fbf93a943eaf6003e6b891a2c2f9d0a3321d4917dea98560f4b5477b8e1,neutral/neutral/neutral_neutral_1246_00001546.mp4,False,
emotion:00001551.mp4,00001551.mp4,eMotions_chunk_067.parquet,datasets/Conna/eMotions/data/eMotions_chunk_067.parquet,bb97b7453720968aa6793bd962a8880a459acadc,Neutral,neutral,10.033333,c736f327ce5d0ab0973f1ff033227953de840e6d30c48119ffc38370b98059fb,neutral/neutral/neutral_neutral_1247_00001551.mp4,False,
emotion:00001552.mp4,00001552.mp4,eMotions_chunk_067.parquet,datasets/Conna/eMotions/data/eMotions_chunk_067.parquet,bb97b7453720968aa6793bd962a8880a459acadc,Neutral,neutral,13.933333,6c059f2b15715e6d57b0e180a82ee6835bff13ebf1f256409fa126a044ed673e,neutral/neutral/neutral_neutral_1248_00001552.mp4,False,
emotion:00001553.mp4,00001553.mp4,eMotions_chunk_067.parquet,datasets/Conna/eMotions/data/eMotions_chunk_067.parquet,bb97b7453720968aa6793bd962a8880a459acadc,Neutral,neutral,14.166667,62c933747722c30f595358852abd63c28b81dcf3e842612dc3dd7847333fe2f8,neutral/neutral/neutral_neutral_1249_00001553.mp4,False,
emotion:00001554.mp4,00001554.mp4,eMotions_chunk_067.parquet,datasets/Conna/eMotions/data/eMotions_chunk_067.parquet,bb97b7453720968aa6793bd962a8880a459acadc,Neutral,neutral,15.166667,86675cfefee2ba3fdffaabfc4b6492e0fb1ee3d4aea384470993e893c1f42fd0,neutral/neutral/neutral_neutral_1250_00001554.mp4,False,
emotion:00001555.mp4,00001555.mp4,eMotions_chunk_067.parquet,datasets/Conna/eMotions/data/eMotions_chunk_067.parquet,bb97b7453720968aa6793bd962a8880a459acadc,Neutral,neutral,35.920998,abaa650434cdfc6dc7f65f47bbd86e8755027b9a77e6a33434fe3c092c514fcd,neutral/neutral/neutral_neutral_1251_00001555.mp4,False,
emotion:00001556.mp4,00001556.mp4,eMotions_chunk_067.parquet,datasets/Conna/eMotions/data/eMotions_chunk_067.parquet,bb97b7453720968aa6793bd962a8880a459acadc,Neutral,neutral,35.066667,5f60eaf74820f9da04b1a26563269f5f99014df54bc91268a6eaa3835f6189a5,neutral/neutral/neutral_neutral_1252_00001556.mp4,False,
emotion:00001557.mp4,00001557.mp4,eMotions_chunk_067.parquet,datasets/Conna/eMotions/data/eMotions_chunk_067.parquet,bb97b7453720968aa6793bd962a8880a459acadc,Neutral,neutral,20.039002,dde10ea966a752105290c6b41a34e1c432ec740e9aaf2fa5dab19996c9762bb9,neutral/neutral/neutral_neutral_1253_00001557.mp4,False,
emotion:00001558.mp4,00001558.mp4,eMotions_chunk_067.parquet,datasets/Conna/eMotions/data/eMotions_chunk_067.parquet,bb97b7453720968aa6793bd962a8880a459acadc,Neutral,neutral,48.367007,e628a6890c3b7ae46baaf556c285a0f12fa0331145db9ebc7e6a2296c0e3a154,neutral/neutral/neutral_neutral_1254_00001558.mp4,False,
emotion:00001560.mp4,00001560.mp4,eMotions_chunk_067.parquet,datasets/Conna/eMotions/data/eMotions_chunk_067.parquet,bb97b7453720968aa6793bd962a8880a459acadc,Neutral,neutral,23.066667,d834914eeddf63c8c7d2e84f27b1aea0741b2d128c7dc9b66cdc317a0341b76f,neutral/neutral/neutral_neutral_1255_00001560.mp4,False,
emotion:00001561.mp4,00001561.mp4,eMotions_chunk_067.parquet,datasets/Conna/eMotions/data/eMotions_chunk_067.parquet,bb97b7453720968aa6793bd962a8880a459acadc,Neutral,neutral,7.307307,b55bc9191e6db2bb5eb36179eccba720c91eb25360c9b6eefd93273a042d3cc5,neutral/neutral/neutral_neutral_1256_00001561.mp4,False,
emotion:00001570.mp4,00001570.mp4,eMotions_chunk_067.parquet,datasets/Conna/eMotions/data/eMotions_chunk_067.parquet,bb97b7453720968aa6793bd962a8880a459acadc,Neutral,neutral,14.976009,942df86befbf839c9a915e71f3937950a03dfdfd3e600f3d30ae42ae61c68fb6,neutral/neutral/neutral_neutral_1257_00001570.mp4,False,
emotion:00001571.mp4,00001571.mp4,eMotions_chunk_067.parquet,datasets/Conna/eMotions/data/eMotions_chunk_067.parquet,bb97b7453720968aa6793bd962a8880a459acadc,Neutral,neutral,15.0,35446a30e1557be616b7a40e0cdbfcdeb6fe5540ba572d8324f081739fe97aab,neutral/neutral/neutral_neutral_1258_00001571.mp4,False,
emotion:00001572.mp4,00001572.mp4,eMotions_chunk_067.parquet,datasets/Conna/eMotions/data/eMotions_chunk_067.parquet,bb97b7453720968aa6793bd962a8880a459acadc,Neutral,neutral,43.266667,0eeb6fa1c8740b78823850b9ae10f463d2af1cf2c48f692579fff9907d4ae8ba,neutral/neutral/neutral_neutral_1259_00001572.mp4,False,
emotion:00001576.mp4,00001576.mp4,eMotions_chunk_067.parquet,datasets/Conna/eMotions/data/eMotions_chunk_067.parquet,bb97b7453720968aa6793bd962a8880a459acadc,Neutral,neutral,45.815559,765acd19c890e9b91e13079f730e384d46f1600c0ee4d66cfa9da6dbfa586f9a,neutral/neutral/neutral_neutral_1260_00001576.mp4,False,
emotion:00001578.mp4,00001578.mp4,eMotions_chunk_067.parquet,datasets/Conna/eMotions/data/eMotions_chunk_067.parquet,bb97b7453720968aa6793bd962a8880a459acadc,Neutral,neutral,13.607007,8742e021a13e2913249c8cd4290f6aa77c9db3114960521d0311dd050f0a9a84,neutral/neutral/neutral_neutral_1261_00001578.mp4,False,
emotion:00001579.mp4,00001579.mp4,eMotions_chunk_067.parquet,datasets/Conna/eMotions/data/eMotions_chunk_067.parquet,bb97b7453720968aa6793bd962a8880a459acadc,Neutral,neutral,17.112993,e61b190a9f5539ad5e58b840719d73ddff859e8fb0b296b2a9b133f0acfd3aac,neutral/neutral/neutral_neutral_1262_00001579.mp4,False,
emotion:00001582.mp4,00001582.mp4,eMotions_chunk_067.parquet,datasets/Conna/eMotions/data/eMotions_chunk_067.parquet,bb97b7453720968aa6793bd962a8880a459acadc,Neutral,neutral,32.033333,b3a29839aefe337a398b674f9e95d5e0acefb6ac6ce31077501a14f4dfe85a07,neutral/neutral/neutral_neutral_1263_00001582.mp4,False,
emotion:00001583.mp4,00001583.mp4,eMotions_chunk_067.parquet,datasets/Conna/eMotions/data/eMotions_chunk_067.parquet,bb97b7453720968aa6793bd962a8880a459acadc,Neutral,neutral,60.0,4de0aa021af9c7b3d22d98dabc812c7904fe80b79fa487c574f9dc55a81d8151,neutral/neutral/neutral_neutral_1264_00001583.mp4,False,
emotion:00001585.mp4,00001585.mp4,eMotions_chunk_067.parquet,datasets/Conna/eMotions/data/eMotions_chunk_067.parquet,bb97b7453720968aa6793bd962a8880a459acadc,Neutral,neutral,17.716667,39c7949fa3e68d0e6b5bb9bd64fd3ab8cd5f3669ca963e5eb3ee88d75c7e735e,neutral/neutral/neutral_neutral_1265_00001585.mp4,False,
emotion:00001587.mp4,00001587.mp4,eMotions_chunk_067.parquet,datasets/Conna/eMotions/data/eMotions_chunk_067.parquet,bb97b7453720968aa6793bd962a8880a459acadc,Neutral,neutral,31.766667,87ba0c636848cc70ffe48f25f3a74bb9cd52f03fe3c9d09ff9bca969a2f26efd,neutral/neutral/neutral_neutral_1266_00001587.mp4,False,
emotion:00001589.mp4,00001589.mp4,eMotions_chunk_067.parquet,datasets/Conna/eMotions/data/eMotions_chunk_067.parquet,bb97b7453720968aa6793bd962a8880a459acadc,Neutral,neutral,12.840998,9e64590f484d8c41fb42b1ff53920d8c4485698c3a3c1b33e6540e27d71f2e3a,neutral/neutral/neutral_neutral_1267_00001589.mp4,False,
emotion:00001590.mp4,00001590.mp4,eMotions_chunk_067.parquet,datasets/Conna/eMotions/data/eMotions_chunk_067.parquet,bb97b7453720968aa6793bd962a8880a459acadc,Neutral,neutral,13.8,03a0291cd5df4d18d3171c9758bb5c874158fd4775366aff31338f838db754f7,neutral/neutral/neutral_neutral_1268_00001590.mp4,False,
emotion:00001591.mp4,00001591.mp4,eMotions_chunk_067.parquet,datasets/Conna/eMotions/data/eMotions_chunk_067.parquet,bb97b7453720968aa6793bd962a8880a459acadc,Neutral,neutral,9.533333,6af2ee9610dc7d3c084f76f08b3494bdc96e57cfd841585b69fe495e5ecb0df9,neutral/neutral/neutral_neutral_1269_00001591.mp4,False,
emotion:00001592.mp4,00001592.mp4,eMotions_chunk_067.parquet,datasets/Conna/eMotions/data/eMotions_chunk_067.parquet,bb97b7453720968aa6793bd962a8880a459acadc,Neutral,neutral,8.009002,a14a1edba7c944a3c6608fd6d8061e73826eec39673628f32f3be910beb27de9,neutral/neutral/neutral_neutral_1270_00001592.mp4,False,
emotion:00001594.mp4,00001594.mp4,eMotions_chunk_067.parquet,datasets/Conna/eMotions/data/eMotions_chunk_067.parquet,bb97b7453720968aa6793bd962a8880a459acadc,Neutral,neutral,14.933333,60b75651a954f83e9b460ec8bc429c1765281a8bcf944b2d40499709ae947b2e,neutral/neutral/neutral_neutral_1271_00001594.mp4,False,
emotion:00001595.mp4,00001595.mp4,eMotions_chunk_067.parquet,datasets/Conna/eMotions/data/eMotions_chunk_067.parquet,bb97b7453720968aa6793bd962a8880a459acadc,Neutral,neutral,10.633333,9c5f2645a0b96d79e88794b4c48219e3782b677f30170a432a1d7edfda1f1a25,neutral/neutral/neutral_neutral_1272_00001595.mp4,False,
emotion:00001596.mp4,00001596.mp4,eMotions_chunk_067.parquet,datasets/Conna/eMotions/data/eMotions_chunk_067.parquet,bb97b7453720968aa6793bd962a8880a459acadc,Neutral,neutral,32.5,05a8adeafc13a0a3b5f4a82b8c171a187a27d35ce6f940c18592a58447cd02f8,neutral/neutral/neutral_neutral_1273_00001596.mp4,False,
emotion:00001598.mp4,00001598.mp4,eMotions_chunk_067.parquet,datasets/Conna/eMotions/data/eMotions_chunk_067.parquet,bb97b7453720968aa6793bd962a8880a459acadc,Neutral,neutral,15.0,75f617089babeaf979fb03b6e983524f905d77d45891d6882501fb730e7774a5,neutral/neutral/neutral_neutral_1274_00001598.mp4,False,
emotion:00001599.mp4,00001599.mp4,eMotions_chunk_067.parquet,datasets/Conna/eMotions/data/eMotions_chunk_067.parquet,bb97b7453720968aa6793bd962a8880a459acadc,Neutral,neutral,6.448276,775ac22a8e73472cab5d312f91a63a6325cb1b0b3eeff84bf7f9920dd9da9481,neutral/neutral/neutral_neutral_1275_00001599.mp4,False,
emotion:00001602.mp4,00001602.mp4,eMotions_chunk_067.parquet,datasets/Conna/eMotions/data/eMotions_chunk_067.parquet,bb97b7453720968aa6793bd962a8880a459acadc,Neutral,neutral,12.666667,29c4a658342f38a16f5055aca70a91f301ed4a55794a44d19726cdc7ff89e898,neutral/neutral/neutral_neutral_1276_00001602.mp4,False,
emotion:00001603.mp4,00001603.mp4,eMotions_chunk_067.parquet,datasets/Conna/eMotions/data/eMotions_chunk_067.parquet,bb97b7453720968aa6793bd962a8880a459acadc,Neutral,neutral,9.435897,d41253f790460c96a80ab63422bf355595a2465a3fc12d2055ca8879566840e1,neutral/neutral/neutral_neutral_1277_00001603.mp4,False,
emotion:00001605.mp4,00001605.mp4,eMotions_chunk_067.parquet,datasets/Conna/eMotions/data/eMotions_chunk_067.parquet,bb97b7453720968aa6793bd962a8880a459acadc,Neutral,neutral,22.033333,02f9bccbbe295c983a7bd4404fee5f7246b2b1bee3fe0669462122c6b4c88d5a,neutral/neutral/neutral_neutral_1278_00001605.mp4,False,
emotion:00001606.mp4,00001606.mp4,eMotions_chunk_067.parquet,datasets/Conna/eMotions/data/eMotions_chunk_067.parquet,bb97b7453720968aa6793bd962a8880a459acadc,Neutral,neutral,13.366667,fd902905300fe4bf4591baccf9956f896b061367043c22a91b1196e1b7354f62,neutral/neutral/neutral_neutral_1279_00001606.mp4,False,
emotion:00001609.mp4,00001609.mp4,eMotions_chunk_067.parquet,datasets/Conna/eMotions/data/eMotions_chunk_067.parquet,bb97b7453720968aa6793bd962a8880a459acadc,Neutral,neutral,9.533333,dce52e76d0a375dd2143bd001c3d8a05f4df34f379526bef804e073848a193fd,neutral/neutral/neutral_neutral_1280_00001609.mp4,False,
emotion:00001611.mp4,00001611.mp4,eMotions_chunk_067.parquet,datasets/Conna/eMotions/data/eMotions_chunk_067.parquet,bb97b7453720968aa6793bd962a8880a459acadc,Neutral,neutral,7.7,cc869bfdb970b4bf937402ddde06c50cecbbfcf4df7869d6ef076f27cf09124d,neutral/neutral/neutral_neutral_1281_00001611.mp4,False,
emotion:00001612.mp4,00001612.mp4,eMotions_chunk_067.parquet,datasets/Conna/eMotions/data/eMotions_chunk_067.parquet,bb97b7453720968aa6793bd962a8880a459acadc,Neutral,neutral,8.416667,7aac870d2c16863976eb6f23289fd89f08ff8505bb0bd216c15946c8aa53f49d,neutral/neutral/neutral_neutral_1282_00001612.mp4,False,
emotion:00001613.mp4,00001613.mp4,eMotions_chunk_067.parquet,datasets/Conna/eMotions/data/eMotions_chunk_067.parquet,bb97b7453720968aa6793bd962a8880a459acadc,Neutral,neutral,13.133333,49682b41e748ca07b411e51912dd43053d954a4a0002237323f15c9878a481a0,neutral/neutral/neutral_neutral_1283_00001613.mp4,False,
emotion:00001616.mp4,00001616.mp4,eMotions_chunk_067.parquet,datasets/Conna/eMotions/data/eMotions_chunk_067.parquet,bb97b7453720968aa6793bd962a8880a459acadc,Neutral,neutral,44.860998,cb84e4f44839b5def0c3260f2493b7075a2be4cd4d097a301d26f7b22a446671,neutral/neutral/neutral_neutral_1284_00001616.mp4,False,
emotion:00001621.mp4,00001621.mp4,eMotions_chunk_067.parquet,datasets/Conna/eMotions/data/eMotions_chunk_067.parquet,bb97b7453720968aa6793bd962a8880a459acadc,Neutral,neutral,24.966667,1b7afc70bb7d123dfa89d76669b76ff57c74f1e52b85861287738e780a6aae21,neutral/neutral/neutral_neutral_1285_00001621.mp4,False,
emotion:00001624.mp4,00001624.mp4,eMotions_chunk_067.parquet,datasets/Conna/eMotions/data/eMotions_chunk_067.parquet,bb97b7453720968aa6793bd962a8880a459acadc,Neutral,neutral,37.366667,aa511d0ceef9160b55efbba322e212a30ad6380ee4a1fbb04709343fd169e6df,neutral/neutral/neutral_neutral_1286_00001624.mp4,False,
emotion:00001626.mp4,00001626.mp4,eMotions_chunk_067.parquet,datasets/Conna/eMotions/data/eMotions_chunk_067.parquet,bb97b7453720968aa6793bd962a8880a459acadc,Neutral,neutral,47.16,50111f12af14dcc8a87ab0112b33fe49fdd18b18fdfd3cb6fa6a36f92ebf0929,neutral/neutral/neutral_neutral_1287_00001626.mp4,False,
emotion:00001632.mp4,00001632.mp4,eMotions_chunk_067.parquet,datasets/Conna/eMotions/data/eMotions_chunk_067.parquet,bb97b7453720968aa6793bd962a8880a459acadc,Neutral,neutral,19.99931,7cf8f843cdbb44fd1e0a949c7736783e96b20403474b6b719f6c017f47ab2a6a,neutral/neutral/neutral_neutral_1288_00001632.mp4,False,
emotion:00001633.mp4,00001633.mp4,eMotions_chunk_067.parquet,datasets/Conna/eMotions/data/eMotions_chunk_067.parquet,bb97b7453720968aa6793bd962a8880a459acadc,Neutral,neutral,12.8,d57beb35a0f818b0d6857c037f7cd69793077164ce23d04a15037d2b01ad6da9,neutral/neutral/neutral_neutral_1289_00001633.mp4,False,
emotion:00001634.mp4,00001634.mp4,eMotions_chunk_067.parquet,datasets/Conna/eMotions/data/eMotions_chunk_067.parquet,bb97b7453720968aa6793bd962a8880a459acadc,Neutral,neutral,12.840998,1a4cfb686c6fcd03cc67905fa9b557a7648550625b65d99f9dcd42065894af1e,neutral/neutral/neutral_neutral_1290_00001634.mp4,False,
emotion:00001635.mp4,00001635.mp4,eMotions_chunk_067.parquet,datasets/Conna/eMotions/data/eMotions_chunk_067.parquet,bb97b7453720968aa6793bd962a8880a459acadc,Neutral,neutral,17.166667,1db48cb76fbe125f5d6939f54ca859a69a8a4f8a4483444ed330246ace7ceef2,neutral/neutral/neutral_neutral_1291_00001635.mp4,False,
emotion:00001636.mp4,00001636.mp4,eMotions_chunk_067.parquet,datasets/Conna/eMotions/data/eMotions_chunk_067.parquet,bb97b7453720968aa6793bd962a8880a459acadc,Neutral,neutral,22.22,bd72c3d59853d02a8cd234a44ebcec754ee7b8a85ed28345c8c00b9a4e6de2bc,neutral/neutral/neutral_neutral_1292_00001636.mp4,False,
emotion:00001637.mp4,00001637.mp4,eMotions_chunk_067.parquet,datasets/Conna/eMotions/data/eMotions_chunk_067.parquet,bb97b7453720968aa6793bd962a8880a459acadc,Neutral,neutral,14.966079,7e782a81905b60bde494f241b2815eef7c07965030b5d62e2ed80d295800b7a5,neutral/neutral/neutral_neutral_1293_00001637.mp4,False,
emotion:00001638.mp4,00001638.mp4,eMotions_chunk_067.parquet,datasets/Conna/eMotions/data/eMotions_chunk_067.parquet,bb97b7453720968aa6793bd962a8880a459acadc,Neutral,neutral,22.033333,ee9ef4843b26268949583145eefc91eac17f4b762afe57975ac4d788c8728467,neutral/neutral/neutral_neutral_1294_00001638.mp4,False,
emotion:00001645.mp4,00001645.mp4,eMotions_chunk_067.parquet,datasets/Conna/eMotions/data/eMotions_chunk_067.parquet,bb97b7453720968aa6793bd962a8880a459acadc,Neutral,neutral,15.133333,cddf8de35a5ddf7b68348153fc2f83636274b3e0e97f012ba7f0434a80b4fe78,neutral/neutral/neutral_neutral_1295_00001645.mp4,False,
emotion:00001646.mp4,00001646.mp4,eMotions_chunk_067.parquet,datasets/Conna/eMotions/data/eMotions_chunk_067.parquet,bb97b7453720968aa6793bd962a8880a459acadc,Neutral,neutral,15.021995,10173510c85f62ce1a1db6111a4a8ea0b403f27335416adea9115f4eb2289818,neutral/neutral/neutral_neutral_1296_00001646.mp4,False,
emotion:00001647.mp4,00001647.mp4,eMotions_chunk_067.parquet,datasets/Conna/eMotions/data/eMotions_chunk_067.parquet,bb97b7453720968aa6793bd962a8880a459acadc,Neutral,neutral,9.567007,86fd0cf5f5e43088ef74371f3e7c8b393f996ddd39d286e84749197d57b904d2,neutral/neutral/neutral_neutral_1297_00001647.mp4,False,
emotion:00001649.mp4,00001649.mp4,eMotions_chunk_067.parquet,datasets/Conna/eMotions/data/eMotions_chunk_067.parquet,bb97b7453720968aa6793bd962a8880a459acadc,Neutral,neutral,26.772993,c073192844d4b90a953ca22b4c3d30ae9fa22912461481f81f0bbc6c07a5c551,neutral/neutral/neutral_neutral_1298_00001649.mp4,False,
emotion:00001651.mp4,00001651.mp4,eMotions_chunk_067.parquet,datasets/Conna/eMotions/data/eMotions_chunk_067.parquet,bb97b7453720968aa6793bd962a8880a459acadc,Neutral,neutral,27.142993,3ec1b1a5af3add743a35369639a55132eff1c5cfe1177ce2a6ee0615efcc884b,neutral/neutral/neutral_neutral_1299_00001651.mp4,False,
emotion:00001656.mp4,00001656.mp4,eMotions_chunk_067.parquet,datasets/Conna/eMotions/data/eMotions_chunk_067.parquet,bb97b7453720968aa6793bd962a8880a459acadc,Neutral,neutral,15.419167,abb4994f22281813742924be0e981ee191619ef00d76027b8c79924e621ab06b,neutral/neutral/neutral_neutral_1300_00001656.mp4,False,
emotion:00001657.mp4,00001657.mp4,eMotions_chunk_067.parquet,datasets/Conna/eMotions/data/eMotions_chunk_067.parquet,bb97b7453720968aa6793bd962a8880a459acadc,Neutral,neutral,20.016009,9bec485b79e5efd110ed4fdb71874d6992f7f92c79e7ba1887fb93d497236e35,neutral/neutral/neutral_neutral_1301_00001657.mp4,False,
emotion:00001659.mp4,00001659.mp4,eMotions_chunk_067.parquet,datasets/Conna/eMotions/data/eMotions_chunk_067.parquet,bb97b7453720968aa6793bd962a8880a459acadc,Neutral,neutral,9.533333,b996b60d7fd7359c59eb8ffad4b556ea33db697baa038f3ede2e602690d85c30,neutral/neutral/neutral_neutral_1302_00001659.mp4,False,
emotion:00001660.mp4,00001660.mp4,eMotions_chunk_067.parquet,datasets/Conna/eMotions/data/eMotions_chunk_067.parquet,bb97b7453720968aa6793bd962a8880a459acadc,Neutral,neutral,41.080322,76cfc344012f0abb612197d6864b47910924bfd85b5325c8c9736e5676d4ecd2,neutral/neutral/neutral_neutral_1303_00001660.mp4,False,
emotion:00001664.mp4,00001664.mp4,eMotions_chunk_067.parquet,datasets/Conna/eMotions/data/eMotions_chunk_067.parquet,bb97b7453720968aa6793bd962a8880a459acadc,Neutral,neutral,10.935011,6acde59d33804ef1142136923646289824ee3c14d0aa7da718646b9a9ce4b7cb,neutral/neutral/neutral_neutral_1304_00001664.mp4,False,
emotion:00001665.mp4,00001665.mp4,eMotions_chunk_067.parquet,datasets/Conna/eMotions/data/eMotions_chunk_067.parquet,bb97b7453720968aa6793bd962a8880a459acadc,Neutral,neutral,17.71568,951771a711a6ffd3a279bd05085dfbd4548b6e6a9f685975869bd27747b52ae7,neutral/neutral/neutral_neutral_1305_00001665.mp4,False,
emotion:00001666.mp4,00001666.mp4,eMotions_chunk_067.parquet,datasets/Conna/eMotions/data/eMotions_chunk_067.parquet,bb97b7453720968aa6793bd962a8880a459acadc,Neutral,neutral,29.533333,678b76107233021b226d4636b6c63173da83321d9e7a91030bbaa0f3f76ec399,neutral/neutral/neutral_neutral_1306_00001666.mp4,False,
emotion:00001667.mp4,00001667.mp4,eMotions_chunk_067.parquet,datasets/Conna/eMotions/data/eMotions_chunk_067.parquet,bb97b7453720968aa6793bd962a8880a459acadc,Neutral,neutral,15.316667,fc5fd77f6f3e927b7414c794e88bdb6e903722a7930ead4eeb30b5822daaf2a8,neutral/neutral/neutral_neutral_1307_00001667.mp4,False,
emotion:00001668.mp4,00001668.mp4,eMotions_chunk_067.parquet,datasets/Conna/eMotions/data/eMotions_chunk_067.parquet,bb97b7453720968aa6793bd962a8880a459acadc,Neutral,neutral,44.244244,689864c5171ff505003971142bcd86d1839a35d13e58efcc585f4d31d0c294a3,neutral/neutral/neutral_neutral_1308_00001668.mp4,False,
emotion:00001673.mp4,00001673.mp4,eMotions_chunk_067.parquet,datasets/Conna/eMotions/data/eMotions_chunk_067.parquet,bb97b7453720968aa6793bd962a8880a459acadc,Neutral,neutral,15.021995,86b7246852c6ab03a3ff974cdfbc1e0636b14297809e1a1f22132365d99f5b40,neutral/neutral/neutral_neutral_1309_00001673.mp4,False,
emotion:00001675.mp4,00001675.mp4,eMotions_chunk_067.parquet,datasets/Conna/eMotions/data/eMotions_chunk_067.parquet,bb97b7453720968aa6793bd962a8880a459acadc,Neutral,neutral,55.936009,b07d67fc1da5aca099ed711914105703cc60adb84d8a5d27da42e867c469183f,neutral/neutral/neutral_neutral_1310_00001675.mp4,False,
emotion:00001679.mp4,00001679.mp4,eMotions_chunk_067.parquet,datasets/Conna/eMotions/data/eMotions_chunk_067.parquet,bb97b7453720968aa6793bd962a8880a459acadc,Neutral,neutral,10.076009,a481d5461d81e5bde05aab78b5e339baaae16f5bd23e3b0e2f325a55016cc719,neutral/neutral/neutral_neutral_1311_00001679.mp4,False,
emotion:00001681.mp4,00001681.mp4,eMotions_chunk_067.parquet,datasets/Conna/eMotions/data/eMotions_chunk_067.parquet,bb97b7453720968aa6793bd962a8880a459acadc,Neutral,neutral,20.033333,ea2c22dabb8df314d5feae2f4ea9ecd47ad8256770bb9f9cf090ada43c608583,neutral/neutral/neutral_neutral_1312_00001681.mp4,False,
emotion:00001682.mp4,00001682.mp4,eMotions_chunk_067.parquet,datasets/Conna/eMotions/data/eMotions_chunk_067.parquet,bb97b7453720968aa6793bd962a8880a459acadc,Neutral,neutral,13.933333,6ea2886e1309033ed519eb4afdd132f887eec2bf9b8e8be1d2ce15e51d8424bd,neutral/neutral/neutral_neutral_1313_00001682.mp4,False,
emotion:00001697.mp4,00001697.mp4,eMotions_chunk_067.parquet,datasets/Conna/eMotions/data/eMotions_chunk_067.parquet,bb97b7453720968aa6793bd962a8880a459acadc,Neutral,neutral,13.2,60fc130813b8e8f87585fe15050f018fb1beb0cebe758d31096a150f8d33657e,neutral/neutral/neutral_neutral_1314_00001697.mp4,False,
emotion:00001699.mp4,00001699.mp4,eMotions_chunk_067.parquet,datasets/Conna/eMotions/data/eMotions_chunk_067.parquet,bb97b7453720968aa6793bd962a8880a459acadc,Neutral,neutral,32.733333,2552aac1c18370404139aeb6f90e3bb852780483c1bfd562f836b62c01d23dad,neutral/neutral/neutral_neutral_1315_00001699.mp4,False,
emotion:00001700.mp4,00001700.mp4,eMotions_chunk_067.parquet,datasets/Conna/eMotions/data/eMotions_chunk_067.parquet,bb97b7453720968aa6793bd962a8880a459acadc,Neutral,neutral,20.966667,9d61a6ad2e1992eb98ca0eea137509edb42e0dc8637b5ea3a2450b3c01bb9a66,neutral/neutral/neutral_neutral_1316_00001700.mp4,False,
emotion:00001702.mp4,00001702.mp4,eMotions_chunk_067.parquet,datasets/Conna/eMotions/data/eMotions_chunk_067.parquet,bb97b7453720968aa6793bd962a8880a459acadc,Neutral,neutral,23.543991,26255f484dff73fc0cd9f31ff81be43090ae9e66ab892232d88d3f1eee39ed21,neutral/neutral/neutral_neutral_1317_00001702.mp4,False,
emotion:00001705.mp4,00001705.mp4,eMotions_chunk_067.parquet,datasets/Conna/eMotions/data/eMotions_chunk_067.parquet,bb97b7453720968aa6793bd962a8880a459acadc,Neutral,neutral,19.3,01753f8247bfbeec6dfb2ed76fea59d3eec2446117a73ee448afe86da726ac50,neutral/neutral/neutral_neutral_1318_00001705.mp4,False,
emotion:00001706.mp4,00001706.mp4,eMotions_chunk_067.parquet,datasets/Conna/eMotions/data/eMotions_chunk_067.parquet,bb97b7453720968aa6793bd962a8880a459acadc,Neutral,neutral,10.033333,2d184bda2b0da3fc06d7eb50b9c05c43b1e777cc7aa7ca11b0977166d6dfd55b,neutral/neutral/neutral_neutral_1319_00001706.mp4,False,
emotion:00001707.mp4,00001707.mp4,eMotions_chunk_067.parquet,datasets/Conna/eMotions/data/eMotions_chunk_067.parquet,bb97b7453720968aa6793bd962a8880a459acadc,Neutral,neutral,12.05,fd5c444d2b825c33e0dfe8d77d4dabc61f97d288bf34a981052aa03448c6a146,neutral/neutral/neutral_neutral_1320_00001707.mp4,False,
emotion:00001708.mp4,00001708.mp4,eMotions_chunk_067.parquet,datasets/Conna/eMotions/data/eMotions_chunk_067.parquet,bb97b7453720968aa6793bd962a8880a459acadc,Neutral,neutral,34.866667,e14dfd85ed8ee720e65309b9939a70d928a4e64477535c78eeec1af295e013fa,neutral/neutral/neutral_neutral_1321_00001708.mp4,False,
emotion:00001712.mp4,00001712.mp4,eMotions_chunk_067.parquet,datasets/Conna/eMotions/data/eMotions_chunk_067.parquet,bb97b7453720968aa6793bd962a8880a459acadc,Neutral,neutral,7.6,d895584044058724f1bc6be75a8b6ed818c8094fbdfabfe198de39bc6ac19e09,neutral/neutral/neutral_neutral_1322_00001712.mp4,False,
emotion:00001716.mp4,00001716.mp4,eMotions_chunk_067.parquet,datasets/Conna/eMotions/data/eMotions_chunk_067.parquet,bb97b7453720968aa6793bd962a8880a459acadc,Neutral,neutral,19.076923,bc8ba4af7787a1cd6a03de9a29c5931cbb84a0d0d0f5ab4549664e9525de428d,neutral/neutral/neutral_neutral_1323_00001716.mp4,False,
emotion:00001717.mp4,00001717.mp4,eMotions_chunk_067.parquet,datasets/Conna/eMotions/data/eMotions_chunk_067.parquet,bb97b7453720968aa6793bd962a8880a459acadc,Neutral,neutral,24.288005,84335cac4905acfdc244f42cc44373f564af7df5bf69a7e44886d98eadb6f54b,neutral/neutral/neutral_neutral_1324_00001717.mp4,False,
emotion:00001721.mp4,00001721.mp4,eMotions_chunk_067.parquet,datasets/Conna/eMotions/data/eMotions_chunk_067.parquet,bb97b7453720968aa6793bd962a8880a459acadc,Neutral,neutral,40.935011,fa52e797b8b7db8d8e9cedc97053f7386a6c0f5c27a32d3ef4cfa9e52d78a349,neutral/neutral/neutral_neutral_1325_00001721.mp4,False,
emotion:00001724.mp4,00001724.mp4,eMotions_chunk_067.parquet,datasets/Conna/eMotions/data/eMotions_chunk_067.parquet,bb97b7453720968aa6793bd962a8880a459acadc,Neutral,neutral,15.1,e2f2f779f6c1ed0d999bf91b6a919a5c62d62aacab7c9402e40d4966a96e2278,neutral/neutral/neutral_neutral_1326_00001724.mp4,False,
emotion:00001725.mp4,00001725.mp4,eMotions_chunk_067.parquet,datasets/Conna/eMotions/data/eMotions_chunk_067.parquet,bb97b7453720968aa6793bd962a8880a459acadc,Neutral,neutral,7.033333,0965c5d7681df8804495483beac9522597aee3db831b7dd9b195ba8c2577980a,neutral/neutral/neutral_neutral_1327_00001725.mp4,False,
emotion:00001728.mp4,00001728.mp4,eMotions_chunk_067.parquet,datasets/Conna/eMotions/data/eMotions_chunk_067.parquet,bb97b7453720968aa6793bd962a8880a459acadc,Neutral,neutral,15.139002,09a8b7c9c6141615eb1fdf94bf90aa34ffe6d00977de04c0535647245c828275,neutral/neutral/neutral_neutral_1328_00001728.mp4,False,
emotion:00001729.mp4,00001729.mp4,eMotions_chunk_067.parquet,datasets/Conna/eMotions/data/eMotions_chunk_067.parquet,bb97b7453720968aa6793bd962a8880a459acadc,Neutral,neutral,14.6,4ec92ded3eb77b282bfc6ed0c2a5a1ea018e50957a060e23e2c9377b694e6e99,neutral/neutral/neutral_neutral_1329_00001729.mp4,False,
emotion:00001736.mp4,00001736.mp4,eMotions_chunk_067.parquet,datasets/Conna/eMotions/data/eMotions_chunk_067.parquet,bb97b7453720968aa6793bd962a8880a459acadc,Neutral,neutral,26.57352,2a2b907024c9ae5223df28e5bdcf4844f7c0328ce32d7565e927e91f895fd2e4,neutral/neutral/neutral_neutral_1330_00001736.mp4,False,
emotion:00001737.mp4,00001737.mp4,eMotions_chunk_067.parquet,datasets/Conna/eMotions/data/eMotions_chunk_067.parquet,bb97b7453720968aa6793bd962a8880a459acadc,Neutral,neutral,32.2,c57db8c21d71d1665b5a7504e192577922334a1214252f6b3dc6a727d52b67ce,neutral/neutral/neutral_neutral_1331_00001737.mp4,False,
emotion:00001738.mp4,00001738.mp4,eMotions_chunk_067.parquet,datasets/Conna/eMotions/data/eMotions_chunk_067.parquet,bb97b7453720968aa6793bd962a8880a459acadc,Neutral,neutral,14.372993,5133b7e3966f69d206860af428b7393e9bd2bfd5415ef77d2a8cd783ea65712e,neutral/neutral/neutral_neutral_1332_00001738.mp4,False,
emotion:00001739.mp4,00001739.mp4,eMotions_chunk_067.parquet,datasets/Conna/eMotions/data/eMotions_chunk_067.parquet,bb97b7453720968aa6793bd962a8880a459acadc,Neutral,neutral,26.533333,7d5c295af051c80c040b7182c7366e83993f7f58481ad5498b7fb1bf33169e03,neutral/neutral/neutral_neutral_1333_00001739.mp4,False,
emotion:00001744.mp4,00001744.mp4,eMotions_chunk_067.parquet,datasets/Conna/eMotions/data/eMotions_chunk_067.parquet,bb97b7453720968aa6793bd962a8880a459acadc,Neutral,neutral,7.457627,d785040bbcc9fa803f0f8c113ae9a96891e8eed9ad418f8fc306f996e91968a7,neutral/neutral/neutral_neutral_1334_00001744.mp4,False,
emotion:00001746.mp4,00001746.mp4,eMotions_chunk_067.parquet,datasets/Conna/eMotions/data/eMotions_chunk_067.parquet,bb97b7453720968aa6793bd962a8880a459acadc,Neutral,neutral,14.1,91d14e14c3ff54b53dd7121e50aa290e6c5ce4057f101836a0b9ddc9329289ac,neutral/neutral/neutral_neutral_1335_00001746.mp4,False,
emotion:00001748.mp4,00001748.mp4,eMotions_chunk_067.parquet,datasets/Conna/eMotions/data/eMotions_chunk_067.parquet,bb97b7453720968aa6793bd962a8880a459acadc,Neutral,neutral,9.533333,60f3d091b78ea2c3757905e2927aabcdeef41031110332433c98bd9394d41c3a,neutral/neutral/neutral_neutral_1336_00001748.mp4,False,
emotion:00001759.mp4,00001759.mp4,eMotions_chunk_067.parquet,datasets/Conna/eMotions/data/eMotions_chunk_067.parquet,bb97b7453720968aa6793bd962a8880a459acadc,Neutral,neutral,28.533333,00c0f562ba560622d626a35e3c3c9b459000ff8845274508167557e8d9746141,neutral/neutral/neutral_neutral_1337_00001759.mp4,False,
emotion:00001764.mp4,00001764.mp4,eMotions_chunk_067.parquet,datasets/Conna/eMotions/data/eMotions_chunk_067.parquet,bb97b7453720968aa6793bd962a8880a459acadc,Neutral,neutral,36.801995,71d7eba724e685d4e3eedde464c2c1e7d17b5e47222e8cab970a6906500f60e3,neutral/neutral/neutral_neutral_1338_00001764.mp4,False,
emotion:00001766.mp4,00001766.mp4,eMotions_chunk_067.parquet,datasets/Conna/eMotions/data/eMotions_chunk_067.parquet,bb97b7453720968aa6793bd962a8880a459acadc,Neutral,neutral,15.921966,4266eed5498592dc874c14d045da7a683690de39820637fb76cba3d6bac868a4,neutral/neutral/neutral_neutral_1339_00001766.mp4,False,
emotion:00001769.mp4,00001769.mp4,eMotions_chunk_067.parquet,datasets/Conna/eMotions/data/eMotions_chunk_067.parquet,bb97b7453720968aa6793bd962a8880a459acadc,Neutral,neutral,16.579002,8d16d38e9b2da5814d51b11438956856a5e332031483ea0dcd170fe1bac59721,neutral/neutral/neutral_neutral_1340_00001769.mp4,False,
emotion:00001776.mp4,00001776.mp4,eMotions_chunk_067.parquet,datasets/Conna/eMotions/data/eMotions_chunk_067.parquet,bb97b7453720968aa6793bd962a8880a459acadc,Neutral,neutral,9.533333,213e48126da2127a817fa1526601a65ca8d7f829c0372be207440400b8c95fbb,neutral/neutral/neutral_neutral_1341_00001776.mp4,False,
emotion:00001784.mp4,00001784.mp4,eMotions_chunk_067.parquet,datasets/Conna/eMotions/data/eMotions_chunk_067.parquet,bb97b7453720968aa6793bd962a8880a459acadc,Neutral,neutral,9.750998,82e1ee21588cb488ccb6d406c70685665e02347f0ecc380346b4e8250a9cdd8c,neutral/neutral/neutral_neutral_1342_00001784.mp4,False,
emotion:00001786.mp4,00001786.mp4,eMotions_chunk_067.parquet,datasets/Conna/eMotions/data/eMotions_chunk_067.parquet,bb97b7453720968aa6793bd962a8880a459acadc,Neutral,neutral,22.433333,962bb54ed5da3eebb77aa7445f5bf5cc96ed0477febf720d50b2a9145bacb298,neutral/neutral/neutral_neutral_1343_00001786.mp4,False,
emotion:00001787.mp4,00001787.mp4,eMotions_chunk_067.parquet,datasets/Conna/eMotions/data/eMotions_chunk_067.parquet,bb97b7453720968aa6793bd962a8880a459acadc,Neutral,neutral,24.366667,fbfd926032723feb2c79eea6e7c9185e9caa4ff2b23739b065fba32794e46b49,neutral/neutral/neutral_neutral_1344_00001787.mp4,False,
emotion:00001789.mp4,00001789.mp4,eMotions_chunk_067.parquet,datasets/Conna/eMotions/data/eMotions_chunk_067.parquet,bb97b7453720968aa6793bd962a8880a459acadc,Neutral,neutral,18.8,aff6f347b5e3e1f0e53a88971c922d9126f6aec965036aadc5cd8e7ae6aae9ae,neutral/neutral/neutral_neutral_1345_00001789.mp4,False,
emotion:00001791.mp4,00001791.mp4,eMotions_chunk_067.parquet,datasets/Conna/eMotions/data/eMotions_chunk_067.parquet,bb97b7453720968aa6793bd962a8880a459acadc,Neutral,neutral,10.033333,00b21145e3f3162eaf30acf89ba6b0ec0379cd1e270af256e8c59e09675b7b94,neutral/neutral/neutral_neutral_1346_00001791.mp4,False,
emotion:00001797.mp4,00001797.mp4,eMotions_chunk_067.parquet,datasets/Conna/eMotions/data/eMotions_chunk_067.parquet,bb97b7453720968aa6793bd962a8880a459acadc,Neutral,neutral,23.630252,c2a197e3ce49bcd2b1185b8136bb268c1c14425ac7c5128afed6a20d5c3f6d66,neutral/neutral/neutral_neutral_1347_00001797.mp4,False,
emotion:00001801.mp4,00001801.mp4,eMotions_chunk_067.parquet,datasets/Conna/eMotions/data/eMotions_chunk_067.parquet,bb97b7453720968aa6793bd962a8880a459acadc,Neutral,neutral,9.034171,88095b4f081ee9e98636e8960c27550a1bc6161f856da202cb9690aacbf4c209,neutral/neutral/neutral_neutral_1348_00001801.mp4,False,
emotion:00001802.mp4,00001802.mp4,eMotions_chunk_067.parquet,datasets/Conna/eMotions/data/eMotions_chunk_067.parquet,bb97b7453720968aa6793bd962a8880a459acadc,Neutral,neutral,5.501995,a66a1e511d04aec2bb161a612771c2e30b641b6b4cd68a65429335380992f5b0,neutral/neutral/neutral_neutral_1349_00001802.mp4,False,
emotion:00001811.mp4,00001811.mp4,eMotions_chunk_067.parquet,datasets/Conna/eMotions/data/eMotions_chunk_067.parquet,bb97b7453720968aa6793bd962a8880a459acadc,Neutral,neutral,30.72,dbf531d33f157819d78ab14a4f8d34d7192b01c731266c177d8347e32af4d39e,neutral/neutral/neutral_neutral_1350_00001811.mp4,False,
emotion:00001813.mp4,00001813.mp4,eMotions_chunk_067.parquet,datasets/Conna/eMotions/data/eMotions_chunk_067.parquet,bb97b7453720968aa6793bd962a8880a459acadc,Neutral,neutral,56.726009,4336d19d606a5c5b7dfd5f15725b3d60ee557279b37bf59a3c745f8f6acafe24,neutral/neutral/neutral_neutral_1351_00001813.mp4,False,
emotion:00001815.mp4,00001815.mp4,eMotions_chunk_067.parquet,datasets/Conna/eMotions/data/eMotions_chunk_067.parquet,bb97b7453720968aa6793bd962a8880a459acadc,Neutral,neutral,8.633333,0c7dedd1c73d5d7238c25ccaf09f457cd3e832a59a45ebf2ffc4e471c947955b,neutral/neutral/neutral_neutral_1352_00001815.mp4,False,
emotion:00001816.mp4,00001816.mp4,eMotions_chunk_067.parquet,datasets/Conna/eMotions/data/eMotions_chunk_067.parquet,bb97b7453720968aa6793bd962a8880a459acadc,Neutral,neutral,9.533333,1433ed229923fe5de4f845560b519c880eed82b310488c9a752e98dc6cdc4e69,neutral/neutral/neutral_neutral_1353_00001816.mp4,False,
emotion:00001819.mp4,00001819.mp4,eMotions_chunk_067.parquet,datasets/Conna/eMotions/data/eMotions_chunk_067.parquet,bb97b7453720968aa6793bd962a8880a459acadc,Neutral,neutral,8.633333,2058101c77fd4b3ee7c07d2db8911636da23e2adb609a3b6745b266251a203af,neutral/neutral/neutral_neutral_1354_00001819.mp4,False,
emotion:00001821.mp4,00001821.mp4,eMotions_chunk_067.parquet,datasets/Conna/eMotions/data/eMotions_chunk_067.parquet,bb97b7453720968aa6793bd962a8880a459acadc,Neutral,neutral,42.3,163643f26e456e0aca5e89afa03bc18e5c616f6214f321fa6efba8d65bc99369,neutral/neutral/neutral_neutral_1355_00001821.mp4,False,
emotion:00001822.mp4,00001822.mp4,eMotions_chunk_067.parquet,datasets/Conna/eMotions/data/eMotions_chunk_067.parquet,bb97b7453720968aa6793bd962a8880a459acadc,Neutral,neutral,13.233333,71104eb6be69efb92dcb98b641dd50e7daf1402c17edb61b65c4e48b22f036aa,neutral/neutral/neutral_neutral_1356_00001822.mp4,False,
emotion:00001823.mp4,00001823.mp4,eMotions_chunk_067.parquet,datasets/Conna/eMotions/data/eMotions_chunk_067.parquet,bb97b7453720968aa6793bd962a8880a459acadc,Neutral,neutral,14.9,1f6fb96b676df0c972e8415bb18497bffb65b7374defa5b65325232747e86257,neutral/neutral/neutral_neutral_1357_00001823.mp4,False,
emotion:00001827.mp4,00001827.mp4,eMotions_chunk_067.parquet,datasets/Conna/eMotions/data/eMotions_chunk_067.parquet,bb97b7453720968aa6793bd962a8880a459acadc,Neutral,neutral,10.283333,cb6c227acf70f064ff7dc01f7e1886835ed1d499d61d29e8310521bcff61f62c,neutral/neutral/neutral_neutral_1358_00001827.mp4,False,
emotion:00001839.mp4,00001839.mp4,eMotions_chunk_067.parquet,datasets/Conna/eMotions/data/eMotions_chunk_067.parquet,bb97b7453720968aa6793bd962a8880a459acadc,Neutral,neutral,18.2,d8c4fae77efa2ce6e963d59bd9e8e1e68b36f95e328f614f9641e4479d29295b,neutral/neutral/neutral_neutral_1359_00001839.mp4,False,
emotion:00001844.mp4,00001844.mp4,eMotions_chunk_067.parquet,datasets/Conna/eMotions/data/eMotions_chunk_067.parquet,bb97b7453720968aa6793bd962a8880a459acadc,Neutral,neutral,43.9,174ac11d088e94ca5c127cb5015a66ef7c44639bc665afb7d1e894f176977950,neutral/neutral/neutral_neutral_1360_00001844.mp4,False,
emotion:00001845.mp4,00001845.mp4,eMotions_chunk_067.parquet,datasets/Conna/eMotions/data/eMotions_chunk_067.parquet,bb97b7453720968aa6793bd962a8880a459acadc,Neutral,neutral,58.333333,8b6fc4604405abbe4a6328738b3bdad3a56e0a9e2065cd993ebdd9f6a4c18746,neutral/neutral/neutral_neutral_1361_00001845.mp4,False,
emotion:00001862.mp4,00001862.mp4,eMotions_chunk_067.parquet,datasets/Conna/eMotions/data/eMotions_chunk_067.parquet,bb97b7453720968aa6793bd962a8880a459acadc,Neutral,neutral,14.533333,6f41880604f24edd1c90a57e4d9ea888fdaaa34ed7ac67fd4e9615418ff78a29,neutral/neutral/neutral_neutral_1362_00001862.mp4,False,
emotion:00001863.mp4,00001863.mp4,eMotions_chunk_067.parquet,datasets/Conna/eMotions/data/eMotions_chunk_067.parquet,bb97b7453720968aa6793bd962a8880a459acadc,Neutral,neutral,19.11832,9705fafd1872387a7c92e714c15a8fff97e0d8b79a42ac8b663f641441f2c1f5,neutral/neutral/neutral_neutral_1363_00001863.mp4,False,
emotion:00001864.mp4,00001864.mp4,eMotions_chunk_067.parquet,datasets/Conna/eMotions/data/eMotions_chunk_067.parquet,bb97b7453720968aa6793bd962a8880a459acadc,Neutral,neutral,7.533333,a24dea422a46b1dc05a55fb2ce84b746db7a037007f9fbefd3d1aa90f6662ef5,neutral/neutral/neutral_neutral_1364_00001864.mp4,False,
emotion:00001865.mp4,00001865.mp4,eMotions_chunk_067.parquet,datasets/Conna/eMotions/data/eMotions_chunk_067.parquet,bb97b7453720968aa6793bd962a8880a459acadc,Neutral,neutral,8.0,10a048e4a786295b9fc13227820954469be25789c5974ad80d48c5ba5741ebaf,neutral/neutral/neutral_neutral_1365_00001865.mp4,False,
emotion:00001874.mp4,00001874.mp4,eMotions_chunk_067.parquet,datasets/Conna/eMotions/data/eMotions_chunk_067.parquet,bb97b7453720968aa6793bd962a8880a459acadc,Neutral,neutral,12.073991,8bf3c99ea52fed7920a630f6c3a9156e0d557572ee80c81ae5567027ccece48e,neutral/neutral/neutral_neutral_1366_00001874.mp4,False,
emotion:00001879.mp4,00001879.mp4,eMotions_chunk_067.parquet,datasets/Conna/eMotions/data/eMotions_chunk_067.parquet,bb97b7453720968aa6793bd962a8880a459acadc,Neutral,neutral,8.682993,c743e52e911897f6fedcfd6e4ae980c4c60d4a000c22392c72faab241103e6cb,neutral/neutral/neutral_neutral_1367_00001879.mp4,False,
emotion:00001881.mp4,00001881.mp4,eMotions_chunk_067.parquet,datasets/Conna/eMotions/data/eMotions_chunk_067.parquet,bb97b7453720968aa6793bd962a8880a459acadc,Neutral,neutral,14.953991,eead0f479b9d1268a0be1941dfa94138198ecbd406da541834747f82cf76a7cc,neutral/neutral/neutral_neutral_1368_00001881.mp4,False,
emotion:00001883.mp4,00001883.mp4,eMotions_chunk_067.parquet,datasets/Conna/eMotions/data/eMotions_chunk_067.parquet,bb97b7453720968aa6793bd962a8880a459acadc,Neutral,neutral,19.83,f4c4cac5944c4834ddf52922b72c0819af08c0a9048429f8fbf0baed556bcc92,neutral/neutral/neutral_neutral_1369_00001883.mp4,False,
emotion:00001885.mp4,00001885.mp4,eMotions_chunk_067.parquet,datasets/Conna/eMotions/data/eMotions_chunk_067.parquet,bb97b7453720968aa6793bd962a8880a459acadc,Neutral,neutral,28.537007,2e6dfe0726a4c8d8641692a731397284969a3be313b678758247f93a465fb118,neutral/neutral/neutral_neutral_1370_00001885.mp4,False,
emotion:00001886.mp4,00001886.mp4,eMotions_chunk_067.parquet,datasets/Conna/eMotions/data/eMotions_chunk_067.parquet,bb97b7453720968aa6793bd962a8880a459acadc,Neutral,neutral,8.383333,06ab3fcff43498386c14ee87894b4365879dce7baa6f2f729c19df18a12484dd,neutral/neutral/neutral_neutral_1371_00001886.mp4,False,
emotion:00001888.mp4,00001888.mp4,eMotions_chunk_067.parquet,datasets/Conna/eMotions/data/eMotions_chunk_067.parquet,bb97b7453720968aa6793bd962a8880a459acadc,Neutral,neutral,32.766667,db939a67cfd2bfc56765999072d5f1303d92a2959f0922ba91e2fa64cabc7fd6,neutral/neutral/neutral_neutral_1372_00001888.mp4,False,
emotion:00001894.mp4,00001894.mp4,eMotions_chunk_067.parquet,datasets/Conna/eMotions/data/eMotions_chunk_067.parquet,bb97b7453720968aa6793bd962a8880a459acadc,Neutral,neutral,14.633333,1d34fcc099b70d6e35ce8ab19b95ba0393704586cbd210a3688d32271ca2c511,neutral/neutral/neutral_neutral_1373_00001894.mp4,False,
emotion:00001902.mp4,00001902.mp4,eMotions_chunk_067.parquet,datasets/Conna/eMotions/data/eMotions_chunk_067.parquet,bb97b7453720968aa6793bd962a8880a459acadc,Neutral,neutral,13.565217,55d4d05df89557a5ad8f5fbe7f448e2f3ed94bfe121f13b03ad252ad3089dc43,neutral/neutral/neutral_neutral_1374_00001902.mp4,False,
emotion:00001923.mp4,00001923.mp4,eMotions_chunk_067.parquet,datasets/Conna/eMotions/data/eMotions_chunk_067.parquet,bb97b7453720968aa6793bd962a8880a459acadc,Neutral,neutral,59.118005,da7a7b987c63795150105f500aecbae2000600cc35b4708d1c95d15cc70b25b0,neutral/neutral/neutral_neutral_1375_00001923.mp4,False,
emotion:00001924.mp4,00001924.mp4,eMotions_chunk_067.parquet,datasets/Conna/eMotions/data/eMotions_chunk_067.parquet,bb97b7453720968aa6793bd962a8880a459acadc,Neutral,neutral,19.517241,62c0b4aa487a25fb2e7970de51908406840039815074f92d678a6640154fb68b,neutral/neutral/neutral_neutral_1376_00001924.mp4,False,
emotion:00001926.mp4,00001926.mp4,eMotions_chunk_067.parquet,datasets/Conna/eMotions/data/eMotions_chunk_067.parquet,bb97b7453720968aa6793bd962a8880a459acadc,Neutral,neutral,12.866667,91d756c55c7b7a566423e4492adfd848c1e8e4742e1695b60ce1fa3920345b9d,neutral/neutral/neutral_neutral_1377_00001926.mp4,False,
emotion:00001932.mp4,00001932.mp4,eMotions_chunk_067.parquet,datasets/Conna/eMotions/data/eMotions_chunk_067.parquet,bb97b7453720968aa6793bd962a8880a459acadc,Neutral,neutral,13.1,4e857577ffbffba73cb4e8b21439d8bfc9266165e2bc0ca446021818f618bddd,neutral/neutral/neutral_neutral_1378_00001932.mp4,False,
emotion:00001937.mp4,00001937.mp4,eMotions_chunk_067.parquet,datasets/Conna/eMotions/data/eMotions_chunk_067.parquet,bb97b7453720968aa6793bd962a8880a459acadc,Neutral,neutral,10.033333,a0bf6f3ea3de114a0221f8bd9df36ad41f71b4736f708ed395f096148b10a0f9,neutral/neutral/neutral_neutral_1379_00001937.mp4,False,
emotion:00001944.mp4,00001944.mp4,eMotions_chunk_067.parquet,datasets/Conna/eMotions/data/eMotions_chunk_067.parquet,bb97b7453720968aa6793bd962a8880a459acadc,Neutral,neutral,9.999655,3d4a7630b8d34649cb537c7288fd06bab214e206333bd6d5214200693de6200f,neutral/neutral/neutral_neutral_1380_00001944.mp4,False,
emotion:00001946.mp4,00001946.mp4,eMotions_chunk_067.parquet,datasets/Conna/eMotions/data/eMotions_chunk_067.parquet,bb97b7453720968aa6793bd962a8880a459acadc,Neutral,neutral,19.480317,afc9651017e8f83c10955dbea8f20d34675c2d38c5a392b157a54beff995a48c,neutral/neutral/neutral_neutral_1381_00001946.mp4,False,
emotion:00001949.mp4,00001949.mp4,eMotions_chunk_067.parquet,datasets/Conna/eMotions/data/eMotions_chunk_067.parquet,bb97b7453720968aa6793bd962a8880a459acadc,Neutral,neutral,15.333333,2cca12293446c388fb62ab43cd7a5b6762e400d39f5fbbe50f41b2a92ebba037,neutral/neutral/neutral_neutral_1382_00001949.mp4,False,
emotion:00001950.mp4,00001950.mp4,eMotions_chunk_067.parquet,datasets/Conna/eMotions/data/eMotions_chunk_067.parquet,bb97b7453720968aa6793bd962a8880a459acadc,Neutral,neutral,14.622222,259761b05eb81a1bb4ffcdad971844627c86a25885adfcc6b8c3b793ed374922,neutral/neutral/neutral_neutral_1383_00001950.mp4,False,
emotion:00001967.mp4,00001967.mp4,eMotions_chunk_067.parquet,datasets/Conna/eMotions/data/eMotions_chunk_067.parquet,bb97b7453720968aa6793bd962a8880a459acadc,Neutral,neutral,15.033333,68cb4e76d83c731429b2c132486c303893d10a096786cdad044f4d08a6c876d6,neutral/neutral/neutral_neutral_1384_00001967.mp4,False,
emotion:00001971.mp4,00001971.mp4,eMotions_chunk_067.parquet,datasets/Conna/eMotions/data/eMotions_chunk_067.parquet,bb97b7453720968aa6793bd962a8880a459acadc,Neutral,neutral,37.3,cdc6b15ec54ab9626d940a0d19bf278d2f3e45793fbb8307a4e062b716686647,neutral/neutral/neutral_neutral_1385_00001971.mp4,False,
emotion:00001978.mp4,00001978.mp4,eMotions_chunk_067.parquet,datasets/Conna/eMotions/data/eMotions_chunk_067.parquet,bb97b7453720968aa6793bd962a8880a459acadc,Neutral,neutral,33.876009,87493e2207de8aa9a6715797de03f0e31338bec6ee336823d1bfac15db284b4f,neutral/neutral/neutral_neutral_1386_00001978.mp4,False,
emotion:00001980.mp4,00001980.mp4,eMotions_chunk_067.parquet,datasets/Conna/eMotions/data/eMotions_chunk_067.parquet,bb97b7453720968aa6793bd962a8880a459acadc,Neutral,neutral,28.233333,7c43ca7564e7ae93c722b4adcb47869015c6aca653e4ffd5acc5d86420936915,neutral/neutral/neutral_neutral_1387_00001980.mp4,False,
emotion:00001990.mp4,00001990.mp4,eMotions_chunk_067.parquet,datasets/Conna/eMotions/data/eMotions_chunk_067.parquet,bb97b7453720968aa6793bd962a8880a459acadc,Neutral,neutral,59.584152,4d76dbc6e3dae0b1740042c377672b7cc9bcc84810ac27c4f6cccd39cfd71124,neutral/neutral/neutral_neutral_1388_00001990.mp4,False,
emotion:00001992.mp4,00001992.mp4,eMotions_chunk_067.parquet,datasets/Conna/eMotions/data/eMotions_chunk_067.parquet,bb97b7453720968aa6793bd962a8880a459acadc,Neutral,neutral,58.933333,0d20a751bbd4153a5c99207982b3952e5bbf49022941b45bba5aefbe02c1b4e2,neutral/neutral/neutral_neutral_1389_00001992.mp4,False,
emotion:00002000.mp4,00002000.mp4,eMotions_chunk_067.parquet,datasets/Conna/eMotions/data/eMotions_chunk_067.parquet,bb97b7453720968aa6793bd962a8880a459acadc,Neutral,neutral,26.333333,6875ac1e39071d0d3ce6e5915aef837faa2c0e755a95f515b96fd666600ace22,neutral/neutral/neutral_neutral_1390_00002000.mp4,False,
emotion:00002010.mp4,00002010.mp4,eMotions_chunk_067.parquet,datasets/Conna/eMotions/data/eMotions_chunk_067.parquet,bb97b7453720968aa6793bd962a8880a459acadc,Neutral,neutral,59.066667,3cce18720f553d82bfee5dc7fb54061332732c0d12ebf9e26d64ee5d3ee10a93,neutral/neutral/neutral_neutral_1391_00002010.mp4,False,
emotion:00002011.mp4,00002011.mp4,eMotions_chunk_067.parquet,datasets/Conna/eMotions/data/eMotions_chunk_067.parquet,bb97b7453720968aa6793bd962a8880a459acadc,Neutral,neutral,49.770998,c0ed0daf1adaedcdbc2d120bb2dba7cbeac7017dafa4da68dfb36041b0c18a37,neutral/neutral/neutral_neutral_1392_00002011.mp4,False,
emotion:00002017.mp4,00002017.mp4,eMotions_chunk_067.parquet,datasets/Conna/eMotions/data/eMotions_chunk_067.parquet,bb97b7453720968aa6793bd962a8880a459acadc,Neutral,neutral,15.233333,37ef6b049f1c6cb4c699de92c20a77e076a2569a183782c1e67a0187a231b01f,neutral/neutral/neutral_neutral_1393_00002017.mp4,False,
emotion:00002029.mp4,00002029.mp4,eMotions_chunk_067.parquet,datasets/Conna/eMotions/data/eMotions_chunk_067.parquet,bb97b7453720968aa6793bd962a8880a459acadc,Neutral,neutral,7.206784,0f41fc67aeda355c10cf30ca4a6538002d5008d9cebdc0c0c5d4b61ec6861964,neutral/neutral/neutral_neutral_1394_00002029.mp4,False,
emotion:00002046.mp4,00002046.mp4,eMotions_chunk_067.parquet,datasets/Conna/eMotions/data/eMotions_chunk_067.parquet,bb97b7453720968aa6793bd962a8880a459acadc,Neutral,neutral,15.166667,90ca569e268f1c2480584408be41b20f6f7c8ea5a98bbe402f3db2e9369dd434,neutral/neutral/neutral_neutral_1395_00002046.mp4,False,
emotion:00002059.mp4,00002059.mp4,eMotions_chunk_067.parquet,datasets/Conna/eMotions/data/eMotions_chunk_067.parquet,bb97b7453720968aa6793bd962a8880a459acadc,Neutral,neutral,12.6,0fe79bf484091508d35779df49e9d3f5f851848ed8bb233573f1eb06bbf78d93,neutral/neutral/neutral_neutral_1396_00002059.mp4,False,
emotion:00002060.mp4,00002060.mp4,eMotions_chunk_067.parquet,datasets/Conna/eMotions/data/eMotions_chunk_067.parquet,bb97b7453720968aa6793bd962a8880a459acadc,Neutral,neutral,18.066667,635c271a87412c199af00ffa50553104c451665a733ea946d2635edb65483383,neutral/neutral/neutral_neutral_1397_00002060.mp4,False,
emotion:00002067.mp4,00002067.mp4,eMotions_chunk_067.parquet,datasets/Conna/eMotions/data/eMotions_chunk_067.parquet,bb97b7453720968aa6793bd962a8880a459acadc,Neutral,neutral,25.9,9e49d9235b5667ee6bd7241e70d1d176253e9f1a0ef226729e8bb8657b248873,neutral/neutral/neutral_neutral_1398_00002067.mp4,False,
emotion:00002068.mp4,00002068.mp4,eMotions_chunk_068.parquet,datasets/Conna/eMotions/data/eMotions_chunk_068.parquet,bb97b7453720968aa6793bd962a8880a459acadc,Neutral,neutral,25.925926,069c9ce56bafa030eca5ee542c57d58682dfaae7faf67ca812c206f2101613a2,neutral/neutral/neutral_neutral_1399_00002068.mp4,False,
emotion:00002071.mp4,00002071.mp4,eMotions_chunk_068.parquet,datasets/Conna/eMotions/data/eMotions_chunk_068.parquet,bb97b7453720968aa6793bd962a8880a459acadc,Neutral,neutral,18.737007,436c16df42cb6b949738a686a964d44e1f02145a53ce305ba150c7e3028485b6,neutral/neutral/neutral_neutral_1400_00002071.mp4,False,
emotion:00002072.mp4,00002072.mp4,eMotions_chunk_068.parquet,datasets/Conna/eMotions/data/eMotions_chunk_068.parquet,bb97b7453720968aa6793bd962a8880a459acadc,Neutral,neutral,20.016009,3bdb7559fd096e7377dd465f3298afd785034af0ad57d94a39d7dbeedb836275,neutral/neutral/neutral_neutral_1401_00002072.mp4,False,
emotion:00002075.mp4,00002075.mp4,eMotions_chunk_068.parquet,datasets/Conna/eMotions/data/eMotions_chunk_068.parquet,bb97b7453720968aa6793bd962a8880a459acadc,Neutral,neutral,25.416667,026669fe3f10acb545aea9a142eb963eb1348faaea236d60c3f3ae3c5eb4e2ce,neutral/neutral/neutral_neutral_1402_00002075.mp4,False,
emotion:00002078.mp4,00002078.mp4,eMotions_chunk_068.parquet,datasets/Conna/eMotions/data/eMotions_chunk_068.parquet,bb97b7453720968aa6793bd962a8880a459acadc,Neutral,neutral,18.85,8ba30c193ad63f58672b3a6273538b170478f2891778b2572b0330b66f76d0e6,neutral/neutral/neutral_neutral_1403_00002078.mp4,False,
emotion:00002101.mp4,00002101.mp4,eMotions_chunk_068.parquet,datasets/Conna/eMotions/data/eMotions_chunk_068.parquet,bb97b7453720968aa6793bd962a8880a459acadc,Neutral,neutral,14.466009,2552dc849793e30a668f4d94b76d3e2707b97cd6aaf2bdc7c939cb8549c383a9,neutral/neutral/neutral_neutral_1404_00002101.mp4,False,
emotion:00002103.mp4,00002103.mp4,eMotions_chunk_068.parquet,datasets/Conna/eMotions/data/eMotions_chunk_068.parquet,bb97b7453720968aa6793bd962a8880a459acadc,Neutral,neutral,15.254237,6afa4d2d8337f3e13915203e53694f45b6554315f1b7263d474c5c9185538841,neutral/neutral/neutral_neutral_1405_00002103.mp4,False,
emotion:00002108.mp4,00002108.mp4,eMotions_chunk_068.parquet,datasets/Conna/eMotions/data/eMotions_chunk_068.parquet,bb97b7453720968aa6793bd962a8880a459acadc,Neutral,neutral,53.22,5ca59b30f278501a2416955c635fa7902f13e3543fc8158d23ace2af5c3c298e,neutral/neutral/neutral_neutral_1406_00002108.mp4,False,
emotion:00002122.mp4,00002122.mp4,eMotions_chunk_068.parquet,datasets/Conna/eMotions/data/eMotions_chunk_068.parquet,bb97b7453720968aa6793bd962a8880a459acadc,Neutral,neutral,9.333333,0ab6011ac7ecde472e090a6e1878ab6031dc1279bddeb5b7542d33c6474e25c8,neutral/neutral/neutral_neutral_1407_00002122.mp4,False,
emotion:00002137.mp4,00002137.mp4,eMotions_chunk_068.parquet,datasets/Conna/eMotions/data/eMotions_chunk_068.parquet,bb97b7453720968aa6793bd962a8880a459acadc,Neutral,neutral,20.033333,a4808b2d808f07d22aedae72b3bd67ee1b46fe105fc5be1330eb1e7f0c7fdb8c,neutral/neutral/neutral_neutral_1408_00002137.mp4,False,
emotion:00002141.mp4,00002141.mp4,eMotions_chunk_068.parquet,datasets/Conna/eMotions/data/eMotions_chunk_068.parquet,bb97b7453720968aa6793bd962a8880a459acadc,Neutral,neutral,9.133333,c1fcea01a93c9b881a6b9184f83f65f0f7dbd7781c8e25068102aa7c563be6ce,neutral/neutral/neutral_neutral_1409_00002141.mp4,False,
emotion:00002145.mp4,00002145.mp4,eMotions_chunk_068.parquet,datasets/Conna/eMotions/data/eMotions_chunk_068.parquet,bb97b7453720968aa6793bd962a8880a459acadc,Neutral,neutral,52.059002,9e344145cfd4edc02396040d5a948fad62dba11f0b9f3b37cc8535e65e4e27a6,neutral/neutral/neutral_neutral_1410_00002145.mp4,False,
emotion:00002150.mp4,00002150.mp4,eMotions_chunk_068.parquet,datasets/Conna/eMotions/data/eMotions_chunk_068.parquet,bb97b7453720968aa6793bd962a8880a459acadc,Neutral,neutral,23.3,e1332b40e0fb41c2619c351396a0938c71929e1e1e2996837624e8ddafa15c46,neutral/neutral/neutral_neutral_1411_00002150.mp4,False,
emotion:00002160.mp4,00002160.mp4,eMotions_chunk_068.parquet,datasets/Conna/eMotions/data/eMotions_chunk_068.parquet,bb97b7453720968aa6793bd962a8880a459acadc,Neutral,neutral,14.333333,1e5fb9d8acff31463dce67bbf8e6fbe8751c17d02ed42f4864b261d32520e223,neutral/neutral/neutral_neutral_1412_00002160.mp4,False,
emotion:00002164.mp4,00002164.mp4,eMotions_chunk_068.parquet,datasets/Conna/eMotions/data/eMotions_chunk_068.parquet,bb97b7453720968aa6793bd962a8880a459acadc,Neutral,neutral,13.303473,a71e05f4b2c75d1a9ea50b87e7a61cba1d6a048430596e2f45c77a4a3e94f012,neutral/neutral/neutral_neutral_1413_00002164.mp4,False,
emotion:00002169.mp4,00002169.mp4,eMotions_chunk_068.parquet,datasets/Conna/eMotions/data/eMotions_chunk_068.parquet,bb97b7453720968aa6793bd962a8880a459acadc,Neutral,neutral,14.953991,1e162959cb281126108e5f5c1c8c59db125a6b5a2e92cbddb8d8bf46ea04ade6,neutral/neutral/neutral_neutral_1414_00002169.mp4,False,
emotion:00002173.mp4,00002173.mp4,eMotions_chunk_068.parquet,datasets/Conna/eMotions/data/eMotions_chunk_068.parquet,bb97b7453720968aa6793bd962a8880a459acadc,Neutral,neutral,34.533333,8c092aaf07c90b46c85139e6172d18349f25deb035f5127a0c4c42e187d46f3e,neutral/neutral/neutral_neutral_1415_00002173.mp4,False,
emotion:00002184.mp4,00002184.mp4,eMotions_chunk_068.parquet,datasets/Conna/eMotions/data/eMotions_chunk_068.parquet,bb97b7453720968aa6793bd962a8880a459acadc,Neutral,neutral,12.6,bf1d637c95196734a68bb000b03257b8a0b305a81c3d0789d38dad8b0a6556e8,neutral/neutral/neutral_neutral_1416_00002184.mp4,False,
emotion:00002195.mp4,00002195.mp4,eMotions_chunk_068.parquet,datasets/Conna/eMotions/data/eMotions_chunk_068.parquet,bb97b7453720968aa6793bd962a8880a459acadc,Neutral,neutral,21.687007,12c743de05df97d1fd961281a2a5ff2d5a6d231d67fb8818fe1467e8776f30c9,neutral/neutral/neutral_neutral_1417_00002195.mp4,False,
emotion:00002200.mp4,00002200.mp4,eMotions_chunk_068.parquet,datasets/Conna/eMotions/data/eMotions_chunk_068.parquet,bb97b7453720968aa6793bd962a8880a459acadc,Neutral,neutral,12.723699,b99749f1f4ba91bf7f4edaabb1f8062d070ab39280e005ce8e6171493cbf8e54,neutral/neutral/neutral_neutral_1418_00002200.mp4,False,
emotion:00002215.mp4,00002215.mp4,eMotions_chunk_068.parquet,datasets/Conna/eMotions/data/eMotions_chunk_068.parquet,bb97b7453720968aa6793bd962a8880a459acadc,Neutral,neutral,14.860998,269b46180439eb31cbf1ce8569d28433e7815a2b95427abf498490d352d3b88f,neutral/neutral/neutral_neutral_1419_00002215.mp4,False,
emotion:00002232.mp4,00002232.mp4,eMotions_chunk_068.parquet,datasets/Conna/eMotions/data/eMotions_chunk_068.parquet,bb97b7453720968aa6793bd962a8880a459acadc,Neutral,neutral,14.0,7c60c4fb4e7b4f50b8a286596fecae062a49b4c2dc47b7814dc9df782ffe1c59,neutral/neutral/neutral_neutral_1420_00002232.mp4,False,
emotion:00002233.mp4,00002233.mp4,eMotions_chunk_068.parquet,datasets/Conna/eMotions/data/eMotions_chunk_068.parquet,bb97b7453720968aa6793bd962a8880a459acadc,Neutral,neutral,10.5,7b1b44883e5a6160fa927ea59917ca4a6371a59fc8937dd6fefb1ca44e254ab8,neutral/neutral/neutral_neutral_1421_00002233.mp4,False,
emotion:00002235.mp4,00002235.mp4,eMotions_chunk_068.parquet,datasets/Conna/eMotions/data/eMotions_chunk_068.parquet,bb97b7453720968aa6793bd962a8880a459acadc,Neutral,neutral,14.266667,1a03e24124f4ec4a5d1adb4bc860742ef4a555c2975c125e49c80561b6e6baa9,neutral/neutral/neutral_neutral_1422_00002235.mp4,False,
emotion:00002251.mp4,00002251.mp4,eMotions_chunk_068.parquet,datasets/Conna/eMotions/data/eMotions_chunk_068.parquet,bb97b7453720968aa6793bd962a8880a459acadc,Neutral,neutral,17.033333,1beb5f6c5f368de7252ce42df472d3f3e5300f3e320f612bc23757d687f3a8c7,neutral/neutral/neutral_neutral_1423_00002251.mp4,False,
emotion:00002253.mp4,00002253.mp4,eMotions_chunk_068.parquet,datasets/Conna/eMotions/data/eMotions_chunk_068.parquet,bb97b7453720968aa6793bd962a8880a459acadc,Neutral,neutral,57.075011,e0ccc2fbe5b7557b2e9119aca9069b4e95658307bdbb23c510b45753979d683b,neutral/neutral/neutral_neutral_1424_00002253.mp4,False,
emotion:00002256.mp4,00002256.mp4,eMotions_chunk_068.parquet,datasets/Conna/eMotions/data/eMotions_chunk_068.parquet,bb97b7453720968aa6793bd962a8880a459acadc,Neutral,neutral,20.016009,1407c20e0fac62d61826ff2855d99e3ec8ade560a2b9d81d0a70df2af183d2da,neutral/neutral/neutral_neutral_1425_00002256.mp4,False,
emotion:00002262.mp4,00002262.mp4,eMotions_chunk_068.parquet,datasets/Conna/eMotions/data/eMotions_chunk_068.parquet,bb97b7453720968aa6793bd962a8880a459acadc,Neutral,neutral,10.565011,5ac36b3c3b26ae3d6428fd25a84c897c157942177a3c0c852819990a999a3d74,neutral/neutral/neutral_neutral_1426_00002262.mp4,False,
emotion:00002268.mp4,00002268.mp4,eMotions_chunk_068.parquet,datasets/Conna/eMotions/data/eMotions_chunk_068.parquet,bb97b7453720968aa6793bd962a8880a459acadc,Neutral,neutral,16.903991,41f1d29cc355aff7b1c658d4091d7f2a43e6a51590448a55d7a6ef13cf0e76aa,neutral/neutral/neutral_neutral_1427_00002268.mp4,False,
emotion:00002277.mp4,00002277.mp4,eMotions_chunk_068.parquet,datasets/Conna/eMotions/data/eMotions_chunk_068.parquet,bb97b7453720968aa6793bd962a8880a459acadc,Neutral,neutral,34.716667,b7b4203f4d33492ee8ce9d884644b45845b51749d9b050a41dee8bd375bd28a2,neutral/neutral/neutral_neutral_1428_00002277.mp4,False,
emotion:00002278.mp4,00002278.mp4,eMotions_chunk_068.parquet,datasets/Conna/eMotions/data/eMotions_chunk_068.parquet,bb97b7453720968aa6793bd962a8880a459acadc,Neutral,neutral,12.95,75ae61d1e48854eff6e2dc24f3739d33a396199737871cf398a098c917ff543f,neutral/neutral/neutral_neutral_1429_00002278.mp4,False,
emotion:00002287.mp4,00002287.mp4,eMotions_chunk_068.parquet,datasets/Conna/eMotions/data/eMotions_chunk_068.parquet,bb97b7453720968aa6793bd962a8880a459acadc,Neutral,neutral,20.033333,8e931c1ee1d71cb1ea10a1e273ea2c9175134159e90c5600d8036595821ab8d7,neutral/neutral/neutral_neutral_1430_00002287.mp4,False,
emotion:00002291.mp4,00002291.mp4,eMotions_chunk_068.parquet,datasets/Conna/eMotions/data/eMotions_chunk_068.parquet,bb97b7453720968aa6793bd962a8880a459acadc,Neutral,neutral,12.389831,425b547061f331378761242e5f95aa91b0f9c36b25f17730c962dfb059b27ab3,neutral/neutral/neutral_neutral_1431_00002291.mp4,False,
emotion:00002292.mp4,00002292.mp4,eMotions_chunk_068.parquet,datasets/Conna/eMotions/data/eMotions_chunk_068.parquet,bb97b7453720968aa6793bd962a8880a459acadc,Neutral,neutral,17.438005,42f27b7609bc28f3d11736d9c50f152a73a7c02b4e737c6ff4a2dca9ab50bd91,neutral/neutral/neutral_neutral_1432_00002292.mp4,False,
emotion:00002293.mp4,00002293.mp4,eMotions_chunk_068.parquet,datasets/Conna/eMotions/data/eMotions_chunk_068.parquet,bb97b7453720968aa6793bd962a8880a459acadc,Neutral,neutral,13.766667,69e7c4e9da362b860c75eebe82a7799c0ec031bada7858e1d876aed16b02b915,neutral/neutral/neutral_neutral_1433_00002293.mp4,False,
emotion:00002295.mp4,00002295.mp4,eMotions_chunk_068.parquet,datasets/Conna/eMotions/data/eMotions_chunk_068.parquet,bb97b7453720968aa6793bd962a8880a459acadc,Neutral,neutral,15.07,f01812336d24c01ddb68829fdae3596f71ab6e3e1f795d098e75fffe1b0acd70,neutral/neutral/neutral_neutral_1434_00002295.mp4,False,
emotion:00002296.mp4,00002296.mp4,eMotions_chunk_068.parquet,datasets/Conna/eMotions/data/eMotions_chunk_068.parquet,bb97b7453720968aa6793bd962a8880a459acadc,Neutral,neutral,47.182993,f4c69e6b0a6557f10c90316db47000de2b5e8882e10ad048d6b6f656a0596df2,neutral/neutral/neutral_neutral_1435_00002296.mp4,False,
emotion:00002297.mp4,00002297.mp4,eMotions_chunk_068.parquet,datasets/Conna/eMotions/data/eMotions_chunk_068.parquet,bb97b7453720968aa6793bd962a8880a459acadc,Neutral,neutral,15.186009,ba3aeb687c733f080af9053f6b581c6bd9c52c252ab537503eec9fa6756e1381,neutral/neutral/neutral_neutral_1436_00002297.mp4,False,
emotion:00002298.mp4,00002298.mp4,eMotions_chunk_068.parquet,datasets/Conna/eMotions/data/eMotions_chunk_068.parquet,bb97b7453720968aa6793bd962a8880a459acadc,Neutral,neutral,20.933333,76b6850128b1a972024148a2e8275df80d3a9a4a124b0acdb786cd0312933a7e,neutral/neutral/neutral_neutral_1437_00002298.mp4,False,
emotion:00002300.mp4,00002300.mp4,eMotions_chunk_068.parquet,datasets/Conna/eMotions/data/eMotions_chunk_068.parquet,bb97b7453720968aa6793bd962a8880a459acadc,Neutral,neutral,14.001995,9275cb26d9c3abc558643e9aecd8aefd88a7295ed8e13203fe692c34d74dc48b,neutral/neutral/neutral_neutral_1438_00002300.mp4,False,
emotion:00002305.mp4,00002305.mp4,eMotions_chunk_068.parquet,datasets/Conna/eMotions/data/eMotions_chunk_068.parquet,bb97b7453720968aa6793bd962a8880a459acadc,Neutral,neutral,13.533333,3d1dfd51ba77d9597c2c0dc8f88add33c7da285929a42e591da4c23a85ecd657,neutral/neutral/neutral_neutral_1439_00002305.mp4,False,
emotion:00002343.mp4,00002343.mp4,eMotions_chunk_068.parquet,datasets/Conna/eMotions/data/eMotions_chunk_068.parquet,bb97b7453720968aa6793bd962a8880a459acadc,Neutral,neutral,9.866667,413dea342c9d94b94c8caa8601892faa955ca9cbd1c16faa7227473115e04eb6,neutral/neutral/neutral_neutral_1440_00002343.mp4,False,
emotion:00002344.mp4,00002344.mp4,eMotions_chunk_068.parquet,datasets/Conna/eMotions/data/eMotions_chunk_068.parquet,bb97b7453720968aa6793bd962a8880a459acadc,Neutral,neutral,19.533333,29d8e442723553cd969769349662062c94376d80b96b8f451d8f5016a685a7af,neutral/neutral/neutral_neutral_1441_00002344.mp4,False,
emotion:00002430.mp4,00002430.mp4,eMotions_chunk_068.parquet,datasets/Conna/eMotions/data/eMotions_chunk_068.parquet,bb97b7453720968aa6793bd962a8880a459acadc,Neutral,neutral,41.1,9545f6e2623b0f66f7b74ce3dddf7e07a8a04baed816eda04376bc9fd5b5a958,neutral/neutral/neutral_neutral_1442_00002430.mp4,False,
emotion:00002431.mp4,00002431.mp4,eMotions_chunk_068.parquet,datasets/Conna/eMotions/data/eMotions_chunk_068.parquet,bb97b7453720968aa6793bd962a8880a459acadc,Neutral,neutral,14.943114,4a327f23b270712497ea0d3ab33ac7ed2f08fcfe0a037e2c8c1cdf41457c0c65,neutral/neutral/neutral_neutral_1443_00002431.mp4,False,
emotion:00002432.mp4,00002432.mp4,eMotions_chunk_068.parquet,datasets/Conna/eMotions/data/eMotions_chunk_068.parquet,bb97b7453720968aa6793bd962a8880a459acadc,Neutral,neutral,26.666667,b8dc7df3583f2ce8935bffabb6f728e56829ef0cb9a125c3506d62ecdacb978a,neutral/neutral/neutral_neutral_1444_00002432.mp4,False,
emotion:00002433.mp4,00002433.mp4,eMotions_chunk_068.parquet,datasets/Conna/eMotions/data/eMotions_chunk_068.parquet,bb97b7453720968aa6793bd962a8880a459acadc,Neutral,neutral,43.1,8354230296d40a963445a9d6fb80c1e5c14cfc434ab3412f9f2ac3442ace489d,neutral/neutral/neutral_neutral_1445_00002433.mp4,False,
emotion:00002442.mp4,00002442.mp4,eMotions_chunk_068.parquet,datasets/Conna/eMotions/data/eMotions_chunk_068.parquet,bb97b7453720968aa6793bd962a8880a459acadc,Neutral,neutral,9.533333,189b306d5b57073efea910d8b28e27829754f658e61b4854b052e5c71e4edab3,neutral/neutral/neutral_neutral_1446_00002442.mp4,False,
emotion:00002467.mp4,00002467.mp4,eMotions_chunk_068.parquet,datasets/Conna/eMotions/data/eMotions_chunk_068.parquet,bb97b7453720968aa6793bd962a8880a459acadc,Neutral,neutral,13.3,0c5c3424f638ab425e6afa02bc9917b85754913735d4608fe324b81d36acb80f,neutral/neutral/neutral_neutral_1447_00002467.mp4,False,
emotion:00002473.mp4,00002473.mp4,eMotions_chunk_068.parquet,datasets/Conna/eMotions/data/eMotions_chunk_068.parquet,bb97b7453720968aa6793bd962a8880a459acadc,Neutral,neutral,30.07,8871c6d66d362b66f8a57c7e4b14cdf0d823b2ba6e6f297dd48258a43e523546,neutral/neutral/neutral_neutral_1448_00002473.mp4,False,
emotion:00002479.mp4,00002479.mp4,eMotions_chunk_068.parquet,datasets/Conna/eMotions/data/eMotions_chunk_068.parquet,bb97b7453720968aa6793bd962a8880a459acadc,Neutral,neutral,15.116667,234f11dab1af8cc2e247db7d786c0045412ec259ebb51ca20bb96e9527d512d6,neutral/neutral/neutral_neutral_1449_00002479.mp4,False,
emotion:00002480.mp4,00002480.mp4,eMotions_chunk_068.parquet,datasets/Conna/eMotions/data/eMotions_chunk_068.parquet,bb97b7453720968aa6793bd962a8880a459acadc,Neutral,neutral,14.533333,57ff29fdb1675949d4c2f8326f12afcb6e521ee06c4c47dbb5c25f9ce962b9f9,neutral/neutral/neutral_neutral_1450_00002480.mp4,False,
emotion:00002481.mp4,00002481.mp4,eMotions_chunk_068.parquet,datasets/Conna/eMotions/data/eMotions_chunk_068.parquet,bb97b7453720968aa6793bd962a8880a459acadc,Neutral,neutral,9.533333,80dfc335b317d5a530d7b6da53b3b83194f4f820a2d58adf9ce8ccb6784bea9f,neutral/neutral/neutral_neutral_1451_00002481.mp4,False,
emotion:00002485.mp4,00002485.mp4,eMotions_chunk_068.parquet,datasets/Conna/eMotions/data/eMotions_chunk_068.parquet,bb97b7453720968aa6793bd962a8880a459acadc,Neutral,neutral,50.572993,5dd48c3b4ce7b5e9caca9088aaaf7651a13aef2b13aeb98ac0b5f1bd43eb1e6f,neutral/neutral/neutral_neutral_1452_00002485.mp4,False,
emotion:00002490.mp4,00002490.mp4,eMotions_chunk_068.parquet,datasets/Conna/eMotions/data/eMotions_chunk_068.parquet,bb97b7453720968aa6793bd962a8880a459acadc,Neutral,neutral,10.033333,85c9bfa2f7118c1138acbf038aa789802b1752945e20c750177a32f935e52ca8,neutral/neutral/neutral_neutral_1453_00002490.mp4,False,
emotion:00002553.mp4,00002553.mp4,eMotions_chunk_068.parquet,datasets/Conna/eMotions/data/eMotions_chunk_068.parquet,bb97b7453720968aa6793bd962a8880a459acadc,Neutral,neutral,20.366667,0e80bcb3427707cd4fbff80d4419f33da084529bbc52040d29a4b917867d18ea,neutral/neutral/neutral_neutral_1454_00002553.mp4,False,
emotion:00002595.mp4,00002595.mp4,eMotions_chunk_068.parquet,datasets/Conna/eMotions/data/eMotions_chunk_068.parquet,bb97b7453720968aa6793bd962a8880a459acadc,Neutral,neutral,15.841919,e2d2473b1047e084a290fe340e8eadf5f03c643e8e4d1f7bba29843393f71451,neutral/neutral/neutral_neutral_1455_00002595.mp4,False,
emotion:00002606.mp4,00002606.mp4,eMotions_chunk_068.parquet,datasets/Conna/eMotions/data/eMotions_chunk_068.parquet,bb97b7453720968aa6793bd962a8880a459acadc,Neutral,neutral,38.776009,261375bb03d479a59f1e233c28b395f79a991cb365efbfac8e61bf36282c5344,neutral/neutral/neutral_neutral_1456_00002606.mp4,False,
emotion:00002607.mp4,00002607.mp4,eMotions_chunk_068.parquet,datasets/Conna/eMotions/data/eMotions_chunk_068.parquet,bb97b7453720968aa6793bd962a8880a459acadc,Neutral,neutral,13.513991,4fa3b0eb7a2259715cc91f5bea02441254275c39b17106fed3cf941b076c4424,neutral/neutral/neutral_neutral_1457_00002607.mp4,False,
emotion:00002614.mp4,00002614.mp4,eMotions_chunk_068.parquet,datasets/Conna/eMotions/data/eMotions_chunk_068.parquet,bb97b7453720968aa6793bd962a8880a459acadc,Neutral,neutral,22.033333,2fec5658a056c5293e72494c03d57f38af220e807d9e00190cabf5527b3582c4,neutral/neutral/neutral_neutral_1458_00002614.mp4,False,
emotion:00002615.mp4,00002615.mp4,eMotions_chunk_068.parquet,datasets/Conna/eMotions/data/eMotions_chunk_068.parquet,bb97b7453720968aa6793bd962a8880a459acadc,Neutral,neutral,29.271575,9cb7535bdf13199d001f88df1ff3ae750c959d7bbb98bb88b23077eef7445525,neutral/neutral/neutral_neutral_1459_00002615.mp4,False,
emotion:00002616.mp4,00002616.mp4,eMotions_chunk_068.parquet,datasets/Conna/eMotions/data/eMotions_chunk_068.parquet,bb97b7453720968aa6793bd962a8880a459acadc,Neutral,neutral,19.533333,83fc0a1e510908931f4866256394e98180245d5c4b8f08bef552c37a6f80b0d0,neutral/neutral/neutral_neutral_1460_00002616.mp4,False,
emotion:00002626.mp4,00002626.mp4,eMotions_chunk_068.parquet,datasets/Conna/eMotions/data/eMotions_chunk_068.parquet,bb97b7453720968aa6793bd962a8880a459acadc,Neutral,neutral,5.920998,954fcc290f710cd7eb3f3d706023a26e0cd83dd58a7889bd53e1b43686804db5,neutral/neutral/neutral_neutral_1461_00002626.mp4,False,
emotion:00002627.mp4,00002627.mp4,eMotions_chunk_068.parquet,datasets/Conna/eMotions/data/eMotions_chunk_068.parquet,bb97b7453720968aa6793bd962a8880a459acadc,Neutral,neutral,24.243904,1a3e66abb2f8ac2bef81ea77feba55ec05772cdd445cd8df175b16de07144451,neutral/neutral/neutral_neutral_1462_00002627.mp4,False,
emotion:00002733.mp4,00002733.mp4,eMotions_chunk_068.parquet,datasets/Conna/eMotions/data/eMotions_chunk_068.parquet,bb97b7453720968aa6793bd962a8880a459acadc,Neutral,neutral,15.279002,c273c5a8bb4f624f5f6c570c7cb5f99c29b8214c150655263ab14951154355e5,neutral/neutral/neutral_neutral_1463_00002733.mp4,False,
emotion:00002734.mp4,00002734.mp4,eMotions_chunk_068.parquet,datasets/Conna/eMotions/data/eMotions_chunk_068.parquet,bb97b7453720968aa6793bd962a8880a459acadc,Neutral,neutral,29.907007,d0961fabb6466466d677d54169788fa2b2e6e724eb5fd7350f5db66447ab0f31,neutral/neutral/neutral_neutral_1464_00002734.mp4,False,
emotion:00002741.mp4,00002741.mp4,eMotions_chunk_068.parquet,datasets/Conna/eMotions/data/eMotions_chunk_068.parquet,bb97b7453720968aa6793bd962a8880a459acadc,Neutral,neutral,6.133333,e6816745f1661c68bfeb481fa2bd96ca0c05a0974145e9172b592684b2b33cd1,neutral/neutral/neutral_neutral_1465_00002741.mp4,False,
emotion:00003074.mp4,00003074.mp4,eMotions_chunk_068.parquet,datasets/Conna/eMotions/data/eMotions_chunk_068.parquet,bb97b7453720968aa6793bd962a8880a459acadc,Neutral,neutral,11.120998,29de1505a2d6d08564498f5c5887d6572d15252d6b8eea9421e433d584d8cf3e,neutral/neutral/neutral_neutral_1466_00003074.mp4,False,
emotion:00003098.mp4,00003098.mp4,eMotions_chunk_068.parquet,datasets/Conna/eMotions/data/eMotions_chunk_068.parquet,bb97b7453720968aa6793bd962a8880a459acadc,Neutral,neutral,9.008005,b593204f7fd54a3caf840edbb810af18590332dee8020de8d210a73ee70dada1,neutral/neutral/neutral_neutral_1467_00003098.mp4,False,
emotion:00003106.mp4,00003106.mp4,eMotions_chunk_068.parquet,datasets/Conna/eMotions/data/eMotions_chunk_068.parquet,bb97b7453720968aa6793bd962a8880a459acadc,Neutral,neutral,7.475011,262fa6be98fec7645e4c29d7e085be97cafe85745570e537aebbd324efd5c9b6,neutral/neutral/neutral_neutral_1468_00003106.mp4,False,
emotion:00003117.mp4,00003117.mp4,eMotions_chunk_068.parquet,datasets/Conna/eMotions/data/eMotions_chunk_068.parquet,bb97b7453720968aa6793bd962a8880a459acadc,Neutral,neutral,17.273991,ecc8ec9f9047b3c0c2092d6244e6d91792e9231f129765bfdb89dac638af1c8e,neutral/neutral/neutral_neutral_1469_00003117.mp4,False,
emotion:00003120.mp4,00003120.mp4,eMotions_chunk_068.parquet,datasets/Conna/eMotions/data/eMotions_chunk_068.parquet,bb97b7453720968aa6793bd962a8880a459acadc,Neutral,neutral,47.600998,29d6e84eeb3d84212de81a8c348020dc94861adf2bad1ee78428575712f4b208,neutral/neutral/neutral_neutral_1470_00003120.mp4,False,
emotion:00003123.mp4,00003123.mp4,eMotions_chunk_068.parquet,datasets/Conna/eMotions/data/eMotions_chunk_068.parquet,bb97b7453720968aa6793bd962a8880a459acadc,Neutral,neutral,36.989002,fb71ce5bab26ba79cf9b9288ba0dd9283c6b4f9bf8fa58f66ed34dc4186ef4b9,neutral/neutral/neutral_neutral_1471_00003123.mp4,False,
emotion:00003164.mp4,00003164.mp4,eMotions_chunk_068.parquet,datasets/Conna/eMotions/data/eMotions_chunk_068.parquet,bb97b7453720968aa6793bd962a8880a459acadc,Neutral,neutral,7.918005,ae5b893d800dcbe44e1c2587e0a41e4e5b76ba0b928a43b289e5ffdcb5870904,neutral/neutral/neutral_neutral_1472_00003164.mp4,False,
emotion:00003168.mp4,00003168.mp4,eMotions_chunk_068.parquet,datasets/Conna/eMotions/data/eMotions_chunk_068.parquet,bb97b7453720968aa6793bd962a8880a459acadc,Neutral,neutral,8.15,5fa73ab76c284fe7ebbd9b76f70ee557cb209e5dc462e60e923b1a5ca66c6118,neutral/neutral/neutral_neutral_1473_00003168.mp4,False,
emotion:00003175.mp4,00003175.mp4,eMotions_chunk_068.parquet,datasets/Conna/eMotions/data/eMotions_chunk_068.parquet,bb97b7453720968aa6793bd962a8880a459acadc,Neutral,neutral,7.105011,b90734263b07011bb7a33d1f568f179aaad3d4415cf7fc1ef55c93bc9bb00b26,neutral/neutral/neutral_neutral_1474_00003175.mp4,False,
emotion:00003176.mp4,00003176.mp4,eMotions_chunk_068.parquet,datasets/Conna/eMotions/data/eMotions_chunk_068.parquet,bb97b7453720968aa6793bd962a8880a459acadc,Neutral,neutral,41.075011,d08772495d446dc59f7fe1fe9ad7556817d632649f59752e3fac00a1fa76f3a2,neutral/neutral/neutral_neutral_1475_00003176.mp4,False,
emotion:00003180.mp4,00003180.mp4,eMotions_chunk_068.parquet,datasets/Conna/eMotions/data/eMotions_chunk_068.parquet,bb97b7453720968aa6793bd962a8880a459acadc,Neutral,neutral,50.8,e393c5012ded298f1bb0e573c2dcf768d7085fa4b20e4b9365cdf23bc9ff617b,neutral/neutral/neutral_neutral_1476_00003180.mp4,False,
emotion:00003192.mp4,00003192.mp4,eMotions_chunk_068.parquet,datasets/Conna/eMotions/data/eMotions_chunk_068.parquet,bb97b7453720968aa6793bd962a8880a459acadc,Neutral,neutral,6.733991,fadf19ba9dfba203b7b7c6c00bcd211eac9c266571df5aab7831efc71730bc14,neutral/neutral/neutral_neutral_1477_00003192.mp4,False,
emotion:00003197.mp4,00003197.mp4,eMotions_chunk_068.parquet,datasets/Conna/eMotions/data/eMotions_chunk_068.parquet,bb97b7453720968aa6793bd962a8880a459acadc,Neutral,neutral,30.209002,9700e40bee51c4219e7fd159e8d49f1494433895a2dc72ba1696da4353c4f6ad,neutral/neutral/neutral_neutral_1478_00003197.mp4,False,
emotion:00003199.mp4,00003199.mp4,eMotions_chunk_068.parquet,datasets/Conna/eMotions/data/eMotions_chunk_068.parquet,bb97b7453720968aa6793bd962a8880a459acadc,Neutral,neutral,6.246009,29179fca92f9ddd406191540546dc3d70cbfb919d71ba2f7f3daa2d53e924dbb,neutral/neutral/neutral_neutral_1479_00003199.mp4,False,
emotion:00003203.mp4,00003203.mp4,eMotions_chunk_068.parquet,datasets/Conna/eMotions/data/eMotions_chunk_068.parquet,bb97b7453720968aa6793bd962a8880a459acadc,Neutral,neutral,7.722993,14718ddf3d46b58ecdee6b45744808cdc6d20e5bc9c3c4198584ffc1adf23d06,neutral/neutral/neutral_neutral_1480_00003203.mp4,False,
emotion:00003205.mp4,00003205.mp4,eMotions_chunk_068.parquet,datasets/Conna/eMotions/data/eMotions_chunk_068.parquet,bb97b7453720968aa6793bd962a8880a459acadc,Neutral,neutral,12.842993,94269a3739e7514bf15f2079ca8583b5738989ae93030df4abde96ef657d41dd,neutral/neutral/neutral_neutral_1481_00003205.mp4,False,
emotion:00003208.mp4,00003208.mp4,eMotions_chunk_068.parquet,datasets/Conna/eMotions/data/eMotions_chunk_068.parquet,bb97b7453720968aa6793bd962a8880a459acadc,Neutral,neutral,29.466667,a16b53a78d1656228a670bc314da78dbea186786dcdc99067e2cf7f011747659,neutral/neutral/neutral_neutral_1482_00003208.mp4,False,
emotion:00003210.mp4,00003210.mp4,eMotions_chunk_068.parquet,datasets/Conna/eMotions/data/eMotions_chunk_068.parquet,bb97b7453720968aa6793bd962a8880a459acadc,Neutral,neutral,6.988005,869fc6da65c8fddcc45a16e86a470d5db588bedb0de5750e48de4b09c00a0811,neutral/neutral/neutral_neutral_1483_00003210.mp4,False,
emotion:00003213.mp4,00003213.mp4,eMotions_chunk_068.parquet,datasets/Conna/eMotions/data/eMotions_chunk_068.parquet,bb97b7453720968aa6793bd962a8880a459acadc,Neutral,neutral,6.152993,869cdb36e19103c7b75632f1b75397e56f62229b2cd0f5327ed7d818aaba504f,neutral/neutral/neutral_neutral_1484_00003213.mp4,False,
emotion:00003217.mp4,00003217.mp4,eMotions_chunk_068.parquet,datasets/Conna/eMotions/data/eMotions_chunk_068.parquet,bb97b7453720968aa6793bd962a8880a459acadc,Neutral,neutral,7.638005,a46015d33a46fa41e39c5667b1729932914d6c0d683226587509b043c0230002,neutral/neutral/neutral_neutral_1485_00003217.mp4,False,
emotion:00003231.mp4,00003231.mp4,eMotions_chunk_068.parquet,datasets/Conna/eMotions/data/eMotions_chunk_068.parquet,bb97b7453720968aa6793bd962a8880a459acadc,Neutral,neutral,6.133333,37504690feb0fdcf0c105e924bdbe034b1c93919ba5c7ab4857883f1ee3217ca,neutral/neutral/neutral_neutral_1486_00003231.mp4,False,
emotion:00003241.mp4,00003241.mp4,eMotions_chunk_068.parquet,datasets/Conna/eMotions/data/eMotions_chunk_068.parquet,bb97b7453720968aa6793bd962a8880a459acadc,Neutral,neutral,6.105011,49c4699cfabac3607ca9bc79a96e6320838e82537fa40607954218f7b43da018,neutral/neutral/neutral_neutral_1487_00003241.mp4,False,
emotion:00003245.mp4,00003245.mp4,eMotions_chunk_068.parquet,datasets/Conna/eMotions/data/eMotions_chunk_068.parquet,bb97b7453720968aa6793bd962a8880a459acadc,Neutral,neutral,7.639002,bde6e2ef0fa1e95da1ce76d6d7c68e187eb95d1626b58d0eb662a24c5ecbccb5,neutral/neutral/neutral_neutral_1488_00003245.mp4,False,
emotion:00003248.mp4,00003248.mp4,eMotions_chunk_068.parquet,datasets/Conna/eMotions/data/eMotions_chunk_068.parquet,bb97b7453720968aa6793bd962a8880a459acadc,Neutral,neutral,8.333991,45a0431f8f8327a0524c25d2558b87542b3eb992314c743e87a631f8d079a081,neutral/neutral/neutral_neutral_1489_00003248.mp4,False,
emotion:00003253.mp4,00003253.mp4,eMotions_chunk_068.parquet,datasets/Conna/eMotions/data/eMotions_chunk_068.parquet,bb97b7453720968aa6793bd962a8880a459acadc,Neutral,neutral,6.940998,7654c299c3f57fa806834a216c414f66d14479ac4787e7d58998be8c21c1b952,neutral/neutral/neutral_neutral_1490_00003253.mp4,False,
emotion:00003259.mp4,00003259.mp4,eMotions_chunk_068.parquet,datasets/Conna/eMotions/data/eMotions_chunk_068.parquet,bb97b7453720968aa6793bd962a8880a459acadc,Neutral,neutral,5.083991,b5c3b85c745e4095deb907b2087f9e828720b0b7f55b2a2b6c5939b11579f952,neutral/neutral/neutral_neutral_1491_00003259.mp4,False,
emotion:00003262.mp4,00003262.mp4,eMotions_chunk_068.parquet,datasets/Conna/eMotions/data/eMotions_chunk_068.parquet,bb97b7453720968aa6793bd962a8880a459acadc,Neutral,neutral,9.053991,531a278d0b8cb64b68db17bea1c0fbe57139967023feefac17db22d9aa6550ba,neutral/neutral/neutral_neutral_1492_00003262.mp4,False,
emotion:00003269.mp4,00003269.mp4,eMotions_chunk_068.parquet,datasets/Conna/eMotions/data/eMotions_chunk_068.parquet,bb97b7453720968aa6793bd962a8880a459acadc,Neutral,neutral,15.418005,d7fa1ef8301b5cc579c00c5fa4112f1efa93d3e4ad7ab66ad2d44cca42f4da97,neutral/neutral/neutral_neutral_1493_00003269.mp4,False,
emotion:00003271.mp4,00003271.mp4,eMotions_chunk_068.parquet,datasets/Conna/eMotions/data/eMotions_chunk_068.parquet,bb97b7453720968aa6793bd962a8880a459acadc,Neutral,neutral,9.915011,fe70094e17e7cba8cdbdade34b5a3c614bb8aaa86be89a33eb656b9b77ef0415,neutral/neutral/neutral_neutral_1494_00003271.mp4,False,
emotion:00003272.mp4,00003272.mp4,eMotions_chunk_068.parquet,datasets/Conna/eMotions/data/eMotions_chunk_068.parquet,bb97b7453720968aa6793bd962a8880a459acadc,Neutral,neutral,17.74,f79bcd680e01ecc9eccff6bd535109e956208383563cb5a5977ff4dc42fc18ad,neutral/neutral/neutral_neutral_1495_00003272.mp4,False,
emotion:00003274.mp4,00003274.mp4,eMotions_chunk_068.parquet,datasets/Conna/eMotions/data/eMotions_chunk_068.parquet,bb97b7453720968aa6793bd962a8880a459acadc,Neutral,neutral,19.202993,4411804fa472c25916f9c1a0f9ad64581f802bff1f05ec694305265b588e3617,neutral/neutral/neutral_neutral_1496_00003274.mp4,False,
emotion:00003287.mp4,00003287.mp4,eMotions_chunk_068.parquet,datasets/Conna/eMotions/data/eMotions_chunk_068.parquet,bb97b7453720968aa6793bd962a8880a459acadc,Neutral,neutral,5.689002,db2c235aa27525e1c4fda1574cd81b52fc5545c9d2cea2d2976d80cdecf61b34,neutral/neutral/neutral_neutral_1497_00003287.mp4,False,
emotion:00003290.mp4,00003290.mp4,eMotions_chunk_068.parquet,datasets/Conna/eMotions/data/eMotions_chunk_068.parquet,bb97b7453720968aa6793bd962a8880a459acadc,Neutral,neutral,8.22,944eb8b5f78877e3d13bea602312a57301c4aaa6f163e3308b8ee689e9f9b21d,neutral/neutral/neutral_neutral_1498_00003290.mp4,False,
emotion:00003297.mp4,00003297.mp4,eMotions_chunk_068.parquet,datasets/Conna/eMotions/data/eMotions_chunk_068.parquet,bb97b7453720968aa6793bd962a8880a459acadc,Neutral,neutral,34.319002,b227f10a74d3789ca2149394940cfd3bf32ea3a5876e3d9d162e312dde9349ee,neutral/neutral/neutral_neutral_1499_00003297.mp4,False,
emotion:00003298.mp4,00003298.mp4,eMotions_chunk_068.parquet,datasets/Conna/eMotions/data/eMotions_chunk_068.parquet,bb97b7453720968aa6793bd962a8880a459acadc,Neutral,neutral,10.772993,d480ee0386ce431334b10d6b4dd8be5ba419c8829fd3b05fd9d9fbe3a5f2e02a,neutral/neutral/neutral_neutral_1500_00003298.mp4,False,
emotion:00003304.mp4,00003304.mp4,eMotions_chunk_068.parquet,datasets/Conna/eMotions/data/eMotions_chunk_068.parquet,bb97b7453720968aa6793bd962a8880a459acadc,Neutral,neutral,17.786009,5a94816eceda8569d7e6bd420b11bc756056d514608ab4ee16dcfef6a8611e3d,neutral/neutral/neutral_neutral_1501_00003304.mp4,False,
emotion:00003307.mp4,00003307.mp4,eMotions_chunk_068.parquet,datasets/Conna/eMotions/data/eMotions_chunk_068.parquet,bb97b7453720968aa6793bd962a8880a459acadc,Neutral,neutral,6.547007,0145df21fc6618d352eb292222e45c239ce0e712dbc22b051a44a5730907e5ed,neutral/neutral/neutral_neutral_1502_00003307.mp4,False,
emotion:00003311.mp4,00003311.mp4,eMotions_chunk_068.parquet,datasets/Conna/eMotions/data/eMotions_chunk_068.parquet,bb97b7453720968aa6793bd962a8880a459acadc,Neutral,neutral,50.433333,d1362133dc36de4c0daa17d4a7d2e0d262188cc4022b68b3c899a59d61ba7968,neutral/neutral/neutral_neutral_1503_00003311.mp4,False,
emotion:00003319.mp4,00003319.mp4,eMotions_chunk_068.parquet,datasets/Conna/eMotions/data/eMotions_chunk_068.parquet,bb97b7453720968aa6793bd962a8880a459acadc,Neutral,neutral,26.378005,e2b8650b719c5b43eefd4489718a870ab2cef8df4cf02ac3981462bafa82c8a5,neutral/neutral/neutral_neutral_1504_00003319.mp4,False,
emotion:00003324.mp4,00003324.mp4,eMotions_chunk_068.parquet,datasets/Conna/eMotions/data/eMotions_chunk_068.parquet,bb97b7453720968aa6793bd962a8880a459acadc,Neutral,neutral,14.07,bbf9509ba456b27f349b47b26903b981f8bb534d87de96474d68bc578fa50103,neutral/neutral/neutral_neutral_1505_00003324.mp4,False,
emotion:00003325.mp4,00003325.mp4,eMotions_chunk_068.parquet,datasets/Conna/eMotions/data/eMotions_chunk_068.parquet,bb97b7453720968aa6793bd962a8880a459acadc,Neutral,neutral,10.519002,a11ec97f1a9c4fe281d2c4e9b0f10ed060d1b9d6683c80cd97b0e9da8f812efb,neutral/neutral/neutral_neutral_1506_00003325.mp4,False,
emotion:00003327.mp4,00003327.mp4,eMotions_chunk_068.parquet,datasets/Conna/eMotions/data/eMotions_chunk_068.parquet,bb97b7453720968aa6793bd962a8880a459acadc,Neutral,neutral,13.885011,872d155a898f7ac49c643b5a0a9a4b24cc65946f2d07bba33e70bca2c3270a3c,neutral/neutral/neutral_neutral_1507_00003327.mp4,False,
emotion:00003335.mp4,00003335.mp4,eMotions_chunk_068.parquet,datasets/Conna/eMotions/data/eMotions_chunk_068.parquet,bb97b7453720968aa6793bd962a8880a459acadc,Neutral,neutral,11.167007,d872415de2e5168ea7ea23a24e84176911865c8f5cd0ecf34f88e453536e2b9d,neutral/neutral/neutral_neutral_1508_00003335.mp4,False,
emotion:00003336.mp4,00003336.mp4,eMotions_chunk_068.parquet,datasets/Conna/eMotions/data/eMotions_chunk_068.parquet,bb97b7453720968aa6793bd962a8880a459acadc,Neutral,neutral,11.052993,05bce4f6cf3a922548268ccac01c3768473b5b1693483c38dc8bcc42c3529e9a,neutral/neutral/neutral_neutral_1509_00003336.mp4,False,
emotion:00003342.mp4,00003342.mp4,eMotions_chunk_068.parquet,datasets/Conna/eMotions/data/eMotions_chunk_068.parquet,bb97b7453720968aa6793bd962a8880a459acadc,Neutral,neutral,31.252993,e207d4bbf466f38b7561dc00f7abf2ee3cd9e7e88fd3fca3b1e2cc45246aef22,neutral/neutral/neutral_neutral_1510_00003342.mp4,False,
emotion:00003344.mp4,00003344.mp4,eMotions_chunk_068.parquet,datasets/Conna/eMotions/data/eMotions_chunk_068.parquet,bb97b7453720968aa6793bd962a8880a459acadc,Neutral,neutral,33.7,a6df3e1aa2f435eb16222213670cb0226ccb3c96470ad735f7e5bcfe7174ff08,neutral/neutral/neutral_neutral_1511_00003344.mp4,False,
emotion:00003359.mp4,00003359.mp4,eMotions_chunk_068.parquet,datasets/Conna/eMotions/data/eMotions_chunk_068.parquet,bb97b7453720968aa6793bd962a8880a459acadc,Neutral,neutral,13.211995,26c1c9074557fc6f0e11235eb0e06e4de881b51091108cd291e2182209748074,neutral/neutral/neutral_neutral_1512_00003359.mp4,False,
emotion:00003360.mp4,00003360.mp4,eMotions_chunk_068.parquet,datasets/Conna/eMotions/data/eMotions_chunk_068.parquet,bb97b7453720968aa6793bd962a8880a459acadc,Neutral,neutral,48.808005,5207f1e884d65673085808cc088b756c2bca1f738eb404aa031de5e701ce43e9,neutral/neutral/neutral_neutral_1513_00003360.mp4,False,
emotion:00003361.mp4,00003361.mp4,eMotions_chunk_068.parquet,datasets/Conna/eMotions/data/eMotions_chunk_068.parquet,bb97b7453720968aa6793bd962a8880a459acadc,Neutral,neutral,15.951995,5ad7c6b1a7907cb1ff519d74b39c7688d1b71cd524f631b66e1185155bde33f4,neutral/neutral/neutral_neutral_1514_00003361.mp4,False,
emotion:00003362.mp4,00003362.mp4,eMotions_chunk_068.parquet,datasets/Conna/eMotions/data/eMotions_chunk_068.parquet,bb97b7453720968aa6793bd962a8880a459acadc,Neutral,neutral,9.728005,2248a58bf096f40baf8b433bd41434aee1f1c508b538a03369b1ef295fa32a43,neutral/neutral/neutral_neutral_1515_00003362.mp4,False,
emotion:00003375.mp4,00003375.mp4,eMotions_chunk_068.parquet,datasets/Conna/eMotions/data/eMotions_chunk_068.parquet,bb97b7453720968aa6793bd962a8880a459acadc,Neutral,neutral,13.930998,31f81d6bcc5806185f2799727d16c9c0f5811f1103405f23d527466f5f325d51,neutral/neutral/neutral_neutral_1516_00003375.mp4,False,
emotion:00003382.mp4,00003382.mp4,eMotions_chunk_068.parquet,datasets/Conna/eMotions/data/eMotions_chunk_068.parquet,bb97b7453720968aa6793bd962a8880a459acadc,Neutral,neutral,17.042993,16b14ce752bc72574667ad59b793655061c9b3cd242364f95cfc0dfd883d8ac4,neutral/neutral/neutral_neutral_1517_00003382.mp4,False,
emotion:00003383.mp4,00003383.mp4,eMotions_chunk_068.parquet,datasets/Conna/eMotions/data/eMotions_chunk_068.parquet,bb97b7453720968aa6793bd962a8880a459acadc,Neutral,neutral,10.773991,759cec7f6261ea9934cfd898723744311a3f66e358dd0d95bf160732bf0fe8cc,neutral/neutral/neutral_neutral_1518_00003383.mp4,False,
emotion:00003385.mp4,00003385.mp4,eMotions_chunk_068.parquet,datasets/Conna/eMotions/data/eMotions_chunk_068.parquet,bb97b7453720968aa6793bd962a8880a459acadc,Neutral,neutral,12.6,97aabd21477cde31377cad62367626218b85960db8aa757529c51e9102061b80,neutral/neutral/neutral_neutral_1519_00003385.mp4,False,
emotion:00003387.mp4,00003387.mp4,eMotions_chunk_068.parquet,datasets/Conna/eMotions/data/eMotions_chunk_068.parquet,bb97b7453720968aa6793bd962a8880a459acadc,Neutral,neutral,35.690998,458db36c0c7a3dfdadf6a9815e32594333c4e0237635540dfcb6880e0b871721,neutral/neutral/neutral_neutral_1520_00003387.mp4,False,
emotion:00003406.mp4,00003406.mp4,eMotions_chunk_068.parquet,datasets/Conna/eMotions/data/eMotions_chunk_068.parquet,bb97b7453720968aa6793bd962a8880a459acadc,Neutral,neutral,8.533333,891ab1782f22ade79d42b5f1697e78e0054c7ff9cf317300f3d3635604e5aa7e,neutral/neutral/neutral_neutral_1521_00003406.mp4,False,
emotion:00003411.mp4,00003411.mp4,eMotions_chunk_068.parquet,datasets/Conna/eMotions/data/eMotions_chunk_068.parquet,bb97b7453720968aa6793bd962a8880a459acadc,Neutral,neutral,9.821995,61bb84d817408a27a47460847e1a561675fda077ed3011d634dc2620c37acc5c,neutral/neutral/neutral_neutral_1522_00003411.mp4,False,
emotion:00003415.mp4,00003415.mp4,eMotions_chunk_068.parquet,datasets/Conna/eMotions/data/eMotions_chunk_068.parquet,bb97b7453720968aa6793bd962a8880a459acadc,Neutral,neutral,7.708005,d4ddad90e93dc015d386a3144cc2f98eb44266cdb49d636526aaca1858cc162a,neutral/neutral/neutral_neutral_1523_00003415.mp4,False,
emotion:00003417.mp4,00003417.mp4,eMotions_chunk_068.parquet,datasets/Conna/eMotions/data/eMotions_chunk_068.parquet,bb97b7453720968aa6793bd962a8880a459acadc,Neutral,neutral,13.581995,f6f2b699e5a60774e62fc3c82f40c806e39223b1a3bf5bc73053c8b6a5069ff7,neutral/neutral/neutral_neutral_1524_00003417.mp4,False,
emotion:00003421.mp4,00003421.mp4,eMotions_chunk_068.parquet,datasets/Conna/eMotions/data/eMotions_chunk_068.parquet,bb97b7453720968aa6793bd962a8880a459acadc,Neutral,neutral,12.887007,1494213184f76cf4cb3a94b4aa9c96b2bcddbb483270f797a35a7250288ac23e,neutral/neutral/neutral_neutral_1525_00003421.mp4,False,
emotion:00003423.mp4,00003423.mp4,eMotions_chunk_068.parquet,datasets/Conna/eMotions/data/eMotions_chunk_068.parquet,bb97b7453720968aa6793bd962a8880a459acadc,Neutral,neutral,12.887007,5c3a794ea4ff6c67a36186f9306cbd45f267f4a26ae3b8bec8099e31c2112c4a,neutral/neutral/neutral_neutral_1526_00003423.mp4,False,
emotion:00003424.mp4,00003424.mp4,eMotions_chunk_068.parquet,datasets/Conna/eMotions/data/eMotions_chunk_068.parquet,bb97b7453720968aa6793bd962a8880a459acadc,Neutral,neutral,42.4,10fb0ad49490332e973904bab1073dd2bee4852a0b2710182bbaf70163e2ed66,neutral/neutral/neutral_neutral_1527_00003424.mp4,False,
emotion:00003428.mp4,00003428.mp4,eMotions_chunk_068.parquet,datasets/Conna/eMotions/data/eMotions_chunk_068.parquet,bb97b7453720968aa6793bd962a8880a459acadc,Neutral,neutral,14.36,d34f370f2840cb1f27ad0574cacf29ffdf9b614c5bef0994bdac9db45ab83376,neutral/neutral/neutral_neutral_1528_00003428.mp4,False,
emotion:00003430.mp4,00003430.mp4,eMotions_chunk_068.parquet,datasets/Conna/eMotions/data/eMotions_chunk_068.parquet,bb97b7453720968aa6793bd962a8880a459acadc,Neutral,neutral,27.816009,ca03316003e0d89dc36af8d884ee94dda2bb5acd2b439d4bb7dede041fd0ba69,neutral/neutral/neutral_neutral_1529_00003430.mp4,False,
emotion:00003432.mp4,00003432.mp4,eMotions_chunk_068.parquet,datasets/Conna/eMotions/data/eMotions_chunk_068.parquet,bb97b7453720968aa6793bd962a8880a459acadc,Neutral,neutral,8.682993,dab74afada09ba69b35ba2ecb3ad24655b0f7b4d3e6c476d2fc70537826f8b82,neutral/neutral/neutral_neutral_1530_00003432.mp4,False,
emotion:00003441.mp4,00003441.mp4,eMotions_chunk_068.parquet,datasets/Conna/eMotions/data/eMotions_chunk_068.parquet,bb97b7453720968aa6793bd962a8880a459acadc,Neutral,neutral,7.6,8219324c1c246036d0b2e95f759e3f1abba7a724271e8866e585aedae65db17b,neutral/neutral/neutral_neutral_1531_00003441.mp4,False,
emotion:00003442.mp4,00003442.mp4,eMotions_chunk_068.parquet,datasets/Conna/eMotions/data/eMotions_chunk_068.parquet,bb97b7453720968aa6793bd962a8880a459acadc,Neutral,neutral,14.536009,c6e0f911879077be8eaea86f8d7a7f64ad7ecd92884a12ba6e90e0f770e43813,neutral/neutral/neutral_neutral_1532_00003442.mp4,False,
emotion:00003452.mp4,00003452.mp4,eMotions_chunk_068.parquet,datasets/Conna/eMotions/data/eMotions_chunk_068.parquet,bb97b7453720968aa6793bd962a8880a459acadc,Neutral,neutral,11.889002,47918d9461cbb1e4bb80854c0db8393c9b11bc6f420ed0111858e35e49bccf8b,neutral/neutral/neutral_neutral_1533_00003452.mp4,False,
emotion:00003453.mp4,00003453.mp4,eMotions_chunk_068.parquet,datasets/Conna/eMotions/data/eMotions_chunk_068.parquet,bb97b7453720968aa6793bd962a8880a459acadc,Neutral,neutral,5.872993,2ab6489cbf0a771c4ffdbe1a4d6fca7b471972f1b35ca411ba8d1e9300e8d197,neutral/neutral/neutral_neutral_1534_00003453.mp4,False,
emotion:00003454.mp4,00003454.mp4,eMotions_chunk_068.parquet,datasets/Conna/eMotions/data/eMotions_chunk_068.parquet,bb97b7453720968aa6793bd962a8880a459acadc,Neutral,neutral,11.1,11ca12ddff89f9e63419dc82e720f7243cc579e9c9e90af8742b8efb7b00ea83,neutral/neutral/neutral_neutral_1535_00003454.mp4,False,
emotion:00003458.mp4,00003458.mp4,eMotions_chunk_068.parquet,datasets/Conna/eMotions/data/eMotions_chunk_068.parquet,bb97b7453720968aa6793bd962a8880a459acadc,Neutral,neutral,22.266667,a647147234522ec5289555eece7fcd5274d32a0e1a66a4c93fa7760bc3e213c7,neutral/neutral/neutral_neutral_1536_00003458.mp4,False,
emotion:00003480.mp4,00003480.mp4,eMotions_chunk_068.parquet,datasets/Conna/eMotions/data/eMotions_chunk_068.parquet,bb97b7453720968aa6793bd962a8880a459acadc,Neutral,neutral,18.343991,92ea21020c1f146d42f8c1af232aece530dc222fdb377f7e8c30dcee1a0b4d3e,neutral/neutral/neutral_neutral_1537_00003480.mp4,False,
emotion:00003481.mp4,00003481.mp4,eMotions_chunk_068.parquet,datasets/Conna/eMotions/data/eMotions_chunk_068.parquet,bb97b7453720968aa6793bd962a8880a459acadc,Neutral,neutral,6.833333,277c59e671e9e8ae7b22c067ee0de36a0fd52e2334ee51ae2c8bb3cf384a5138,neutral/neutral/neutral_neutral_1538_00003481.mp4,False,
emotion:00003484.mp4,00003484.mp4,eMotions_chunk_068.parquet,datasets/Conna/eMotions/data/eMotions_chunk_068.parquet,bb97b7453720968aa6793bd962a8880a459acadc,Neutral,neutral,6.107007,feeb1f588881ba505781528064b0e5454cdf3372450b747a0d8177e4f50a38c3,neutral/neutral/neutral_neutral_1539_00003484.mp4,False,
emotion:00003488.mp4,00003488.mp4,eMotions_chunk_068.parquet,datasets/Conna/eMotions/data/eMotions_chunk_068.parquet,bb97b7453720968aa6793bd962a8880a459acadc,Neutral,neutral,17.0,65c809c8798397e14678ecebe298b85aeb6f56696813dc99219a2c7542bd4da7,neutral/neutral/neutral_neutral_1540_00003488.mp4,False,
emotion:00003492.mp4,00003492.mp4,eMotions_chunk_068.parquet,datasets/Conna/eMotions/data/eMotions_chunk_068.parquet,bb97b7453720968aa6793bd962a8880a459acadc,Neutral,neutral,5.433333,ad8036f068478e2bc1fc37c49121e45eab7721d2ab8b9f3cd7266aca5da2eb41,neutral/neutral/neutral_neutral_1541_00003492.mp4,False,
emotion:00003495.mp4,00003495.mp4,eMotions_chunk_068.parquet,datasets/Conna/eMotions/data/eMotions_chunk_068.parquet,bb97b7453720968aa6793bd962a8880a459acadc,Neutral,neutral,9.056009,f3a6c4c5c10fbc353acb9364a54cde80c506c04fca028138bb9f72260e0d63cd,neutral/neutral/neutral_neutral_1542_00003495.mp4,False,
emotion:00003499.mp4,00003499.mp4,eMotions_chunk_068.parquet,datasets/Conna/eMotions/data/eMotions_chunk_068.parquet,bb97b7453720968aa6793bd962a8880a459acadc,Neutral,neutral,12.678005,0f130e2371e722628b0bc7590fb729b0b7e5d5e5046ab4c0f49ffd243667ae50,neutral/neutral/neutral_neutral_1543_00003499.mp4,False,
emotion:00003504.mp4,00003504.mp4,eMotions_chunk_068.parquet,datasets/Conna/eMotions/data/eMotions_chunk_068.parquet,bb97b7453720968aa6793bd962a8880a459acadc,Neutral,neutral,5.96,10a627562716f39eb58c9854851d0e0cad38bab627f190157c7c8e699487ba9e,neutral/neutral/neutral_neutral_1544_00003504.mp4,False,
emotion:00003506.mp4,00003506.mp4,eMotions_chunk_068.parquet,datasets/Conna/eMotions/data/eMotions_chunk_068.parquet,bb97b7453720968aa6793bd962a8880a459acadc,Neutral,neutral,6.011995,11dcba1b43336fa060871758439e0cb2d2288f3dc6ee3e04ff8e088a31fab120,neutral/neutral/neutral_neutral_1545_00003506.mp4,False,
emotion:00003509.mp4,00003509.mp4,eMotions_chunk_068.parquet,datasets/Conna/eMotions/data/eMotions_chunk_068.parquet,bb97b7453720968aa6793bd962a8880a459acadc,Neutral,neutral,5.633333,792bc604f97c20748d14bcd551c788cf04fbbe7e5176a43bf2ba4269b88af519,neutral/neutral/neutral_neutral_1546_00003509.mp4,False,
emotion:00003516.mp4,00003516.mp4,eMotions_chunk_068.parquet,datasets/Conna/eMotions/data/eMotions_chunk_068.parquet,bb97b7453720968aa6793bd962a8880a459acadc,Neutral,neutral,9.88,0ee821745182771cf326372c9495e112e8e47b79242069ea362ce05292576ecf,neutral/neutral/neutral_neutral_1547_00003516.mp4,False,
emotion:00003518.mp4,00003518.mp4,eMotions_chunk_068.parquet,datasets/Conna/eMotions/data/eMotions_chunk_068.parquet,bb97b7453720968aa6793bd962a8880a459acadc,Neutral,neutral,10.285011,b9d34a54f02b5c071996f9ec557016a705c5fb08bc6573642f32239a793af62b,neutral/neutral/neutral_neutral_1548_00003518.mp4,False,
emotion:00003529.mp4,00003529.mp4,eMotions_chunk_068.parquet,datasets/Conna/eMotions/data/eMotions_chunk_068.parquet,bb97b7453720968aa6793bd962a8880a459acadc,Neutral,neutral,14.371995,229655c0358427c394b02b330f8a1f1e72622aff1b11b1ccacb9778e393dc77f,neutral/neutral/neutral_neutral_1549_00003529.mp4,False,
emotion:00003553.mp4,00003553.mp4,eMotions_chunk_068.parquet,datasets/Conna/eMotions/data/eMotions_chunk_068.parquet,bb97b7453720968aa6793bd962a8880a459acadc,Neutral,neutral,14.488005,48f1c80dd35a89b3068a83452109a83d5092154cfe36f2d279d45d4e602c9be3,neutral/neutral/neutral_neutral_1550_00003553.mp4,False,
emotion:00003560.mp4,00003560.mp4,eMotions_chunk_068.parquet,datasets/Conna/eMotions/data/eMotions_chunk_068.parquet,bb97b7453720968aa6793bd962a8880a459acadc,Neutral,neutral,8.866667,3ec6d831517e237ba6f43924c4e6cfc5512e83eb312bfd63b88374e763e2ff18,neutral/neutral/neutral_neutral_1551_00003560.mp4,False,
emotion:00003561.mp4,00003561.mp4,eMotions_chunk_068.parquet,datasets/Conna/eMotions/data/eMotions_chunk_068.parquet,bb97b7453720968aa6793bd962a8880a459acadc,Neutral,neutral,14.836009,56b62b1005cd05e2413eb9dd95ea9e781fda13b8a00ddd4b55c6e38b575bcdc3,neutral/neutral/neutral_neutral_1552_00003561.mp4,False,
emotion:00003572.mp4,00003572.mp4,eMotions_chunk_068.parquet,datasets/Conna/eMotions/data/eMotions_chunk_068.parquet,bb97b7453720968aa6793bd962a8880a459acadc,Neutral,neutral,7.8,3af2512e6f46549fab31ce206bf2fe7a716b876bf6eaded9872a4b05bbfaa281,neutral/neutral/neutral_neutral_1553_00003572.mp4,False,
emotion:00003573.mp4,00003573.mp4,eMotions_chunk_068.parquet,datasets/Conna/eMotions/data/eMotions_chunk_068.parquet,bb97b7453720968aa6793bd962a8880a459acadc,Neutral,neutral,14.033333,2fa50609c1315db98aa442f6f4b2ed60eaf6e0aface246f07082c3a5a445a410,neutral/neutral/neutral_neutral_1554_00003573.mp4,False,
emotion:00003582.mp4,00003582.mp4,eMotions_chunk_068.parquet,datasets/Conna/eMotions/data/eMotions_chunk_068.parquet,bb97b7453720968aa6793bd962a8880a459acadc,Neutral,neutral,12.48,7cdd895e0bb6d23a8afc941f726591d94f103ac56161e0b9f45bb6518ac9036a,neutral/neutral/neutral_neutral_1555_00003582.mp4,False,
emotion:00003588.mp4,00003588.mp4,eMotions_chunk_068.parquet,datasets/Conna/eMotions/data/eMotions_chunk_068.parquet,bb97b7453720968aa6793bd962a8880a459acadc,Neutral,neutral,24.379002,91765726088a7cdebc440d63ddcc39f1b6d74f7f2ac5bd581767a6fbfa12759f,neutral/neutral/neutral_neutral_1556_00003588.mp4,False,
emotion:00003591.mp4,00003591.mp4,eMotions_chunk_068.parquet,datasets/Conna/eMotions/data/eMotions_chunk_068.parquet,bb97b7453720968aa6793bd962a8880a459acadc,Neutral,neutral,14.766667,e3bc3cdf4cbbb404ad59046af3d9493a49e6a69e7049f004db8b295b3791b848,neutral/neutral/neutral_neutral_1557_00003591.mp4,False,
emotion:00003599.mp4,00003599.mp4,eMotions_chunk_068.parquet,datasets/Conna/eMotions/data/eMotions_chunk_068.parquet,bb97b7453720968aa6793bd962a8880a459acadc,Neutral,neutral,13.8,6640801622dc0c50fda154abb17f3a505eab8e24a5ade4511745483d752defee,neutral/neutral/neutral_neutral_1558_00003599.mp4,False,
emotion:00003600.mp4,00003600.mp4,eMotions_chunk_068.parquet,datasets/Conna/eMotions/data/eMotions_chunk_068.parquet,bb97b7453720968aa6793bd962a8880a459acadc,Neutral,neutral,6.9,2b443fde195e6c99ecbcba2f74d5fc9f267a54374552ac0c4bf301a6b20e33d5,neutral/neutral/neutral_neutral_1559_00003600.mp4,False,
emotion:00003601.mp4,00003601.mp4,eMotions_chunk_068.parquet,datasets/Conna/eMotions/data/eMotions_chunk_068.parquet,bb97b7453720968aa6793bd962a8880a459acadc,Neutral,neutral,13.696009,da72a08413f35b266be7e3a10bd0d8aaf3fbb791357b47845d1590171ba3eb18,neutral/neutral/neutral_neutral_1560_00003601.mp4,False,
emotion:00003609.mp4,00003609.mp4,eMotions_chunk_068.parquet,datasets/Conna/eMotions/data/eMotions_chunk_068.parquet,bb97b7453720968aa6793bd962a8880a459acadc,Neutral,neutral,18.495011,ca329ab3a3c230026dc32d59a678c7d6547b09e68bd9708716165fb55e0feff1,neutral/neutral/neutral_neutral_1561_00003609.mp4,False,
emotion:00003610.mp4,00003610.mp4,eMotions_chunk_068.parquet,datasets/Conna/eMotions/data/eMotions_chunk_068.parquet,bb97b7453720968aa6793bd962a8880a459acadc,Neutral,neutral,18.6,81922c54fa2087bb9299026cb6b0caeefc8f733d649c49c24a52fb83af8b158b,neutral/neutral/neutral_neutral_1562_00003610.mp4,False,
emotion:00003611.mp4,00003611.mp4,eMotions_chunk_068.parquet,datasets/Conna/eMotions/data/eMotions_chunk_068.parquet,bb97b7453720968aa6793bd962a8880a459acadc,Neutral,neutral,13.845011,df22f8e8066b18d5679f5e08603618f086958e1e3fc538674a29f70faa769e59,neutral/neutral/neutral_neutral_1563_00003611.mp4,False,
emotion:00003616.mp4,00003616.mp4,eMotions_chunk_068.parquet,datasets/Conna/eMotions/data/eMotions_chunk_068.parquet,bb97b7453720968aa6793bd962a8880a459acadc,Neutral,neutral,9.023991,0e356edfc3e15e6cd2c0d1369d2ad8dfcc7dd8484448463a41ab03e4c4496956,neutral/neutral/neutral_neutral_1564_00003616.mp4,False,
emotion:00003623.mp4,00003623.mp4,eMotions_chunk_068.parquet,datasets/Conna/eMotions/data/eMotions_chunk_068.parquet,bb97b7453720968aa6793bd962a8880a459acadc,Neutral,neutral,12.259002,834415c857cd8d8a71710900213551b006a5ce090b87f59cb329de7a168db91f,neutral/neutral/neutral_neutral_1565_00003623.mp4,False,
emotion:00003626.mp4,00003626.mp4,eMotions_chunk_068.parquet,datasets/Conna/eMotions/data/eMotions_chunk_068.parquet,bb97b7453720968aa6793bd962a8880a459acadc,Neutral,neutral,7.72,a9b52f74b4511f640661d00713ba26f5f03d6269b27296ca1b459f26a34e454d,neutral/neutral/neutral_neutral_1566_00003626.mp4,False,
emotion:00003628.mp4,00003628.mp4,eMotions_chunk_068.parquet,datasets/Conna/eMotions/data/eMotions_chunk_068.parquet,bb97b7453720968aa6793bd962a8880a459acadc,Neutral,neutral,6.918005,ece4b01fb3ad32c81d0682c495a17e05f8498c21d499b56606af0f39c770a111,neutral/neutral/neutral_neutral_1567_00003628.mp4,False,
emotion:00003631.mp4,00003631.mp4,eMotions_chunk_068.parquet,datasets/Conna/eMotions/data/eMotions_chunk_068.parquet,bb97b7453720968aa6793bd962a8880a459acadc,Neutral,neutral,6.151995,fb24d45080cfe1a35a7021781dbb87416ce5b411bc336b0cdf4349f50222f48e,neutral/neutral/neutral_neutral_1568_00003631.mp4,False,
emotion:00003634.mp4,00003634.mp4,eMotions_chunk_068.parquet,datasets/Conna/eMotions/data/eMotions_chunk_068.parquet,bb97b7453720968aa6793bd962a8880a459acadc,Neutral,neutral,6.013991,3614eb487533b2ace2b684735e89634ee3934c1551213607b11f187de51aa7d9,neutral/neutral/neutral_neutral_1569_00003634.mp4,False,
emotion:00003639.mp4,00003639.mp4,eMotions_chunk_068.parquet,datasets/Conna/eMotions/data/eMotions_chunk_068.parquet,bb97b7453720968aa6793bd962a8880a459acadc,Neutral,neutral,12.002993,0dd4eae69e5f26e8a6c66683489846c3520a6347636018645f18bf2cc74ec462,neutral/neutral/neutral_neutral_1570_00003639.mp4,False,
emotion:00003642.mp4,00003642.mp4,eMotions_chunk_068.parquet,datasets/Conna/eMotions/data/eMotions_chunk_068.parquet,bb97b7453720968aa6793bd962a8880a459acadc,Neutral,neutral,14.302993,2173b0d5725fa24c46915831f8258cfa5543ffc912fa7b7fb460eaa182abf07d,neutral/neutral/neutral_neutral_1571_00003642.mp4,False,
emotion:00003648.mp4,00003648.mp4,eMotions_chunk_068.parquet,datasets/Conna/eMotions/data/eMotions_chunk_068.parquet,bb97b7453720968aa6793bd962a8880a459acadc,Neutral,neutral,7.04,02baea5b1d5bab20ba6213409f661f16bcfe96fd52a1b4992732ed76538576c2,neutral/neutral/neutral_neutral_1572_00003648.mp4,False,
emotion:00003649.mp4,00003649.mp4,eMotions_chunk_068.parquet,datasets/Conna/eMotions/data/eMotions_chunk_068.parquet,bb97b7453720968aa6793bd962a8880a459acadc,Neutral,neutral,22.451995,eaebfcc55fe623329ba19cf1b08390338724f565762a2853f75d2f6984a82535,neutral/neutral/neutral_neutral_1573_00003649.mp4,False,
emotion:00003650.mp4,00003650.mp4,eMotions_chunk_068.parquet,datasets/Conna/eMotions/data/eMotions_chunk_068.parquet,bb97b7453720968aa6793bd962a8880a459acadc,Neutral,neutral,6.033333,baff1080ff467d954512df472b1bdd2cff9ad1b15a58c458e4cd3d1692c087df,neutral/neutral/neutral_neutral_1574_00003650.mp4,False,
emotion:00003651.mp4,00003651.mp4,eMotions_chunk_068.parquet,datasets/Conna/eMotions/data/eMotions_chunk_068.parquet,bb97b7453720968aa6793bd962a8880a459acadc,Neutral,neutral,20.572993,9f46b053730600c6911a2c26bfac00b8b8c857733d75815c2c60c2fad862d6b5,neutral/neutral/neutral_neutral_1575_00003651.mp4,False,
emotion:00003652.mp4,00003652.mp4,eMotions_chunk_068.parquet,datasets/Conna/eMotions/data/eMotions_chunk_068.parquet,bb97b7453720968aa6793bd962a8880a459acadc,Neutral,neutral,6.011995,181e580950e4a3f2c2d47a2d97adb659f988fd4b0b25951c83097490283fd97f,neutral/neutral/neutral_neutral_1576_00003652.mp4,False,
emotion:00003662.mp4,00003662.mp4,eMotions_chunk_068.parquet,datasets/Conna/eMotions/data/eMotions_chunk_068.parquet,bb97b7453720968aa6793bd962a8880a459acadc,Neutral,neutral,13.746009,3ffbe9fab7cc4b9083e1436ebede5528a1b217b98a8f3b41f0b6b6c2ec6dcb11,neutral/neutral/neutral_neutral_1577_00003662.mp4,False,
emotion:00003668.mp4,00003668.mp4,eMotions_chunk_068.parquet,datasets/Conna/eMotions/data/eMotions_chunk_068.parquet,bb97b7453720968aa6793bd962a8880a459acadc,Neutral,neutral,10.833333,daa8f68d23099a979a550c35d6c31f8e03b6192ee18e30d0c9473636ae271a18,neutral/neutral/neutral_neutral_1578_00003668.mp4,False,
emotion:00003669.mp4,00003669.mp4,eMotions_chunk_068.parquet,datasets/Conna/eMotions/data/eMotions_chunk_068.parquet,bb97b7453720968aa6793bd962a8880a459acadc,Neutral,neutral,12.970998,4fb1587d93d2b8cf4c372929312c1431db025c4480473aed8ce84c8b3c66f169,neutral/neutral/neutral_neutral_1579_00003669.mp4,False,
emotion:00003671.mp4,00003671.mp4,eMotions_chunk_068.parquet,datasets/Conna/eMotions/data/eMotions_chunk_068.parquet,bb97b7453720968aa6793bd962a8880a459acadc,Neutral,neutral,9.666667,c7b197984e5acbdf41abe7a1d1b674a3966f3f4afed86f45015f5a72f70dcf5a,neutral/neutral/neutral_neutral_1580_00003671.mp4,False,
emotion:00003673.mp4,00003673.mp4,eMotions_chunk_068.parquet,datasets/Conna/eMotions/data/eMotions_chunk_068.parquet,bb97b7453720968aa6793bd962a8880a459acadc,Neutral,neutral,19.713991,ab48f0e878f522d136f829c6e2e9d66e90f5ef46f2d1eb5d19863b3435f17b8f,neutral/neutral/neutral_neutral_1581_00003673.mp4,False,
emotion:00003675.mp4,00003675.mp4,eMotions_chunk_068.parquet,datasets/Conna/eMotions/data/eMotions_chunk_068.parquet,bb97b7453720968aa6793bd962a8880a459acadc,Neutral,neutral,20.133333,a4ad7941709d3ffa302cd387da4f246440a2d8cce337b100d11493db78810c15,neutral/neutral/neutral_neutral_1582_00003675.mp4,False,
emotion:00003677.mp4,00003677.mp4,eMotions_chunk_068.parquet,datasets/Conna/eMotions/data/eMotions_chunk_068.parquet,bb97b7453720968aa6793bd962a8880a459acadc,Neutral,neutral,14.488005,5cf3c24dab2b13fba436c7d250463a921c6cd694926e86592c5c54a363a3aff4,neutral/neutral/neutral_neutral_1583_00003677.mp4,False,
emotion:00003678.mp4,00003678.mp4,eMotions_chunk_068.parquet,datasets/Conna/eMotions/data/eMotions_chunk_068.parquet,bb97b7453720968aa6793bd962a8880a459acadc,Neutral,neutral,6.033333,48131dd23b4323f732c89b1590b16312372a92c4c74488796353d4425d721e22,neutral/neutral/neutral_neutral_1584_00003678.mp4,False,
emotion:00003688.mp4,00003688.mp4,eMotions_chunk_068.parquet,datasets/Conna/eMotions/data/eMotions_chunk_068.parquet,bb97b7453720968aa6793bd962a8880a459acadc,Neutral,neutral,15.115011,e7f88cf5a2c946f95e61a8ad392fc33d6a3ce39fdeb9cff22f53d4cf2ae4b2ca,neutral/neutral/neutral_neutral_1585_00003688.mp4,False,
emotion:00003694.mp4,00003694.mp4,eMotions_chunk_068.parquet,datasets/Conna/eMotions/data/eMotions_chunk_068.parquet,bb97b7453720968aa6793bd962a8880a459acadc,Neutral,neutral,20.037007,5de8648084a3adbd768bde1395aa4ad7ddd934263cfb0ef1ea34266e47408d36,neutral/neutral/neutral_neutral_1586_00003694.mp4,False,
emotion:00003699.mp4,00003699.mp4,eMotions_chunk_068.parquet,datasets/Conna/eMotions/data/eMotions_chunk_068.parquet,bb97b7453720968aa6793bd962a8880a459acadc,Neutral,neutral,12.72,c97e3c88d438ab2ad2600a375782fe1e29d20f1058b3690f14d9732270c2d572,neutral/neutral/neutral_neutral_1587_00003699.mp4,False,
emotion:00003700.mp4,00003700.mp4,eMotions_chunk_068.parquet,datasets/Conna/eMotions/data/eMotions_chunk_068.parquet,bb97b7453720968aa6793bd962a8880a459acadc,Neutral,neutral,8.7,a86448fdcaebce0eef6f32c45ca17a479e07ab1ce17d24fefc7d012f27c8fd24,neutral/neutral/neutral_neutral_1588_00003700.mp4,False,
emotion:00003701.mp4,00003701.mp4,eMotions_chunk_068.parquet,datasets/Conna/eMotions/data/eMotions_chunk_068.parquet,bb97b7453720968aa6793bd962a8880a459acadc,Neutral,neutral,6.081995,6f289e071cd8c71814afbf91df94d8f7fc2fd914ab91354e7be998a448987687,neutral/neutral/neutral_neutral_1589_00003701.mp4,False,
emotion:00003704.mp4,00003704.mp4,eMotions_chunk_068.parquet,datasets/Conna/eMotions/data/eMotions_chunk_068.parquet,bb97b7453720968aa6793bd962a8880a459acadc,Neutral,neutral,5.433333,c51a346d608bd2f70fd536587986cbc2ab3b7eabe5b23ffce1fb80f7b98f325f,neutral/neutral/neutral_neutral_1590_00003704.mp4,False,
emotion:00003707.mp4,00003707.mp4,eMotions_chunk_068.parquet,datasets/Conna/eMotions/data/eMotions_chunk_068.parquet,bb97b7453720968aa6793bd962a8880a459acadc,Neutral,neutral,17.669002,5185e3b3c7b36f5a85df714047f1ae88d452b72c4369ab35735d24e3201beadf,neutral/neutral/neutral_neutral_1591_00003707.mp4,False,
emotion:00003714.mp4,00003714.mp4,eMotions_chunk_068.parquet,datasets/Conna/eMotions/data/eMotions_chunk_068.parquet,bb97b7453720968aa6793bd962a8880a459acadc,Neutral,neutral,14.6,c7afcae890033b51ff3e3be4f5efecda8b9cfa5a71b0144a71cd46e315700479,neutral/neutral/neutral_neutral_1592_00003714.mp4,False,
emotion:00003716.mp4,00003716.mp4,eMotions_chunk_068.parquet,datasets/Conna/eMotions/data/eMotions_chunk_068.parquet,bb97b7453720968aa6793bd962a8880a459acadc,Neutral,neutral,21.988005,c7004fc00079a562766ca2a08b6245e0c3fae6907929b750fb9222ece7d1caa8,neutral/neutral/neutral_neutral_1593_00003716.mp4,False,
emotion:00003718.mp4,00003718.mp4,eMotions_chunk_068.parquet,datasets/Conna/eMotions/data/eMotions_chunk_068.parquet,bb97b7453720968aa6793bd962a8880a459acadc,Neutral,neutral,8.241995,8c9b92178eb0c3d1440706d54e645e7db9e9a0a27e67127e4a95544724865053,neutral/neutral/neutral_neutral_1594_00003718.mp4,False,
emotion:00003719.mp4,00003719.mp4,eMotions_chunk_068.parquet,datasets/Conna/eMotions/data/eMotions_chunk_068.parquet,bb97b7453720968aa6793bd962a8880a459acadc,Neutral,neutral,11.92,e6a4a4fbe26153c578bacb73040cdda97694fec9841f9619cce2ef15595c6483,neutral/neutral/neutral_neutral_1595_00003719.mp4,False,
emotion:00003734.mp4,00003734.mp4,eMotions_chunk_068.parquet,datasets/Conna/eMotions/data/eMotions_chunk_068.parquet,bb97b7453720968aa6793bd962a8880a459acadc,Neutral,neutral,24.218005,b07f1c8fe21bc1edd66a5bb49b585376ea39f995a2af4e1adb4f4581bc8c8ed5,neutral/neutral/neutral_neutral_1596_00003734.mp4,False,
emotion:00003738.mp4,00003738.mp4,eMotions_chunk_068.parquet,datasets/Conna/eMotions/data/eMotions_chunk_068.parquet,bb97b7453720968aa6793bd962a8880a459acadc,Neutral,neutral,13.235011,f05b7a3eb87ca32fd4c47ff7d96ab35ec2e85d4f1ea8b6658412316ee06db31c,neutral/neutral/neutral_neutral_1597_00003738.mp4,False,
emotion:00003744.mp4,00003744.mp4,eMotions_chunk_068.parquet,datasets/Conna/eMotions/data/eMotions_chunk_068.parquet,bb97b7453720968aa6793bd962a8880a459acadc,Neutral,neutral,12.213991,57f3e42547d25329a11842696c46b3edf56316b615fa11f633f0f78574d330b0,neutral/neutral/neutral_neutral_1598_00003744.mp4,False,
emotion:00003756.mp4,00003756.mp4,eMotions_chunk_068.parquet,datasets/Conna/eMotions/data/eMotions_chunk_068.parquet,bb97b7453720968aa6793bd962a8880a459acadc,Neutral,neutral,19.666667,cc1d74c9c5f80c32fcdb19a8871a28ce30bcb437d3e0115cc16d0e695a803bc7,neutral/neutral/neutral_neutral_1599_00003756.mp4,False,
emotion:00003758.mp4,00003758.mp4,eMotions_chunk_068.parquet,datasets/Conna/eMotions/data/eMotions_chunk_068.parquet,bb97b7453720968aa6793bd962a8880a459acadc,Neutral,neutral,39.1,6aa73749dae89c74e3371ed4d4e9c6d44243cd881c69a0346bc08fcbc7e0a5c0,neutral/neutral/neutral_neutral_1600_00003758.mp4,False,
emotion:00003759.mp4,00003759.mp4,eMotions_chunk_068.parquet,datasets/Conna/eMotions/data/eMotions_chunk_068.parquet,bb97b7453720968aa6793bd962a8880a459acadc,Neutral,neutral,11.678005,02ec5b14411b744d264842601f26bde9ee78bc5149eda9901685f7d36bd1de25,neutral/neutral/neutral_neutral_1601_00003759.mp4,False,
emotion:00003766.mp4,00003766.mp4,eMotions_chunk_068.parquet,datasets/Conna/eMotions/data/eMotions_chunk_068.parquet,bb97b7453720968aa6793bd962a8880a459acadc,Neutral,neutral,12.978005,6a3f7b77c75a7d230f10e0abf6b394ca81dff1da3a2d87ca53b5709c3cf9dc0c,neutral/neutral/neutral_neutral_1602_00003766.mp4,False,
emotion:00003770.mp4,00003770.mp4,eMotions_chunk_068.parquet,datasets/Conna/eMotions/data/eMotions_chunk_068.parquet,bb97b7453720968aa6793bd962a8880a459acadc,Neutral,neutral,8.638005,0a02d83388d4ffb66e7e875f0e2af5e31fd02b75951e36226f34e109b4029fb8,neutral/neutral/neutral_neutral_1603_00003770.mp4,False,
emotion:00003771.mp4,00003771.mp4,eMotions_chunk_068.parquet,datasets/Conna/eMotions/data/eMotions_chunk_068.parquet,bb97b7453720968aa6793bd962a8880a459acadc,Neutral,neutral,8.8,c985dbe9c0f99618835a4331e4709701b3036e48dfe08be0f6d40e1a6f3382a0,neutral/neutral/neutral_neutral_1604_00003771.mp4,False,
emotion:00003774.mp4,00003774.mp4,eMotions_chunk_068.parquet,datasets/Conna/eMotions/data/eMotions_chunk_068.parquet,bb97b7453720968aa6793bd962a8880a459acadc,Neutral,neutral,13.333333,5c9e6ab34bdf5ffd70b8b78bda81f68ea7e04a317ce13434c40e8ebabd0c96bc,neutral/neutral/neutral_neutral_1605_00003774.mp4,False,
emotion:00003779.mp4,00003779.mp4,eMotions_chunk_068.parquet,datasets/Conna/eMotions/data/eMotions_chunk_068.parquet,bb97b7453720968aa6793bd962a8880a459acadc,Neutral,neutral,7.847007,793176108327bb51930589f21832009e15706b0b01c6b63cbccb2870df33279f,neutral/neutral/neutral_neutral_1606_00003779.mp4,False,
emotion:00003781.mp4,00003781.mp4,eMotions_chunk_068.parquet,datasets/Conna/eMotions/data/eMotions_chunk_068.parquet,bb97b7453720968aa6793bd962a8880a459acadc,Neutral,neutral,9.240998,050e66f8b656088a72a3787836ff59239bfc9cb805649c9f1e2b6a1a628f8931,neutral/neutral/neutral_neutral_1607_00003781.mp4,False,
emotion:00003782.mp4,00003782.mp4,eMotions_chunk_068.parquet,datasets/Conna/eMotions/data/eMotions_chunk_068.parquet,bb97b7453720968aa6793bd962a8880a459acadc,Neutral,neutral,8.986009,b3d7399f98050ad77e94028ce3697a574ee3bd20445d43da3866233e5acce2c0,neutral/neutral/neutral_neutral_1608_00003782.mp4,False,
emotion:00003784.mp4,00003784.mp4,eMotions_chunk_068.parquet,datasets/Conna/eMotions/data/eMotions_chunk_068.parquet,bb97b7453720968aa6793bd962a8880a459acadc,Neutral,neutral,18.135011,a3b4115dd7d7db1490b5f5bc02646d72df9728799fd44a49e68db760a96c015f,neutral/neutral/neutral_neutral_1609_00003784.mp4,False,
emotion:00003785.mp4,00003785.mp4,eMotions_chunk_068.parquet,datasets/Conna/eMotions/data/eMotions_chunk_068.parquet,bb97b7453720968aa6793bd962a8880a459acadc,Neutral,neutral,10.233333,7b2c4fbf6a0b1844912df3b088008bdbedcb7451c1c52a4985c69134323f4632,neutral/neutral/neutral_neutral_1610_00003785.mp4,False,
emotion:00003788.mp4,00003788.mp4,eMotions_chunk_068.parquet,datasets/Conna/eMotions/data/eMotions_chunk_068.parquet,bb97b7453720968aa6793bd962a8880a459acadc,Neutral,neutral,8.22,49010df7ba16fd33177f63ce7512621d427e544958a4feae71747297e7e47a0f,neutral/neutral/neutral_neutral_1611_00003788.mp4,False,
emotion:00003795.mp4,00003795.mp4,eMotions_chunk_068.parquet,datasets/Conna/eMotions/data/eMotions_chunk_068.parquet,bb97b7453720968aa6793bd962a8880a459acadc,Neutral,neutral,13.32,7ac72629b2a2c6899f8bfd5c5e84b53db39e07421b97a300d3666deb4bf7a757,neutral/neutral/neutral_neutral_1612_00003795.mp4,False,
emotion:00003800.mp4,00003800.mp4,eMotions_chunk_068.parquet,datasets/Conna/eMotions/data/eMotions_chunk_068.parquet,bb97b7453720968aa6793bd962a8880a459acadc,Neutral,neutral,10.54,29cf2d1fbbf8532fdab7972e553acb52fa536a787439bc620c5b1f735b2aa79f,neutral/neutral/neutral_neutral_1613_00003800.mp4,False,
emotion:00003801.mp4,00003801.mp4,eMotions_chunk_068.parquet,datasets/Conna/eMotions/data/eMotions_chunk_068.parquet,bb97b7453720968aa6793bd962a8880a459acadc,Neutral,neutral,6.85,76bbc7e49612a64494845cdb659ffcd0f3ca6360e23421630eb9f5385edbb1ab,neutral/neutral/neutral_neutral_1614_00003801.mp4,False,
emotion:00003806.mp4,00003806.mp4,eMotions_chunk_068.parquet,datasets/Conna/eMotions/data/eMotions_chunk_068.parquet,bb97b7453720968aa6793bd962a8880a459acadc,Neutral,neutral,8.010998,ab2bb19d78ae7d0b2abfd36f6d20d175c7b4b732aa8cdd1213f41c492cd7f018,neutral/neutral/neutral_neutral_1615_00003806.mp4,False,
emotion:00003809.mp4,00003809.mp4,eMotions_chunk_068.parquet,datasets/Conna/eMotions/data/eMotions_chunk_068.parquet,bb97b7453720968aa6793bd962a8880a459acadc,Neutral,neutral,19.166667,b0d872e0cffb70c34e1291c76baa662f8433afb96c404171ef5ab1913a293afa,neutral/neutral/neutral_neutral_1616_00003809.mp4,False,
emotion:00003812.mp4,00003812.mp4,eMotions_chunk_068.parquet,datasets/Conna/eMotions/data/eMotions_chunk_068.parquet,bb97b7453720968aa6793bd962a8880a459acadc,Neutral,neutral,17.855011,1cdecbc501545681462272269bb506e239a1cffc7840f7d4daab3355df186f5f,neutral/neutral/neutral_neutral_1617_00003812.mp4,False,
emotion:00003818.mp4,00003818.mp4,eMotions_chunk_068.parquet,datasets/Conna/eMotions/data/eMotions_chunk_068.parquet,bb97b7453720968aa6793bd962a8880a459acadc,Neutral,neutral,12.166667,2efa9e90badb797d48b017fe0b0d385c1505c8422bfc850a910a012582e014c8,neutral/neutral/neutral_neutral_1618_00003818.mp4,False,
emotion:00003820.mp4,00003820.mp4,eMotions_chunk_068.parquet,datasets/Conna/eMotions/data/eMotions_chunk_068.parquet,bb97b7453720968aa6793bd962a8880a459acadc,Neutral,neutral,9.8,871da6fea41f9630ee987e2cf9279d3c67db7ff1a2d7327bef400b8ded3aa861,neutral/neutral/neutral_neutral_1619_00003820.mp4,False,
emotion:00003821.mp4,00003821.mp4,eMotions_chunk_068.parquet,datasets/Conna/eMotions/data/eMotions_chunk_068.parquet,bb97b7453720968aa6793bd962a8880a459acadc,Neutral,neutral,10.937007,9c979e91ae32438bf18ea3fc37cd07a87c96096d4146e5e12244255b4e48ef6d,neutral/neutral/neutral_neutral_1620_00003821.mp4,False,
emotion:00003824.mp4,00003824.mp4,eMotions_chunk_068.parquet,datasets/Conna/eMotions/data/eMotions_chunk_068.parquet,bb97b7453720968aa6793bd962a8880a459acadc,Neutral,neutral,13.233333,66518f96ebd251777a07d1c7d07d6a42c043f1a50e74b6781b5139d5270faa44,neutral/neutral/neutral_neutral_1621_00003824.mp4,False,
emotion:00003831.mp4,00003831.mp4,eMotions_chunk_068.parquet,datasets/Conna/eMotions/data/eMotions_chunk_068.parquet,bb97b7453720968aa6793bd962a8880a459acadc,Neutral,neutral,41.376009,5cc142249b772c1b8fa6be21e4a172f48f8d9f26830075c91a13686d272507a9,neutral/neutral/neutral_neutral_1622_00003831.mp4,False,
emotion:00003834.mp4,00003834.mp4,eMotions_chunk_068.parquet,datasets/Conna/eMotions/data/eMotions_chunk_068.parquet,bb97b7453720968aa6793bd962a8880a459acadc,Neutral,neutral,25.702993,a34b0010707ac43a74bbbdccc0fd87d70cdf3ecbac66b9b8f70915482a58821f,neutral/neutral/neutral_neutral_1623_00003834.mp4,False,
emotion:00003841.mp4,00003841.mp4,eMotions_chunk_068.parquet,datasets/Conna/eMotions/data/eMotions_chunk_068.parquet,bb97b7453720968aa6793bd962a8880a459acadc,Neutral,neutral,17.482993,bb4e0aa83d8f314a8b36b9336073521ec1bd71648cfc80b8f5fad16b4bdc2951,neutral/neutral/neutral_neutral_1624_00003841.mp4,False,
emotion:00003842.mp4,00003842.mp4,eMotions_chunk_068.parquet,datasets/Conna/eMotions/data/eMotions_chunk_068.parquet,bb97b7453720968aa6793bd962a8880a459acadc,Neutral,neutral,18.737007,daf16b7bccab7e2f3b98f1112a2dca7814c82ac71f21c881791491a0f1dddfb9,neutral/neutral/neutral_neutral_1625_00003842.mp4,False,
emotion:00003843.mp4,00003843.mp4,eMotions_chunk_068.parquet,datasets/Conna/eMotions/data/eMotions_chunk_068.parquet,bb97b7453720968aa6793bd962a8880a459acadc,Neutral,neutral,8.933333,7ffad0a8dc033a4ac99ff1fe15197b8b881ff29da70b547319a6d7f1d6bc7545,neutral/neutral/neutral_neutral_1626_00003843.mp4,False,
emotion:00003847.mp4,00003847.mp4,eMotions_chunk_068.parquet,datasets/Conna/eMotions/data/eMotions_chunk_068.parquet,bb97b7453720968aa6793bd962a8880a459acadc,Neutral,neutral,13.375011,ab45cbf760f0fe769c4c2a26a6f6f6dc1f3d9f0557fbafbddcb19bad7c2bae81,neutral/neutral/neutral_neutral_1627_00003847.mp4,False,
emotion:00003851.mp4,00003851.mp4,eMotions_chunk_068.parquet,datasets/Conna/eMotions/data/eMotions_chunk_068.parquet,bb97b7453720968aa6793bd962a8880a459acadc,Neutral,neutral,9.48,7f2f543f19a61cd12f5c4730d5061af60d586e02db807a242d792e85fcf5fe47,neutral/neutral/neutral_neutral_1628_00003851.mp4,False,
emotion:00003859.mp4,00003859.mp4,eMotions_chunk_068.parquet,datasets/Conna/eMotions/data/eMotions_chunk_068.parquet,bb97b7453720968aa6793bd962a8880a459acadc,Neutral,neutral,13.885011,c4db86670e45467c88386d91b8b6e1085bc5741e18798c7582adff15edfdb8a0,neutral/neutral/neutral_neutral_1629_00003859.mp4,False,
emotion:00003860.mp4,00003860.mp4,eMotions_chunk_068.parquet,datasets/Conna/eMotions/data/eMotions_chunk_068.parquet,bb97b7453720968aa6793bd962a8880a459acadc,Neutral,neutral,19.233333,e6ab0a0be50ee9fbc6e52adbdc50dca363e76a12e5f5dc452456f91385a56457,neutral/neutral/neutral_neutral_1630_00003860.mp4,False,
emotion:00003863.mp4,00003863.mp4,eMotions_chunk_068.parquet,datasets/Conna/eMotions/data/eMotions_chunk_068.parquet,bb97b7453720968aa6793bd962a8880a459acadc,Neutral,neutral,5.943991,8261359f37978d1a611dc9b492eba9183fb58ec7c3dc1d736b50232f5eae24f7,neutral/neutral/neutral_neutral_1631_00003863.mp4,False,
emotion:00003864.mp4,00003864.mp4,eMotions_chunk_068.parquet,datasets/Conna/eMotions/data/eMotions_chunk_068.parquet,bb97b7453720968aa6793bd962a8880a459acadc,Neutral,neutral,9.0,31b426b676b412f3f6cbf55cf016adb7ac636d00fc596de54c399c8f30f96266,neutral/neutral/neutral_neutral_1632_00003864.mp4,False,
emotion:00003865.mp4,00003865.mp4,eMotions_chunk_068.parquet,datasets/Conna/eMotions/data/eMotions_chunk_068.parquet,bb97b7453720968aa6793bd962a8880a459acadc,Neutral,neutral,6.710998,2ee4b91cb508c1cd2bdc0d7204b01472942dcf71a79b3f46ca08b3e7c4839476,neutral/neutral/neutral_neutral_1633_00003865.mp4,False,
emotion:00003866.mp4,00003866.mp4,eMotions_chunk_068.parquet,datasets/Conna/eMotions/data/eMotions_chunk_068.parquet,bb97b7453720968aa6793bd962a8880a459acadc,Neutral,neutral,7.7,d431c83dd4990a7cfc923692ec4f72a7550c434dedfa448564ba35034fc79b23,neutral/neutral/neutral_neutral_1634_00003866.mp4,False,
emotion:00003868.mp4,00003868.mp4,eMotions_chunk_068.parquet,datasets/Conna/eMotions/data/eMotions_chunk_068.parquet,bb97b7453720968aa6793bd962a8880a459acadc,Neutral,neutral,12.966667,0931440bb0ff4f43679c3ca552363ff39dd2bcec47b1d618f6522fb49f7f9c7e,neutral/neutral/neutral_neutral_1635_00003868.mp4,False,
emotion:00003870.mp4,00003870.mp4,eMotions_chunk_068.parquet,datasets/Conna/eMotions/data/eMotions_chunk_068.parquet,bb97b7453720968aa6793bd962a8880a459acadc,Neutral,neutral,13.816009,f8bb73d76ff6676c0e23b5e153e4fbc000799667716d844da1540b8b323535b7,neutral/neutral/neutral_neutral_1636_00003870.mp4,False,
emotion:00003873.mp4,00003873.mp4,eMotions_chunk_068.parquet,datasets/Conna/eMotions/data/eMotions_chunk_068.parquet,bb97b7453720968aa6793bd962a8880a459acadc,Neutral,neutral,5.015011,f89dc1aa32c75aa99d300af0bbd0b4482f75805ec95e7323222124126ce892fe,neutral/neutral/neutral_neutral_1637_00003873.mp4,False,
emotion:00003875.mp4,00003875.mp4,eMotions_chunk_068.parquet,datasets/Conna/eMotions/data/eMotions_chunk_068.parquet,bb97b7453720968aa6793bd962a8880a459acadc,Neutral,neutral,10.053991,be0dc9e5959905b041b2efc0b3cea54f731f49e50cf8b706c226ba04bb03d699,neutral/neutral/neutral_neutral_1638_00003875.mp4,False,
emotion:00003880.mp4,00003880.mp4,eMotions_chunk_068.parquet,datasets/Conna/eMotions/data/eMotions_chunk_068.parquet,bb97b7453720968aa6793bd962a8880a459acadc,Neutral,neutral,7.475011,6c36f8509f31808bdca768235883fd4c8489e790a4578b2c2caec96016e0d14d,neutral/neutral/neutral_neutral_1639_00003880.mp4,False,
emotion:00003882.mp4,00003882.mp4,eMotions_chunk_068.parquet,datasets/Conna/eMotions/data/eMotions_chunk_068.parquet,bb97b7453720968aa6793bd962a8880a459acadc,Neutral,neutral,51.633333,fafa8571511331f65d29b95da0b25efc459c566e0e8c5bca176beac00e831f16,neutral/neutral/neutral_neutral_1640_00003882.mp4,False,
emotion:00003892.mp4,00003892.mp4,eMotions_chunk_068.parquet,datasets/Conna/eMotions/data/eMotions_chunk_068.parquet,bb97b7453720968aa6793bd962a8880a459acadc,Neutral,neutral,10.7,ffea6486ae9c5f23a84383af9ae139c9a7965e346481ce0b06b038a706809349,neutral/neutral/neutral_neutral_1641_00003892.mp4,False,
emotion:00003895.mp4,00003895.mp4,eMotions_chunk_068.parquet,datasets/Conna/eMotions/data/eMotions_chunk_068.parquet,bb97b7453720968aa6793bd962a8880a459acadc,Neutral,neutral,6.013991,1d05281f82c0f19409968039e2cf05ac3543faa04749fab4a390e664b163e91e,neutral/neutral/neutral_neutral_1642_00003895.mp4,False,
emotion:00003899.mp4,00003899.mp4,eMotions_chunk_068.parquet,datasets/Conna/eMotions/data/eMotions_chunk_068.parquet,bb97b7453720968aa6793bd962a8880a459acadc,Neutral,neutral,6.733991,9a263e656f723f2da92837c289aa55ec0889d289142146dabd4bb5f80953d90b,neutral/neutral/neutral_neutral_1643_00003899.mp4,False,
emotion:00003901.mp4,00003901.mp4,eMotions_chunk_068.parquet,datasets/Conna/eMotions/data/eMotions_chunk_068.parquet,bb97b7453720968aa6793bd962a8880a459acadc,Neutral,neutral,15.068005,09d8c97f7036f84cc0eebf524263e363fef11672a8876a2d65b47aeb0302eab2,neutral/neutral/neutral_neutral_1644_00003901.mp4,False,
emotion:00003905.mp4,00003905.mp4,eMotions_chunk_068.parquet,datasets/Conna/eMotions/data/eMotions_chunk_068.parquet,bb97b7453720968aa6793bd962a8880a459acadc,Neutral,neutral,13.375011,b772fcd19ab2d6dd5c2aca21c20f6e66ff80b145d09cd7cf6b510a69d94a16fa,neutral/neutral/neutral_neutral_1645_00003905.mp4,False,
emotion:00003910.mp4,00003910.mp4,eMotions_chunk_068.parquet,datasets/Conna/eMotions/data/eMotions_chunk_068.parquet,bb97b7453720968aa6793bd962a8880a459acadc,Neutral,neutral,9.812993,2398f0f9b9f9ed070cba3a50fd7844b2ad0730fde829fb7465bada4f6298fed0,neutral/neutral/neutral_neutral_1646_00003910.mp4,False,
emotion:00003911.mp4,00003911.mp4,eMotions_chunk_068.parquet,datasets/Conna/eMotions/data/eMotions_chunk_068.parquet,bb97b7453720968aa6793bd962a8880a459acadc,Neutral,neutral,16.486009,aeeb0261083997c4af13d189cb883e9fe0504b585dce47bd3299fd4c88774d00,neutral/neutral/neutral_neutral_1647_00003911.mp4,False,
emotion:00003914.mp4,00003914.mp4,eMotions_chunk_068.parquet,datasets/Conna/eMotions/data/eMotions_chunk_068.parquet,bb97b7453720968aa6793bd962a8880a459acadc,Neutral,neutral,12.7,75f5187ef2b5bdcb2a9cb215c7807a2a25b9475cc63935899567b2f0f354cb57,neutral/neutral/neutral_neutral_1648_00003914.mp4,False,
emotion:00003915.mp4,00003915.mp4,eMotions_chunk_068.parquet,datasets/Conna/eMotions/data/eMotions_chunk_068.parquet,bb97b7453720968aa6793bd962a8880a459acadc,Neutral,neutral,5.033333,9955d4cb020bcf3e72993682af2e6c8d05262088129de55549b5a0d6929f1dc5,neutral/neutral/neutral_neutral_1649_00003915.mp4,False,
emotion:00003917.mp4,00003917.mp4,eMotions_chunk_068.parquet,datasets/Conna/eMotions/data/eMotions_chunk_068.parquet,bb97b7453720968aa6793bd962a8880a459acadc,Neutral,neutral,16.369002,675b78749e4aa04df39c8343a10b52c752c91d65e7b7134af1974e2d13495d27,neutral/neutral/neutral_neutral_1650_00003917.mp4,False,
emotion:00003919.mp4,00003919.mp4,eMotions_chunk_068.parquet,datasets/Conna/eMotions/data/eMotions_chunk_068.parquet,bb97b7453720968aa6793bd962a8880a459acadc,Neutral,neutral,6.033333,8500aa9b8fa0f0e0f5d65dbad02f07c85580e23db8a7806b5b30db30322d6aca,neutral/neutral/neutral_neutral_1651_00003919.mp4,False,
emotion:00003926.mp4,00003926.mp4,eMotions_chunk_068.parquet,datasets/Conna/eMotions/data/eMotions_chunk_068.parquet,bb97b7453720968aa6793bd962a8880a459acadc,Neutral,neutral,12.678005,b7a2bb6a819c522d3b7982c1486183b4c4319bcd951e2ad6e9a18fe77190e348,neutral/neutral/neutral_neutral_1652_00003926.mp4,False,
emotion:00009818.mp4,00009818.mp4,eMotions_chunk_079.parquet,datasets/Conna/eMotions/data/eMotions_chunk_079.parquet,bb97b7453720968aa6793bd962a8880a459acadc,Neutral,neutral,15.979002,08b973ea2d339f3f2a2fc7779fb1d63e226837f29df7c75903e2909c71c656c7,neutral/neutral/neutral_neutral_1653_00009818.mp4,False,
emotion:00009823.mp4,00009823.mp4,eMotions_chunk_079.parquet,datasets/Conna/eMotions/data/eMotions_chunk_079.parquet,bb97b7453720968aa6793bd962a8880a459acadc,Neutral,neutral,20.177007,1d0ae5e560ff790a5f7a485e2d271b945e37cd85c9618b7e762890fedc307c02,neutral/neutral/neutral_neutral_1654_00009823.mp4,False,
emotion:00009826.mp4,00009826.mp4,eMotions_chunk_079.parquet,datasets/Conna/eMotions/data/eMotions_chunk_079.parquet,bb97b7453720968aa6793bd962a8880a459acadc,Neutral,neutral,21.36,2c42e38412b7d75c2e101a27c73373225c7f1b31aedfea75eb5299ac3ffd9818,neutral/neutral/neutral_neutral_1655_00009826.mp4,False,
emotion:00009835.mp4,00009835.mp4,eMotions_chunk_079.parquet,datasets/Conna/eMotions/data/eMotions_chunk_079.parquet,bb97b7453720968aa6793bd962a8880a459acadc,Neutral,neutral,21.105011,2880f8256c04e1604ee9b934c541c503f64c8fed6508826f4d6d3e07eed2edd4,neutral/neutral/neutral_neutral_1656_00009835.mp4,False,
emotion:00009843.mp4,00009843.mp4,eMotions_chunk_079.parquet,datasets/Conna/eMotions/data/eMotions_chunk_079.parquet,bb97b7453720968aa6793bd962a8880a459acadc,Neutral,neutral,6.2,e541cc5e4ae843bfefdd69dae12c5fa2b01edcbb0ccc51bc9c1866d329d004e5,neutral/neutral/neutral_neutral_1657_00009843.mp4,False,
emotion:00009844.mp4,00009844.mp4,eMotions_chunk_079.parquet,datasets/Conna/eMotions/data/eMotions_chunk_079.parquet,bb97b7453720968aa6793bd962a8880a459acadc,Neutral,neutral,47.135011,f23619bc06ff990fc2ca8c62c3929e0aa91c7ba8893b8de2abd4f0c56435858e,neutral/neutral/neutral_neutral_1658_00009844.mp4,False,
emotion:00009846.mp4,00009846.mp4,eMotions_chunk_079.parquet,datasets/Conna/eMotions/data/eMotions_chunk_079.parquet,bb97b7453720968aa6793bd962a8880a459acadc,Neutral,neutral,31.741995,5bdbd0fa4772d814b4e1b96c1104e3b2fa6d5f466850cf4c90dcccd584e1a5a7,neutral/neutral/neutral_neutral_1659_00009846.mp4,False,
emotion:00009848.mp4,00009848.mp4,eMotions_chunk_079.parquet,datasets/Conna/eMotions/data/eMotions_chunk_079.parquet,bb97b7453720968aa6793bd962a8880a459acadc,Neutral,neutral,8.4,7bc03616bbfefc2af11114587584686f94fe95dda14d2cc18a8051c60bf945cf,neutral/neutral/neutral_neutral_1660_00009848.mp4,False,
emotion:00009859.mp4,00009859.mp4,eMotions_chunk_079.parquet,datasets/Conna/eMotions/data/eMotions_chunk_079.parquet,bb97b7453720968aa6793bd962a8880a459acadc,Neutral,neutral,11.749002,7f0a544681c71434fa2dec16d0a04b0fc60fd6c390971d2ece4bc5131a8919ec,neutral/neutral/neutral_neutral_1661_00009859.mp4,False,
emotion:00009860.mp4,00009860.mp4,eMotions_chunk_079.parquet,datasets/Conna/eMotions/data/eMotions_chunk_079.parquet,bb97b7453720968aa6793bd962a8880a459acadc,Neutral,neutral,31.509002,e4da153d796f7df3881ffc8f36c37b1bba717dce2646b01e1502de09a1346573,neutral/neutral/neutral_neutral_1662_00009860.mp4,False,
emotion:00009862.mp4,00009862.mp4,eMotions_chunk_079.parquet,datasets/Conna/eMotions/data/eMotions_chunk_079.parquet,bb97b7453720968aa6793bd962a8880a459acadc,Neutral,neutral,14.366667,517259f6fc72e13dff27d80a596373b5649af9d96302a6efb2a99b328efcbbec,neutral/neutral/neutral_neutral_1663_00009862.mp4,False,
emotion:00009868.mp4,00009868.mp4,eMotions_chunk_079.parquet,datasets/Conna/eMotions/data/eMotions_chunk_079.parquet,bb97b7453720968aa6793bd962a8880a459acadc,Neutral,neutral,8.241995,ff163636b08b299f4ca8a09acf63b5e05edead4df2a3f52c6230ea6e5e4837ed,neutral/neutral/neutral_neutral_1664_00009868.mp4,False,
emotion:00009870.mp4,00009870.mp4,eMotions_chunk_079.parquet,datasets/Conna/eMotions/data/eMotions_chunk_079.parquet,bb97b7453720968aa6793bd962a8880a459acadc,Neutral,neutral,6.316009,6cd2f4a7379cbbb42d3c7bfab77f4dfaeb4f6aefda4e90607be0caf49bc0a445,neutral/neutral/neutral_neutral_1665_00009870.mp4,False,
emotion:00009874.mp4,00009874.mp4,eMotions_chunk_079.parquet,datasets/Conna/eMotions/data/eMotions_chunk_079.parquet,bb97b7453720968aa6793bd962a8880a459acadc,Neutral,neutral,47.066667,4ed8392fb81dd401786cec673aea47184b556dea6aa9087399b47ab5d9e56b19,neutral/neutral/neutral_neutral_1666_00009874.mp4,False,
emotion:00009879.mp4,00009879.mp4,eMotions_chunk_079.parquet,datasets/Conna/eMotions/data/eMotions_chunk_079.parquet,bb97b7453720968aa6793bd962a8880a459acadc,Neutral,neutral,10.733333,fef1cebf17d6a790b51b61e00c0746185e3081e953db1a905fcb1507c2a505fb,neutral/neutral/neutral_neutral_1667_00009879.mp4,False,
emotion:00009889.mp4,00009889.mp4,eMotions_chunk_079.parquet,datasets/Conna/eMotions/data/eMotions_chunk_079.parquet,bb97b7453720968aa6793bd962a8880a459acadc,Neutral,neutral,9.009002,b57e685c15d4f8202b46c3201ceec84195d8886060d8f1937db3e56db0ef5f33,neutral/neutral/neutral_neutral_1668_00009889.mp4,False,
emotion:00009894.mp4,00009894.mp4,eMotions_chunk_079.parquet,datasets/Conna/eMotions/data/eMotions_chunk_079.parquet,bb97b7453720968aa6793bd962a8880a459acadc,Neutral,neutral,12.91,088a8446a21dd6f58a19b72d694f88eafbda992ad94c373d803724bfb816363a,neutral/neutral/neutral_neutral_1669_00009894.mp4,False,
emotion:00009900.mp4,00009900.mp4,eMotions_chunk_079.parquet,datasets/Conna/eMotions/data/eMotions_chunk_079.parquet,bb97b7453720968aa6793bd962a8880a459acadc,Neutral,neutral,15.301995,02cac79c993e1c81a692603caeb39de975b23c9313e8d46c5bce47f1b8dee3d8,neutral/neutral/neutral_neutral_1670_00009900.mp4,False,
emotion:00009905.mp4,00009905.mp4,eMotions_chunk_079.parquet,datasets/Conna/eMotions/data/eMotions_chunk_079.parquet,bb97b7453720968aa6793bd962a8880a459acadc,Neutral,neutral,27.167007,c56f550cce74a8721b7a504d7057f25d244a067f88367cc3654738b77e3a6ead,neutral/neutral/neutral_neutral_1671_00009905.mp4,False,
emotion:00009914.mp4,00009914.mp4,eMotions_chunk_079.parquet,datasets/Conna/eMotions/data/eMotions_chunk_079.parquet,bb97b7453720968aa6793bd962a8880a459acadc,Neutral,neutral,8.751995,ef30a0f616cb550ce376c92f7c5e900b6e3dc82b49ab4f10929a7d34a530923a,neutral/neutral/neutral_neutral_1672_00009914.mp4,False,
emotion:00009916.mp4,00009916.mp4,eMotions_chunk_079.parquet,datasets/Conna/eMotions/data/eMotions_chunk_079.parquet,bb97b7453720968aa6793bd962a8880a459acadc,Neutral,neutral,8.010998,baff4465921ce61a963a3e676d126c18170be7d93f1d023d2e9fc1dbf438b9e2,neutral/neutral/neutral_neutral_1673_00009916.mp4,False,
emotion:00009920.mp4,00009920.mp4,eMotions_chunk_079.parquet,datasets/Conna/eMotions/data/eMotions_chunk_079.parquet,bb97b7453720968aa6793bd962a8880a459acadc,Neutral,neutral,11.238005,e8e64e0dda8a6adfd73ebe23b6cf7658c4268127d0a3c6209845888e3b4ff989,neutral/neutral/neutral_neutral_1674_00009920.mp4,False,
emotion:00009922.mp4,00009922.mp4,eMotions_chunk_079.parquet,datasets/Conna/eMotions/data/eMotions_chunk_079.parquet,bb97b7453720968aa6793bd962a8880a459acadc,Neutral,neutral,25.750998,5a635b6adeb9f9f0c8db9e298eedabb9ca5097082671bce096bda81654ea9940,neutral/neutral/neutral_neutral_1675_00009922.mp4,False,
emotion:00009924.mp4,00009924.mp4,eMotions_chunk_079.parquet,datasets/Conna/eMotions/data/eMotions_chunk_079.parquet,bb97b7453720968aa6793bd962a8880a459acadc,Neutral,neutral,13.210998,ab1abb59eb1bf5477dfa1bac8ba71957e230eb51bcec6cf9a352c5c6d3121c10,neutral/neutral/neutral_neutral_1676_00009924.mp4,False,
emotion:00009926.mp4,00009926.mp4,eMotions_chunk_079.parquet,datasets/Conna/eMotions/data/eMotions_chunk_079.parquet,bb97b7453720968aa6793bd962a8880a459acadc,Neutral,neutral,6.78,6aa7bc570e318d7431e443797af310c4641feb3d819c691f65e78c53288d1ee0,neutral/neutral/neutral_neutral_1677_00009926.mp4,False,
emotion:00009930.mp4,00009930.mp4,eMotions_chunk_079.parquet,datasets/Conna/eMotions/data/eMotions_chunk_079.parquet,bb97b7453720968aa6793bd962a8880a459acadc,Neutral,neutral,16.96,ff6de91fa956d5845fbffd482ffa93c20427987cefaf305a648d73f4c072f29b,neutral/neutral/neutral_neutral_1678_00009930.mp4,False,
emotion:00009931.mp4,00009931.mp4,eMotions_chunk_079.parquet,datasets/Conna/eMotions/data/eMotions_chunk_079.parquet,bb97b7453720968aa6793bd962a8880a459acadc,Neutral,neutral,13.420998,5e75fa446b2c910963111a5aa77d5a1818dcc3bf65ac2e6df4510cc52fb7f573,neutral/neutral/neutral_neutral_1679_00009931.mp4,False,
emotion:00009934.mp4,00009934.mp4,eMotions_chunk_079.parquet,datasets/Conna/eMotions/data/eMotions_chunk_079.parquet,bb97b7453720968aa6793bd962a8880a459acadc,Neutral,neutral,5.015011,5c1ad3b214c864ea9a49b084f77c1fef5c8af9653f65e850f05f4b2234e8d34b,neutral/neutral/neutral_neutral_1680_00009934.mp4,False,
emotion:00009936.mp4,00009936.mp4,eMotions_chunk_079.parquet,datasets/Conna/eMotions/data/eMotions_chunk_079.parquet,bb97b7453720968aa6793bd962a8880a459acadc,Neutral,neutral,9.588005,b0ae12651319132902cccd1905db47e78e7262040cbe6654854243690cfc50ee,neutral/neutral/neutral_neutral_1681_00009936.mp4,False,
emotion:00009950.mp4,00009950.mp4,eMotions_chunk_079.parquet,datasets/Conna/eMotions/data/eMotions_chunk_079.parquet,bb97b7453720968aa6793bd962a8880a459acadc,Neutral,neutral,12.537007,d6c2e64c9ef81fd76d6f7ed610abcfc5447e6ac7def6f07c3c14b08978d430c7,neutral/neutral/neutral_neutral_1682_00009950.mp4,False,
emotion:00009951.mp4,00009951.mp4,eMotions_chunk_079.parquet,datasets/Conna/eMotions/data/eMotions_chunk_079.parquet,bb97b7453720968aa6793bd962a8880a459acadc,Neutral,neutral,32.266667,ed2842a41cf7b77badd7a9ddd41049bd9fda0832f16b4f12f13f62eecc6a0390,neutral/neutral/neutral_neutral_1683_00009951.mp4,False,
emotion:00009952.mp4,00009952.mp4,eMotions_chunk_079.parquet,datasets/Conna/eMotions/data/eMotions_chunk_079.parquet,bb97b7453720968aa6793bd962a8880a459acadc,Neutral,neutral,24.519002,8d381946e45e15a9f2fe6bb860c1971209cb0127fecbbb9fa860d7d0f5dcd78f,neutral/neutral/neutral_neutral_1684_00009952.mp4,False,
emotion:00009953.mp4,00009953.mp4,eMotions_chunk_079.parquet,datasets/Conna/eMotions/data/eMotions_chunk_079.parquet,bb97b7453720968aa6793bd962a8880a459acadc,Neutral,neutral,21.333333,8f7e6f4acfcbbd3797bd098e3f0de57f079e4d145188fc5a5aae98c9e0d7e744,neutral/neutral/neutral_neutral_1685_00009953.mp4,False,
emotion:00009957.mp4,00009957.mp4,eMotions_chunk_079.parquet,datasets/Conna/eMotions/data/eMotions_chunk_079.parquet,bb97b7453720968aa6793bd962a8880a459acadc,Neutral,neutral,28.746009,8dc98e03bad3fc11d9c4a715f6ad0101e89f93ec9b2cd908168741f7462d38d4,neutral/neutral/neutral_neutral_1686_00009957.mp4,False,
emotion:00009964.mp4,00009964.mp4,eMotions_chunk_079.parquet,datasets/Conna/eMotions/data/eMotions_chunk_079.parquet,bb97b7453720968aa6793bd962a8880a459acadc,Neutral,neutral,28.629002,0e4c349b1d8ce26c2f1623f4f880453de00530ecdbd07f39b9cc0529e34457ec,neutral/neutral/neutral_neutral_1687_00009964.mp4,False,
emotion:00009965.mp4,00009965.mp4,eMotions_chunk_079.parquet,datasets/Conna/eMotions/data/eMotions_chunk_079.parquet,bb97b7453720968aa6793bd962a8880a459acadc,Neutral,neutral,34.580998,46196169431d7cc2f8493da5e5135d135d4fa26f33e9d4a404af15da612a0860,neutral/neutral/neutral_neutral_1688_00009965.mp4,False,
emotion:00009967.mp4,00009967.mp4,eMotions_chunk_079.parquet,datasets/Conna/eMotions/data/eMotions_chunk_079.parquet,bb97b7453720968aa6793bd962a8880a459acadc,Neutral,neutral,22.801995,9bd16531e9db3604c8f2fe9d5e92c52097fa8dd5b727666e9c749ae8a8a3e8a9,neutral/neutral/neutral_neutral_1689_00009967.mp4,False,
emotion:00009968.mp4,00009968.mp4,eMotions_chunk_079.parquet,datasets/Conna/eMotions/data/eMotions_chunk_079.parquet,bb97b7453720968aa6793bd962a8880a459acadc,Neutral,neutral,20.633333,ead0ba75876b109a75b9cba1baa5c74f52af174d47a028c3ac522ef351993157,neutral/neutral/neutral_neutral_1690_00009968.mp4,False,
emotion:00009971.mp4,00009971.mp4,eMotions_chunk_079.parquet,datasets/Conna/eMotions/data/eMotions_chunk_079.parquet,bb97b7453720968aa6793bd962a8880a459acadc,Neutral,neutral,6.88,bc23ea275d31d3192177cade0d6a2725ed4933479ff22e952af4166d0b5c49b9,neutral/neutral/neutral_neutral_1691_00009971.mp4,False,
emotion:00009975.mp4,00009975.mp4,eMotions_chunk_079.parquet,datasets/Conna/eMotions/data/eMotions_chunk_079.parquet,bb97b7453720968aa6793bd962a8880a459acadc,Neutral,neutral,33.566667,b7f452d48d2bc05c93c618ff6dac0a99121f9a77b52530369aae09a4ccf3bbf2,neutral/neutral/neutral_neutral_1692_00009975.mp4,False,
emotion:00009982.mp4,00009982.mp4,eMotions_chunk_079.parquet,datasets/Conna/eMotions/data/eMotions_chunk_079.parquet,bb97b7453720968aa6793bd962a8880a459acadc,Neutral,neutral,7.9,ac5847941ee451949b87229542613cf19ef3e591cedd4bff786d23a9d1e37ac7,neutral/neutral/neutral_neutral_1693_00009982.mp4,False,
emotion:00009985.mp4,00009985.mp4,eMotions_chunk_079.parquet,datasets/Conna/eMotions/data/eMotions_chunk_079.parquet,bb97b7453720968aa6793bd962a8880a459acadc,Neutral,neutral,6.033333,1f174a95de56733666e79b2a2859735016cb606bc6eb1186b19cc97a10a38e2e,neutral/neutral/neutral_neutral_1694_00009985.mp4,False,
emotion:00009990.mp4,00009990.mp4,eMotions_chunk_079.parquet,datasets/Conna/eMotions/data/eMotions_chunk_079.parquet,bb97b7453720968aa6793bd962a8880a459acadc,Neutral,neutral,32.5,0c1fe0394830687d1c1e9366fe30f903992406c006ad047f6eb2ae11d03777ae,neutral/neutral/neutral_neutral_1695_00009990.mp4,False,
emotion:00009992.mp4,00009992.mp4,eMotions_chunk_079.parquet,datasets/Conna/eMotions/data/eMotions_chunk_079.parquet,bb97b7453720968aa6793bd962a8880a459acadc,Neutral,neutral,21.4,4c7809de042f7df093aefcc12370039c41ef90ae06c9af54b0c5d7ca348fdb7c,neutral/neutral/neutral_neutral_1696_00009992.mp4,False,
emotion:00009994.mp4,00009994.mp4,eMotions_chunk_079.parquet,datasets/Conna/eMotions/data/eMotions_chunk_079.parquet,bb97b7453720968aa6793bd962a8880a459acadc,Neutral,neutral,32.299002,9329aed61232d9c45fd0ce84b39e2f509a48efe425bc254d40dbccaa99b1ef1b,neutral/neutral/neutral_neutral_1697_00009994.mp4,False,
emotion:00009995.mp4,00009995.mp4,eMotions_chunk_079.parquet,datasets/Conna/eMotions/data/eMotions_chunk_079.parquet,bb97b7453720968aa6793bd962a8880a459acadc,Neutral,neutral,24.473991,d68d93cfd7327608023096cc7631165ba3798a9b520d79e90557779baea86f21,neutral/neutral/neutral_neutral_1698_00009995.mp4,False,
emotion:00009996.mp4,00009996.mp4,eMotions_chunk_079.parquet,datasets/Conna/eMotions/data/eMotions_chunk_079.parquet,bb97b7453720968aa6793bd962a8880a459acadc,Neutral,neutral,23.986009,0b70236f0d73798cf3ee5ce97210433ad276f2906e146b238d367028ac362aa0,neutral/neutral/neutral_neutral_1699_00009996.mp4,False,
emotion:00010000.mp4,00010000.mp4,eMotions_chunk_079.parquet,datasets/Conna/eMotions/data/eMotions_chunk_079.parquet,bb97b7453720968aa6793bd962a8880a459acadc,Neutral,neutral,25.733333,288b01afeaedff2c9d3a7dc95c986836e68b2d77bd956e697d5f1f73dd4a83c4,neutral/neutral/neutral_neutral_1700_00010000.mp4,False,
emotion:00010002.mp4,00010002.mp4,eMotions_chunk_079.parquet,datasets/Conna/eMotions/data/eMotions_chunk_079.parquet,bb97b7453720968aa6793bd962a8880a459acadc,Neutral,neutral,24.24,dac807e06b38cbf4fb859cbc6e80223f5fb00a89ec207b4dd8e20d42553410cb,neutral/neutral/neutral_neutral_1701_00010002.mp4,False,
emotion:00010006.mp4,00010006.mp4,eMotions_chunk_079.parquet,datasets/Conna/eMotions/data/eMotions_chunk_079.parquet,bb97b7453720968aa6793bd962a8880a459acadc,Neutral,neutral,23.730998,9f9ccf169675df8ab417e9d0eb794d4c7760f969ac8f1b3af234d2b556bcc314,neutral/neutral/neutral_neutral_1702_00010006.mp4,False,
emotion:00010014.mp4,00010014.mp4,eMotions_chunk_079.parquet,datasets/Conna/eMotions/data/eMotions_chunk_079.parquet,bb97b7453720968aa6793bd962a8880a459acadc,Neutral,neutral,33.733333,2f2b3c5222e80a419392465625c9456ee60146f768ee50b102d828740d4d3c3d,neutral/neutral/neutral_neutral_1703_00010014.mp4,False,
emotion:00010015.mp4,00010015.mp4,eMotions_chunk_079.parquet,datasets/Conna/eMotions/data/eMotions_chunk_079.parquet,bb97b7453720968aa6793bd962a8880a459acadc,Neutral,neutral,31.068005,6ff6c4c464bcb7cbf330022bc9688b85209c4b7597aca34908f30da4fa1bd471,neutral/neutral/neutral_neutral_1704_00010015.mp4,False,
emotion:00010020.mp4,00010020.mp4,eMotions_chunk_079.parquet,datasets/Conna/eMotions/data/eMotions_chunk_079.parquet,bb97b7453720968aa6793bd962a8880a459acadc,Neutral,neutral,24.0,3e7ab8385064d794637b0be6a544bc0d748def028fe764fce74029890d31b892,neutral/neutral/neutral_neutral_1705_00010020.mp4,False,
emotion:00010026.mp4,00010026.mp4,eMotions_chunk_079.parquet,datasets/Conna/eMotions/data/eMotions_chunk_079.parquet,bb97b7453720968aa6793bd962a8880a459acadc,Neutral,neutral,24.333991,2d529aa795227ab85b1b25a364d863e4e5ac07161ac910e76cb618dcc4ff5e3e,neutral/neutral/neutral_neutral_1706_00010026.mp4,False,
emotion:00010031.mp4,00010031.mp4,eMotions_chunk_079.parquet,datasets/Conna/eMotions/data/eMotions_chunk_079.parquet,bb97b7453720968aa6793bd962a8880a459acadc,Neutral,neutral,35.387007,fe877fb3b4eda8c22b731436e963cff2ffbd58fb608e1ce744926c3678680dfa,neutral/neutral/neutral_neutral_1707_00010031.mp4,False,
emotion:00010038.mp4,00010038.mp4,eMotions_chunk_079.parquet,datasets/Conna/eMotions/data/eMotions_chunk_079.parquet,bb97b7453720968aa6793bd962a8880a459acadc,Neutral,neutral,19.341995,2ca81510020c28628f3d18b2eb82da00427c3cf5ed5682c6bf9ceb4ff13d460f,neutral/neutral/neutral_neutral_1708_00010038.mp4,False,
emotion:00010057.mp4,00010057.mp4,eMotions_chunk_079.parquet,datasets/Conna/eMotions/data/eMotions_chunk_079.parquet,bb97b7453720968aa6793bd962a8880a459acadc,Neutral,neutral,39.123991,cc9d96edf2894ebeeef5eb4a876ab50ab5f6e25955a767138c1958bb447e561b,neutral/neutral/neutral_neutral_1709_00010057.mp4,False,
emotion:00010058.mp4,00010058.mp4,eMotions_chunk_079.parquet,datasets/Conna/eMotions/data/eMotions_chunk_079.parquet,bb97b7453720968aa6793bd962a8880a459acadc,Neutral,neutral,32.24,44e4ba9b2ecf26fe3e9421a0db1d8a5fa0ae2489ca55b6f590fbfb505deb10ed,neutral/neutral/neutral_neutral_1710_00010058.mp4,False,
emotion:00010074.mp4,00010074.mp4,eMotions_chunk_079.parquet,datasets/Conna/eMotions/data/eMotions_chunk_079.parquet,bb97b7453720968aa6793bd962a8880a459acadc,Neutral,neutral,32.273991,f2daad4c3c92730e050de6dc5116f117310216549cabb18d77684a4ab2b87871,neutral/neutral/neutral_neutral_1711_00010074.mp4,False,
emotion:00010077.mp4,00010077.mp4,eMotions_chunk_079.parquet,datasets/Conna/eMotions/data/eMotions_chunk_079.parquet,bb97b7453720968aa6793bd962a8880a459acadc,Neutral,neutral,15.186009,148e65d776184356437e935d8f57ad93c0e2c687d63f34abf92c6b44ccf0f230,neutral/neutral/neutral_neutral_1712_00010077.mp4,False,
emotion:00010081.mp4,00010081.mp4,eMotions_chunk_079.parquet,datasets/Conna/eMotions/data/eMotions_chunk_079.parquet,bb97b7453720968aa6793bd962a8880a459acadc,Neutral,neutral,31.733333,9d75dfab656f2e082a7733336ee87cbdd58ed79b53308b9c43191e0644604cb2,neutral/neutral/neutral_neutral_1713_00010081.mp4,False,
emotion:00010090.mp4,00010090.mp4,eMotions_chunk_079.parquet,datasets/Conna/eMotions/data/eMotions_chunk_079.parquet,bb97b7453720968aa6793bd962a8880a459acadc,Neutral,neutral,8.033991,4f359e8607c60e15c83b140b3b22a80e37760da147dac872338ee5b87359283f,neutral/neutral/neutral_neutral_1714_00010090.mp4,False,
emotion:00010094.mp4,00010094.mp4,eMotions_chunk_079.parquet,datasets/Conna/eMotions/data/eMotions_chunk_079.parquet,bb97b7453720968aa6793bd962a8880a459acadc,Neutral,neutral,11.157007,44bbd9a6d58e795c89d595a2188d028fab2d4398128c81f20a3cb413a83ae101,neutral/neutral/neutral_neutral_1715_00010094.mp4,False,
emotion:00010096.mp4,00010096.mp4,eMotions_chunk_079.parquet,datasets/Conna/eMotions/data/eMotions_chunk_079.parquet,bb97b7453720968aa6793bd962a8880a459acadc,Neutral,neutral,12.005011,4367a77ba8ecbf99e79768ccfa44626a8e0db1fbe43dca6594010b9fa564fd12,neutral/neutral/neutral_neutral_1716_00010096.mp4,False,
emotion:00010104.mp4,00010104.mp4,eMotions_chunk_079.parquet,datasets/Conna/eMotions/data/eMotions_chunk_079.parquet,bb97b7453720968aa6793bd962a8880a459acadc,Neutral,neutral,24.532993,272657828e14ecabb109cabb18e0eac0548ed086470bc11b235331da119ae2b2,neutral/neutral/neutral_neutral_1717_00010104.mp4,False,
emotion:00010107.mp4,00010107.mp4,eMotions_chunk_079.parquet,datasets/Conna/eMotions/data/eMotions_chunk_079.parquet,bb97b7453720968aa6793bd962a8880a459acadc,Neutral,neutral,10.635011,8b32945492681d67c253c07ba39e4e3d32b3968928de13ea4be0e21e34978c2c,neutral/neutral/neutral_neutral_1718_00010107.mp4,False,
emotion:00010112.mp4,00010112.mp4,eMotions_chunk_079.parquet,datasets/Conna/eMotions/data/eMotions_chunk_079.parquet,bb97b7453720968aa6793bd962a8880a459acadc,Neutral,neutral,23.766667,ec34977590a0057e725ec17a9d73985e52649212959d425bc0d750a89cfc3d9c,neutral/neutral/neutral_neutral_1719_00010112.mp4,False,
emotion:00010124.mp4,00010124.mp4,eMotions_chunk_079.parquet,datasets/Conna/eMotions/data/eMotions_chunk_079.parquet,bb97b7453720968aa6793bd962a8880a459acadc,Neutral,neutral,31.788005,209566b72ade4fd4f69fbe7a3ee7825cdb721076d6b46c0503b51a41f596e47c,neutral/neutral/neutral_neutral_1720_00010124.mp4,False,
emotion:00010128.mp4,00010128.mp4,eMotions_chunk_079.parquet,datasets/Conna/eMotions/data/eMotions_chunk_079.parquet,bb97b7453720968aa6793bd962a8880a459acadc,Neutral,neutral,44.4,a38a57a17e58c7fb3c76b90588fcbd7a64cdb64b61d021b8d21e0e4c39f3e9d0,neutral/neutral/neutral_neutral_1721_00010128.mp4,False,
emotion:00010130.mp4,00010130.mp4,eMotions_chunk_079.parquet,datasets/Conna/eMotions/data/eMotions_chunk_079.parquet,bb97b7453720968aa6793bd962a8880a459acadc,Neutral,neutral,29.533991,3b305dba0e7be12cc428457fbcab5e3976cfff7b06279d141f5f7e8f52411481,neutral/neutral/neutral_neutral_1722_00010130.mp4,False,
emotion:00010135.mp4,00010135.mp4,eMotions_chunk_079.parquet,datasets/Conna/eMotions/data/eMotions_chunk_079.parquet,bb97b7453720968aa6793bd962a8880a459acadc,Neutral,neutral,30.139002,9761ad0c3a3231c5c89b10fc0569b7ef0982b5efb84bca77f940926cb6ab574b,neutral/neutral/neutral_neutral_1723_00010135.mp4,False,
emotion:00010138.mp4,00010138.mp4,eMotions_chunk_079.parquet,datasets/Conna/eMotions/data/eMotions_chunk_079.parquet,bb97b7453720968aa6793bd962a8880a459acadc,Neutral,neutral,22.357007,19119d4387114f306790468a878f7b937caa3af50d4b9de3f56ad8135a3d9bf6,neutral/neutral/neutral_neutral_1724_00010138.mp4,False,
emotion:00010142.mp4,00010142.mp4,eMotions_chunk_079.parquet,datasets/Conna/eMotions/data/eMotions_chunk_079.parquet,bb97b7453720968aa6793bd962a8880a459acadc,Neutral,neutral,8.066667,efeab7460b1c7cb9db32f2394ba57d3f7fab378e7e7ff5437ec8dac08fa0895c,neutral/neutral/neutral_neutral_1725_00010142.mp4,False,
emotion:00010163.mp4,00010163.mp4,eMotions_chunk_079.parquet,datasets/Conna/eMotions/data/eMotions_chunk_079.parquet,bb97b7453720968aa6793bd962a8880a459acadc,Neutral,neutral,7.1,6eac3a60ac0b2302451dbbe01ede091e5f64eaf440acef6e4ed857bc10f79adb,neutral/neutral/neutral_neutral_1726_00010163.mp4,False,
emotion:00010168.mp4,00010168.mp4,eMotions_chunk_079.parquet,datasets/Conna/eMotions/data/eMotions_chunk_079.parquet,bb97b7453720968aa6793bd962a8880a459acadc,Neutral,neutral,13.625,6cc5cf3674b2638ea8dd98842b75aea1da32260659f1f60e8354b0001bfb5981,neutral/neutral/neutral_neutral_1727_00010168.mp4,False,
emotion:00010173.mp4,00010173.mp4,eMotions_chunk_079.parquet,datasets/Conna/eMotions/data/eMotions_chunk_079.parquet,bb97b7453720968aa6793bd962a8880a459acadc,Neutral,neutral,10.261995,7c24fa8f6a5bd3d5bf6437391cc61b7974041a62766951dadffc8c9307b4320b,neutral/neutral/neutral_neutral_1728_00010173.mp4,False,
emotion:00010175.mp4,00010175.mp4,eMotions_chunk_079.parquet,datasets/Conna/eMotions/data/eMotions_chunk_079.parquet,bb97b7453720968aa6793bd962a8880a459acadc,Neutral,neutral,28.072993,535d0e5a6b8fbad73de8ca70bfd295f09da7209818c1bb588c26e3019f3b0634,neutral/neutral/neutral_neutral_1729_00010175.mp4,False,
emotion:00010176.mp4,00010176.mp4,eMotions_chunk_079.parquet,datasets/Conna/eMotions/data/eMotions_chunk_079.parquet,bb97b7453720968aa6793bd962a8880a459acadc,Neutral,neutral,52.383991,19d57bfd3969c9e7efc3922298532e81ddd39dd1d20b3ae116d8184a31da7170,neutral/neutral/neutral_neutral_1730_00010176.mp4,False,
emotion:00010180.mp4,00010180.mp4,eMotions_chunk_079.parquet,datasets/Conna/eMotions/data/eMotions_chunk_079.parquet,bb97b7453720968aa6793bd962a8880a459acadc,Neutral,neutral,17.08,89c4d0da0cdc1e0c76d8991f7c359e53082d7defda2195bc6267ef6fb9b553fc,neutral/neutral/neutral_neutral_1731_00010180.mp4,False,
emotion:00010183.mp4,00010183.mp4,eMotions_chunk_079.parquet,datasets/Conna/eMotions/data/eMotions_chunk_079.parquet,bb97b7453720968aa6793bd962a8880a459acadc,Neutral,neutral,27.633333,e917b2a0d9c48eeaa27aef6c02db833b77f42cadcc16e2b016c1f4e29b7023c4,neutral/neutral/neutral_neutral_1732_00010183.mp4,False,
emotion:00010184.mp4,00010184.mp4,eMotions_chunk_079.parquet,datasets/Conna/eMotions/data/eMotions_chunk_079.parquet,bb97b7453720968aa6793bd962a8880a459acadc,Neutral,neutral,36.709002,b81cdc1d18b48d512c1e47ca816e7b506d35ae094c98a9e1cd70d15e107c4bdc,neutral/neutral/neutral_neutral_1733_00010184.mp4,False,
emotion:00010185.mp4,00010185.mp4,eMotions_chunk_079.parquet,datasets/Conna/eMotions/data/eMotions_chunk_079.parquet,bb97b7453720968aa6793bd962a8880a459acadc,Neutral,neutral,12.608005,7d2959c5c3bc16f915c197504d1d4f6bf43aac3d110f90a4231410f42eb8cf66,neutral/neutral/neutral_neutral_1734_00010185.mp4,False,
emotion:00010186.mp4,00010186.mp4,eMotions_chunk_079.parquet,datasets/Conna/eMotions/data/eMotions_chunk_079.parquet,bb97b7453720968aa6793bd962a8880a459acadc,Neutral,neutral,24.6,b85973f19e62a79b47cb3ee63008eaaca3073798ebe185c34cc00ad7163d56b5,neutral/neutral/neutral_neutral_1735_00010186.mp4,False,
emotion:00010188.mp4,00010188.mp4,eMotions_chunk_079.parquet,datasets/Conna/eMotions/data/eMotions_chunk_079.parquet,bb97b7453720968aa6793bd962a8880a459acadc,Neutral,neutral,15.44,2bbb1702889d7cd4481f5b2e23f73a5b2dbacb8826aa3046a837111d3f82dcb6,neutral/neutral/neutral_neutral_1736_00010188.mp4,False,
emotion:00010200.mp4,00010200.mp4,eMotions_chunk_079.parquet,datasets/Conna/eMotions/data/eMotions_chunk_079.parquet,bb97b7453720968aa6793bd962a8880a459acadc,Neutral,neutral,14.65,d408acd8aaacb562067ee5ce11d8b0c8a58b2fc972012ca221204723c262213c,neutral/neutral/neutral_neutral_1737_00010200.mp4,False,
emotion:00010202.mp4,00010202.mp4,eMotions_chunk_079.parquet,datasets/Conna/eMotions/data/eMotions_chunk_079.parquet,bb97b7453720968aa6793bd962a8880a459acadc,Neutral,neutral,20.968005,6c9feb35c5a7d1777a1c0241bb004f7a0a68c9425e351736389d5d6f446dc04c,neutral/neutral/neutral_neutral_1738_00010202.mp4,False,
emotion:00010220.mp4,00010220.mp4,eMotions_chunk_079.parquet,datasets/Conna/eMotions/data/eMotions_chunk_079.parquet,bb97b7453720968aa6793bd962a8880a459acadc,Neutral,neutral,33.946009,218030e026c5dd40ef917d40ed1dc530f27a4fc8456bc20f148ac774974b6f5c,neutral/neutral/neutral_neutral_1739_00010220.mp4,False,
emotion:00010221.mp4,00010221.mp4,eMotions_chunk_079.parquet,datasets/Conna/eMotions/data/eMotions_chunk_079.parquet,bb97b7453720968aa6793bd962a8880a459acadc,Neutral,neutral,22.383991,92160ceea3de93ecd9a851343d913fc78d546b5da255b5924731d51596e9a021,neutral/neutral/neutral_neutral_1740_00010221.mp4,False,
emotion:00010225.mp4,00010225.mp4,eMotions_chunk_079.parquet,datasets/Conna/eMotions/data/eMotions_chunk_079.parquet,bb97b7453720968aa6793bd962a8880a459acadc,Neutral,neutral,30.366667,882d5e255551a5d21a8ab9bb2ac5a164e000aeba20b559b7e23d77a5bd5edb94,neutral/neutral/neutral_neutral_1741_00010225.mp4,False,
emotion:00010250.mp4,00010250.mp4,eMotions_chunk_079.parquet,datasets/Conna/eMotions/data/eMotions_chunk_079.parquet,bb97b7453720968aa6793bd962a8880a459acadc,Neutral,neutral,9.680998,e1c195a4d02e8d1df6caa339a8686d4a163716655ad287fbf697a4b93585db4f,neutral/neutral/neutral_neutral_1742_00010250.mp4,False,
emotion:00010251.mp4,00010251.mp4,eMotions_chunk_079.parquet,datasets/Conna/eMotions/data/eMotions_chunk_079.parquet,bb97b7453720968aa6793bd962a8880a459acadc,Neutral,neutral,8.847007,2bb2f7b23e60c906c12cda855944368d1986d2e6f0131ed41e116e02a6a1e893,neutral/neutral/neutral_neutral_1743_00010251.mp4,False,
emotion:00010259.mp4,00010259.mp4,eMotions_chunk_079.parquet,datasets/Conna/eMotions/data/eMotions_chunk_079.parquet,bb97b7453720968aa6793bd962a8880a459acadc,Neutral,neutral,28.466667,41cbbf8088d4fbaa48cbd21e5d14725aa2791d74cdc647eb77f02fa15ab46428,neutral/neutral/neutral_neutral_1744_00010259.mp4,False,
emotion:00010261.mp4,00010261.mp4,eMotions_chunk_079.parquet,datasets/Conna/eMotions/data/eMotions_chunk_079.parquet,bb97b7453720968aa6793bd962a8880a459acadc,Neutral,neutral,24.466667,5c00c5cac3dadccb6baa7713723e89e4bdf47abefb0d510647c549940fb75373,neutral/neutral/neutral_neutral_1745_00010261.mp4,False,
emotion:00010262.mp4,00010262.mp4,eMotions_chunk_079.parquet,datasets/Conna/eMotions/data/eMotions_chunk_079.parquet,bb97b7453720968aa6793bd962a8880a459acadc,Neutral,neutral,16.6,bf53d877521a376c58e10cb026e052a74e3b01999d8047b7873163e472a62150,neutral/neutral/neutral_neutral_1746_00010262.mp4,False,
emotion:00010279.mp4,00010279.mp4,eMotions_chunk_079.parquet,datasets/Conna/eMotions/data/eMotions_chunk_079.parquet,bb97b7453720968aa6793bd962a8880a459acadc,Neutral,neutral,30.666667,9e5f95d633942890a1db5f03e48002a140a95ebe4cf1033ca949425efd8f585e,neutral/neutral/neutral_neutral_1747_00010279.mp4,False,
emotion:00010280.mp4,00010280.mp4,eMotions_chunk_079.parquet,datasets/Conna/eMotions/data/eMotions_chunk_079.parquet,bb97b7453720968aa6793bd962a8880a459acadc,Neutral,neutral,23.7,c3442a2dfca047dd90855f2d261dbc15e5e0a7ccacd527bcb2a6d4e802834751,neutral/neutral/neutral_neutral_1748_00010280.mp4,False,
emotion:00010283.mp4,00010283.mp4,eMotions_chunk_079.parquet,datasets/Conna/eMotions/data/eMotions_chunk_079.parquet,bb97b7453720968aa6793bd962a8880a459acadc,Neutral,neutral,33.272993,54d0b894fd8fe9bd49abb3c21f244e6d7ba28b4aafa1a15217275b0b4dd49177,neutral/neutral/neutral_neutral_1749_00010283.mp4,False,
emotion:00010286.mp4,00010286.mp4,eMotions_chunk_079.parquet,datasets/Conna/eMotions/data/eMotions_chunk_079.parquet,bb97b7453720968aa6793bd962a8880a459acadc,Neutral,neutral,22.4,4e26ecf0da1d1ac5a8f9a9a9f57502ad9188bb198d1ff03bb4f4ae60ba38050a,neutral/neutral/neutral_neutral_1750_00010286.mp4,False,
emotion:00010292.mp4,00010292.mp4,eMotions_chunk_079.parquet,datasets/Conna/eMotions/data/eMotions_chunk_079.parquet,bb97b7453720968aa6793bd962a8880a459acadc,Neutral,neutral,26.466667,5d9c4f3ef8b704e9f4ac99ba1a747d9699e307dc84d706fd7f71b66bcf7a1eeb,neutral/neutral/neutral_neutral_1751_00010292.mp4,False,
emotion:00010293.mp4,00010293.mp4,eMotions_chunk_079.parquet,datasets/Conna/eMotions/data/eMotions_chunk_079.parquet,bb97b7453720968aa6793bd962a8880a459acadc,Neutral,neutral,28.581995,63bcdae54276f0e453acce39ed65f784aaf7adc20c33334ca3395841afa5e739,neutral/neutral/neutral_neutral_1752_00010293.mp4,False,
emotion:00010298.mp4,00010298.mp4,eMotions_chunk_079.parquet,datasets/Conna/eMotions/data/eMotions_chunk_079.parquet,bb97b7453720968aa6793bd962a8880a459acadc,Neutral,neutral,23.776009,6b4933c966cdde85c794f9987b98f185c0f1e4a5cea17c9097ee3511141e89e5,neutral/neutral/neutral_neutral_1753_00010298.mp4,False,
emotion:00010300.mp4,00010300.mp4,eMotions_chunk_079.parquet,datasets/Conna/eMotions/data/eMotions_chunk_079.parquet,bb97b7453720968aa6793bd962a8880a459acadc,Neutral,neutral,21.177007,e1b615728aed50ed666e570ddf19a4b88ece801cb21797a46e06fa3f17d15dad,neutral/neutral/neutral_neutral_1754_00010300.mp4,False,
emotion:00010309.mp4,00010309.mp4,eMotions_chunk_079.parquet,datasets/Conna/eMotions/data/eMotions_chunk_079.parquet,bb97b7453720968aa6793bd962a8880a459acadc,Neutral,neutral,26.125,edd3362789a6b32d49e34d533870f87d839659c567e19e008ab2004c91583034,neutral/neutral/neutral_neutral_1755_00010309.mp4,False,
emotion:00010319.mp4,00010319.mp4,eMotions_chunk_079.parquet,datasets/Conna/eMotions/data/eMotions_chunk_079.parquet,bb97b7453720968aa6793bd962a8880a459acadc,Neutral,neutral,14.791667,4e5421c080376f2f1b9ab159c2661356904d665acdd02cc249bb4342a739b577,neutral/neutral/neutral_neutral_1756_00010319.mp4,False,
emotion:00010333.mp4,00010333.mp4,eMotions_chunk_079.parquet,datasets/Conna/eMotions/data/eMotions_chunk_079.parquet,bb97b7453720968aa6793bd962a8880a459acadc,Neutral,neutral,17.685011,a39125022c98daf12931edeecc04d90883be8440e17204431143857242743462,neutral/neutral/neutral_neutral_1757_00010333.mp4,False,
emotion:00013380.mp4,00013380.mp4,eMotions_chunk_085.parquet,datasets/Conna/eMotions/data/eMotions_chunk_085.parquet,bb97b7453720968aa6793bd962a8880a459acadc,Neutral,neutral,8.333333,3b970a712918efaffc2963836b218b42be7d608340dff9162c10dd0a19d5e4c5,neutral/neutral/neutral_neutral_1758_00013380.mp4,False,
emotion:00013389.mp4,00013389.mp4,eMotions_chunk_085.parquet,datasets/Conna/eMotions/data/eMotions_chunk_085.parquet,bb97b7453720968aa6793bd962a8880a459acadc,Neutral,neutral,12.005011,b399b4397af823783023df44f073824d65592c998376643f2b572bc8e4eae6fc,neutral/neutral/neutral_neutral_1759_00013389.mp4,False,
emotion:00013398.mp4,00013398.mp4,eMotions_chunk_085.parquet,datasets/Conna/eMotions/data/eMotions_chunk_085.parquet,bb97b7453720968aa6793bd962a8880a459acadc,Neutral,neutral,6.733333,131c5a6e8aa4746fa89352426edb07fb72760ca67a5de4c496a346a1cd80fbd9,neutral/neutral/neutral_neutral_1760_00013398.mp4,False,
emotion:00013417.mp4,00013417.mp4,eMotions_chunk_085.parquet,datasets/Conna/eMotions/data/eMotions_chunk_085.parquet,bb97b7453720968aa6793bd962a8880a459acadc,Neutral,neutral,12.120998,49daa416ba55e75374e3ea82f1529b9fdd9387dccca91f26c9fd28b75dc20bf1,neutral/neutral/neutral_neutral_1761_00013417.mp4,False,
emotion:00013428.mp4,00013428.mp4,eMotions_chunk_085.parquet,datasets/Conna/eMotions/data/eMotions_chunk_085.parquet,bb97b7453720968aa6793bd962a8880a459acadc,Neutral,neutral,7.313991,358fc28626f60cc923e35d7862d6b9c843a8608a3fea4dcb7c7a7fffc0b7f68c,neutral/neutral/neutral_neutral_1762_00013428.mp4,False,
emotion:00013439.mp4,00013439.mp4,eMotions_chunk_085.parquet,datasets/Conna/eMotions/data/eMotions_chunk_085.parquet,bb97b7453720968aa6793bd962a8880a459acadc,Neutral,neutral,6.176009,c08a0c961e95ff037a42d8cb6886f05d670fadd37d63002745653336587a58f3,neutral/neutral/neutral_neutral_1763_00013439.mp4,False,
emotion:00013450.mp4,00013450.mp4,eMotions_chunk_085.parquet,datasets/Conna/eMotions/data/eMotions_chunk_085.parquet,bb97b7453720968aa6793bd962a8880a459acadc,Neutral,neutral,17.717007,975a787c91c4a211076f3ea59e857a3b31750d2f9e4a7c4fb02dc3ed69c6d160,neutral/neutral/neutral_neutral_1764_00013450.mp4,False,
emotion:00013451.mp4,00013451.mp4,eMotions_chunk_085.parquet,datasets/Conna/eMotions/data/eMotions_chunk_085.parquet,bb97b7453720968aa6793bd962a8880a459acadc,Neutral,neutral,24.0,03456ece382cca5e85ab38e5e21e48b517e4081632a9be58dcb38c9b81eb2b60,neutral/neutral/neutral_neutral_1765_00013451.mp4,False,
emotion:00013455.mp4,00013455.mp4,eMotions_chunk_085.parquet,datasets/Conna/eMotions/data/eMotions_chunk_085.parquet,bb97b7453720968aa6793bd962a8880a459acadc,Neutral,neutral,18.466667,5c2d120cb77e47c76b1f53737735b9ba5521c395a683c2d14ce01e6996805a51,neutral/neutral/neutral_neutral_1766_00013455.mp4,False,
emotion:00013457.mp4,00013457.mp4,eMotions_chunk_085.parquet,datasets/Conna/eMotions/data/eMotions_chunk_085.parquet,bb97b7453720968aa6793bd962a8880a459acadc,Neutral,neutral,21.466667,ee1f381f22ceb64fe0fbfa16f900514868b3da34fd832b4e7597b52a9e9c5f57,neutral/neutral/neutral_neutral_1767_00013457.mp4,False,
emotion:00013463.mp4,00013463.mp4,eMotions_chunk_085.parquet,datasets/Conna/eMotions/data/eMotions_chunk_085.parquet,bb97b7453720968aa6793bd962a8880a459acadc,Neutral,neutral,47.600998,81c19f921578fa8834245146387fd7ad3e14d4d2d08a6f50a05c5eacb43f0321,neutral/neutral/neutral_neutral_1768_00013463.mp4,False,
emotion:00013475.mp4,00013475.mp4,eMotions_chunk_085.parquet,datasets/Conna/eMotions/data/eMotions_chunk_085.parquet,bb97b7453720968aa6793bd962a8880a459acadc,Neutral,neutral,28.08,098b66a046e0da046a2b67e82f752bd08435ae9e2241c50bbd7066b7b2fef40c,neutral/neutral/neutral_neutral_1769_00013475.mp4,False,
emotion:00013491.mp4,00013491.mp4,eMotions_chunk_085.parquet,datasets/Conna/eMotions/data/eMotions_chunk_085.parquet,bb97b7453720968aa6793bd962a8880a459acadc,Neutral,neutral,9.233333,649d46991ea2e4b59be3caa75d280a86033597ab5da7507da525c1152dca8de6,neutral/neutral/neutral_neutral_1770_00013491.mp4,False,
emotion:00013518.mp4,00013518.mp4,eMotions_chunk_085.parquet,datasets/Conna/eMotions/data/eMotions_chunk_085.parquet,bb97b7453720968aa6793bd962a8880a459acadc,Neutral,neutral,11.54,526d4ca30eecb9cb55fb5e7c21a61f8fd08b2df7dcad99df8a39ffad5f40ee54,neutral/neutral/neutral_neutral_1771_00013518.mp4,False,
emotion:00013539.mp4,00013539.mp4,eMotions_chunk_085.parquet,datasets/Conna/eMotions/data/eMotions_chunk_085.parquet,bb97b7453720968aa6793bd962a8880a459acadc,Neutral,neutral,9.056009,12f01e962a00a9e89cf36b956d07878897c9cbba17aa9fd8d002e23878bcefb2,neutral/neutral/neutral_neutral_1772_00013539.mp4,False,
emotion:00013545.mp4,00013545.mp4,eMotions_chunk_085.parquet,datasets/Conna/eMotions/data/eMotions_chunk_085.parquet,bb97b7453720968aa6793bd962a8880a459acadc,Neutral,neutral,8.08,c662647d9a2bb0a5ac72d4ed20f3a284b77df61b237670a1d27bee250f4ef255,neutral/neutral/neutral_neutral_1773_00013545.mp4,False,
emotion:00013550.mp4,00013550.mp4,eMotions_chunk_085.parquet,datasets/Conna/eMotions/data/eMotions_chunk_085.parquet,bb97b7453720968aa6793bd962a8880a459acadc,Neutral,neutral,6.805011,23e52fd2b27f0378ad1ad708f4e75126786ac22d4aecfee3ec6d454721a04a1d,neutral/neutral/neutral_neutral_1774_00013550.mp4,False,
emotion:00013593.mp4,00013593.mp4,eMotions_chunk_085.parquet,datasets/Conna/eMotions/data/eMotions_chunk_085.parquet,bb97b7453720968aa6793bd962a8880a459acadc,Neutral,neutral,9.233333,4e971a35dc687af41cfd6091dc5907ee3ed97859ab964a01c7180c3308ea1eec,neutral/neutral/neutral_neutral_1775_00013593.mp4,False,
emotion:00013594.mp4,00013594.mp4,eMotions_chunk_085.parquet,datasets/Conna/eMotions/data/eMotions_chunk_085.parquet,bb97b7453720968aa6793bd962a8880a459acadc,Neutral,neutral,7.033333,a43f652c9df6294a60058196ceda2f47c2f2026ba99a8f89a6602bd153e5f2ab,neutral/neutral/neutral_neutral_1776_00013594.mp4,False,
emotion:00013604.mp4,00013604.mp4,eMotions_chunk_085.parquet,datasets/Conna/eMotions/data/eMotions_chunk_085.parquet,bb97b7453720968aa6793bd962a8880a459acadc,Neutral,neutral,12.539002,e08330da127a94fbb6eac4ecab0db9b04206d8a84887ad0f70bfe1ebf0b96064,neutral/neutral/neutral_neutral_1777_00013604.mp4,False,
emotion:00013605.mp4,00013605.mp4,eMotions_chunk_085.parquet,datasets/Conna/eMotions/data/eMotions_chunk_085.parquet,bb97b7453720968aa6793bd962a8880a459acadc,Neutral,neutral,31.56,f8db84b0c6d0943822d7775e9e5ea19742a47a2e6bd408108783a75b1d17e8be,neutral/neutral/neutral_neutral_1778_00013605.mp4,False,
emotion:00013614.mp4,00013614.mp4,eMotions_chunk_085.parquet,datasets/Conna/eMotions/data/eMotions_chunk_085.parquet,bb97b7453720968aa6793bd962a8880a459acadc,Neutral,neutral,7.081995,a5f045bc28e208c2403fbcfa4c3c55e8715fd6b1d7ccbee89da1890092bb2f3c,neutral/neutral/neutral_neutral_1779_00013614.mp4,False,
emotion:00013629.mp4,00013629.mp4,eMotions_chunk_085.parquet,datasets/Conna/eMotions/data/eMotions_chunk_085.parquet,bb97b7453720968aa6793bd962a8880a459acadc,Neutral,neutral,6.409002,c6ae2bef20f747ab668f4f89f6d064c4b6b3520ee6113d16324ca9f6aebecd31,neutral/neutral/neutral_neutral_1780_00013629.mp4,False,
emotion:00013674.mp4,00013674.mp4,eMotions_chunk_085.parquet,datasets/Conna/eMotions/data/eMotions_chunk_085.parquet,bb97b7453720968aa6793bd962a8880a459acadc,Neutral,neutral,14.047007,e48d7015f8cb3b3eb5ff6a62101fcc0529d620f8262c6d2b004953e522700885,neutral/neutral/neutral_neutral_1781_00013674.mp4,False,
emotion:00013677.mp4,00013677.mp4,eMotions_chunk_085.parquet,datasets/Conna/eMotions/data/eMotions_chunk_085.parquet,bb97b7453720968aa6793bd962a8880a459acadc,Neutral,neutral,22.010998,883a5b7c3a066abd5d9a1d93c65d3134d7635f1d6a0b869155df6ec29b9c0ab5,neutral/neutral/neutral_neutral_1782_00013677.mp4,False,
emotion:00013678.mp4,00013678.mp4,eMotions_chunk_085.parquet,datasets/Conna/eMotions/data/eMotions_chunk_085.parquet,bb97b7453720968aa6793bd962a8880a459acadc,Neutral,neutral,30.0,b6b995bb3fba4d07260b8e145572b9687480de6567458b329fffebd553fe51d8,neutral/neutral/neutral_neutral_1783_00013678.mp4,False,
emotion:00013703.mp4,00013703.mp4,eMotions_chunk_085.parquet,datasets/Conna/eMotions/data/eMotions_chunk_085.parquet,bb97b7453720968aa6793bd962a8880a459acadc,Neutral,neutral,8.94,d57b60cdfd7276f6c52748a3aa020ca371558e96f07df3a85232a7bf419500eb,neutral/neutral/neutral_neutral_1784_00013703.mp4,False,
emotion:00013711.mp4,00013711.mp4,eMotions_chunk_085.parquet,datasets/Conna/eMotions/data/eMotions_chunk_085.parquet,bb97b7453720968aa6793bd962a8880a459acadc,Neutral,neutral,14.1,5d10d675f75ccbd477860ff299b0111ec130953e3a0e46e254809dbb06fed375,neutral/neutral/neutral_neutral_1785_00013711.mp4,False,
emotion:00013713.mp4,00013713.mp4,eMotions_chunk_085.parquet,datasets/Conna/eMotions/data/eMotions_chunk_085.parquet,bb97b7453720968aa6793bd962a8880a459acadc,Neutral,neutral,36.48,814b647cd63ffe2ea67778d23a82b25b89d7b26271d6c76be70f34c074add3ce,neutral/neutral/neutral_neutral_1786_00013713.mp4,False,
emotion:00013717.mp4,00013717.mp4,eMotions_chunk_085.parquet,datasets/Conna/eMotions/data/eMotions_chunk_085.parquet,bb97b7453720968aa6793bd962a8880a459acadc,Neutral,neutral,7.988005,cb78fc65db1333cc172bb1a6bf488162de3da85dabc13c61e845db5b095f854f,neutral/neutral/neutral_neutral_1787_00013717.mp4,False,
emotion:00013719.mp4,00013719.mp4,eMotions_chunk_085.parquet,datasets/Conna/eMotions/data/eMotions_chunk_085.parquet,bb97b7453720968aa6793bd962a8880a459acadc,Neutral,neutral,21.386009,6814b09e6634a83dc5bc7ac8b312619f3c59fa415f908c432396e03f79cba133,neutral/neutral/neutral_neutral_1788_00013719.mp4,False,
emotion:00013745.mp4,00013745.mp4,eMotions_chunk_085.parquet,datasets/Conna/eMotions/data/eMotions_chunk_085.parquet,bb97b7453720968aa6793bd962a8880a459acadc,Neutral,neutral,18.970998,216dfcfdcbb7b02fac95c08f7fac86a065187fd3cdeb7215c768d7fe1a66204e,neutral/neutral/neutral_neutral_1789_00013745.mp4,False,
emotion:00013752.mp4,00013752.mp4,eMotions_chunk_085.parquet,datasets/Conna/eMotions/data/eMotions_chunk_085.parquet,bb97b7453720968aa6793bd962a8880a459acadc,Neutral,neutral,11.655011,bc94b1273776ffbafd40166e6ccc29fe252cf587f7e0781ca5b8d19f56174292,neutral/neutral/neutral_neutral_1790_00013752.mp4,False,
emotion:00013754.mp4,00013754.mp4,eMotions_chunk_085.parquet,datasets/Conna/eMotions/data/eMotions_chunk_085.parquet,bb97b7453720968aa6793bd962a8880a459acadc,Neutral,neutral,15.4,3ed13f39112bed2b642c8209b2b782ddd0feae0b74b72cbec0bd976e963a69f5,neutral/neutral/neutral_neutral_1791_00013754.mp4,False,
emotion:00013756.mp4,00013756.mp4,eMotions_chunk_085.parquet,datasets/Conna/eMotions/data/eMotions_chunk_085.parquet,bb97b7453720968aa6793bd962a8880a459acadc,Neutral,neutral,9.773991,02b005eff4a34e930ea8c909e2b1aa1a2ccb001c124fa14419fdc91d2b32c247,neutral/neutral/neutral_neutral_1792_00013756.mp4,False,
emotion:00013759.mp4,00013759.mp4,eMotions_chunk_085.parquet,datasets/Conna/eMotions/data/eMotions_chunk_085.parquet,bb97b7453720968aa6793bd962a8880a459acadc,Neutral,neutral,15.9,96c860cf2bc8283459e62aa6fcf47f8bb58b9f99ddc3e2b3dd58a2c5ddeadaff,neutral/neutral/neutral_neutral_1793_00013759.mp4,False,
emotion:00013781.mp4,00013781.mp4,eMotions_chunk_085.parquet,datasets/Conna/eMotions/data/eMotions_chunk_085.parquet,bb97b7453720968aa6793bd962a8880a459acadc,Neutral,neutral,15.76,0850cbefb2cfe554a3d08c6c76537197d29e7b8d2d1e59bab18b4b1f735ae2ee,neutral/neutral/neutral_neutral_1794_00013781.mp4,False,
emotion:00013786.mp4,00013786.mp4,eMotions_chunk_085.parquet,datasets/Conna/eMotions/data/eMotions_chunk_085.parquet,bb97b7453720968aa6793bd962a8880a459acadc,Neutral,neutral,11.84,28e83c616e3862dd8ac7316ad86ce3a8ced58663639e7e1e897180afb8ef9ce0,neutral/neutral/neutral_neutral_1795_00013786.mp4,False,
emotion:00013787.mp4,00013787.mp4,eMotions_chunk_085.parquet,datasets/Conna/eMotions/data/eMotions_chunk_085.parquet,bb97b7453720968aa6793bd962a8880a459acadc,Neutral,neutral,24.466667,fba2349c3a2993798e3e2d8797e109b18349cae85327d17a04415fbae97fc0d9,neutral/neutral/neutral_neutral_1796_00013787.mp4,False,
emotion:00013789.mp4,00013789.mp4,eMotions_chunk_085.parquet,datasets/Conna/eMotions/data/eMotions_chunk_085.parquet,bb97b7453720968aa6793bd962a8880a459acadc,Neutral,neutral,7.290998,228830dcbb15fa7c60b519e957721c0f19311ad0ba6c0958662fea54ed6f00c3,neutral/neutral/neutral_neutral_1797_00013789.mp4,False,
emotion:00013800.mp4,00013800.mp4,eMotions_chunk_085.parquet,datasets/Conna/eMotions/data/eMotions_chunk_085.parquet,bb97b7453720968aa6793bd962a8880a459acadc,Neutral,neutral,16.4,f234a54a6b92c2b86da8374352dbbb52c6b1ec3cf9c8ec266bfb6082a01cedd7,neutral/neutral/neutral_neutral_1798_00013800.mp4,False,
emotion:00013811.mp4,00013811.mp4,eMotions_chunk_085.parquet,datasets/Conna/eMotions/data/eMotions_chunk_085.parquet,bb97b7453720968aa6793bd962a8880a459acadc,Neutral,neutral,11.666667,65e1a91a22aefc3114f39a54e8d72a6b62b3cdbc72c2bf8a42584630279de5a7,neutral/neutral/neutral_neutral_1799_00013811.mp4,False,
emotion:00013826.mp4,00013826.mp4,eMotions_chunk_085.parquet,datasets/Conna/eMotions/data/eMotions_chunk_085.parquet,bb97b7453720968aa6793bd962a8880a459acadc,Neutral,neutral,6.85,83864f0a691605a4c96958fd4275dcbdd44f69cabc60c329367124cd364a8ed9,neutral/neutral/neutral_neutral_1800_00013826.mp4,False,
emotion:00013827.mp4,00013827.mp4,eMotions_chunk_085.parquet,datasets/Conna/eMotions/data/eMotions_chunk_085.parquet,bb97b7453720968aa6793bd962a8880a459acadc,Neutral,neutral,8.22,7e249b8a2002a08ad04e7210c53220ac20b7913ce728d015733b6d10ad150194,neutral/neutral/neutral_neutral_1801_00013827.mp4,False,
emotion:00013840.mp4,00013840.mp4,eMotions_chunk_085.parquet,datasets/Conna/eMotions/data/eMotions_chunk_085.parquet,bb97b7453720968aa6793bd962a8880a459acadc,Neutral,neutral,6.246009,293907d88c8702f82debb70def7f5fb0dfc9cf4a2a3be116951e9b43ca49232e,neutral/neutral/neutral_neutral_1802_00013840.mp4,False,
emotion:00013842.mp4,00013842.mp4,eMotions_chunk_085.parquet,datasets/Conna/eMotions/data/eMotions_chunk_085.parquet,bb97b7453720968aa6793bd962a8880a459acadc,Neutral,neutral,25.635011,b40183a7879542752102aa33eb3f66747b44c202da826ca01ae65ec750adb00d,neutral/neutral/neutral_neutral_1803_00013842.mp4,False,
emotion:00013848.mp4,00013848.mp4,eMotions_chunk_085.parquet,datasets/Conna/eMotions/data/eMotions_chunk_085.parquet,bb97b7453720968aa6793bd962a8880a459acadc,Neutral,neutral,19.505011,3ba63550fcb06ca633a331bf95dcb5d40091e3757d22c73fe1d3f92bf6efb1a0,neutral/neutral/neutral_neutral_1804_00013848.mp4,False,
emotion:00013862.mp4,00013862.mp4,eMotions_chunk_085.parquet,datasets/Conna/eMotions/data/eMotions_chunk_085.parquet,bb97b7453720968aa6793bd962a8880a459acadc,Neutral,neutral,36.386009,4f538de4a8e31c9e240f0c0c0c11c3355d51345ea8ad44452d83647919fbfacc,neutral/neutral/neutral_neutral_1805_00013862.mp4,False,
emotion:00013865.mp4,00013865.mp4,eMotions_chunk_085.parquet,datasets/Conna/eMotions/data/eMotions_chunk_085.parquet,bb97b7453720968aa6793bd962a8880a459acadc,Neutral,neutral,38.753991,8b67b0f2e6bf024f70deb5c406a02ca51d9b07371c2a58da79c25b8f33c376d1,neutral/neutral/neutral_neutral_1806_00013865.mp4,False,
emotion:00013868.mp4,00013868.mp4,eMotions_chunk_085.parquet,datasets/Conna/eMotions/data/eMotions_chunk_085.parquet,bb97b7453720968aa6793bd962a8880a459acadc,Neutral,neutral,22.151995,f2e8512e29ffa3511dcd0883e16a1e009a2dab64ca162ed187f0e557205214cf,neutral/neutral/neutral_neutral_1807_00013868.mp4,False,
emotion:00013881.mp4,00013881.mp4,eMotions_chunk_085.parquet,datasets/Conna/eMotions/data/eMotions_chunk_085.parquet,bb97b7453720968aa6793bd962a8880a459acadc,Neutral,neutral,14.466667,543f322d285b4648e8e7d5c35188d34e1eff20ff4a633fb3767c44b31c8533aa,neutral/neutral/neutral_neutral_1808_00013881.mp4,False,
emotion:00013905.mp4,00013905.mp4,eMotions_chunk_085.parquet,datasets/Conna/eMotions/data/eMotions_chunk_085.parquet,bb97b7453720968aa6793bd962a8880a459acadc,Neutral,neutral,13.1,b6c16cbd4c60ee93298a1c26f50045f9913df5eee1b32ab633445a98783199ca,neutral/neutral/neutral_neutral_1809_00013905.mp4,False,
emotion:00013923.mp4,00013923.mp4,eMotions_chunk_085.parquet,datasets/Conna/eMotions/data/eMotions_chunk_085.parquet,bb97b7453720968aa6793bd962a8880a459acadc,Neutral,neutral,14.580998,2ab3fe5c4ebfb96607d9c890c8b3bfb3b31d10eae24f9c4cbdbd60eb2e4e3a76,neutral/neutral/neutral_neutral_1810_00013923.mp4,False,
emotion:00013924.mp4,00013924.mp4,eMotions_chunk_085.parquet,datasets/Conna/eMotions/data/eMotions_chunk_085.parquet,bb97b7453720968aa6793bd962a8880a459acadc,Neutral,neutral,7.779002,e7d2b425e6738bb1072e0456158bb83c8d568b86f45488d6afcb25e96d9c5eb0,neutral/neutral/neutral_neutral_1811_00013924.mp4,False,
emotion:00013928.mp4,00013928.mp4,eMotions_chunk_085.parquet,datasets/Conna/eMotions/data/eMotions_chunk_085.parquet,bb97b7453720968aa6793bd962a8880a459acadc,Neutral,neutral,8.475011,0a351382b69e6dfe28d0c0a20068e3e3fd6f19dd502b2c6dd0076fb4475b22a8,neutral/neutral/neutral_neutral_1812_00013928.mp4,False,
emotion:00013935.mp4,00013935.mp4,eMotions_chunk_085.parquet,datasets/Conna/eMotions/data/eMotions_chunk_085.parquet,bb97b7453720968aa6793bd962a8880a459acadc,Neutral,neutral,33.433333,a10fe369403e536c262cecc89edff2c72a2a433588d147125c952da3cdc58295,neutral/neutral/neutral_neutral_1813_00013935.mp4,False,
emotion:00013947.mp4,00013947.mp4,eMotions_chunk_085.parquet,datasets/Conna/eMotions/data/eMotions_chunk_085.parquet,bb97b7453720968aa6793bd962a8880a459acadc,Neutral,neutral,17.136009,38ba67b1f8ec9323c3af7abd07b40101c4f51bfa7ca83fe9cf8f95e907573b84,neutral/neutral/neutral_neutral_1814_00013947.mp4,False,
emotion:00013956.mp4,00013956.mp4,eMotions_chunk_085.parquet,datasets/Conna/eMotions/data/eMotions_chunk_085.parquet,bb97b7453720968aa6793bd962a8880a459acadc,Neutral,neutral,7.011995,664d78d9854363d087ae5b45d6fef55b963210cfa947453b14b3b1a55d2b47dc,neutral/neutral/neutral_neutral_1815_00013956.mp4,False,
emotion:00013967.mp4,00013967.mp4,eMotions_chunk_085.parquet,datasets/Conna/eMotions/data/eMotions_chunk_085.parquet,bb97b7453720968aa6793bd962a8880a459acadc,Neutral,neutral,8.847007,fe2e9275c1feee3c253e63bac6967f4ce3822dd3d684f14e8dde8c5b2c066917,neutral/neutral/neutral_neutral_1816_00013967.mp4,False,
emotion:00013970.mp4,00013970.mp4,eMotions_chunk_085.parquet,datasets/Conna/eMotions/data/eMotions_chunk_085.parquet,bb97b7453720968aa6793bd962a8880a459acadc,Neutral,neutral,18.272993,4b3c3e3d1172356e72a815dd013d5f7ff187fb32db41f5562aa6d9b577e6a6c0,neutral/neutral/neutral_neutral_1817_00013970.mp4,False,
emotion:00014002.mp4,00014002.mp4,eMotions_chunk_085.parquet,datasets/Conna/eMotions/data/eMotions_chunk_085.parquet,bb97b7453720968aa6793bd962a8880a459acadc,Neutral,neutral,23.933333,910ee3342db613ba1c6cb33c0bc4767ea241e6faf691985e0df247759d11c063,neutral/neutral/neutral_neutral_1818_00014002.mp4,False,
emotion:00014004.mp4,00014004.mp4,eMotions_chunk_085.parquet,datasets/Conna/eMotions/data/eMotions_chunk_085.parquet,bb97b7453720968aa6793bd962a8880a459acadc,Neutral,neutral,12.866667,50d89add0310e1dc21c3366753088c9cbd84f054c14419bef7081332f2a117cb,neutral/neutral/neutral_neutral_1819_00014004.mp4,False,
emotion:00014010.mp4,00014010.mp4,eMotions_chunk_085.parquet,datasets/Conna/eMotions/data/eMotions_chunk_085.parquet,bb97b7453720968aa6793bd962a8880a459acadc,Neutral,neutral,18.970998,8ffb500163fa8ad4bc6d98231b4548b224fbd1a523d739a2791e40311af34ac9,neutral/neutral/neutral_neutral_1820_00014010.mp4,False,
emotion:00014016.mp4,00014016.mp4,eMotions_chunk_085.parquet,datasets/Conna/eMotions/data/eMotions_chunk_085.parquet,bb97b7453720968aa6793bd962a8880a459acadc,Neutral,neutral,8.473991,b08c1a219c63422ac1669353b0fe97c43d4769c4329e5bf050e0e6baae0bec78,neutral/neutral/neutral_neutral_1821_00014016.mp4,False,
emotion:00014028.mp4,00014028.mp4,eMotions_chunk_085.parquet,datasets/Conna/eMotions/data/eMotions_chunk_085.parquet,bb97b7453720968aa6793bd962a8880a459acadc,Neutral,neutral,7.366667,76d8e6da4a60eef849e8bff0188378224079cf6e06c62daf2c9b32d7b782f720,neutral/neutral/neutral_neutral_1822_00014028.mp4,False,
emotion:00014029.mp4,00014029.mp4,eMotions_chunk_085.parquet,datasets/Conna/eMotions/data/eMotions_chunk_085.parquet,bb97b7453720968aa6793bd962a8880a459acadc,Neutral,neutral,35.55,1795d8b2365e845c5cee097a07b9f827fc8a4be077c109c81b59ce3976c19ce3,neutral/neutral/neutral_neutral_1823_00014029.mp4,False,
emotion:00014050.mp4,00014050.mp4,eMotions_chunk_085.parquet,datasets/Conna/eMotions/data/eMotions_chunk_085.parquet,bb97b7453720968aa6793bd962a8880a459acadc,Neutral,neutral,24.217007,112219d5fc13e7e08b33d8613426d2952a2229e7b6ae211206724ba6d9d326d1,neutral/neutral/neutral_neutral_1824_00014050.mp4,False,
emotion:00014076.mp4,00014076.mp4,eMotions_chunk_085.parquet,datasets/Conna/eMotions/data/eMotions_chunk_085.parquet,bb97b7453720968aa6793bd962a8880a459acadc,Neutral,neutral,7.477007,be735abc7dad2858771d2ef7eb5dd23c2249afc88518009263b028adf6c8c581,neutral/neutral/neutral_neutral_1825_00014076.mp4,False,
emotion:00014077.mp4,00014077.mp4,eMotions_chunk_085.parquet,datasets/Conna/eMotions/data/eMotions_chunk_085.parquet,bb97b7453720968aa6793bd962a8880a459acadc,Neutral,neutral,26.066667,e4e4e47a4f4a0db6339a81acd95cb34ff27e8d7216727b8bf359129e50a7bdec,neutral/neutral/neutral_neutral_1826_00014077.mp4,False,
emotion:00014080.mp4,00014080.mp4,eMotions_chunk_085.parquet,datasets/Conna/eMotions/data/eMotions_chunk_085.parquet,bb97b7453720968aa6793bd962a8880a459acadc,Neutral,neutral,43.933333,18f8b4e303e7f1e2fe4eb102aedaab898c8629c918aa27c2a6f29d1329ad8a81,neutral/neutral/neutral_neutral_1827_00014080.mp4,False,
emotion:00014089.mp4,00014089.mp4,eMotions_chunk_085.parquet,datasets/Conna/eMotions/data/eMotions_chunk_085.parquet,bb97b7453720968aa6793bd962a8880a459acadc,Neutral,neutral,17.552993,09bb002c6ba677b7c3a5b495bafaaa5b3d9a9a9bc5509bb8a87884ffb0afb83c,neutral/neutral/neutral_neutral_1828_00014089.mp4,False,
emotion:00014095.mp4,00014095.mp4,eMotions_chunk_085.parquet,datasets/Conna/eMotions/data/eMotions_chunk_085.parquet,bb97b7453720968aa6793bd962a8880a459acadc,Neutral,neutral,29.503991,abaea2c2c03f34ae39b0d28254d2774017ac149c43dab9f6cf040bb9747b6aaf,neutral/neutral/neutral_neutral_1829_00014095.mp4,False,
emotion:00014098.mp4,00014098.mp4,eMotions_chunk_085.parquet,datasets/Conna/eMotions/data/eMotions_chunk_085.parquet,bb97b7453720968aa6793bd962a8880a459acadc,Neutral,neutral,18.319002,f262f4ac661ec43de41a842fc7122dbf65ec721c15dd786fc10633299c8a30f9,neutral/neutral/neutral_neutral_1830_00014098.mp4,False,
emotion:00014101.mp4,00014101.mp4,eMotions_chunk_085.parquet,datasets/Conna/eMotions/data/eMotions_chunk_085.parquet,bb97b7453720968aa6793bd962a8880a459acadc,Neutral,neutral,7.639002,6b4999dbcb1426294a74718b0b4245d33ac6db906749602a804b5870c5b0891b,neutral/neutral/neutral_neutral_1831_00014101.mp4,False,
emotion:00014102.mp4,00014102.mp4,eMotions_chunk_085.parquet,datasets/Conna/eMotions/data/eMotions_chunk_085.parquet,bb97b7453720968aa6793bd962a8880a459acadc,Neutral,neutral,37.1,8018648cb651f19b5eecd73dbe95cc7c113ba13b5999d72b4f1a3a814614160b,neutral/neutral/neutral_neutral_1832_00014102.mp4,False,
emotion:00014103.mp4,00014103.mp4,eMotions_chunk_085.parquet,datasets/Conna/eMotions/data/eMotions_chunk_085.parquet,bb97b7453720968aa6793bd962a8880a459acadc,Neutral,neutral,8.568005,7b06d2eab9799c16e70b146340bd9e4cadc05091266ac498b5870add966d40ec,neutral/neutral/neutral_neutral_1833_00014103.mp4,False,
emotion:00014107.mp4,00014107.mp4,eMotions_chunk_085.parquet,datasets/Conna/eMotions/data/eMotions_chunk_085.parquet,bb97b7453720968aa6793bd962a8880a459acadc,Neutral,neutral,28.072993,75b9b38fb567684dd6f22b8467aedab7e24b6c82370827505ff87378affb91e4,neutral/neutral/neutral_neutral_1834_00014107.mp4,False,
emotion:00014109.mp4,00014109.mp4,eMotions_chunk_085.parquet,datasets/Conna/eMotions/data/eMotions_chunk_085.parquet,bb97b7453720968aa6793bd962a8880a459acadc,Neutral,neutral,22.917007,cbec038a05897f00768d72ab96cd6e16d14738311e237a04beb8b943a1ec66ff,neutral/neutral/neutral_neutral_1835_00014109.mp4,False,
emotion:00014122.mp4,00014122.mp4,eMotions_chunk_085.parquet,datasets/Conna/eMotions/data/eMotions_chunk_085.parquet,bb97b7453720968aa6793bd962a8880a459acadc,Neutral,neutral,12.5,c8e92e97d4e8d689bed2b81b3c9dc75d77d95f09d57c8fbabdf61b3f5bf03624,neutral/neutral/neutral_neutral_1836_00014122.mp4,False,
emotion:00014127.mp4,00014127.mp4,eMotions_chunk_085.parquet,datasets/Conna/eMotions/data/eMotions_chunk_085.parquet,bb97b7453720968aa6793bd962a8880a459acadc,Neutral,neutral,28.211995,2547e57537e5e7cb78d5ca2da32a54ece76663be29e963fe388dcaf611a09037,neutral/neutral/neutral_neutral_1837_00014127.mp4,False,
emotion:00014144.mp4,00014144.mp4,eMotions_chunk_085.parquet,datasets/Conna/eMotions/data/eMotions_chunk_085.parquet,bb97b7453720968aa6793bd962a8880a459acadc,Neutral,neutral,21.766667,351da52c77c4f28768b7aa920dab51b5d4d33222f98ef6f67078260b4cf65cf1,neutral/neutral/neutral_neutral_1838_00014144.mp4,False,
emotion:00014145.mp4,00014145.mp4,eMotions_chunk_085.parquet,datasets/Conna/eMotions/data/eMotions_chunk_085.parquet,bb97b7453720968aa6793bd962a8880a459acadc,Neutral,neutral,39.056009,a1b626cfe4fd9663b4b428f152642e0edaa0d0a09f2abc60b2e6ca5ff5684fc9,neutral/neutral/neutral_neutral_1839_00014145.mp4,False,
emotion:00014146.mp4,00014146.mp4,eMotions_chunk_085.parquet,datasets/Conna/eMotions/data/eMotions_chunk_085.parquet,bb97b7453720968aa6793bd962a8880a459acadc,Neutral,neutral,32.24,bc6de6169487001ff860b88bb2e2ddc12c63d9bc46f356c468e6613c6d9440e8,neutral/neutral/neutral_neutral_1840_00014146.mp4,False,
emotion:00014148.mp4,00014148.mp4,eMotions_chunk_085.parquet,datasets/Conna/eMotions/data/eMotions_chunk_085.parquet,bb97b7453720968aa6793bd962a8880a459acadc,Neutral,neutral,17.646009,5fc6f2ca7b9be13537a2c790a6a38fd1e0b0fadd3e7ff25b1acdb83cb127c494,neutral/neutral/neutral_neutral_1841_00014148.mp4,False,
emotion:00014152.mp4,00014152.mp4,eMotions_chunk_085.parquet,datasets/Conna/eMotions/data/eMotions_chunk_085.parquet,bb97b7453720968aa6793bd962a8880a459acadc,Neutral,neutral,7.8,0cb776bafe3b41fca87154a12274949287d3b57a461975a8998d151c08a10c4b,neutral/neutral/neutral_neutral_1842_00014152.mp4,False,
emotion:00014159.mp4,00014159.mp4,eMotions_chunk_085.parquet,datasets/Conna/eMotions/data/eMotions_chunk_085.parquet,bb97b7453720968aa6793bd962a8880a459acadc,Neutral,neutral,28.072993,d65969fd86b18bbe8ca237e662079ce4093eef066894eb914963941008f93b91,neutral/neutral/neutral_neutral_1843_00014159.mp4,False,
emotion:00014162.mp4,00014162.mp4,eMotions_chunk_085.parquet,datasets/Conna/eMotions/data/eMotions_chunk_085.parquet,bb97b7453720968aa6793bd962a8880a459acadc,Neutral,neutral,8.568005,0e6620f47789a3bc6ecaac0a1255c2c6cfd1d32054985f59a361a2cb28dfb532,neutral/neutral/neutral_neutral_1844_00014162.mp4,False,
emotion:00014194.mp4,00014194.mp4,eMotions_chunk_085.parquet,datasets/Conna/eMotions/data/eMotions_chunk_085.parquet,bb97b7453720968aa6793bd962a8880a459acadc,Neutral,neutral,23.752993,48c5d3580cb15f25d709834bca6a267c03cccc3cad76715bb9b779b8dd01b2e6,neutral/neutral/neutral_neutral_1845_00014194.mp4,False,
emotion:00014200.mp4,00014200.mp4,eMotions_chunk_085.parquet,datasets/Conna/eMotions/data/eMotions_chunk_085.parquet,bb97b7453720968aa6793bd962a8880a459acadc,Neutral,neutral,17.466667,72719ee1d638d24195640078b3656f641ce419cdc331414cd851d65a80e91f45,neutral/neutral/neutral_neutral_1846_00014200.mp4,False,
emotion:00014216.mp4,00014216.mp4,eMotions_chunk_085.parquet,datasets/Conna/eMotions/data/eMotions_chunk_085.parquet,bb97b7453720968aa6793bd962a8880a459acadc,Neutral,neutral,32.67,99e3530f49213baca524af2a22ead6bb822416e16b165e49525db41cf032b268,neutral/neutral/neutral_neutral_1847_00014216.mp4,False,
emotion:00014223.mp4,00014223.mp4,eMotions_chunk_085.parquet,datasets/Conna/eMotions/data/eMotions_chunk_085.parquet,bb97b7453720968aa6793bd962a8880a459acadc,Neutral,neutral,20.6,7eb96b6c5806f1aa1cf6cbdb75bcdf8372c19369e8ce3a96f6426a8430d8618d,neutral/neutral/neutral_neutral_1848_00014223.mp4,False,
emotion:00014232.mp4,00014232.mp4,eMotions_chunk_085.parquet,datasets/Conna/eMotions/data/eMotions_chunk_085.parquet,bb97b7453720968aa6793bd962a8880a459acadc,Neutral,neutral,9.821995,418a089300381460a4ccd9145c46159b02ac271c7188f6f424e9c72b65f826a4,neutral/neutral/neutral_neutral_1849_00014232.mp4,False,
emotion:00014235.mp4,00014235.mp4,eMotions_chunk_085.parquet,datasets/Conna/eMotions/data/eMotions_chunk_085.parquet,bb97b7453720968aa6793bd962a8880a459acadc,Neutral,neutral,22.208005,b8d4fb364ee8e593001baac8f29ae588a219e28e100121de3b4cfbe32dc0f2a7,neutral/neutral/neutral_neutral_1850_00014235.mp4,False,
emotion:00014236.mp4,00014236.mp4,eMotions_chunk_085.parquet,datasets/Conna/eMotions/data/eMotions_chunk_085.parquet,bb97b7453720968aa6793bd962a8880a459acadc,Neutral,neutral,11.24,a62304d5eff5a5b9119bf5301dcb71fe4656e07ce32fc8815b288422f1e4852f,neutral/neutral/neutral_neutral_1851_00014236.mp4,False,
emotion:00015772.mp4,00015772.mp4,eMotions_chunk_091.parquet,datasets/Conna/eMotions/data/eMotions_chunk_091.parquet,bb97b7453720968aa6793bd962a8880a459acadc,Neutral,neutral,56.289623,7519b38e568c1b73ff2865e42bfc92bf40fff86cf87a6a3070bc2f445acaf440,neutral/neutral/neutral_neutral_1852_00015772.mp4,False,
emotion:00015783.mp4,00015783.mp4,eMotions_chunk_091.parquet,datasets/Conna/eMotions/data/eMotions_chunk_091.parquet,bb97b7453720968aa6793bd962a8880a459acadc,Neutral,neutral,28.909002,411868a0060c7394ac3e19a2cf9bf7fbaa3aef2fe72de69eab5b0a0387843c9f,neutral/neutral/neutral_neutral_1853_00015783.mp4,False,
emotion:00015832.mp4,00015832.mp4,eMotions_chunk_091.parquet,datasets/Conna/eMotions/data/eMotions_chunk_091.parquet,bb97b7453720968aa6793bd962a8880a459acadc,Neutral,neutral,37.547007,c84ad6a767095dd8d6a6f4c572457a9c5231df8f6a639d251ab99da740bf6310,neutral/neutral/neutral_neutral_1854_00015832.mp4,False,
emotion:00015834.mp4,00015834.mp4,eMotions_chunk_091.parquet,datasets/Conna/eMotions/data/eMotions_chunk_091.parquet,bb97b7453720968aa6793bd962a8880a459acadc,Neutral,neutral,42.218487,8f8a2dae70317cde36684b0f6d618d566ec564b9649caa8ac383d0860bda3cf8,neutral/neutral/neutral_neutral_1855_00015834.mp4,False,
emotion:00015878.mp4,00015878.mp4,eMotions_chunk_091.parquet,datasets/Conna/eMotions/data/eMotions_chunk_091.parquet,bb97b7453720968aa6793bd962a8880a459acadc,Neutral,neutral,29.972993,7d49c96f3b071d4e7783b6a85511245094faf9d92625988daedc321ea6c3a5d5,neutral/neutral/neutral_neutral_1856_00015878.mp4,False,
emotion:00015880.mp4,00015880.mp4,eMotions_chunk_091.parquet,datasets/Conna/eMotions/data/eMotions_chunk_091.parquet,bb97b7453720968aa6793bd962a8880a459acadc,Neutral,neutral,27.866667,d244daab4960010b2e784da018a6bbbd39871a13ad942a308a46305ac9ddb9a0,neutral/neutral/neutral_neutral_1857_00015880.mp4,False,
emotion:00015899.mp4,00015899.mp4,eMotions_chunk_091.parquet,datasets/Conna/eMotions/data/eMotions_chunk_091.parquet,bb97b7453720968aa6793bd962a8880a459acadc,Neutral,neutral,28.36,56cbb009382d93e7e5b3c8e9406c6f7403b94201c2a8a001506865409568d0dc,neutral/neutral/neutral_neutral_1858_00015899.mp4,False,
emotion:00015903.mp4,00015903.mp4,eMotions_chunk_091.parquet,datasets/Conna/eMotions/data/eMotions_chunk_091.parquet,bb97b7453720968aa6793bd962a8880a459acadc,Neutral,neutral,28.5,9321c74c4fbee066b2c71d68ca76d41ddbb4543eb8f8371ffaf12af52638e5e6,neutral/neutral/neutral_neutral_1859_00015903.mp4,False,
emotion:00015908.mp4,00015908.mp4,eMotions_chunk_091.parquet,datasets/Conna/eMotions/data/eMotions_chunk_091.parquet,bb97b7453720968aa6793bd962a8880a459acadc,Neutral,neutral,25.261995,60d64fd2129acf78c12cca314874d7c2e9b4907a910277f8e915980debe93059,neutral/neutral/neutral_neutral_1860_00015908.mp4,False,
emotion:00015916.mp4,00015916.mp4,eMotions_chunk_091.parquet,datasets/Conna/eMotions/data/eMotions_chunk_091.parquet,bb97b7453720968aa6793bd962a8880a459acadc,Neutral,neutral,42.119002,1a9c7994cebc93b654854290dbeee125faf7dc907fdbc6a3c7809c414c0ea4ec,neutral/neutral/neutral_neutral_1861_00015916.mp4,False,
emotion:00015936.mp4,00015936.mp4,eMotions_chunk_091.parquet,datasets/Conna/eMotions/data/eMotions_chunk_091.parquet,bb97b7453720968aa6793bd962a8880a459acadc,Neutral,neutral,47.466667,cd4909d4c82de12308eb78f343750976d37afa2c89a03fc90d0d26ca1644e560,neutral/neutral/neutral_neutral_1862_00015936.mp4,False,
emotion:00015960.mp4,00015960.mp4,eMotions_chunk_091.parquet,datasets/Conna/eMotions/data/eMotions_chunk_091.parquet,bb97b7453720968aa6793bd962a8880a459acadc,Neutral,neutral,28.2,3d771fb97ba4f2b162fdbede2413e20fbc910cd0da5fd5d452af0ed1ecd0a7dd,neutral/neutral/neutral_neutral_1863_00015960.mp4,False,
emotion:00015968.mp4,00015968.mp4,eMotions_chunk_091.parquet,datasets/Conna/eMotions/data/eMotions_chunk_091.parquet,bb97b7453720968aa6793bd962a8880a459acadc,Neutral,neutral,38.1,c0d10a8c50584f62e551770a3e5fc4e07213350f9f35857753adae964f4ab7f4,neutral/neutral/neutral_neutral_1864_00015968.mp4,False,
emotion:00015990.mp4,00015990.mp4,eMotions_chunk_091.parquet,datasets/Conna/eMotions/data/eMotions_chunk_091.parquet,bb97b7453720968aa6793bd962a8880a459acadc,Neutral,neutral,26.376009,ca8bf7b46356f59eb1e5a434f1d80624eb8d7446cce217f6440a5a0d1d385b7a,neutral/neutral/neutral_neutral_1865_00015990.mp4,False,
emotion:00017951.mp4,00017951.mp4,eMotions_chunk_097.parquet,datasets/Conna/eMotions/data/eMotions_chunk_097.parquet,bb97b7453720968aa6793bd962a8880a459acadc,Neutral,neutral,47.137007,d2cc4436af9c785dea752b9193128cb2fafcbf1f623ebdfc924347cb7eae058f,neutral/neutral/neutral_neutral_1866_00017951.mp4,False,
emotion:00017964.mp4,00017964.mp4,eMotions_chunk_097.parquet,datasets/Conna/eMotions/data/eMotions_chunk_097.parquet,bb97b7453720968aa6793bd962a8880a459acadc,Neutral,neutral,43.5,a7e2b01aeec05795c0a7650e8abeb4c6974f52bbcc16d1c8b86defb46b16ba6d,neutral/neutral/neutral_neutral_1867_00017964.mp4,False,
emotion:00017971.mp4,00017971.mp4,eMotions_chunk_097.parquet,datasets/Conna/eMotions/data/eMotions_chunk_097.parquet,bb97b7453720968aa6793bd962a8880a459acadc,Neutral,neutral,28.608005,6d71a8c1fee275ebbbf74b2c60bd714dcb8da100ed784225627b55a0b674f00c,neutral/neutral/neutral_neutral_1868_00017971.mp4,False,
emotion:00017974.mp4,00017974.mp4,eMotions_chunk_097.parquet,datasets/Conna/eMotions/data/eMotions_chunk_097.parquet,bb97b7453720968aa6793bd962a8880a459acadc,Neutral,neutral,47.439002,0981160c8956992837a017ee117ee2aab8d3d2fdf692cb8133041b7004098617,neutral/neutral/neutral_neutral_1869_00017974.mp4,False,
emotion:00018004.mp4,00018004.mp4,eMotions_chunk_097.parquet,datasets/Conna/eMotions/data/eMotions_chunk_097.parquet,bb97b7453720968aa6793bd962a8880a459acadc,Neutral,neutral,27.7,dc0164fd86b93974289cef1c15df844935769bd3246a2b9d7130481b05e2ebd5,neutral/neutral/neutral_neutral_1870_00018004.mp4,False,
emotion:00018009.mp4,00018009.mp4,eMotions_chunk_097.parquet,datasets/Conna/eMotions/data/eMotions_chunk_097.parquet,bb97b7453720968aa6793bd962a8880a459acadc,Neutral,neutral,43.092993,daadcbdc1686b6d7579974a28f9113f6191c8b81d28ed1efc4e16c874ac9d6f4,neutral/neutral/neutral_neutral_1871_00018009.mp4,False,
emotion:00018044.mp4,00018044.mp4,eMotions_chunk_097.parquet,datasets/Conna/eMotions/data/eMotions_chunk_097.parquet,bb97b7453720968aa6793bd962a8880a459acadc,Neutral,neutral,52.68,b832e9fbc16f60f8005a186acc816bd813c553f1a1ee2a5626321409dac9075e,neutral/neutral/neutral_neutral_1872_00018044.mp4,False,
emotion:00018051.mp4,00018051.mp4,eMotions_chunk_097.parquet,datasets/Conna/eMotions/data/eMotions_chunk_097.parquet,bb97b7453720968aa6793bd962a8880a459acadc,Neutral,neutral,59.79,affff7421e4690b0ce9f1f12ec1da88efe83083bbd04867055f687f880c445e9,neutral/neutral/neutral_neutral_1873_00018051.mp4,False,
emotion:00018058.mp4,00018058.mp4,eMotions_chunk_097.parquet,datasets/Conna/eMotions/data/eMotions_chunk_097.parquet,bb97b7453720968aa6793bd962a8880a459acadc,Neutral,neutral,37.833333,c466ee77ed7d4eaf72312ad0c9f41c3ef6c3f09c1612ca0b9475ecde58d8a903,neutral/neutral/neutral_neutral_1874_00018058.mp4,False,
emotion:00018069.mp4,00018069.mp4,eMotions_chunk_097.parquet,datasets/Conna/eMotions/data/eMotions_chunk_097.parquet,bb97b7453720968aa6793bd962a8880a459acadc,Neutral,neutral,48.466667,4ebca1ae4da86c1f66d4c67bd087db6511fc8ce2fb1e8caa23359c992677c4e8,neutral/neutral/neutral_neutral_1875_00018069.mp4,False,
emotion:00018114.mp4,00018114.mp4,eMotions_chunk_097.parquet,datasets/Conna/eMotions/data/eMotions_chunk_097.parquet,bb97b7453720968aa6793bd962a8880a459acadc,Neutral,neutral,58.005011,764a3bc160c39e5dcc54170d16e645feaa736c545c6a44d1dc1f82b50071a542,neutral/neutral/neutral_neutral_1876_00018114.mp4,False,
emotion:00018142.mp4,00018142.mp4,eMotions_chunk_097.parquet,datasets/Conna/eMotions/data/eMotions_chunk_097.parquet,bb97b7453720968aa6793bd962a8880a459acadc,Neutral,neutral,51.99,6f730156379e5a01d367b5f5e7381544fa8d00894836249747b922923f022e91,neutral/neutral/neutral_neutral_1877_00018142.mp4,False,
emotion:00018146.mp4,00018146.mp4,eMotions_chunk_097.parquet,datasets/Conna/eMotions/data/eMotions_chunk_097.parquet,bb97b7453720968aa6793bd962a8880a459acadc,Neutral,neutral,38.233333,c3630f1827cd76ad6bc0e62ffeb5782d930d251be75e2ffd79316bdfa1f14454,neutral/neutral/neutral_neutral_1878_00018146.mp4,False,
emotion:00018157.mp4,00018157.mp4,eMotions_chunk_097.parquet,datasets/Conna/eMotions/data/eMotions_chunk_097.parquet,bb97b7453720968aa6793bd962a8880a459acadc,Neutral,neutral,44.14,dbd0d57dc1fb8d7342fc8ada7b31dd771d91fc88f78599aece4028da6c4e7705,neutral/neutral/neutral_neutral_1879_00018157.mp4,False,
emotion:00018159.mp4,00018159.mp4,eMotions_chunk_097.parquet,datasets/Conna/eMotions/data/eMotions_chunk_097.parquet,bb97b7453720968aa6793bd962a8880a459acadc,Neutral,neutral,59.466667,092afadddfa42a994fb22355ec501a4b8f6bf7720865027e2e913b1a7b96f5c9,neutral/neutral/neutral_neutral_1880_00018159.mp4,False,
emotion:00018169.mp4,00018169.mp4,eMotions_chunk_097.parquet,datasets/Conna/eMotions/data/eMotions_chunk_097.parquet,bb97b7453720968aa6793bd962a8880a459acadc,Neutral,neutral,52.330998,04663f715e09bd76fd95a38ae3a4409dacff2cdc8504d520f98dac3602a9f27a,neutral/neutral/neutral_neutral_1881_00018169.mp4,False,
emotion:00018193.mp4,00018193.mp4,eMotions_chunk_097.parquet,datasets/Conna/eMotions/data/eMotions_chunk_097.parquet,bb97b7453720968aa6793bd962a8880a459acadc,Neutral,neutral,50.503991,eb76b6d1cbf92de7b2766ca948f07547e809e65f2498951dc18f124b8e83dcdf,neutral/neutral/neutral_neutral_1882_00018193.mp4,False,
emotion:00018202.mp4,00018202.mp4,eMotions_chunk_097.parquet,datasets/Conna/eMotions/data/eMotions_chunk_097.parquet,bb97b7453720968aa6793bd962a8880a459acadc,Neutral,neutral,47.321995,daf8c3bac059f3cf2db486ec1783d737518cebb532e6e6c8d8433b1106d92132,neutral/neutral/neutral_neutral_1883_00018202.mp4,False,
emotion:00018212.mp4,00018212.mp4,eMotions_chunk_097.parquet,datasets/Conna/eMotions/data/eMotions_chunk_097.parquet,bb97b7453720968aa6793bd962a8880a459acadc,Neutral,neutral,27.933333,5d30d6787c5a8711f7dd7e3bf3643a78f344335927d8ba3311ae8b2d6798c7cb,neutral/neutral/neutral_neutral_1884_00018212.mp4,False,
emotion:00018226.mp4,00018226.mp4,eMotions_chunk_097.parquet,datasets/Conna/eMotions/data/eMotions_chunk_097.parquet,bb97b7453720968aa6793bd962a8880a459acadc,Neutral,neutral,49.875011,e0cdbab781137e8eba2cd329f780e7540a6694ce0b48a4c14a4fbc363e65f193,neutral/neutral/neutral_neutral_1885_00018226.mp4,False,
emotion:00018228.mp4,00018228.mp4,eMotions_chunk_097.parquet,datasets/Conna/eMotions/data/eMotions_chunk_097.parquet,bb97b7453720968aa6793bd962a8880a459acadc,Neutral,neutral,29.303991,e8f226b2c48e0c650877fed55f8ed1bf3a77eac684b1a2384af968398471559a,neutral/neutral/neutral_neutral_1886_00018228.mp4,False,
emotion:00018283.mp4,00018283.mp4,eMotions_chunk_097.parquet,datasets/Conna/eMotions/data/eMotions_chunk_097.parquet,bb97b7453720968aa6793bd962a8880a459acadc,Neutral,neutral,58.539002,12d36fd0273c507ab0de8ef893bef4edf93f86d2032c127aaa07f7599f99d067,neutral/neutral/neutral_neutral_1887_00018283.mp4,False,
emotion:00018284.mp4,00018284.mp4,eMotions_chunk_097.parquet,datasets/Conna/eMotions/data/eMotions_chunk_097.parquet,bb97b7453720968aa6793bd962a8880a459acadc,Neutral,neutral,44.6,1e8a75594cbe41198ec48b33daeed1ea05f37bc14df981e69bdf6c7477372f05,neutral/neutral/neutral_neutral_1888_00018284.mp4,False,
emotion:00018288.mp4,00018288.mp4,eMotions_chunk_097.parquet,datasets/Conna/eMotions/data/eMotions_chunk_097.parquet,bb97b7453720968aa6793bd962a8880a459acadc,Neutral,neutral,58.559002,5da953d1e508c138bd62d7b1f15a8cf0779d9dc29996db8d1bb3ea98659a2311,neutral/neutral/neutral_neutral_1889_00018288.mp4,False,
emotion:00021339.mp4,00021339.mp4,eMotions_chunk_105.parquet,datasets/Conna/eMotions/data/eMotions_chunk_105.parquet,bb97b7453720968aa6793bd962a8880a459acadc,Neutral,neutral,47.581016,9244d4164c41f9acc3aef938d980a730a60c2afe3fc63b00f8d9cdecaf662d37,neutral/neutral/neutral_neutral_1890_00021339.mp4,False,
emotion:00021358.mp4,00021358.mp4,eMotions_chunk_105.parquet,datasets/Conna/eMotions/data/eMotions_chunk_105.parquet,bb97b7453720968aa6793bd962a8880a459acadc,Neutral,neutral,46.366667,466eedbba5437ec6b14a5697c0629860d664b60f834b2eb9cd3784999e8e6649,neutral/neutral/neutral_neutral_1891_00021358.mp4,False,
emotion:00021366.mp4,00021366.mp4,eMotions_chunk_105.parquet,datasets/Conna/eMotions/data/eMotions_chunk_105.parquet,bb97b7453720968aa6793bd962a8880a459acadc,Neutral,neutral,52.736,286f035db80c2642fe1da4c7cf69f5b07b96f1d4d86ed81a7b65e5cb2210564b,neutral/neutral/neutral_neutral_1892_00021366.mp4,False,
emotion:00021372.mp4,00021372.mp4,eMotions_chunk_105.parquet,datasets/Conna/eMotions/data/eMotions_chunk_105.parquet,bb97b7453720968aa6793bd962a8880a459acadc,Neutral,neutral,52.245011,f6084373e99155d72ff3416f7c1ee584342f4b729aacea0a51759080d35f8e09,neutral/neutral/neutral_neutral_1893_00021372.mp4,False,
emotion:00021421.mp4,00021421.mp4,eMotions_chunk_105.parquet,datasets/Conna/eMotions/data/eMotions_chunk_105.parquet,bb97b7453720968aa6793bd962a8880a459acadc,Neutral,neutral,52.333333,692656db57cd916161d6ce6cf1e5073badf4238f63528e55506a9dd3956c49ec,neutral/neutral/neutral_neutral_1894_00021421.mp4,False,
emotion:00021462.mp4,00021462.mp4,eMotions_chunk_105.parquet,datasets/Conna/eMotions/data/eMotions_chunk_105.parquet,bb97b7453720968aa6793bd962a8880a459acadc,Neutral,neutral,53.243991,19bab53877e4fb58494fde4cc81a5a2fc64e1fd0f1b6522d6dfe1a206a760943,neutral/neutral/neutral_neutral_1895_00021462.mp4,False,
emotion:00021566.mp4,00021566.mp4,eMotions_chunk_105.parquet,datasets/Conna/eMotions/data/eMotions_chunk_105.parquet,bb97b7453720968aa6793bd962a8880a459acadc,Neutral,neutral,45.366667,8aa56a5a9c40df7d7be4902d567974614353e65bae4efca8f9a00fd295b226c9,neutral/neutral/neutral_neutral_1896_00021566.mp4,False,
emotion:00021570.mp4,00021570.mp4,eMotions_chunk_105.parquet,datasets/Conna/eMotions/data/eMotions_chunk_105.parquet,bb97b7453720968aa6793bd962a8880a459acadc,Neutral,neutral,59.9,b81949aa981ec474d8a82ff5d6dc678f9294d88264985dbba87741fa429fad81,neutral/neutral/neutral_neutral_1897_00021570.mp4,False,
emotion:00021590.mp4,00021590.mp4,eMotions_chunk_105.parquet,datasets/Conna/eMotions/data/eMotions_chunk_105.parquet,bb97b7453720968aa6793bd962a8880a459acadc,Neutral,neutral,53.733333,8e8c0c1d131632486a7aae64d3b04f902640985580db73ebc4c45a66ffcb8b96,neutral/neutral/neutral_neutral_1898_00021590.mp4,False,
emotion:00021611.mp4,00021611.mp4,eMotions_chunk_105.parquet,datasets/Conna/eMotions/data/eMotions_chunk_105.parquet,bb97b7453720968aa6793bd962a8880a459acadc,Neutral,neutral,45.951995,3c254b9b4e00215d807b0a2cc567ce3e73825da338500b142a15f1fc479fad29,neutral/neutral/neutral_neutral_1899_00021611.mp4,False,
emotion:00021612.mp4,00021612.mp4,eMotions_chunk_105.parquet,datasets/Conna/eMotions/data/eMotions_chunk_105.parquet,bb97b7453720968aa6793bd962a8880a459acadc,Neutral,neutral,53.94,20db51be6fbba9422fad8db0b61177c6689cf70c4b0e1d50a898333f5321731d,neutral/neutral/neutral_neutral_1900_00021612.mp4,False,
emotion:00021656.mp4,00021656.mp4,eMotions_chunk_105.parquet,datasets/Conna/eMotions/data/eMotions_chunk_105.parquet,bb97b7453720968aa6793bd962a8880a459acadc,Neutral,neutral,45.046181,a3a55259b9fdb1ed6dbe1b7f8df126fe810c2e9d1c992a4d54e3a6a6d915d007,neutral/neutral/neutral_neutral_1901_00021656.mp4,False,
emotion:00021664.mp4,00021664.mp4,eMotions_chunk_105.parquet,datasets/Conna/eMotions/data/eMotions_chunk_105.parquet,bb97b7453720968aa6793bd962a8880a459acadc,Neutral,neutral,45.8,01a64b4409c82d808478eaaf19e27fcf9e7565a1731f5eaf0f76fa554118adbd,neutral/neutral/neutral_neutral_1902_00021664.mp4,False,
emotion:00021671.mp4,00021671.mp4,eMotions_chunk_105.parquet,datasets/Conna/eMotions/data/eMotions_chunk_105.parquet,bb97b7453720968aa6793bd962a8880a459acadc,Neutral,neutral,48.041995,55aff6cfabd00d79ea9ddac45847c5cdcbe618cd03690ce98192fa93db17c591,neutral/neutral/neutral_neutral_1903_00021671.mp4,False,
emotion:00021713.mp4,00021713.mp4,eMotions_chunk_105.parquet,datasets/Conna/eMotions/data/eMotions_chunk_105.parquet,bb97b7453720968aa6793bd962a8880a459acadc,Neutral,neutral,46.579002,c4de279545baa0abe9fa8b6f3d2e98b3f6080bfc5c092980c954c87ba47438b7,neutral/neutral/neutral_neutral_1904_00021713.mp4,False,
emotion:00021715.mp4,00021715.mp4,eMotions_chunk_105.parquet,datasets/Conna/eMotions/data/eMotions_chunk_105.parquet,bb97b7453720968aa6793bd962a8880a459acadc,Neutral,neutral,46.601995,2c59b23abf4dac5f9027d72ae4e5f3a49389a6a8c83d144ce336a136c13cb618,neutral/neutral/neutral_neutral_1905_00021715.mp4,False,
emotion:00021721.mp4,00021721.mp4,eMotions_chunk_105.parquet,datasets/Conna/eMotions/data/eMotions_chunk_105.parquet,bb97b7453720968aa6793bd962a8880a459acadc,Neutral,neutral,55.633333,4778a00002339c9fdf8376e5d467ffcebeb97bde970c235e9f1dbf4cee698768,neutral/neutral/neutral_neutral_1906_00021721.mp4,False,
emotion:00022715.mp4,00022715.mp4,eMotions_chunk_108.parquet,datasets/Conna/eMotions/data/eMotions_chunk_108.parquet,bb97b7453720968aa6793bd962a8880a459acadc,Neutral,neutral,57.0,a8542e37d77928d277a1675f88fe39d210986ff0a5a7c4513b72e740e2e99c38,neutral/neutral/neutral_neutral_1907_00022715.mp4,False,
emotion:00022716.mp4,00022716.mp4,eMotions_chunk_108.parquet,datasets/Conna/eMotions/data/eMotions_chunk_108.parquet,bb97b7453720968aa6793bd962a8880a459acadc,Neutral,neutral,50.689002,68745b3c51080dd100667cea08a1d80a5f088d30b5a0dbc9c65af1afd0998bbc,neutral/neutral/neutral_neutral_1908_00022716.mp4,False,
emotion:00022740.mp4,00022740.mp4,eMotions_chunk_108.parquet,datasets/Conna/eMotions/data/eMotions_chunk_108.parquet,bb97b7453720968aa6793bd962a8880a459acadc,Neutral,neutral,59.983333,98286b5306af414481d8c84e9ac43798dec7de10aca1ac5b962982fd1b88def8,neutral/neutral/neutral_neutral_1909_00022740.mp4,False,
emotion:00022801.mp4,00022801.mp4,eMotions_chunk_108.parquet,datasets/Conna/eMotions/data/eMotions_chunk_108.parquet,bb97b7453720968aa6793bd962a8880a459acadc,Neutral,neutral,46.973991,d8f349a6255540339185b81df75fdfc904f8a87e78ce4e3c4827d5cd7e3d2c62,neutral/neutral/neutral_neutral_1910_00022801.mp4,False,
emotion:00022905.mp4,00022905.mp4,eMotions_chunk_108.parquet,datasets/Conna/eMotions/data/eMotions_chunk_108.parquet,bb97b7453720968aa6793bd962a8880a459acadc,Neutral,neutral,59.882993,4d588a49d97512036f289eba1b0b0ae203e4c51595d25a75498fb216a8d6bd8d,neutral/neutral/neutral_neutral_1911_00022905.mp4,False,
emotion:00022932.mp4,00022932.mp4,eMotions_chunk_108.parquet,datasets/Conna/eMotions/data/eMotions_chunk_108.parquet,bb97b7453720968aa6793bd962a8880a459acadc,Neutral,neutral,40.147007,70e7c1208c8edc6cdf0558e8124ebe3447143fdb52b71cd2fa51ca7896bfe9d2,neutral/neutral/neutral_neutral_1912_00022932.mp4,False,
emotion:00022936.mp4,00022936.mp4,eMotions_chunk_108.parquet,datasets/Conna/eMotions/data/eMotions_chunk_108.parquet,bb97b7453720968aa6793bd962a8880a459acadc,Neutral,neutral,56.448005,fdc044f135fe0f2b79d5e34cca59508dee6f0a01e4857dfbcff2d98abd8fe874,neutral/neutral/neutral_neutral_1913_00022936.mp4,False,
emotion:00023049.mp4,00023049.mp4,eMotions_chunk_108.parquet,datasets/Conna/eMotions/data/eMotions_chunk_108.parquet,bb97b7453720968aa6793bd962a8880a459acadc,Neutral,neutral,29.536009,8fa0f4cd7ac8c0203c4813efc2e3b8a4342440872712502473e4b7b6c89c033f,neutral/neutral/neutral_neutral_1914_00023049.mp4,False,
emotion:00023064.mp4,00023064.mp4,eMotions_chunk_108.parquet,datasets/Conna/eMotions/data/eMotions_chunk_108.parquet,bb97b7453720968aa6793bd962a8880a459acadc,Neutral,neutral,58.653991,106a9a43f673d807e6de387e281b9b34fe34173de732586dc829db1304812ed2,neutral/neutral/neutral_neutral_1915_00023064.mp4,False,
emotion:00023086.mp4,00023086.mp4,eMotions_chunk_108.parquet,datasets/Conna/eMotions/data/eMotions_chunk_108.parquet,bb97b7453720968aa6793bd962a8880a459acadc,Neutral,neutral,35.9,85c25c5504feb3e9dc36166461860339ad1ff0a70c30d5e550f08cc9a8d6197e,neutral/neutral/neutral_neutral_1916_00023086.mp4,False,
emotion:00023149.mp4,00023149.mp4,eMotions_chunk_108.parquet,datasets/Conna/eMotions/data/eMotions_chunk_108.parquet,bb97b7453720968aa6793bd962a8880a459acadc,Neutral,neutral,25.984535,86167cb2c53223380173ba7188dbfc91fb88f1d12b1f0aa5579d9e58afb4fb76,neutral/neutral/neutral_neutral_1917_00023149.mp4,False,
emotion:00023153.mp4,00023153.mp4,eMotions_chunk_108.parquet,datasets/Conna/eMotions/data/eMotions_chunk_108.parquet,bb97b7453720968aa6793bd962a8880a459acadc,Neutral,neutral,36.547007,cc0d304e4fac5e02908e1e3ea347b906b70cc7510b6a8fcb4a3b97d124441bca,neutral/neutral/neutral_neutral_1918_00023153.mp4,False,
emotion:00024604.mp4,00024604.mp4,eMotions_chunk_118.parquet,datasets/Conna/eMotions/data/eMotions_chunk_118.parquet,bb97b7453720968aa6793bd962a8880a459acadc,Relaxation,positive,24.843991,6fe9885a3e245b0313e81a9f4fc978759407af52688804bd239f735b6e6b7a06,positive/relaxation/positive_relaxation_1919_00024604.mp4,False,
emotion:00024643.mp4,00024643.mp4,eMotions_chunk_118.parquet,datasets/Conna/eMotions/data/eMotions_chunk_118.parquet,bb97b7453720968aa6793bd962a8880a459acadc,Relaxation,positive,28.1,5c434ce84356e92fa7b015e937a0257955d6100d53cf87a46bf74348d55db0e6,positive/relaxation/positive_relaxation_1920_00024643.mp4,False,
emotion:00024661.mp4,00024661.mp4,eMotions_chunk_118.parquet,datasets/Conna/eMotions/data/eMotions_chunk_118.parquet,bb97b7453720968aa6793bd962a8880a459acadc,Relaxation,positive,8.05,f85dba05b20e36a457017395716e5514853a1c8f5cfbb0d2c1a3f903574df8dc,positive/relaxation/positive_relaxation_1921_00024661.mp4,False,
emotion:00024697.mp4,00024697.mp4,eMotions_chunk_118.parquet,datasets/Conna/eMotions/data/eMotions_chunk_118.parquet,bb97b7453720968aa6793bd962a8880a459acadc,Relaxation,positive,13.833333,fa8f8bc5436df746a98f2173414ef3cb0fd84cbfbab5436fde0d5d2a43be4682,positive/relaxation/positive_relaxation_1922_00024697.mp4,False,
emotion:00024758.mp4,00024758.mp4,eMotions_chunk_118.parquet,datasets/Conna/eMotions/data/eMotions_chunk_118.parquet,bb97b7453720968aa6793bd962a8880a459acadc,Relaxation,positive,11.54,e36a1675d2eb1bd64d1a2e0bde05ff269f016c8b4b8764e263cf34ba6b8fed0a,positive/relaxation/positive_relaxation_1923_00024758.mp4,False,
emotion:00024816.mp4,00024816.mp4,eMotions_chunk_118.parquet,datasets/Conna/eMotions/data/eMotions_chunk_118.parquet,bb97b7453720968aa6793bd962a8880a459acadc,Relaxation,positive,13.066667,019a86cb1b633277fe208028785c549d511ebdddf308ffa64146ed2b583c86f4,positive/relaxation/positive_relaxation_1924_00024816.mp4,False,
emotion:00024840.mp4,00024840.mp4,eMotions_chunk_118.parquet,datasets/Conna/eMotions/data/eMotions_chunk_118.parquet,bb97b7453720968aa6793bd962a8880a459acadc,Relaxation,positive,56.493991,0ac79812798f2cf896f824d01e7ced80006cfd6c90042d259adb5c71b0d80d10,positive/relaxation/positive_relaxation_1925_00024840.mp4,False,
emotion:00024882.mp4,00024882.mp4,eMotions_chunk_118.parquet,datasets/Conna/eMotions/data/eMotions_chunk_118.parquet,bb97b7453720968aa6793bd962a8880a459acadc,Relaxation,positive,7.633333,0d0fdc619827110dd006c7f02c5a7e1976e57750e23be69bf69823a28cf2c332,positive/relaxation/positive_relaxation_1926_00024882.mp4,False,
emotion:00024895.mp4,00024895.mp4,eMotions_chunk_118.parquet,datasets/Conna/eMotions/data/eMotions_chunk_118.parquet,bb97b7453720968aa6793bd962a8880a459acadc,Relaxation,positive,51.666667,2ad96b96960eeadb303ce2784024851bee6d6d2e938d05182ebcfbd0234add62,positive/relaxation/positive_relaxation_1927_00024895.mp4,False,
emotion:00027828.mp4,00027828.mp4,eMotions_chunk_118.parquet,datasets/Conna/eMotions/data/eMotions_chunk_118.parquet,bb97b7453720968aa6793bd962a8880a459acadc,Relaxation,positive,39.24,63c52b599d7d56eb22087fab63d2bda0d05574d1c2ebbeae5686a7e716fe5cfc,positive/relaxation/positive_relaxation_1928_00027828.mp4,False,
emotion:00027933.mp4,00027933.mp4,eMotions_chunk_118.parquet,datasets/Conna/eMotions/data/eMotions_chunk_118.parquet,bb97b7453720968aa6793bd962a8880a459acadc,Relaxation,positive,42.513991,2420d183ca0f96e0be6a048fd81d7380dc08eafc4abdaf76f0f4dd550aa05fb8,positive/relaxation/positive_relaxation_1929_00027933.mp4,False,
emotion:00027975.mp4,00027975.mp4,eMotions_chunk_118.parquet,datasets/Conna/eMotions/data/eMotions_chunk_118.parquet,bb97b7453720968aa6793bd962a8880a459acadc,Relaxation,positive,35.533333,f13634643977466db41f6e3cff5fba8e247b000eef6012addcaf29d3f482f77a,positive/relaxation/positive_relaxation_1930_00027975.mp4,False,
emotion:00028158.mp4,00028158.mp4,eMotions_chunk_118.parquet,datasets/Conna/eMotions/data/eMotions_chunk_118.parquet,bb97b7453720968aa6793bd962a8880a459acadc,Relaxation,positive,27.978005,a2f4f9ec46a1c394003f037b19664b28a8058b6525145cd6a7314d5c53850985,positive/relaxation/positive_relaxation_1931_00028158.mp4,False,
emotion:00028694.mp4,00028694.mp4,eMotions_chunk_118.parquet,datasets/Conna/eMotions/data/eMotions_chunk_118.parquet,bb97b7453720968aa6793bd962a8880a459acadc,Relaxation,positive,19.735011,cb3abff985410475332a5cf4b85388df1e89e425d0b2278dc057c47038d650a6,positive/relaxation/positive_relaxation_1932_00028694.mp4,False,
emotion:00028697.mp4,00028697.mp4,eMotions_chunk_118.parquet,datasets/Conna/eMotions/data/eMotions_chunk_118.parquet,bb97b7453720968aa6793bd962a8880a459acadc,Relaxation,positive,21.059002,a173e209fb0e4350c3dcfd67463bfda7e396d0bd1598da490b323e214cabf5a4,positive/relaxation/positive_relaxation_1933_00028697.mp4,False,
emotion:00028757.mp4,00028757.mp4,eMotions_chunk_118.parquet,datasets/Conna/eMotions/data/eMotions_chunk_118.parquet,bb97b7453720968aa6793bd962a8880a459acadc,Relaxation,positive,14.186009,5b47cae50725c58826fe4d346963c356045f24f4e85095bb3b79261d453d9d51,positive/relaxation/positive_relaxation_1934_00028757.mp4,False,
emotion:00029001.mp4,00029001.mp4,eMotions_chunk_118.parquet,datasets/Conna/eMotions/data/eMotions_chunk_118.parquet,bb97b7453720968aa6793bd962a8880a459acadc,Relaxation,positive,18.026009,cd4c550a9f6347e107b3964632e1902c89ff558184a143e6fa0275c8351b13be,positive/relaxation/positive_relaxation_1935_00029001.mp4,False,
emotion:00029003.mp4,00029003.mp4,eMotions_chunk_118.parquet,datasets/Conna/eMotions/data/eMotions_chunk_118.parquet,bb97b7453720968aa6793bd962a8880a459acadc,Relaxation,positive,23.079002,26539d397501a2d860d30556df766476f5f7fe84801963c00edd3c16897dba42,positive/relaxation/positive_relaxation_1936_00029003.mp4,False,
emotion:00029005.mp4,00029005.mp4,eMotions_chunk_118.parquet,datasets/Conna/eMotions/data/eMotions_chunk_118.parquet,bb97b7453720968aa6793bd962a8880a459acadc,Relaxation,positive,10.133333,c5c8154b077093e15572ad5fc372dba53fe83e0d67e28889833c303563773f14,positive/relaxation/positive_relaxation_1937_00029005.mp4,False,
emotion:00029006.mp4,00029006.mp4,eMotions_chunk_118.parquet,datasets/Conna/eMotions/data/eMotions_chunk_118.parquet,bb97b7453720968aa6793bd962a8880a459acadc,Relaxation,positive,19.648005,737717311a92e7daed0db0ef047ac410a26c0d74ee20015676264ad0bef837b7,positive/relaxation/positive_relaxation_1938_00029006.mp4,False,
emotion:00029007.mp4,00029007.mp4,eMotions_chunk_118.parquet,datasets/Conna/eMotions/data/eMotions_chunk_118.parquet,bb97b7453720968aa6793bd962a8880a459acadc,Relaxation,positive,6.826009,aa754f17fda99b5718a54017d345932159b4b148b27b0853027b1380c9914581,positive/relaxation/positive_relaxation_1939_00029007.mp4,False,
emotion:00029008.mp4,00029008.mp4,eMotions_chunk_118.parquet,datasets/Conna/eMotions/data/eMotions_chunk_118.parquet,bb97b7453720968aa6793bd962a8880a459acadc,Relaxation,positive,6.271995,21fe47b017e2ad3d7d76bffa348f1ae71071ac994116b443f356d55be7fdef92,positive/relaxation/positive_relaxation_1940_00029008.mp4,False,
emotion:00029009.mp4,00029009.mp4,eMotions_chunk_118.parquet,datasets/Conna/eMotions/data/eMotions_chunk_118.parquet,bb97b7453720968aa6793bd962a8880a459acadc,Relaxation,positive,8.448005,0c479fde0f187cc677e252b86defc3b40ff7a974829f7120ea81f81700b465d9,positive/relaxation/positive_relaxation_1941_00029009.mp4,False,
emotion:00029011.mp4,00029011.mp4,eMotions_chunk_118.parquet,datasets/Conna/eMotions/data/eMotions_chunk_118.parquet,bb97b7453720968aa6793bd962a8880a459acadc,Relaxation,positive,20.013991,0921eae04b637597b2a6c13660de24c6aeb21ad8ca052a62b7fd0b524a82b0b5,positive/relaxation/positive_relaxation_1942_00029011.mp4,False,
emotion:00029014.mp4,00029014.mp4,eMotions_chunk_118.parquet,datasets/Conna/eMotions/data/eMotions_chunk_118.parquet,bb97b7453720968aa6793bd962a8880a459acadc,Relaxation,positive,19.873991,e03758e1b6a071b37779d3c15bd62fea76dab0d9bb259138ff807f0b8220abec,positive/relaxation/positive_relaxation_1943_00029014.mp4,False,
emotion:00029016.mp4,00029016.mp4,eMotions_chunk_118.parquet,datasets/Conna/eMotions/data/eMotions_chunk_118.parquet,bb97b7453720968aa6793bd962a8880a459acadc,Relaxation,positive,11.19,e26ba71dd34916109874997ca58638213de8435fe47c76b41ce70e02bf0c1e30,positive/relaxation/positive_relaxation_1944_00029016.mp4,False,
emotion:00029017.mp4,00029017.mp4,eMotions_chunk_118.parquet,datasets/Conna/eMotions/data/eMotions_chunk_118.parquet,bb97b7453720968aa6793bd962a8880a459acadc,Relaxation,positive,14.116667,a103a34b5fb4d631d62b60a78595c54820f896ed64e1afdab7396bc7b0c59c88,positive/relaxation/positive_relaxation_1945_00029017.mp4,False,
emotion:00029018.mp4,00029018.mp4,eMotions_chunk_118.parquet,datasets/Conna/eMotions/data/eMotions_chunk_118.parquet,bb97b7453720968aa6793bd962a8880a459acadc,Relaxation,positive,14.666667,eb5c7e15321284e0cd7c798861d7c5c53b38d94a972fb0a0b782dfb0db40abb2,positive/relaxation/positive_relaxation_1946_00029018.mp4,False,
emotion:00029020.mp4,00029020.mp4,eMotions_chunk_118.parquet,datasets/Conna/eMotions/data/eMotions_chunk_118.parquet,bb97b7453720968aa6793bd962a8880a459acadc,Relaxation,positive,32.980998,491de6d82c6a4e03808ccf490d5bb2ceea3e30c479991f4540d5fa592d38c545,positive/relaxation/positive_relaxation_1947_00029020.mp4,False,
emotion:00029021.mp4,00029021.mp4,eMotions_chunk_118.parquet,datasets/Conna/eMotions/data/eMotions_chunk_118.parquet,bb97b7453720968aa6793bd962a8880a459acadc,Relaxation,positive,10.726009,253402d3c40364e2b836a9cdf9982ed4457e590de4ef35cd7e97a3eba1efaba4,positive/relaxation/positive_relaxation_1948_00029021.mp4,False,
emotion:00029022.mp4,00029022.mp4,eMotions_chunk_118.parquet,datasets/Conna/eMotions/data/eMotions_chunk_118.parquet,bb97b7453720968aa6793bd962a8880a459acadc,Relaxation,positive,15.743991,c05e43313e8d6800bc47b9d7271b5eb48a8e3aebb1bc276545149edf67b84c36,positive/relaxation/positive_relaxation_1949_00029022.mp4,False,
emotion:00029023.mp4,00029023.mp4,eMotions_chunk_118.parquet,datasets/Conna/eMotions/data/eMotions_chunk_118.parquet,bb97b7453720968aa6793bd962a8880a459acadc,Relaxation,positive,55.018005,72337e776cc5a630f8e277c928988cfc9ca8b7bd5b21024b9a819c46835ba36c,positive/relaxation/positive_relaxation_1950_00029023.mp4,False,
emotion:00029024.mp4,00029024.mp4,eMotions_chunk_118.parquet,datasets/Conna/eMotions/data/eMotions_chunk_118.parquet,bb97b7453720968aa6793bd962a8880a459acadc,Relaxation,positive,15.531995,d9b390c43389261830c0f2786a7a7ea9f29a9e867e14a521b7f9c3ed503de75a,positive/relaxation/positive_relaxation_1951_00029024.mp4,False,
emotion:00029026.mp4,00029026.mp4,eMotions_chunk_118.parquet,datasets/Conna/eMotions/data/eMotions_chunk_118.parquet,bb97b7453720968aa6793bd962a8880a459acadc,Relaxation,positive,17.001995,10f99e6882cefdf4771a006d61fbc29880233a506e507fd091182aa86d81b783,positive/relaxation/positive_relaxation_1952_00029026.mp4,False,
emotion:00029027.mp4,00029027.mp4,eMotions_chunk_118.parquet,datasets/Conna/eMotions/data/eMotions_chunk_118.parquet,bb97b7453720968aa6793bd962a8880a459acadc,Relaxation,positive,7.22,d0260965c011c5c0ffbf24eb7bbd4b0e167c0604941918f4580274d9c74aa2f7,positive/relaxation/positive_relaxation_1953_00029027.mp4,False,
emotion:00029028.mp4,00029028.mp4,eMotions_chunk_118.parquet,datasets/Conna/eMotions/data/eMotions_chunk_118.parquet,bb97b7453720968aa6793bd962a8880a459acadc,Relaxation,positive,29.510998,7687f067850f161f46f776a0f373d753d1ce0afdf4db21913ce2ec8327cad74a,positive/relaxation/positive_relaxation_1954_00029028.mp4,False,
emotion:00029029.mp4,00029029.mp4,eMotions_chunk_118.parquet,datasets/Conna/eMotions/data/eMotions_chunk_118.parquet,bb97b7453720968aa6793bd962a8880a459acadc,Relaxation,positive,13.117007,b7c8f818b7e4499c9a9f9f27db0118f60b75a6b7303651a5aa92cec74b6b90ef,positive/relaxation/positive_relaxation_1955_00029029.mp4,False,
emotion:00029032.mp4,00029032.mp4,eMotions_chunk_118.parquet,datasets/Conna/eMotions/data/eMotions_chunk_118.parquet,bb97b7453720968aa6793bd962a8880a459acadc,Relaxation,positive,17.018005,6ac0b9cb0a5743dabde6f96132153c2cb8b327c98b8b1580fe038d093be85d70,positive/relaxation/positive_relaxation_1956_00029032.mp4,False,
emotion:00029034.mp4,00029034.mp4,eMotions_chunk_118.parquet,datasets/Conna/eMotions/data/eMotions_chunk_118.parquet,bb97b7453720968aa6793bd962a8880a459acadc,Relaxation,positive,30.037007,b7187911417bae6db08159c5830d854c6b2dcbf6f9368d1038d809e5a4490bc2,positive/relaxation/positive_relaxation_1957_00029034.mp4,False,
emotion:00029035.mp4,00029035.mp4,eMotions_chunk_118.parquet,datasets/Conna/eMotions/data/eMotions_chunk_118.parquet,bb97b7453720968aa6793bd962a8880a459acadc,Relaxation,positive,39.616009,b71e6ad62d985f6bee7ab139fa73ae41f30c471b139a0f8bc930779681a28165,positive/relaxation/positive_relaxation_1958_00029035.mp4,False,
emotion:00029036.mp4,00029036.mp4,eMotions_chunk_118.parquet,datasets/Conna/eMotions/data/eMotions_chunk_118.parquet,bb97b7453720968aa6793bd962a8880a459acadc,Relaxation,positive,34.200868,3cdb1dec5b01633c29a14cfdf54b39f588a119cc0fa5d66531cd7d9b126a752f,positive/relaxation/positive_relaxation_1959_00029036.mp4,False,
emotion:00029038.mp4,00029038.mp4,eMotions_chunk_118.parquet,datasets/Conna/eMotions/data/eMotions_chunk_118.parquet,bb97b7453720968aa6793bd962a8880a459acadc,Relaxation,positive,15.37,d6c3f3cacbd4fc458e7ecd3b197e555324355a03c7b4ea52a499572fb5cb2ee9,positive/relaxation/positive_relaxation_1960_00029038.mp4,False,
emotion:00029040.mp4,00029040.mp4,eMotions_chunk_118.parquet,datasets/Conna/eMotions/data/eMotions_chunk_118.parquet,bb97b7453720968aa6793bd962a8880a459acadc,Relaxation,positive,6.383991,77733a16ac24f31560fa3b84b5734f4f9c69b2950cd3ec58b34df0255b3c9ced,positive/relaxation/positive_relaxation_1961_00029040.mp4,False,
emotion:00029041.mp4,00029041.mp4,eMotions_chunk_118.parquet,datasets/Conna/eMotions/data/eMotions_chunk_118.parquet,bb97b7453720968aa6793bd962a8880a459acadc,Relaxation,positive,30.021995,34cc5f84665dcd1c8d8a4fa64cacb5d0d16eaefe49476667b92f48e6c8ff3009,positive/relaxation/positive_relaxation_1962_00029041.mp4,False,
emotion:00029042.mp4,00029042.mp4,eMotions_chunk_118.parquet,datasets/Conna/eMotions/data/eMotions_chunk_118.parquet,bb97b7453720968aa6793bd962a8880a459acadc,Relaxation,positive,14.440998,c77359a37a3b793af7f4afb93a0028d2e293cb538adb17df952d356f37b13952,positive/relaxation/positive_relaxation_1963_00029042.mp4,False,
emotion:00029043.mp4,00029043.mp4,eMotions_chunk_118.parquet,datasets/Conna/eMotions/data/eMotions_chunk_118.parquet,bb97b7453720968aa6793bd962a8880a459acadc,Relaxation,positive,11.26,0a49961c146d568ac2917f9c4c955ff703d0c39689f6cb54b0fe2190aeac4171,positive/relaxation/positive_relaxation_1964_00029043.mp4,False,
emotion:00029044.mp4,00029044.mp4,eMotions_chunk_118.parquet,datasets/Conna/eMotions/data/eMotions_chunk_118.parquet,bb97b7453720968aa6793bd962a8880a459acadc,Relaxation,positive,20.013991,a20a0e91de704c59c12d7972adf41a6ef727b3223f3c0dfdb1199e91259365ed,positive/relaxation/positive_relaxation_1965_00029044.mp4,False,
emotion:00029045.mp4,00029045.mp4,eMotions_chunk_118.parquet,datasets/Conna/eMotions/data/eMotions_chunk_118.parquet,bb97b7453720968aa6793bd962a8880a459acadc,Relaxation,positive,41.120998,8fdc63a536aa8544bb52428851c9af4351f5b11f6810802d99cd2b3cea9adb6d,positive/relaxation/positive_relaxation_1966_00029045.mp4,False,
emotion:00029047.mp4,00029047.mp4,eMotions_chunk_118.parquet,datasets/Conna/eMotions/data/eMotions_chunk_118.parquet,bb97b7453720968aa6793bd962a8880a459acadc,Relaxation,positive,22.683991,cce9704f4d3c47da65441172c3eb0b3f70fe1f4c3e7cfc6d28c6fb8f86221fe6,positive/relaxation/positive_relaxation_1967_00029047.mp4,False,
emotion:00029048.mp4,00029048.mp4,eMotions_chunk_118.parquet,datasets/Conna/eMotions/data/eMotions_chunk_118.parquet,bb97b7453720968aa6793bd962a8880a459acadc,Relaxation,positive,28.813991,62f467961c09b7f6099ea04ef2ce55f0a8414aa6425f04c0bda7c92c37910711,positive/relaxation/positive_relaxation_1968_00029048.mp4,False,
emotion:00029050.mp4,00029050.mp4,eMotions_chunk_118.parquet,datasets/Conna/eMotions/data/eMotions_chunk_118.parquet,bb97b7453720968aa6793bd962a8880a459acadc,Relaxation,positive,24.379002,0bfa0091d29dd29b0f4d1cc80528179d72078c2c44da35cc4107c5f63440a8db,positive/relaxation/positive_relaxation_1969_00029050.mp4,False,
emotion:00029051.mp4,00029051.mp4,eMotions_chunk_118.parquet,datasets/Conna/eMotions/data/eMotions_chunk_118.parquet,bb97b7453720968aa6793bd962a8880a459acadc,Relaxation,positive,24.008005,dba69358d543afeb20c3e3ff707b551e1c94668f8ff57ee87052fe7277fff145,positive/relaxation/positive_relaxation_1970_00029051.mp4,False,
emotion:00029052.mp4,00029052.mp4,eMotions_chunk_118.parquet,datasets/Conna/eMotions/data/eMotions_chunk_118.parquet,bb97b7453720968aa6793bd962a8880a459acadc,Relaxation,positive,22.429002,a0065b3c223357fd82acd6fc29980fad1fe8fd62b721001bac1b5917ed5b1017,positive/relaxation/positive_relaxation_1971_00029052.mp4,False,
emotion:00029053.mp4,00029053.mp4,eMotions_chunk_118.parquet,datasets/Conna/eMotions/data/eMotions_chunk_118.parquet,bb97b7453720968aa6793bd962a8880a459acadc,Relaxation,positive,46.949002,b866c39030841fdeda360eb2041e12a33acd28fbb3a6bdc0e642bdd38f4cb147,positive/relaxation/positive_relaxation_1972_00029053.mp4,False,
emotion:00029054.mp4,00029054.mp4,eMotions_chunk_118.parquet,datasets/Conna/eMotions/data/eMotions_chunk_118.parquet,bb97b7453720968aa6793bd962a8880a459acadc,Relaxation,positive,53.659002,a85c043de8b51cdfb945c27bb635a72c1e2475b789449114198a876e9633b9db,positive/relaxation/positive_relaxation_1973_00029054.mp4,False,
emotion:00029055.mp4,00029055.mp4,eMotions_chunk_118.parquet,datasets/Conna/eMotions/data/eMotions_chunk_118.parquet,bb97b7453720968aa6793bd962a8880a459acadc,Relaxation,positive,38.677007,0ec4ff2daa95bef3a94ba7e6a9e830c77db03b48248f5f61dc0a5632396ed1ec,positive/relaxation/positive_relaxation_1974_00029055.mp4,False,
emotion:00029056.mp4,00029056.mp4,eMotions_chunk_118.parquet,datasets/Conna/eMotions/data/eMotions_chunk_118.parquet,bb97b7453720968aa6793bd962a8880a459acadc,Relaxation,positive,21.5,fddf16edaeb6529f3a962996d8aebba6e4cb9e37b171323c37320c6825859412,positive/relaxation/positive_relaxation_1975_00029056.mp4,False,
emotion:00029059.mp4,00029059.mp4,eMotions_chunk_118.parquet,datasets/Conna/eMotions/data/eMotions_chunk_118.parquet,bb97b7453720968aa6793bd962a8880a459acadc,Relaxation,positive,8.031995,40ac4eb43eb789e2d77416fec5fa3ddc4d2d4a09ec4e4a2f38219bfe88237e0f,positive/relaxation/positive_relaxation_1976_00029059.mp4,False,
emotion:00029060.mp4,00029060.mp4,eMotions_chunk_118.parquet,datasets/Conna/eMotions/data/eMotions_chunk_118.parquet,bb97b7453720968aa6793bd962a8880a459acadc,Relaxation,positive,11.050998,a32b197602d93c25656f6611fac45349305b5739ad7017bbb5590d54afefde13,positive/relaxation/positive_relaxation_1977_00029060.mp4,False,
emotion:00029061.mp4,00029061.mp4,eMotions_chunk_118.parquet,datasets/Conna/eMotions/data/eMotions_chunk_118.parquet,bb97b7453720968aa6793bd962a8880a459acadc,Relaxation,positive,31.251995,04d602b1a5055bfd9b9e32b57c2bbed717fa7b5e79181c8f77c68cac2bbed1dd,positive/relaxation/positive_relaxation_1978_00029061.mp4,False,
emotion:00029062.mp4,00029062.mp4,eMotions_chunk_118.parquet,datasets/Conna/eMotions/data/eMotions_chunk_118.parquet,bb97b7453720968aa6793bd962a8880a459acadc,Relaxation,positive,42.305011,740a211134eb52f64bab85438024b9ff5f93f452ec93c13aba17b41067d8255e,positive/relaxation/positive_relaxation_1979_00029062.mp4,False,
emotion:00029063.mp4,00029063.mp4,eMotions_chunk_118.parquet,datasets/Conna/eMotions/data/eMotions_chunk_118.parquet,bb97b7453720968aa6793bd962a8880a459acadc,Relaxation,positive,32.041995,eb1e18260de9d32205cb73d2f97f2c043a50d6452cf77a3f76956d74d300b01b,positive/relaxation/positive_relaxation_1980_00029063.mp4,False,
emotion:00029064.mp4,00029064.mp4,eMotions_chunk_118.parquet,datasets/Conna/eMotions/data/eMotions_chunk_118.parquet,bb97b7453720968aa6793bd962a8880a459acadc,Relaxation,positive,57.816009,0e66a1adb9be8ba8935573673af5c7eda0a09cce1ced923c61a1a87e8c990cc5,positive/relaxation/positive_relaxation_1981_00029064.mp4,False,
emotion:00029065.mp4,00029065.mp4,eMotions_chunk_118.parquet,datasets/Conna/eMotions/data/eMotions_chunk_118.parquet,bb97b7453720968aa6793bd962a8880a459acadc,Relaxation,positive,34.41,2ba0310b98e4c2d992b331cd89de214485fe5c7dd81de02ed59b51e23f317e11,positive/relaxation/positive_relaxation_1982_00029065.mp4,False,
emotion:00029066.mp4,00029066.mp4,eMotions_chunk_118.parquet,datasets/Conna/eMotions/data/eMotions_chunk_118.parquet,bb97b7453720968aa6793bd962a8880a459acadc,Relaxation,positive,33.429002,bc0ab4193e85f49c7c8f7f512590fcdac8890ffa8be0d0f6738ce6f78fa54506,positive/relaxation/positive_relaxation_1983_00029066.mp4,False,
emotion:00029068.mp4,00029068.mp4,eMotions_chunk_118.parquet,datasets/Conna/eMotions/data/eMotions_chunk_118.parquet,bb97b7453720968aa6793bd962a8880a459acadc,Relaxation,positive,22.451995,e777167a66772c80a72b6f3fee641c3c89279586c8a3266eacde27d1cbea596a,positive/relaxation/positive_relaxation_1984_00029068.mp4,False,
emotion:00029070.mp4,00029070.mp4,eMotions_chunk_118.parquet,datasets/Conna/eMotions/data/eMotions_chunk_118.parquet,bb97b7453720968aa6793bd962a8880a459acadc,Relaxation,positive,30.068005,6720e8cc68eb1f2df0e67aff9659f2ae147e10069d39230a776568b06e90431f,positive/relaxation/positive_relaxation_1985_00029070.mp4,False,
emotion:00029074.mp4,00029074.mp4,eMotions_chunk_118.parquet,datasets/Conna/eMotions/data/eMotions_chunk_118.parquet,bb97b7453720968aa6793bd962a8880a459acadc,Relaxation,positive,8.591925,f356ab224dd7199071944074db283d076c68fe92ee6c8883456d10f5e5f553ac,positive/relaxation/positive_relaxation_1986_00029074.mp4,False,
emotion:00029075.mp4,00029075.mp4,eMotions_chunk_118.parquet,datasets/Conna/eMotions/data/eMotions_chunk_118.parquet,bb97b7453720968aa6793bd962a8880a459acadc,Relaxation,positive,27.746009,1babc1db8ecb7d48c840a757bddd6e056602c912fa045ccad241ff6b028a2e43,positive/relaxation/positive_relaxation_1987_00029075.mp4,False,
emotion:00029076.mp4,00029076.mp4,eMotions_chunk_118.parquet,datasets/Conna/eMotions/data/eMotions_chunk_118.parquet,bb97b7453720968aa6793bd962a8880a459acadc,Relaxation,positive,25.029002,484448188c0bf8095a39be274caf85159af37a9dc6e8cc886fda8f7c2987bdaf,positive/relaxation/positive_relaxation_1988_00029076.mp4,False,
emotion:00029077.mp4,00029077.mp4,eMotions_chunk_118.parquet,datasets/Conna/eMotions/data/eMotions_chunk_118.parquet,bb97b7453720968aa6793bd962a8880a459acadc,Relaxation,positive,19.071995,7efbfe1153525692e780c9a86b34b7a38e059f0f042a34172a575377cb3e46a2,positive/relaxation/positive_relaxation_1989_00029077.mp4,False,
emotion:00029079.mp4,00029079.mp4,eMotions_chunk_118.parquet,datasets/Conna/eMotions/data/eMotions_chunk_118.parquet,bb97b7453720968aa6793bd962a8880a459acadc,Relaxation,positive,7.010998,213fdc5b2e12d7cd6525c2d781bec367546cc1876d19a6d11d891f077bc04cda,positive/relaxation/positive_relaxation_1990_00029079.mp4,False,
emotion:00029081.mp4,00029081.mp4,eMotions_chunk_118.parquet,datasets/Conna/eMotions/data/eMotions_chunk_118.parquet,bb97b7453720968aa6793bd962a8880a459acadc,Relaxation,positive,10.051995,bbe7908f4978a4acda0f8fec08a8da2e2f4c93b183f748daa5d7fc419e263076,positive/relaxation/positive_relaxation_1991_00029081.mp4,False,
emotion:00029084.mp4,00029084.mp4,eMotions_chunk_118.parquet,datasets/Conna/eMotions/data/eMotions_chunk_118.parquet,bb97b7453720968aa6793bd962a8880a459acadc,Relaxation,positive,9.82,c347638449b7f1c2cd58199a7a48dc8fac44a1c33ab4217955d00e4dc81af517,positive/relaxation/positive_relaxation_1992_00029084.mp4,False,
emotion:00029086.mp4,00029086.mp4,eMotions_chunk_118.parquet,datasets/Conna/eMotions/data/eMotions_chunk_118.parquet,bb97b7453720968aa6793bd962a8880a459acadc,Relaxation,positive,8.612993,61796fd2866bb907f49cabe476e3f508e30596b4259bcccd8c4bbc554cd343de,positive/relaxation/positive_relaxation_1993_00029086.mp4,False,
emotion:00029087.mp4,00029087.mp4,eMotions_chunk_118.parquet,datasets/Conna/eMotions/data/eMotions_chunk_118.parquet,bb97b7453720968aa6793bd962a8880a459acadc,Relaxation,positive,33.132993,2a1c890508bc721a30ee5c47fed7dc61d5c6d33dbbe445c80f12bca45b65ceec,positive/relaxation/positive_relaxation_1994_00029087.mp4,False,
emotion:00029088.mp4,00029088.mp4,eMotions_chunk_118.parquet,datasets/Conna/eMotions/data/eMotions_chunk_118.parquet,bb97b7453720968aa6793bd962a8880a459acadc,Relaxation,positive,15.223557,84ce3c8291bbfd20c4f23e8b618cccbe8202c4ddb01f41a198bd4a8be679cfac,positive/relaxation/positive_relaxation_1995_00029088.mp4,False,
emotion:00029089.mp4,00029089.mp4,eMotions_chunk_118.parquet,datasets/Conna/eMotions/data/eMotions_chunk_118.parquet,bb97b7453720968aa6793bd962a8880a459acadc,Relaxation,positive,26.748005,81a198a0812e1c3b0cf2de6a620b2f68f5c3210d23b0bd1301c1bea3ef336ebb,positive/relaxation/positive_relaxation_1996_00029089.mp4,False,
emotion:00029090.mp4,00029090.mp4,eMotions_chunk_118.parquet,datasets/Conna/eMotions/data/eMotions_chunk_118.parquet,bb97b7453720968aa6793bd962a8880a459acadc,Relaxation,positive,18.782993,7b9a681abbb3d3328607ff4e910f60c074027d083529f58a3a6fdb547f7fa12c,positive/relaxation/positive_relaxation_1997_00029090.mp4,False,
emotion:00029091.mp4,00029091.mp4,eMotions_chunk_118.parquet,datasets/Conna/eMotions/data/eMotions_chunk_118.parquet,bb97b7453720968aa6793bd962a8880a459acadc,Relaxation,positive,14.067007,6ef2f362c1ed5c78930ba17c7d434eaae1295028ab7c5a6d93081ae9d257c125,positive/relaxation/positive_relaxation_1998_00029091.mp4,False,
emotion:00029092.mp4,00029092.mp4,eMotions_chunk_118.parquet,datasets/Conna/eMotions/data/eMotions_chunk_118.parquet,bb97b7453720968aa6793bd962a8880a459acadc,Relaxation,positive,26.84,aadcc4976f9a48b82385cc471d78df1451865ad2020261c0f5cb923aa9897da0,positive/relaxation/positive_relaxation_1999_00029092.mp4,False,
emotion:00029093.mp4,00029093.mp4,eMotions_chunk_118.parquet,datasets/Conna/eMotions/data/eMotions_chunk_118.parquet,bb97b7453720968aa6793bd962a8880a459acadc,Relaxation,positive,19.619002,bb8e0b4e6ec98fb1790c897a2c7410c3420cd1b76379e57b63c53c392320092d,positive/relaxation/positive_relaxation_2000_00029093.mp4,False,
emotion:00029094.mp4,00029094.mp4,eMotions_chunk_118.parquet,datasets/Conna/eMotions/data/eMotions_chunk_118.parquet,bb97b7453720968aa6793bd962a8880a459acadc,Relaxation,positive,24.17,5fec9dd5a3c327e7e85229a4fe5657764f725c6a8cdc45f7675e66a0cee2aef2,positive/relaxation/positive_relaxation_2001_00029094.mp4,False,
emotion:00029095.mp4,00029095.mp4,eMotions_chunk_118.parquet,datasets/Conna/eMotions/data/eMotions_chunk_118.parquet,bb97b7453720968aa6793bd962a8880a459acadc,Relaxation,positive,7.568005,a211c2cc78b2e3ed03d3da66e4aa02e6fb865ed9a2f6592e79ef6c8763b718f9,positive/relaxation/positive_relaxation_2002_00029095.mp4,False,
emotion:00029097.mp4,00029097.mp4,eMotions_chunk_118.parquet,datasets/Conna/eMotions/data/eMotions_chunk_118.parquet,bb97b7453720968aa6793bd962a8880a459acadc,Relaxation,positive,26.515011,d9a3d520f08c7cf2d8a2b21da8b594e0fa0358eda0da3fe907d82663f54ec2ac,positive/relaxation/positive_relaxation_2003_00029097.mp4,False,
emotion:00029098.mp4,00029098.mp4,eMotions_chunk_118.parquet,datasets/Conna/eMotions/data/eMotions_chunk_118.parquet,bb97b7453720968aa6793bd962a8880a459acadc,Relaxation,positive,37.289002,a60ccf425b1475508e2c25b952ecc9c431f17b1b515131d0cb08d32a6d177aa0,positive/relaxation/positive_relaxation_2004_00029098.mp4,False,
emotion:00029099.mp4,00029099.mp4,eMotions_chunk_118.parquet,datasets/Conna/eMotions/data/eMotions_chunk_118.parquet,bb97b7453720968aa6793bd962a8880a459acadc,Relaxation,positive,55.006009,7793f5c0a4bdff9c91b83ae5be37e5ff18e466732867d1f4b045cc8c6f25d269,positive/relaxation/positive_relaxation_2005_00029099.mp4,False,
emotion:00029100.mp4,00029100.mp4,eMotions_chunk_118.parquet,datasets/Conna/eMotions/data/eMotions_chunk_118.parquet,bb97b7453720968aa6793bd962a8880a459acadc,Relaxation,positive,16.02,886234daa448e13b070a1487ac0bdbe18109dee6cc7603ba53a6114f31e040ba,positive/relaxation/positive_relaxation_2006_00029100.mp4,False,
emotion:00029101.mp4,00029101.mp4,eMotions_chunk_118.parquet,datasets/Conna/eMotions/data/eMotions_chunk_118.parquet,bb97b7453720968aa6793bd962a8880a459acadc,Relaxation,positive,9.982993,1e6f8025032e8a7725d6e1593a642057a44c84e9e4f6faf7631d213eb0665377,positive/relaxation/positive_relaxation_2007_00029101.mp4,False,
emotion:00029103.mp4,00029103.mp4,eMotions_chunk_118.parquet,datasets/Conna/eMotions/data/eMotions_chunk_118.parquet,bb97b7453720968aa6793bd962a8880a459acadc,Relaxation,positive,7.311995,949941f989c4c27a94720342ce1041008a77423e6ab7e1b33bef99301a011a36,positive/relaxation/positive_relaxation_2008_00029103.mp4,False,
emotion:00029104.mp4,00029104.mp4,eMotions_chunk_118.parquet,datasets/Conna/eMotions/data/eMotions_chunk_118.parquet,bb97b7453720968aa6793bd962a8880a459acadc,Relaxation,positive,33.25,4f3f351fff77e465007c060b9fec7c1d1d3dcb35f46a937b177203de0603681a,positive/relaxation/positive_relaxation_2009_00029104.mp4,False,
emotion:00029105.mp4,00029105.mp4,eMotions_chunk_118.parquet,datasets/Conna/eMotions/data/eMotions_chunk_118.parquet,bb97b7453720968aa6793bd962a8880a459acadc,Relaxation,positive,12.119002,6f273d759e4863ccb8ef6ffd0852c05baf6e88d1b9794f27d7797455d98167e8,positive/relaxation/positive_relaxation_2010_00029105.mp4,False,
emotion:00029106.mp4,00029106.mp4,eMotions_chunk_118.parquet,datasets/Conna/eMotions/data/eMotions_chunk_118.parquet,bb97b7453720968aa6793bd962a8880a459acadc,Relaxation,positive,12.676009,a578f9c8df34bc75daf4dc985194f7a07779aed6d00e09d0d2c79b94a00c7f16,positive/relaxation/positive_relaxation_2011_00029106.mp4,False,
emotion:00029107.mp4,00029107.mp4,eMotions_chunk_118.parquet,datasets/Conna/eMotions/data/eMotions_chunk_118.parquet,bb97b7453720968aa6793bd962a8880a459acadc,Relaxation,positive,24.333333,71fa73a375de9fdc7d731fba6124058748fe6fe76b6d0272c1f1d02ce1fc0e12,positive/relaxation/positive_relaxation_2012_00029107.mp4,False,
emotion:00029108.mp4,00029108.mp4,eMotions_chunk_118.parquet,datasets/Conna/eMotions/data/eMotions_chunk_118.parquet,bb97b7453720968aa6793bd962a8880a459acadc,Relaxation,positive,32.830998,8265cdf4c366c1b214c314c4eae1fc46eef86093bec91396bad4b6fdc4e8670b,positive/relaxation/positive_relaxation_2013_00029108.mp4,False,
emotion:00029109.mp4,00029109.mp4,eMotions_chunk_118.parquet,datasets/Conna/eMotions/data/eMotions_chunk_118.parquet,bb97b7453720968aa6793bd962a8880a459acadc,Relaxation,positive,49.341008,f6873333b5ed61928b151da637a6f77ea5ea18d2d49aa5f593eb4b6a6218af1a,positive/relaxation/positive_relaxation_2014_00029109.mp4,False,
emotion:00029110.mp4,00029110.mp4,eMotions_chunk_118.parquet,datasets/Conna/eMotions/data/eMotions_chunk_118.parquet,bb97b7453720968aa6793bd962a8880a459acadc,Relaxation,positive,38.058005,eeeb96e6f406ca3c9aafafbd54a38dee71128f48118236c065d122976687c8f6,positive/relaxation/positive_relaxation_2015_00029110.mp4,False,
emotion:00029111.mp4,00029111.mp4,eMotions_chunk_118.parquet,datasets/Conna/eMotions/data/eMotions_chunk_118.parquet,bb97b7453720968aa6793bd962a8880a459acadc,Relaxation,positive,18.018018,d592921e74a410d1a409f0938ca390c2bd9557dbf0e2ad6fe9bac20f1a2f1d07,positive/relaxation/positive_relaxation_2016_00029111.mp4,False,
emotion:00029112.mp4,00029112.mp4,eMotions_chunk_118.parquet,datasets/Conna/eMotions/data/eMotions_chunk_118.parquet,bb97b7453720968aa6793bd962a8880a459acadc,Relaxation,positive,8.706009,e2ed55f72c63c92d02ec9dd14cdb088b976fbc24a8cbbd2ca290b4a6eb85a0b7,positive/relaxation/positive_relaxation_2017_00029112.mp4,False,
emotion:00029114.mp4,00029114.mp4,eMotions_chunk_118.parquet,datasets/Conna/eMotions/data/eMotions_chunk_118.parquet,bb97b7453720968aa6793bd962a8880a459acadc,Relaxation,positive,13.559002,9682dbd40d14352a6fec23d6aacef3b89ac88a71724d68819fc9cf309b9dc02e,positive/relaxation/positive_relaxation_2018_00029114.mp4,False,
emotion:00029115.mp4,00029115.mp4,eMotions_chunk_118.parquet,datasets/Conna/eMotions/data/eMotions_chunk_118.parquet,bb97b7453720968aa6793bd962a8880a459acadc,Relaxation,positive,29.975011,8a091d77a4119c01a8e7bde67eeca0997d3b68f71f98e132bda1a454ec9ffdab,positive/relaxation/positive_relaxation_2019_00029115.mp4,False,
emotion:00029116.mp4,00029116.mp4,eMotions_chunk_118.parquet,datasets/Conna/eMotions/data/eMotions_chunk_118.parquet,bb97b7453720968aa6793bd962a8880a459acadc,Relaxation,positive,7.033991,4f4b8800242c12a0c25336665c23315eb72e792603c39520e9eebbb0690ddd7f,positive/relaxation/positive_relaxation_2020_00029116.mp4,False,
emotion:00029117.mp4,00029117.mp4,eMotions_chunk_118.parquet,datasets/Conna/eMotions/data/eMotions_chunk_118.parquet,bb97b7453720968aa6793bd962a8880a459acadc,Relaxation,positive,56.167007,12621702835a96008064e154631b4b14829194ebfcfb9416dcadf60c753fe965,positive/relaxation/positive_relaxation_2021_00029117.mp4,False,
emotion:00029118.mp4,00029118.mp4,eMotions_chunk_118.parquet,datasets/Conna/eMotions/data/eMotions_chunk_118.parquet,bb97b7453720968aa6793bd962a8880a459acadc,Relaxation,positive,14.812993,6dcbe5a62057dcb69b101a9c161d2c92961afdc667f1bc97d9c37740d2a406f3,positive/relaxation/positive_relaxation_2022_00029118.mp4,False,
emotion:00029119.mp4,00029119.mp4,eMotions_chunk_118.parquet,datasets/Conna/eMotions/data/eMotions_chunk_118.parquet,bb97b7453720968aa6793bd962a8880a459acadc,Relaxation,positive,46.067007,55db2c00895e640162e268253ccb05e2653a60b2396bdfe576c3fb0a60c6cd58,positive/relaxation/positive_relaxation_2023_00029119.mp4,False,
emotion:00029121.mp4,00029121.mp4,eMotions_chunk_118.parquet,datasets/Conna/eMotions/data/eMotions_chunk_118.parquet,bb97b7453720968aa6793bd962a8880a459acadc,Relaxation,positive,23.357007,5bc4de724f1652b67bf8bfb1bb075b54af54c3e3f9d4280b08db362a30c9707c,positive/relaxation/positive_relaxation_2024_00029121.mp4,False,
emotion:00029122.mp4,00029122.mp4,eMotions_chunk_118.parquet,datasets/Conna/eMotions/data/eMotions_chunk_118.parquet,bb97b7453720968aa6793bd962a8880a459acadc,Relaxation,positive,41.793991,55c3df804e818cdc470d600092cb1aa34d17c87d8828ae93f010d334945b7e99,positive/relaxation/positive_relaxation_2025_00029122.mp4,False,
emotion:00029123.mp4,00029123.mp4,eMotions_chunk_118.parquet,datasets/Conna/eMotions/data/eMotions_chunk_118.parquet,bb97b7453720968aa6793bd962a8880a459acadc,Relaxation,positive,8.845011,30ba707ee9e0adc095d07b5271ca03033a79e5368f954b7b015c4fceb856780c,positive/relaxation/positive_relaxation_2026_00029123.mp4,False,
emotion:00029124.mp4,00029124.mp4,eMotions_chunk_118.parquet,datasets/Conna/eMotions/data/eMotions_chunk_118.parquet,bb97b7453720968aa6793bd962a8880a459acadc,Relaxation,positive,20.037007,ab584bc68ebf30185e10f87f5dffeb9a5f65db1ec2c88166b44aa9e81f43f2e2,positive/relaxation/positive_relaxation_2027_00029124.mp4,False,
emotion:00029126.mp4,00029126.mp4,eMotions_chunk_118.parquet,datasets/Conna/eMotions/data/eMotions_chunk_118.parquet,bb97b7453720968aa6793bd962a8880a459acadc,Relaxation,positive,7.892993,16701c9450de8652ca6f974ea438ef5d021b0936d228404fec7796cb92b2efa1,positive/relaxation/positive_relaxation_2028_00029126.mp4,False,
emotion:00029128.mp4,00029128.mp4,eMotions_chunk_118.parquet,datasets/Conna/eMotions/data/eMotions_chunk_118.parquet,bb97b7453720968aa6793bd962a8880a459acadc,Relaxation,positive,24.008005,6b9ec12f756be21dc417da3983c985469093f98942140144fc84bcb2e6efbde2,positive/relaxation/positive_relaxation_2029_00029128.mp4,False,
emotion:00029130.mp4,00029130.mp4,eMotions_chunk_118.parquet,datasets/Conna/eMotions/data/eMotions_chunk_118.parquet,bb97b7453720968aa6793bd962a8880a459acadc,Relaxation,positive,54.054054,83841bc7f29ebcc725b73c74ab0915c9e906bb00574357e5bcc4752a97b15f42,positive/relaxation/positive_relaxation_2030_00029130.mp4,False,
emotion:00029131.mp4,00029131.mp4,eMotions_chunk_118.parquet,datasets/Conna/eMotions/data/eMotions_chunk_118.parquet,bb97b7453720968aa6793bd962a8880a459acadc,Relaxation,positive,47.900998,b4ba02ec4cc2dda7a4ce749d65b2bcaa29162b2384ff80a1cc8700ad4ff3579b,positive/relaxation/positive_relaxation_2031_00029131.mp4,False,
emotion:00029133.mp4,00029133.mp4,eMotions_chunk_118.parquet,datasets/Conna/eMotions/data/eMotions_chunk_118.parquet,bb97b7453720968aa6793bd962a8880a459acadc,Relaxation,positive,30.740998,ae7a73ae1c1c84defffcbd83a19e65b81f794d2899f9d01ce7fefcd64f0b6b05,positive/relaxation/positive_relaxation_2032_00029133.mp4,False,
emotion:00029135.mp4,00029135.mp4,eMotions_chunk_118.parquet,datasets/Conna/eMotions/data/eMotions_chunk_118.parquet,bb97b7453720968aa6793bd962a8880a459acadc,Relaxation,positive,21.870998,5b29336e8a88be878a989f9e4d768adfc3b45565b89903b4f016ae17ee65860d,positive/relaxation/positive_relaxation_2033_00029135.mp4,False,
emotion:00029137.mp4,00029137.mp4,eMotions_chunk_118.parquet,datasets/Conna/eMotions/data/eMotions_chunk_118.parquet,bb97b7453720968aa6793bd962a8880a459acadc,Relaxation,positive,18.946009,3e10ae543313e50a7fae22057a49211d800dc2106b3047f00ef7088251006394,positive/relaxation/positive_relaxation_2034_00029137.mp4,False,
emotion:00029139.mp4,00029139.mp4,eMotions_chunk_118.parquet,datasets/Conna/eMotions/data/eMotions_chunk_118.parquet,bb97b7453720968aa6793bd962a8880a459acadc,Relaxation,positive,27.166009,1bf0cc488c687c359a36aed763225f699d39474740ad27caa78ead95443757dd,positive/relaxation/positive_relaxation_2035_00029139.mp4,False,
emotion:00029140.mp4,00029140.mp4,eMotions_chunk_118.parquet,datasets/Conna/eMotions/data/eMotions_chunk_118.parquet,bb97b7453720968aa6793bd962a8880a459acadc,Relaxation,positive,24.495011,ddd3dc0bfd8df0443e9f43a0d0566ecb1c528fe7ec6ce7cc39a4eaef69cfdc1e,positive/relaxation/positive_relaxation_2036_00029140.mp4,False,
emotion:00029141.mp4,00029141.mp4,eMotions_chunk_118.parquet,datasets/Conna/eMotions/data/eMotions_chunk_118.parquet,bb97b7453720968aa6793bd962a8880a459acadc,Relaxation,positive,47.297297,039e3e443787c9cde43a7f9e87eda6c2aad640aaec1426be726302437bc63b9c,positive/relaxation/positive_relaxation_2037_00029141.mp4,False,
emotion:00029143.mp4,00029143.mp4,eMotions_chunk_118.parquet,datasets/Conna/eMotions/data/eMotions_chunk_118.parquet,bb97b7453720968aa6793bd962a8880a459acadc,Relaxation,positive,29.418005,75afd597b5c13f8d6697e60820f1ba28fead9caf50731eddc473e006ec8a9d2d,positive/relaxation/positive_relaxation_2038_00029143.mp4,False,
emotion:00029144.mp4,00029144.mp4,eMotions_chunk_118.parquet,datasets/Conna/eMotions/data/eMotions_chunk_118.parquet,bb97b7453720968aa6793bd962a8880a459acadc,Relaxation,positive,29.742993,af2f401feb12b6d8c523958b433f3d6688ab0053e36a1790db2663ffd562a0f5,positive/relaxation/positive_relaxation_2039_00029144.mp4,False,
emotion:00029145.mp4,00029145.mp4,eMotions_chunk_118.parquet,datasets/Conna/eMotions/data/eMotions_chunk_118.parquet,bb97b7453720968aa6793bd962a8880a459acadc,Relaxation,positive,40.587007,9459dbad965aa039f6e6e4b08c85601444a5de105b25697706a92cdbef92be4d,positive/relaxation/positive_relaxation_2040_00029145.mp4,False,
emotion:00029146.mp4,00029146.mp4,eMotions_chunk_118.parquet,datasets/Conna/eMotions/data/eMotions_chunk_118.parquet,bb97b7453720968aa6793bd962a8880a459acadc,Relaxation,positive,39.610998,d4dd76925fca095c5510194ec8ef8a46aae1d26ee0386344a4711f3a5127bb43,positive/relaxation/positive_relaxation_2041_00029146.mp4,False,
emotion:00029147.mp4,00029147.mp4,eMotions_chunk_118.parquet,datasets/Conna/eMotions/data/eMotions_chunk_118.parquet,bb97b7453720968aa6793bd962a8880a459acadc,Relaxation,positive,17.367007,71765170c30aaf52e9cf5cb08ececf319550f09155777a2fc73ff04828ae4e66,positive/relaxation/positive_relaxation_2042_00029147.mp4,False,
emotion:00029148.mp4,00029148.mp4,eMotions_chunk_118.parquet,datasets/Conna/eMotions/data/eMotions_chunk_118.parquet,bb97b7453720968aa6793bd962a8880a459acadc,Relaxation,positive,7.638005,014020ec7265e1d80d2ab1c2bbdb4814b9556d139b7683472de4c79ef3e489d5,positive/relaxation/positive_relaxation_2043_00029148.mp4,False,
emotion:00029149.mp4,00029149.mp4,eMotions_chunk_118.parquet,datasets/Conna/eMotions/data/eMotions_chunk_118.parquet,bb97b7453720968aa6793bd962a8880a459acadc,Relaxation,positive,10.029002,0aefc0f028573d5a4afe8836ad6a850c5cf43a9b8508bb49c2cf25a181ed1f4b,positive/relaxation/positive_relaxation_2044_00029149.mp4,False,
emotion:00029151.mp4,00029151.mp4,eMotions_chunk_118.parquet,datasets/Conna/eMotions/data/eMotions_chunk_118.parquet,bb97b7453720968aa6793bd962a8880a459acadc,Relaxation,positive,28.489002,e322db68b2e1d47661e5ec8bac7f42e8e1f65da383a0f13e0d8b81aa4859f781,positive/relaxation/positive_relaxation_2045_00029151.mp4,False,
emotion:00029152.mp4,00029152.mp4,eMotions_chunk_118.parquet,datasets/Conna/eMotions/data/eMotions_chunk_118.parquet,bb97b7453720968aa6793bd962a8880a459acadc,Relaxation,positive,35.385011,54219e183481b34314974e465aa03685f70b81e6ea81dcce61aa4000fbf056d5,positive/relaxation/positive_relaxation_2046_00029152.mp4,False,
emotion:00029154.mp4,00029154.mp4,eMotions_chunk_118.parquet,datasets/Conna/eMotions/data/eMotions_chunk_118.parquet,bb97b7453720968aa6793bd962a8880a459acadc,Relaxation,positive,17.158005,360cdd8a9a52306699ae0ed715a23fa0583ff1fc3b7ed926bc93a985e312d8ed,positive/relaxation/positive_relaxation_2047_00029154.mp4,False,
emotion:00029155.mp4,00029155.mp4,eMotions_chunk_118.parquet,datasets/Conna/eMotions/data/eMotions_chunk_118.parquet,bb97b7453720968aa6793bd962a8880a459acadc,Relaxation,positive,59.69,0e09945d710e83142f4b465f1f0ec571641f4c4df45e4def7a3c87ea0ff1f7e5,positive/relaxation/positive_relaxation_2048_00029155.mp4,False,
emotion:00029156.mp4,00029156.mp4,eMotions_chunk_118.parquet,datasets/Conna/eMotions/data/eMotions_chunk_118.parquet,bb97b7453720968aa6793bd962a8880a459acadc,Relaxation,positive,16.553991,bdaed76a19f028fe5280c86262e8a41af1ea82d405f4d42e963fb1e98111e943,positive/relaxation/positive_relaxation_2049_00029156.mp4,False,
emotion:00029157.mp4,00029157.mp4,eMotions_chunk_118.parquet,datasets/Conna/eMotions/data/eMotions_chunk_118.parquet,bb97b7453720968aa6793bd962a8880a459acadc,Relaxation,positive,7.986009,87d9d42c52cbf8ccbbabc8e23897fa16d12a3d1c673acae369f9564eafc74aef,positive/relaxation/positive_relaxation_2050_00029157.mp4,False,
emotion:00029158.mp4,00029158.mp4,eMotions_chunk_118.parquet,datasets/Conna/eMotions/data/eMotions_chunk_118.parquet,bb97b7453720968aa6793bd962a8880a459acadc,Relaxation,positive,15.0,522f0e3bad78e57317e4c84d7619a1d946c218e9950ccb4152a45574c31fda52,positive/relaxation/positive_relaxation_2051_00029158.mp4,False,
emotion:00029159.mp4,00029159.mp4,eMotions_chunk_118.parquet,datasets/Conna/eMotions/data/eMotions_chunk_118.parquet,bb97b7453720968aa6793bd962a8880a459acadc,Relaxation,positive,12.583333,5313bcb9ce2b743e224a98ba21c30fb488371d47ca96ed0a1490bf651ff52f89,positive/relaxation/positive_relaxation_2052_00029159.mp4,False,
emotion:00029160.mp4,00029160.mp4,eMotions_chunk_118.parquet,datasets/Conna/eMotions/data/eMotions_chunk_118.parquet,bb97b7453720968aa6793bd962a8880a459acadc,Relaxation,positive,29.905011,54a093a22bbae8a3eed5ddec950643186779d7abea54a1ec8e1157f3042b7528,positive/relaxation/positive_relaxation_2053_00029160.mp4,False,
emotion:00029161.mp4,00029161.mp4,eMotions_chunk_118.parquet,datasets/Conna/eMotions/data/eMotions_chunk_118.parquet,bb97b7453720968aa6793bd962a8880a459acadc,Relaxation,positive,8.240998,18d8297f63aa71d629f34addcfb87c525a38b1ce0e81b685580643bf0a681786,positive/relaxation/positive_relaxation_2054_00029161.mp4,False,
emotion:00029162.mp4,00029162.mp4,eMotions_chunk_118.parquet,datasets/Conna/eMotions/data/eMotions_chunk_118.parquet,bb97b7453720968aa6793bd962a8880a459acadc,Relaxation,positive,13.977007,72d37e95d620cb0b209208b0fa6635cc585566254e1a3c325b50de1f294dce3a,positive/relaxation/positive_relaxation_2055_00029162.mp4,False,
emotion:00029163.mp4,00029163.mp4,eMotions_chunk_118.parquet,datasets/Conna/eMotions/data/eMotions_chunk_118.parquet,bb97b7453720968aa6793bd962a8880a459acadc,Relaxation,positive,14.046009,7a654b4610f84a845b5d2b8a077988e1160b3f20ee55a111862e2325c8332c17,positive/relaxation/positive_relaxation_2056_00029163.mp4,False,
emotion:00029164.mp4,00029164.mp4,eMotions_chunk_118.parquet,datasets/Conna/eMotions/data/eMotions_chunk_118.parquet,bb97b7453720968aa6793bd962a8880a459acadc,Relaxation,positive,29.742993,425ef1cc6750cc7e5e42d372dbf21596a2f473ab3528c4eed116c1c1f9a76768,positive/relaxation/positive_relaxation_2057_00029164.mp4,False,
emotion:00029167.mp4,00029167.mp4,eMotions_chunk_118.parquet,datasets/Conna/eMotions/data/eMotions_chunk_118.parquet,bb97b7453720968aa6793bd962a8880a459acadc,Relaxation,positive,9.633991,bf0206272a8d65bf9a9cc6d2ed919e690393b9c7c5d972f4462d752b42d6ed89,positive/relaxation/positive_relaxation_2058_00029167.mp4,False,
emotion:00029168.mp4,00029168.mp4,eMotions_chunk_118.parquet,datasets/Conna/eMotions/data/eMotions_chunk_118.parquet,bb97b7453720968aa6793bd962a8880a459acadc,Relaxation,positive,33.713991,df05e8d5447e541431c60701020d9b65d80059e872dc3c162ea7080d7ca51856,positive/relaxation/positive_relaxation_2059_00029168.mp4,False,
emotion:00029170.mp4,00029170.mp4,eMotions_chunk_118.parquet,datasets/Conna/eMotions/data/eMotions_chunk_118.parquet,bb97b7453720968aa6793bd962a8880a459acadc,Relaxation,positive,28.511995,ff3efafd63f24724233f78e13e52d320d6ec22ec1e57818d0e026c72b959ba4c,positive/relaxation/positive_relaxation_2060_00029170.mp4,False,
emotion:00029171.mp4,00029171.mp4,eMotions_chunk_118.parquet,datasets/Conna/eMotions/data/eMotions_chunk_118.parquet,bb97b7453720968aa6793bd962a8880a459acadc,Relaxation,positive,5.06,6059c790d1ba39cd219270fb7b6292172279316bdd9a090cb8d5a0a0aee115fc,positive/relaxation/positive_relaxation_2061_00029171.mp4,False,
emotion:00029172.mp4,00029172.mp4,eMotions_chunk_118.parquet,datasets/Conna/eMotions/data/eMotions_chunk_118.parquet,bb97b7453720968aa6793bd962a8880a459acadc,Relaxation,positive,14.046009,d1ebd79bcb287ce1d65d1eed3fa164fc94152085379b74ef95565ae3184cd7d5,positive/relaxation/positive_relaxation_2062_00029172.mp4,False,
emotion:00029173.mp4,00029173.mp4,eMotions_chunk_118.parquet,datasets/Conna/eMotions/data/eMotions_chunk_118.parquet,bb97b7453720968aa6793bd962a8880a459acadc,Relaxation,positive,27.7,5b5664ccf4888671737c31e3a05c39609f9582b756a2bb2ef140b9b1a10dfe18,positive/relaxation/positive_relaxation_2063_00029173.mp4,False,
emotion:00029174.mp4,00029174.mp4,eMotions_chunk_118.parquet,datasets/Conna/eMotions/data/eMotions_chunk_118.parquet,bb97b7453720968aa6793bd962a8880a459acadc,Relaxation,positive,24.077007,4125c7b830ec7a17dfd7c673431871632ed14d56b0c4714cc09837b333b6b0ae,positive/relaxation/positive_relaxation_2064_00029174.mp4,False,
emotion:00029176.mp4,00029176.mp4,eMotions_chunk_118.parquet,datasets/Conna/eMotions/data/eMotions_chunk_118.parquet,bb97b7453720968aa6793bd962a8880a459acadc,Relaxation,positive,44.557007,48186ab9bb85cafc3ad632e6de65cd631091727ea5708edf8ecb91307ebb034d,positive/relaxation/positive_relaxation_2065_00029176.mp4,False,
emotion:00029178.mp4,00029178.mp4,eMotions_chunk_118.parquet,datasets/Conna/eMotions/data/eMotions_chunk_118.parquet,bb97b7453720968aa6793bd962a8880a459acadc,Relaxation,positive,30.0,a2a59980bd4645c778f8f698c1ae7747b0e003e55149e9015eab8ede65046433,positive/relaxation/positive_relaxation_2066_00029178.mp4,False,
emotion:00029179.mp4,00029179.mp4,eMotions_chunk_118.parquet,datasets/Conna/eMotions/data/eMotions_chunk_118.parquet,bb97b7453720968aa6793bd962a8880a459acadc,Relaxation,positive,24.008005,ef2d0fb86dc9f0dd72119005ca3d9a5c124a4645dd67131cb54948450d2bfcdd,positive/relaxation/positive_relaxation_2067_00029179.mp4,False,
emotion:00029180.mp4,00029180.mp4,eMotions_chunk_118.parquet,datasets/Conna/eMotions/data/eMotions_chunk_118.parquet,bb97b7453720968aa6793bd962a8880a459acadc,Relaxation,positive,19.248005,60ab75e68394ce0e149712d77fc45219f1a6a4dfa56054ac62ffce630e4e57bb,positive/relaxation/positive_relaxation_2068_00029180.mp4,False,
emotion:00029181.mp4,00029181.mp4,eMotions_chunk_118.parquet,datasets/Conna/eMotions/data/eMotions_chunk_118.parquet,bb97b7453720968aa6793bd962a8880a459acadc,Relaxation,positive,35.78,871a26ca506756f8f945b27665b2721c19b6f411574e9087331df5a329ab076d,positive/relaxation/positive_relaxation_2069_00029181.mp4,False,
emotion:00029182.mp4,00029182.mp4,eMotions_chunk_118.parquet,datasets/Conna/eMotions/data/eMotions_chunk_118.parquet,bb97b7453720968aa6793bd962a8880a459acadc,Relaxation,positive,20.06,1bd71550faab070b2a4a5bd8ec9a29881865c4c1c84ddea395ffa40b82bd5562,positive/relaxation/positive_relaxation_2070_00029182.mp4,False,
emotion:00029183.mp4,00029183.mp4,eMotions_chunk_118.parquet,datasets/Conna/eMotions/data/eMotions_chunk_118.parquet,bb97b7453720968aa6793bd962a8880a459acadc,Relaxation,positive,14.766009,87fd77525515aef9251a6f799a79ac94f97e860de9e452a3bd50410bd44a89d1,positive/relaxation/positive_relaxation_2071_00029183.mp4,False,
emotion:00029184.mp4,00029184.mp4,eMotions_chunk_118.parquet,datasets/Conna/eMotions/data/eMotions_chunk_118.parquet,bb97b7453720968aa6793bd962a8880a459acadc,Relaxation,positive,13.302993,5f1f573042eca9a3aefc0ade7ac3a7ee41904293ba5a4dc300dd47f245ee29f0,positive/relaxation/positive_relaxation_2072_00029184.mp4,False,
emotion:00029185.mp4,00029185.mp4,eMotions_chunk_118.parquet,datasets/Conna/eMotions/data/eMotions_chunk_118.parquet,bb97b7453720968aa6793bd962a8880a459acadc,Relaxation,positive,29.905011,cf904f9da79f0b9260c71666a57c7bd2f9f3380676f228b9203ab38b9d25bb0f,positive/relaxation/positive_relaxation_2073_00029185.mp4,False,
emotion:00029186.mp4,00029186.mp4,eMotions_chunk_118.parquet,datasets/Conna/eMotions/data/eMotions_chunk_118.parquet,bb97b7453720968aa6793bd962a8880a459acadc,Relaxation,positive,31.637007,406accb020e6efc08b4bbb00c687087093b2af6bd31aa2f9e3feaa2ae78da11b,positive/relaxation/positive_relaxation_2074_00029186.mp4,False,
emotion:00029187.mp4,00029187.mp4,eMotions_chunk_118.parquet,datasets/Conna/eMotions/data/eMotions_chunk_118.parquet,bb97b7453720968aa6793bd962a8880a459acadc,Relaxation,positive,43.6,180eaca83652d580f73fb75200f0586313eccbdac30d17f2cc611c2dca05c30e,positive/relaxation/positive_relaxation_2075_00029187.mp4,False,
emotion:00029188.mp4,00029188.mp4,eMotions_chunk_118.parquet,datasets/Conna/eMotions/data/eMotions_chunk_118.parquet,bb97b7453720968aa6793bd962a8880a459acadc,Relaxation,positive,12.08,28f7eeabb456f2bf11da8c20eebdf97715f7a2267c76ea312628f604eec733eb,positive/relaxation/positive_relaxation_2076_00029188.mp4,False,
emotion:00029190.mp4,00029190.mp4,eMotions_chunk_118.parquet,datasets/Conna/eMotions/data/eMotions_chunk_118.parquet,bb97b7453720968aa6793bd962a8880a459acadc,Relaxation,positive,18.087007,90764199defabaa7288acab8b9037a5adbe21be1c609b39210afbab13a495121,positive/relaxation/positive_relaxation_2077_00029190.mp4,False,
emotion:00029191.mp4,00029191.mp4,eMotions_chunk_118.parquet,datasets/Conna/eMotions/data/eMotions_chunk_118.parquet,bb97b7453720968aa6793bd962a8880a459acadc,Relaxation,positive,16.460998,1b6f224f9af1f36a5ce33565605a433800688ca48471f02b131a0b619135fb11,positive/relaxation/positive_relaxation_2078_00029191.mp4,False,
emotion:00029192.mp4,00029192.mp4,eMotions_chunk_118.parquet,datasets/Conna/eMotions/data/eMotions_chunk_118.parquet,bb97b7453720968aa6793bd962a8880a459acadc,Relaxation,positive,40.819002,c0c32c1628babd9ad4f5496593d4806a635d53f986e676c656d12551e7e1c406,positive/relaxation/positive_relaxation_2079_00029192.mp4,False,
emotion:00029193.mp4,00029193.mp4,eMotions_chunk_118.parquet,datasets/Conna/eMotions/data/eMotions_chunk_118.parquet,bb97b7453720968aa6793bd962a8880a459acadc,Relaxation,positive,45.04,dd9f9557c6cce7acecc55468b1bc0a3c1b95f324831bc64ac3e8ab5b09a07671,positive/relaxation/positive_relaxation_2080_00029193.mp4,False,
emotion:00029197.mp4,00029197.mp4,eMotions_chunk_118.parquet,datasets/Conna/eMotions/data/eMotions_chunk_118.parquet,bb97b7453720968aa6793bd962a8880a459acadc,Relaxation,positive,15.018005,7b0819328d18618bbfb5074fea19f50c4be2fd98363c24a8a81058e02e217137,positive/relaxation/positive_relaxation_2081_00029197.mp4,False,
emotion:00029198.mp4,00029198.mp4,eMotions_chunk_118.parquet,datasets/Conna/eMotions/data/eMotions_chunk_118.parquet,bb97b7453720968aa6793bd962a8880a459acadc,Relaxation,positive,24.0,dbc23e2602b2c12b6b9620aabbf0fc58b73dd7a632ce1c3eb1c00afb747452b0,positive/relaxation/positive_relaxation_2082_00029198.mp4,False,
emotion:00029199.mp4,00029199.mp4,eMotions_chunk_118.parquet,datasets/Conna/eMotions/data/eMotions_chunk_118.parquet,bb97b7453720968aa6793bd962a8880a459acadc,Relaxation,positive,21.04,712f49ff93b645251774e08b67f0a1837ad6124172cbc0e362ecae6f6b90c2ce,positive/relaxation/positive_relaxation_2083_00029199.mp4,False,
emotion:00029200.mp4,00029200.mp4,eMotions_chunk_118.parquet,datasets/Conna/eMotions/data/eMotions_chunk_118.parquet,bb97b7453720968aa6793bd962a8880a459acadc,Relaxation,positive,20.125,ba216f59c4efe2b52c081727785c6b602342948b7494be68e552283e2cedc08a,positive/relaxation/positive_relaxation_2084_00029200.mp4,False,
emotion:00029204.mp4,00029204.mp4,eMotions_chunk_118.parquet,datasets/Conna/eMotions/data/eMotions_chunk_118.parquet,bb97b7453720968aa6793bd962a8880a459acadc,Relaxation,positive,14.08,c4c9b174a3b149748e51705af4d3a7c33977ceac9e76ffa5b721184d7c2d3b3c,positive/relaxation/positive_relaxation_2085_00029204.mp4,False,
emotion:00029205.mp4,00029205.mp4,eMotions_chunk_118.parquet,datasets/Conna/eMotions/data/eMotions_chunk_118.parquet,bb97b7453720968aa6793bd962a8880a459acadc,Relaxation,positive,40.006009,ff8320f0a67097734d00b9c0afc90aa8c44a98d6b0094739ef21765eec64e477,positive/relaxation/positive_relaxation_2086_00029205.mp4,False,
emotion:00029207.mp4,00029207.mp4,eMotions_chunk_118.parquet,datasets/Conna/eMotions/data/eMotions_chunk_118.parquet,bb97b7453720968aa6793bd962a8880a459acadc,Relaxation,positive,30.033333,6a81f390cb6af576660fee702dbdfa5fc548ff40f3a92bac4036a571f393b75f,positive/relaxation/positive_relaxation_2087_00029207.mp4,False,
emotion:00029208.mp4,00029208.mp4,eMotions_chunk_118.parquet,datasets/Conna/eMotions/data/eMotions_chunk_118.parquet,bb97b7453720968aa6793bd962a8880a459acadc,Relaxation,positive,15.018005,a21383f683c481cfdce4531b7b5726a98229997f56a1ab2e4876e385bb33e9ea,positive/relaxation/positive_relaxation_2088_00029208.mp4,False,
emotion:00029210.mp4,00029210.mp4,eMotions_chunk_118.parquet,datasets/Conna/eMotions/data/eMotions_chunk_118.parquet,bb97b7453720968aa6793bd962a8880a459acadc,Relaxation,positive,17.733333,fe7169ebe75458bd0ecf339795ae27832bf1c7858985becac01f6cdb00619f13,positive/relaxation/positive_relaxation_2089_00029210.mp4,False,
emotion:00029211.mp4,00029211.mp4,eMotions_chunk_118.parquet,datasets/Conna/eMotions/data/eMotions_chunk_118.parquet,bb97b7453720968aa6793bd962a8880a459acadc,Relaxation,positive,47.4,84df4c8771e762277599593b7b36b0bee7e0cd7c59b77bc26620666fddbf1d3f,positive/relaxation/positive_relaxation_2090_00029211.mp4,False,
emotion:00029212.mp4,00029212.mp4,eMotions_chunk_118.parquet,datasets/Conna/eMotions/data/eMotions_chunk_118.parquet,bb97b7453720968aa6793bd962a8880a459acadc,Relaxation,positive,12.56,a63b3156a4d1256999e11ec2596fd636267be7e921df07fe4ee4f5ad685ee0d1,positive/relaxation/positive_relaxation_2091_00029212.mp4,False,
emotion:00029213.mp4,00029213.mp4,eMotions_chunk_118.parquet,datasets/Conna/eMotions/data/eMotions_chunk_118.parquet,bb97b7453720968aa6793bd962a8880a459acadc,Relaxation,positive,25.238005,183a747a3c573d557654e25f9bc78db7925de5f22d060259040b2cc3765bc02e,positive/relaxation/positive_relaxation_2092_00029213.mp4,False,
emotion:00029214.mp4,00029214.mp4,eMotions_chunk_118.parquet,datasets/Conna/eMotions/data/eMotions_chunk_118.parquet,bb97b7453720968aa6793bd962a8880a459acadc,Relaxation,positive,10.051995,4b2887a0f115cf7fb0b7e066371ac61889924582e3a063054fe72eebf36b8d13,positive/relaxation/positive_relaxation_2093_00029214.mp4,False,
emotion:00029215.mp4,00029215.mp4,eMotions_chunk_118.parquet,datasets/Conna/eMotions/data/eMotions_chunk_118.parquet,bb97b7453720968aa6793bd962a8880a459acadc,Relaxation,positive,18.435011,7ae76676ef3623d89e24ef43add41b4f31c433c1eb0474efbed9c5ae4045420b,positive/relaxation/positive_relaxation_2094_00029215.mp4,False,
emotion:00029216.mp4,00029216.mp4,eMotions_chunk_118.parquet,datasets/Conna/eMotions/data/eMotions_chunk_118.parquet,bb97b7453720968aa6793bd962a8880a459acadc,Relaxation,positive,17.273991,ee3ef35d09535a7395a402578d9905f2094512be06de4382777474f3b8167d46,positive/relaxation/positive_relaxation_2095_00029216.mp4,False,
emotion:00029218.mp4,00029218.mp4,eMotions_chunk_118.parquet,datasets/Conna/eMotions/data/eMotions_chunk_118.parquet,bb97b7453720968aa6793bd962a8880a459acadc,Relaxation,positive,7.033333,99286bcb121aa9de124914bfc0c934aee39a131deadc39f1f4e1c74f59aaeb33,positive/relaxation/positive_relaxation_2096_00029218.mp4,False,
emotion:00029220.mp4,00029220.mp4,eMotions_chunk_118.parquet,datasets/Conna/eMotions/data/eMotions_chunk_118.parquet,bb97b7453720968aa6793bd962a8880a459acadc,Relaxation,positive,11.655011,7ed136618b7d3d9e5e43f2c5dda6544360cdba30ef786796fc67374b79519f43,positive/relaxation/positive_relaxation_2097_00029220.mp4,False,
emotion:00029221.mp4,00029221.mp4,eMotions_chunk_118.parquet,datasets/Conna/eMotions/data/eMotions_chunk_118.parquet,bb97b7453720968aa6793bd962a8880a459acadc,Relaxation,positive,8.425,ef03c9b443803acd056ced8dd145d7b1da062835f151c8ec44e72d5f98c5b31f,positive/relaxation/positive_relaxation_2098_00029221.mp4,False,
emotion:00029222.mp4,00029222.mp4,eMotions_chunk_118.parquet,datasets/Conna/eMotions/data/eMotions_chunk_118.parquet,bb97b7453720968aa6793bd962a8880a459acadc,Relaxation,positive,10.400998,05f675ac72ca3ba0920768969754bc6b24e7cf80d1748f0c6656287eb1afebaa,positive/relaxation/positive_relaxation_2099_00029222.mp4,False,
emotion:00029223.mp4,00029223.mp4,eMotions_chunk_118.parquet,datasets/Conna/eMotions/data/eMotions_chunk_118.parquet,bb97b7453720968aa6793bd962a8880a459acadc,Relaxation,positive,8.758621,8f61508803e80dc01060a10bd019f65ab430193967dd0593b8276deec024ab4f,positive/relaxation/positive_relaxation_2100_00029223.mp4,False,
emotion:00029225.mp4,00029225.mp4,eMotions_chunk_118.parquet,datasets/Conna/eMotions/data/eMotions_chunk_118.parquet,bb97b7453720968aa6793bd962a8880a459acadc,Relaxation,positive,8.233333,7d9b7aea3c27721c16445105a4a6cd30f1ac0d233a5ee368dd0d749813e0fdc8,positive/relaxation/positive_relaxation_2101_00029225.mp4,False,
emotion:00029226.mp4,00029226.mp4,eMotions_chunk_118.parquet,datasets/Conna/eMotions/data/eMotions_chunk_118.parquet,bb97b7453720968aa6793bd962a8880a459acadc,Relaxation,positive,5.989002,4ab2664e133428a2a109e84cb1b17f4ee1e46d1fe833012f1ec0c74d04517062,positive/relaxation/positive_relaxation_2102_00029226.mp4,False,
emotion:00029228.mp4,00029228.mp4,eMotions_chunk_118.parquet,datasets/Conna/eMotions/data/eMotions_chunk_118.parquet,bb97b7453720968aa6793bd962a8880a459acadc,Relaxation,positive,8.36,494ac1052c07c495dc261b046287ca80f0295858da6e51be584c7e5d4ba65b1d,positive/relaxation/positive_relaxation_2103_00029228.mp4,False,
emotion:00029229.mp4,00029229.mp4,eMotions_chunk_118.parquet,datasets/Conna/eMotions/data/eMotions_chunk_118.parquet,bb97b7453720968aa6793bd962a8880a459acadc,Relaxation,positive,7.429002,5ce104da40cde6dda5839a7c0a3d77b6b977ed91f4ab85a91ac0428be341e838,positive/relaxation/positive_relaxation_2104_00029229.mp4,False,
emotion:00029230.mp4,00029230.mp4,eMotions_chunk_118.parquet,datasets/Conna/eMotions/data/eMotions_chunk_118.parquet,bb97b7453720968aa6793bd962a8880a459acadc,Relaxation,positive,36.970304,08bd3583fe61917dd9777e5d7e3e67164b866f826541e591664f7928877f2e32,positive/relaxation/positive_relaxation_2105_00029230.mp4,False,
emotion:00029232.mp4,00029232.mp4,eMotions_chunk_118.parquet,datasets/Conna/eMotions/data/eMotions_chunk_118.parquet,bb97b7453720968aa6793bd962a8880a459acadc,Relaxation,positive,23.473991,9cb1e563f86a73bc7267a63fcadaff6d69163cbd2423f87fc9fa047948c714cc,positive/relaxation/positive_relaxation_2106_00029232.mp4,False,
emotion:00029234.mp4,00029234.mp4,eMotions_chunk_118.parquet,datasets/Conna/eMotions/data/eMotions_chunk_118.parquet,bb97b7453720968aa6793bd962a8880a459acadc,Relaxation,positive,18.533333,507266f30c854367b220d892a797ca974695fdcf82dffb0ba747cc2032fc7ee6,positive/relaxation/positive_relaxation_2107_00029234.mp4,False,
emotion:00029235.mp4,00029235.mp4,eMotions_chunk_118.parquet,datasets/Conna/eMotions/data/eMotions_chunk_118.parquet,bb97b7453720968aa6793bd962a8880a459acadc,Relaxation,positive,15.652174,cd3976ce8d1076ee930d10675e2229870ec55bc05b9009e1184ba5294d1ed727,positive/relaxation/positive_relaxation_2108_00029235.mp4,False,
emotion:00029236.mp4,00029236.mp4,eMotions_chunk_118.parquet,datasets/Conna/eMotions/data/eMotions_chunk_118.parquet,bb97b7453720968aa6793bd962a8880a459acadc,Relaxation,positive,15.652174,71eda4be41033ad529676e75902c8f922c7aad94259b78c5cb1517aeb4100d3b,positive/relaxation/positive_relaxation_2109_00029236.mp4,False,
emotion:00029237.mp4,00029237.mp4,eMotions_chunk_118.parquet,datasets/Conna/eMotions/data/eMotions_chunk_118.parquet,bb97b7453720968aa6793bd962a8880a459acadc,Relaxation,positive,37.0,d1b52d23dd773c1ebb3d07793ee7acaa1690bfcd63fb7cb0585e71e5a54dd8bc,positive/relaxation/positive_relaxation_2110_00029237.mp4,False,
emotion:00029238.mp4,00029238.mp4,eMotions_chunk_118.parquet,datasets/Conna/eMotions/data/eMotions_chunk_118.parquet,bb97b7453720968aa6793bd962a8880a459acadc,Relaxation,positive,18.643991,6fae030e1c03f642a95b5481fd27d1479af411b038a3c126c930e5eb6e441f77,positive/relaxation/positive_relaxation_2111_00029238.mp4,False,
emotion:00029239.mp4,00029239.mp4,eMotions_chunk_118.parquet,datasets/Conna/eMotions/data/eMotions_chunk_118.parquet,bb97b7453720968aa6793bd962a8880a459acadc,Relaxation,positive,21.166667,b5bb9f2ffbddcaacd8cf565bbe899d8ab1789545e2d1dd13fd16a0e31be3f1ac,positive/relaxation/positive_relaxation_2112_00029239.mp4,False,
emotion:00029240.mp4,00029240.mp4,eMotions_chunk_118.parquet,datasets/Conna/eMotions/data/eMotions_chunk_118.parquet,bb97b7453720968aa6793bd962a8880a459acadc,Relaxation,positive,8.453333,7814606f7d40f15a844a57dcc30db413bc2fcb0c4214fe7b75fab05591e84dec,positive/relaxation/positive_relaxation_2113_00029240.mp4,False,
emotion:00029241.mp4,00029241.mp4,eMotions_chunk_118.parquet,datasets/Conna/eMotions/data/eMotions_chunk_118.parquet,bb97b7453720968aa6793bd962a8880a459acadc,Relaxation,positive,17.033333,2e7b4aabab550fa9f3733f5b3eeee670b3e0c50ecdda047140371a2cc31dc24b,positive/relaxation/positive_relaxation_2114_00029241.mp4,False,
emotion:00029242.mp4,00029242.mp4,eMotions_chunk_118.parquet,datasets/Conna/eMotions/data/eMotions_chunk_118.parquet,bb97b7453720968aa6793bd962a8880a459acadc,Relaxation,positive,42.424242,7318c6a0977fcb367dd123211d173d80e87a3d9ea81e08bac24bd5fe05a703a3,positive/relaxation/positive_relaxation_2115_00029242.mp4,False,
emotion:00029243.mp4,00029243.mp4,eMotions_chunk_118.parquet,datasets/Conna/eMotions/data/eMotions_chunk_118.parquet,bb97b7453720968aa6793bd962a8880a459acadc,Relaxation,positive,24.433333,546ba484ee88180c869d0f0de23957a4970dd76a6d385d6fee54b3e544a36e15,positive/relaxation/positive_relaxation_2116_00029243.mp4,False,
emotion:00029245.mp4,00029245.mp4,eMotions_chunk_118.parquet,datasets/Conna/eMotions/data/eMotions_chunk_118.parquet,bb97b7453720968aa6793bd962a8880a459acadc,Relaxation,positive,8.056009,55107dd365eda2624a50c3b05b56677a7372c522e480151506af9eb248482335,positive/relaxation/positive_relaxation_2117_00029245.mp4,False,
emotion:00029246.mp4,00029246.mp4,eMotions_chunk_118.parquet,datasets/Conna/eMotions/data/eMotions_chunk_118.parquet,bb97b7453720968aa6793bd962a8880a459acadc,Relaxation,positive,9.2,5b71d60fb8780fa85d6266ee9053f010ab02533e71b0083ef3d3e9b5809e8569,positive/relaxation/positive_relaxation_2118_00029246.mp4,False,
emotion:00029247.mp4,00029247.mp4,eMotions_chunk_118.parquet,datasets/Conna/eMotions/data/eMotions_chunk_118.parquet,bb97b7453720968aa6793bd962a8880a459acadc,Relaxation,positive,35.866667,ea09e22db92c1708b1924960dbed0136694b53f1b866e30a555bfb53b392ea2a,positive/relaxation/positive_relaxation_2119_00029247.mp4,False,
emotion:00029248.mp4,00029248.mp4,eMotions_chunk_118.parquet,datasets/Conna/eMotions/data/eMotions_chunk_118.parquet,bb97b7453720968aa6793bd962a8880a459acadc,Relaxation,positive,29.633333,619f2169e7b371ccd1280e5e4d15f1720b78d9bf4f7c0cad4bcf4ae09f62de9f,positive/relaxation/positive_relaxation_2120_00029248.mp4,False,
emotion:00029249.mp4,00029249.mp4,eMotions_chunk_118.parquet,datasets/Conna/eMotions/data/eMotions_chunk_118.parquet,bb97b7453720968aa6793bd962a8880a459acadc,Relaxation,positive,13.54688,a737e74b95df0d588f7e8b3bf641c660132e949ce4717eec72ec28ba427a4309,positive/relaxation/positive_relaxation_2121_00029249.mp4,False,
emotion:00029250.mp4,00029250.mp4,eMotions_chunk_118.parquet,datasets/Conna/eMotions/data/eMotions_chunk_118.parquet,bb97b7453720968aa6793bd962a8880a459acadc,Relaxation,positive,9.0,4745b04003c5eebffe50c7e3b9165fbbc05cf349b681bd7a2ac9f7108ee57b06,positive/relaxation/positive_relaxation_2122_00029250.mp4,False,
emotion:00029251.mp4,00029251.mp4,eMotions_chunk_118.parquet,datasets/Conna/eMotions/data/eMotions_chunk_118.parquet,bb97b7453720968aa6793bd962a8880a459acadc,Relaxation,positive,9.3,76c0669b602e0c94cb5c65bf2ffb1808fa029835e209977fb2e12c2581846442,positive/relaxation/positive_relaxation_2123_00029251.mp4,False,
emotion:00029252.mp4,00029252.mp4,eMotions_chunk_118.parquet,datasets/Conna/eMotions/data/eMotions_chunk_118.parquet,bb97b7453720968aa6793bd962a8880a459acadc,Relaxation,positive,5.640998,5a9598bf98ce93864728e96b4c87802616a8fbe604b4fd07eb445599cfa2a29b,positive/relaxation/positive_relaxation_2124_00029252.mp4,False,
emotion:00029253.mp4,00029253.mp4,eMotions_chunk_118.parquet,datasets/Conna/eMotions/data/eMotions_chunk_118.parquet,bb97b7453720968aa6793bd962a8880a459acadc,Relaxation,positive,11.566667,c01bf0eeb27158b0ee15c247534cec7db48c165db029a57bc1989e7df7bb45df,positive/relaxation/positive_relaxation_2125_00029253.mp4,False,
emotion:00029254.mp4,00029254.mp4,eMotions_chunk_118.parquet,datasets/Conna/eMotions/data/eMotions_chunk_118.parquet,bb97b7453720968aa6793bd962a8880a459acadc,Relaxation,positive,5.666984,148012280cfaf95b57ddbe482d273b095fab66c250d455ef99c2cff9b2a0190d,positive/relaxation/positive_relaxation_2126_00029254.mp4,False,
emotion:00029255.mp4,00029255.mp4,eMotions_chunk_118.parquet,datasets/Conna/eMotions/data/eMotions_chunk_118.parquet,bb97b7453720968aa6793bd962a8880a459acadc,Relaxation,positive,8.428571,3ef2a37a0de7ab45b803a8a9f3bbf09640b6e5482f5299acaab81cdd8771797a,positive/relaxation/positive_relaxation_2127_00029255.mp4,False,
emotion:00029256.mp4,00029256.mp4,eMotions_chunk_118.parquet,datasets/Conna/eMotions/data/eMotions_chunk_118.parquet,bb97b7453720968aa6793bd962a8880a459acadc,Relaxation,positive,14.5,4dfee079ece50c5a85f0b934665aed3ccc9f1002cba37317182e1bb373719984,positive/relaxation/positive_relaxation_2128_00029256.mp4,False,
emotion:00029258.mp4,00029258.mp4,eMotions_chunk_118.parquet,datasets/Conna/eMotions/data/eMotions_chunk_118.parquet,bb97b7453720968aa6793bd962a8880a459acadc,Relaxation,positive,14.433333,84cdf88b92fba5b2ce9323219007a85a9825e7dea71ea7f8cd56706ac2aa6a57,positive/relaxation/positive_relaxation_2129_00029258.mp4,False,
emotion:00029259.mp4,00029259.mp4,eMotions_chunk_118.parquet,datasets/Conna/eMotions/data/eMotions_chunk_118.parquet,bb97b7453720968aa6793bd962a8880a459acadc,Relaxation,positive,6.963991,12199df86ce1da6aa02626c6f7c5b22da75e6038519190dc449d392220f08e49,positive/relaxation/positive_relaxation_2130_00029259.mp4,False,
emotion:00029261.mp4,00029261.mp4,eMotions_chunk_118.parquet,datasets/Conna/eMotions/data/eMotions_chunk_118.parquet,bb97b7453720968aa6793bd962a8880a459acadc,Relaxation,positive,18.411995,aa03ceea12ff6b189b31eecd99eb92663d7e851fe6678025ebd8c9d1c7d005f6,positive/relaxation/positive_relaxation_2131_00029261.mp4,False,
emotion:00029262.mp4,00029262.mp4,eMotions_chunk_118.parquet,datasets/Conna/eMotions/data/eMotions_chunk_118.parquet,bb97b7453720968aa6793bd962a8880a459acadc,Relaxation,positive,19.666667,65d984015684105f6072fa672bb208172bf959c5cdc6d881077ff56cd2ee27ce,positive/relaxation/positive_relaxation_2132_00029262.mp4,False,
emotion:00029263.mp4,00029263.mp4,eMotions_chunk_118.parquet,datasets/Conna/eMotions/data/eMotions_chunk_118.parquet,bb97b7453720968aa6793bd962a8880a459acadc,Relaxation,positive,29.652993,f4c3d3816ad95a94dd46847336423f89f433a992e07fbf8a1f561a4ba72dc8e4,positive/relaxation/positive_relaxation_2133_00029263.mp4,False,
emotion:00029264.mp4,00029264.mp4,eMotions_chunk_118.parquet,datasets/Conna/eMotions/data/eMotions_chunk_118.parquet,bb97b7453720968aa6793bd962a8880a459acadc,Relaxation,positive,13.166667,b224af869c38c0a57274542e15ea9f0dcf053fe65a0413f866abd0a42928cef5,positive/relaxation/positive_relaxation_2134_00029264.mp4,False,
emotion:00029265.mp4,00029265.mp4,eMotions_chunk_118.parquet,datasets/Conna/eMotions/data/eMotions_chunk_118.parquet,bb97b7453720968aa6793bd962a8880a459acadc,Relaxation,positive,8.166667,af3ed9e7314c8da3eaa923284e89eea9427748bffd70dbc5d08ae145b792d6b7,positive/relaxation/positive_relaxation_2135_00029265.mp4,False,
emotion:00029266.mp4,00029266.mp4,eMotions_chunk_118.parquet,datasets/Conna/eMotions/data/eMotions_chunk_118.parquet,bb97b7453720968aa6793bd962a8880a459acadc,Relaxation,positive,34.833333,1c0affdb8e7ef0682e17b1617002a1f3798c507180a2a4f12288519692bfa071,positive/relaxation/positive_relaxation_2136_00029266.mp4,False,
emotion:00029267.mp4,00029267.mp4,eMotions_chunk_118.parquet,datasets/Conna/eMotions/data/eMotions_chunk_118.parquet,bb97b7453720968aa6793bd962a8880a459acadc,Relaxation,positive,9.5,9f651cd3e250bd471eb9901bb7cf5dcc3b501f141b5d004b3619e9285e135d47,positive/relaxation/positive_relaxation_2137_00029267.mp4,False,
emotion:00029268.mp4,00029268.mp4,eMotions_chunk_118.parquet,datasets/Conna/eMotions/data/eMotions_chunk_118.parquet,bb97b7453720968aa6793bd962a8880a459acadc,Relaxation,positive,14.672993,be31301b4e54146eebb6e7a02530d06cfd4e4b3d08dce905aaba5835db2cd1bb,positive/relaxation/positive_relaxation_2138_00029268.mp4,False,
emotion:00029269.mp4,00029269.mp4,eMotions_chunk_118.parquet,datasets/Conna/eMotions/data/eMotions_chunk_118.parquet,bb97b7453720968aa6793bd962a8880a459acadc,Relaxation,positive,59.0,1f33c391674ae600fa988c14a98d8a8c4b77e387e7b1e079910e31003c1bc8e5,positive/relaxation/positive_relaxation_2139_00029269.mp4,False,
emotion:00029270.mp4,00029270.mp4,eMotions_chunk_118.parquet,datasets/Conna/eMotions/data/eMotions_chunk_118.parquet,bb97b7453720968aa6793bd962a8880a459acadc,Relaxation,positive,16.1,1a65808f8853a621e868bda014834a9c09e33655fd2fa9b44f7e0ec6602ae0d8,positive/relaxation/positive_relaxation_2140_00029270.mp4,False,
emotion:00029271.mp4,00029271.mp4,eMotions_chunk_118.parquet,datasets/Conna/eMotions/data/eMotions_chunk_118.parquet,bb97b7453720968aa6793bd962a8880a459acadc,Relaxation,positive,14.033333,87541c9937e4f48d125585e29ce615cd38649bc61545d8b7e93b3299332d4564,positive/relaxation/positive_relaxation_2141_00029271.mp4,False,
emotion:00029272.mp4,00029272.mp4,eMotions_chunk_118.parquet,datasets/Conna/eMotions/data/eMotions_chunk_118.parquet,bb97b7453720968aa6793bd962a8880a459acadc,Relaxation,positive,13.233991,54f72c71195a9a24c73ddcf06f89d9e1f0de002bab01a132e5222cc0f403382a,positive/relaxation/positive_relaxation_2142_00029272.mp4,False,
emotion:00029273.mp4,00029273.mp4,eMotions_chunk_118.parquet,datasets/Conna/eMotions/data/eMotions_chunk_118.parquet,bb97b7453720968aa6793bd962a8880a459acadc,Relaxation,positive,34.0,4187fbd05637a1822a4a3879a1703be78d728f53c3e9be2598c3694123490464,positive/relaxation/positive_relaxation_2143_00029273.mp4,False,
emotion:00029274.mp4,00029274.mp4,eMotions_chunk_118.parquet,datasets/Conna/eMotions/data/eMotions_chunk_118.parquet,bb97b7453720968aa6793bd962a8880a459acadc,Relaxation,positive,8.751995,bd642b09c01e70f560dffc6635548faad80cb21a5f739fa64274fcf2a80e4e84,positive/relaxation/positive_relaxation_2144_00029274.mp4,False,
emotion:00029275.mp4,00029275.mp4,eMotions_chunk_118.parquet,datasets/Conna/eMotions/data/eMotions_chunk_118.parquet,bb97b7453720968aa6793bd962a8880a459acadc,Relaxation,positive,24.96,85614263d5b99ebf03e261ce027faeb9c635730ccd8bdaa05cbdafa0bb0a355a,positive/relaxation/positive_relaxation_2145_00029275.mp4,False,
emotion:00029276.mp4,00029276.mp4,eMotions_chunk_118.parquet,datasets/Conna/eMotions/data/eMotions_chunk_118.parquet,bb97b7453720968aa6793bd962a8880a459acadc,Relaxation,positive,31.9,641b871df6ae652dd49f767d40c4f627601cd277178e93d807f461167b9d6592,positive/relaxation/positive_relaxation_2146_00029276.mp4,False,
emotion:00029277.mp4,00029277.mp4,eMotions_chunk_118.parquet,datasets/Conna/eMotions/data/eMotions_chunk_118.parquet,bb97b7453720968aa6793bd962a8880a459acadc,Relaxation,positive,10.066667,33a0a775921158b1399ce5e3f92bba591cda9017ec3ac852aa06fbadb463f4ec,positive/relaxation/positive_relaxation_2147_00029277.mp4,False,
emotion:00029278.mp4,00029278.mp4,eMotions_chunk_118.parquet,datasets/Conna/eMotions/data/eMotions_chunk_118.parquet,bb97b7453720968aa6793bd962a8880a459acadc,Relaxation,positive,15.0,73610260f4091de6789ba6fdec36c90851ba7e789e7fd600a1e9265d79e0f385,positive/relaxation/positive_relaxation_2148_00029278.mp4,False,
emotion:00029279.mp4,00029279.mp4,eMotions_chunk_118.parquet,datasets/Conna/eMotions/data/eMotions_chunk_118.parquet,bb97b7453720968aa6793bd962a8880a459acadc,Relaxation,positive,12.116667,d07966e49acb198875ceafe27c7ab06f75189ed2cf36968028f5ab398e31df32,positive/relaxation/positive_relaxation_2149_00029279.mp4,False,
emotion:00029280.mp4,00029280.mp4,eMotions_chunk_118.parquet,datasets/Conna/eMotions/data/eMotions_chunk_118.parquet,bb97b7453720968aa6793bd962a8880a459acadc,Relaxation,positive,20.037007,409f68d5346281b928af0e170054f2a0f250b97f698c0ceacf7c05120356d036,positive/relaxation/positive_relaxation_2150_00029280.mp4,False,
emotion:00029281.mp4,00029281.mp4,eMotions_chunk_118.parquet,datasets/Conna/eMotions/data/eMotions_chunk_118.parquet,bb97b7453720968aa6793bd962a8880a459acadc,Relaxation,positive,14.066667,4e4eac5f41331b15f57f9a424f2622a3bc45e86df6eef9ea008620b366df960b,positive/relaxation/positive_relaxation_2151_00029281.mp4,False,
emotion:00029282.mp4,00029282.mp4,eMotions_chunk_118.parquet,datasets/Conna/eMotions/data/eMotions_chunk_118.parquet,bb97b7453720968aa6793bd962a8880a459acadc,Relaxation,positive,31.664998,11ad2a320169d66ecf59a11b389616c42a7ac436a7f1a6b21f674a621c70561e,positive/relaxation/positive_relaxation_2152_00029282.mp4,False,
emotion:00029283.mp4,00029283.mp4,eMotions_chunk_118.parquet,datasets/Conna/eMotions/data/eMotions_chunk_118.parquet,bb97b7453720968aa6793bd962a8880a459acadc,Relaxation,positive,14.566667,85332d779c01300bfed9508fdb4caa196bedf044832f24ae63c6c740b76567cb,positive/relaxation/positive_relaxation_2153_00029283.mp4,False,
emotion:00029284.mp4,00029284.mp4,eMotions_chunk_118.parquet,datasets/Conna/eMotions/data/eMotions_chunk_118.parquet,bb97b7453720968aa6793bd962a8880a459acadc,Relaxation,positive,22.033991,f23e3ae2760d8c1604fcde9fcbd03ca726d735d4a26d63228e6953de282d5535,positive/relaxation/positive_relaxation_2154_00029284.mp4,False,
emotion:00029286.mp4,00029286.mp4,eMotions_chunk_118.parquet,datasets/Conna/eMotions/data/eMotions_chunk_118.parquet,bb97b7453720968aa6793bd962a8880a459acadc,Relaxation,positive,30.08,481a28cc2aa49bf178cb754a574d1bb3e1e1ab4afe5de715698064e725a7f1f3,positive/relaxation/positive_relaxation_2155_00029286.mp4,False,
emotion:00029287.mp4,00029287.mp4,eMotions_chunk_118.parquet,datasets/Conna/eMotions/data/eMotions_chunk_118.parquet,bb97b7453720968aa6793bd962a8880a459acadc,Relaxation,positive,15.9,243845e7b536c0b55bae92c42a93c447951959e273e39eedc747432c242a2e9a,positive/relaxation/positive_relaxation_2156_00029287.mp4,False,
emotion:00029288.mp4,00029288.mp4,eMotions_chunk_118.parquet,datasets/Conna/eMotions/data/eMotions_chunk_118.parquet,bb97b7453720968aa6793bd962a8880a459acadc,Relaxation,positive,30.08,6d86bc573b54fcf796bca3d18820186151f8606cb815c2a3239b7970c6d23353,positive/relaxation/positive_relaxation_2157_00029288.mp4,False,
emotion:00029289.mp4,00029289.mp4,eMotions_chunk_118.parquet,datasets/Conna/eMotions/data/eMotions_chunk_118.parquet,bb97b7453720968aa6793bd962a8880a459acadc,Relaxation,positive,10.966667,b13cb0edbcea764c90de1391bc068aa7b8647f75e1dd28181b5145c8cf3d31a8,positive/relaxation/positive_relaxation_2158_00029289.mp4,False,
emotion:00029290.mp4,00029290.mp4,eMotions_chunk_118.parquet,datasets/Conna/eMotions/data/eMotions_chunk_118.parquet,bb97b7453720968aa6793bd962a8880a459acadc,Relaxation,positive,30.08,029e1d06a3b32a175b7440a98adb223f9a1e2acd2ea78f19a5423cf20e5b3f2c,positive/relaxation/positive_relaxation_2159_00029290.mp4,False,
emotion:00029291.mp4,00029291.mp4,eMotions_chunk_118.parquet,datasets/Conna/eMotions/data/eMotions_chunk_118.parquet,bb97b7453720968aa6793bd962a8880a459acadc,Relaxation,positive,12.466667,a5ab6e55d8bcce2a4b02ca0509e83de4606b5d916212db342496e33acd5b5a5f,positive/relaxation/positive_relaxation_2160_00029291.mp4,False,
emotion:00029292.mp4,00029292.mp4,eMotions_chunk_118.parquet,datasets/Conna/eMotions/data/eMotions_chunk_118.parquet,bb97b7453720968aa6793bd962a8880a459acadc,Relaxation,positive,30.06,a3537d18a88c6b6a4ddd05ac7be85028923d675042a992dd002f7e928019bedf,positive/relaxation/positive_relaxation_2161_00029292.mp4,False,
emotion:00029293.mp4,00029293.mp4,eMotions_chunk_118.parquet,datasets/Conna/eMotions/data/eMotions_chunk_118.parquet,bb97b7453720968aa6793bd962a8880a459acadc,Relaxation,positive,11.050998,005cf19eb89479ae6815e138e3f366bdf609fb29ec119ba76cb573219b577d13,positive/relaxation/positive_relaxation_2162_00029293.mp4,False,
emotion:00029294.mp4,00029294.mp4,eMotions_chunk_118.parquet,datasets/Conna/eMotions/data/eMotions_chunk_118.parquet,bb97b7453720968aa6793bd962a8880a459acadc,Relaxation,positive,30.08,10d1e9cfd85b8a881ffd105fff3580970865e00471722104ea5a8f4721b3aaf9,positive/relaxation/positive_relaxation_2163_00029294.mp4,False,
emotion:00029295.mp4,00029295.mp4,eMotions_chunk_118.parquet,datasets/Conna/eMotions/data/eMotions_chunk_118.parquet,bb97b7453720968aa6793bd962a8880a459acadc,Relaxation,positive,8.068966,fcabdf273abdc094b995c320c6220a3664ac407284e7b3163961b97cdbc93682,positive/relaxation/positive_relaxation_2164_00029295.mp4,False,
emotion:00029296.mp4,00029296.mp4,eMotions_chunk_118.parquet,datasets/Conna/eMotions/data/eMotions_chunk_118.parquet,bb97b7453720968aa6793bd962a8880a459acadc,Relaxation,positive,28.031995,6980d5ad459ba0d4e08beaaddc800b8e2f3d4826e685ebbb493a3637fefb98a0,positive/relaxation/positive_relaxation_2165_00029296.mp4,False,
emotion:00029298.mp4,00029298.mp4,eMotions_chunk_118.parquet,datasets/Conna/eMotions/data/eMotions_chunk_118.parquet,bb97b7453720968aa6793bd962a8880a459acadc,Relaxation,positive,6.965517,61b7e3aa8d4fdca8fd598122fff2f644c8910330b97332aeae63031c29391986,positive/relaxation/positive_relaxation_2166_00029298.mp4,False,
emotion:00029299.mp4,00029299.mp4,eMotions_chunk_118.parquet,datasets/Conna/eMotions/data/eMotions_chunk_118.parquet,bb97b7453720968aa6793bd962a8880a459acadc,Relaxation,positive,30.08,92a8f96923641b04479f195bd68f381e89899c082ef849466565b531c20616fb,positive/relaxation/positive_relaxation_2167_00029299.mp4,False,
emotion:00029300.mp4,00029300.mp4,eMotions_chunk_118.parquet,datasets/Conna/eMotions/data/eMotions_chunk_118.parquet,bb97b7453720968aa6793bd962a8880a459acadc,Relaxation,positive,33.233333,d1e2a9185fbf1a986f49fad1ad39872edd99bd46c9736d71c69e9a1400d3bbac,positive/relaxation/positive_relaxation_2168_00029300.mp4,False,
emotion:00029301.mp4,00029301.mp4,eMotions_chunk_118.parquet,datasets/Conna/eMotions/data/eMotions_chunk_118.parquet,bb97b7453720968aa6793bd962a8880a459acadc,Relaxation,positive,15.068966,203b247bbf79d060a0df8535ff0e7db195885f01916e8098aa50eec5d6c8efa9,positive/relaxation/positive_relaxation_2169_00029301.mp4,False,
emotion:00029303.mp4,00029303.mp4,eMotions_chunk_118.parquet,datasets/Conna/eMotions/data/eMotions_chunk_118.parquet,bb97b7453720968aa6793bd962a8880a459acadc,Relaxation,positive,7.311995,18b3cbc7fafef22acdf154c7c75f7142c73da740e11732a78b9628c45a0d4732,positive/relaxation/positive_relaxation_2170_00029303.mp4,False,
emotion:00029308.mp4,00029308.mp4,eMotions_chunk_118.parquet,datasets/Conna/eMotions/data/eMotions_chunk_118.parquet,bb97b7453720968aa6793bd962a8880a459acadc,Relaxation,positive,12.4,4c57db6778410bb6b5ca178ca00ad0e32f2c3f78a5c36f174f1c76cb1e5ef4ae,positive/relaxation/positive_relaxation_2171_00029308.mp4,False,
emotion:00029309.mp4,00029309.mp4,eMotions_chunk_118.parquet,datasets/Conna/eMotions/data/eMotions_chunk_118.parquet,bb97b7453720968aa6793bd962a8880a459acadc,Relaxation,positive,6.546009,0239f428e24ca098deb72a3d05d14d68535413bda2803a533a9706863070077e,positive/relaxation/positive_relaxation_2172_00029309.mp4,False,
emotion:00029310.mp4,00029310.mp4,eMotions_chunk_118.parquet,datasets/Conna/eMotions/data/eMotions_chunk_118.parquet,bb97b7453720968aa6793bd962a8880a459acadc,Relaxation,positive,11.237007,ea2c13112a53c1570761324b7da2ce01347115d04f405d4522dca315861f6f35,positive/relaxation/positive_relaxation_2173_00029310.mp4,False,
emotion:00029313.mp4,00029313.mp4,eMotions_chunk_118.parquet,datasets/Conna/eMotions/data/eMotions_chunk_118.parquet,bb97b7453720968aa6793bd962a8880a459acadc,Relaxation,positive,16.136009,3cdb38f528225b7560306fe7e51f200cd27085c9e5fc41e967e6e886f07a6bcd,positive/relaxation/positive_relaxation_2174_00029313.mp4,False,
emotion:00029314.mp4,00029314.mp4,eMotions_chunk_118.parquet,datasets/Conna/eMotions/data/eMotions_chunk_118.parquet,bb97b7453720968aa6793bd962a8880a459acadc,Relaxation,positive,59.033333,a96ceab1773e0a91a97bf92e068f55c04fc088a3d5333a2b60ec9f9cd40bd08b,positive/relaxation/positive_relaxation_2175_00029314.mp4,False,
emotion:00029315.mp4,00029315.mp4,eMotions_chunk_118.parquet,datasets/Conna/eMotions/data/eMotions_chunk_118.parquet,bb97b7453720968aa6793bd962a8880a459acadc,Relaxation,positive,14.209002,51c294e474a76f9bce90da67c7da4f29488b9a7b597389ae0a972c2c8f262dd9,positive/relaxation/positive_relaxation_2176_00029315.mp4,False,
emotion:00029861.mp4,00029861.mp4,eMotions_chunk_123.parquet,datasets/Conna/eMotions/data/eMotions_chunk_123.parquet,bb97b7453720968aa6793bd962a8880a459acadc,Relaxation,positive,9.217007,d5ec34e86cb63381bab69d1fe58059133bd8ab8e0f403a4221323d80f8f0b413,positive/relaxation/positive_relaxation_2177_00029861.mp4,False,
emotion:00029862.mp4,00029862.mp4,eMotions_chunk_123.parquet,datasets/Conna/eMotions/data/eMotions_chunk_123.parquet,bb97b7453720968aa6793bd962a8880a459acadc,Relaxation,positive,14.975011,d8cfbadfe6d221dc677bbd823fb1c3b674ca3fcd2db58fdd9a5d44aafd44a9f2,positive/relaxation/positive_relaxation_2178_00029862.mp4,False,
emotion:00029864.mp4,00029864.mp4,eMotions_chunk_123.parquet,datasets/Conna/eMotions/data/eMotions_chunk_123.parquet,bb97b7453720968aa6793bd962a8880a459acadc,Relaxation,positive,18.921995,48cb1c310bbccff0e7851d47812b7a0c423a80e5880ced3ad258fa0e16fc319b,positive/relaxation/positive_relaxation_2179_00029864.mp4,False,
emotion:00029865.mp4,00029865.mp4,eMotions_chunk_123.parquet,datasets/Conna/eMotions/data/eMotions_chunk_123.parquet,bb97b7453720968aa6793bd962a8880a459acadc,Relaxation,positive,11.770998,f876b009533b01b08d75db85be84deef0ee22f1395e564860f931167d79edc58,positive/relaxation/positive_relaxation_2180_00029865.mp4,False,
emotion:00029866.mp4,00029866.mp4,eMotions_chunk_123.parquet,datasets/Conna/eMotions/data/eMotions_chunk_123.parquet,bb97b7453720968aa6793bd962a8880a459acadc,Relaxation,positive,9.658005,c87ab8c3f9f86c0fdfae7633179ad75dbd509573457086a6926e01712a8dcf4c,positive/relaxation/positive_relaxation_2181_00029866.mp4,False,
emotion:00029867.mp4,00029867.mp4,eMotions_chunk_123.parquet,datasets/Conna/eMotions/data/eMotions_chunk_123.parquet,bb97b7453720968aa6793bd962a8880a459acadc,Relaxation,positive,8.009002,d8c6b22d056ab42f496d92248abb0d7d974feab2db89a75e92d0c318b4cf7ae3,positive/relaxation/positive_relaxation_2182_00029867.mp4,False,
emotion:00029868.mp4,00029868.mp4,eMotions_chunk_123.parquet,datasets/Conna/eMotions/data/eMotions_chunk_123.parquet,bb97b7453720968aa6793bd962a8880a459acadc,Relaxation,positive,20.06,c32b3d1cecb5fe4b99c2c0fdd84c08f38529903e0938146b6a0aa3fd640a44bf,positive/relaxation/positive_relaxation_2183_00029868.mp4,False,
emotion:00029869.mp4,00029869.mp4,eMotions_chunk_123.parquet,datasets/Conna/eMotions/data/eMotions_chunk_123.parquet,bb97b7453720968aa6793bd962a8880a459acadc,Relaxation,positive,8.659002,288dbaf692835d748205c5162e20b5f5c2a13a27d4f8480407b5dd1f3ab107e0,positive/relaxation/positive_relaxation_2184_00029869.mp4,False,
emotion:00029870.mp4,00029870.mp4,eMotions_chunk_123.parquet,datasets/Conna/eMotions/data/eMotions_chunk_123.parquet,bb97b7453720968aa6793bd962a8880a459acadc,Relaxation,positive,8.009002,e2c6e6e1fab5425255d6ef6d61a21553bf35c76490d51032c8bc429d3e0cb582,positive/relaxation/positive_relaxation_2185_00029870.mp4,False,
emotion:00029871.mp4,00029871.mp4,eMotions_chunk_123.parquet,datasets/Conna/eMotions/data/eMotions_chunk_123.parquet,bb97b7453720968aa6793bd962a8880a459acadc,Relaxation,positive,8.380998,8ab487492b9dfcd805f605af95ca35bf22de4b6564ff9cdfff06507ef2d37334,positive/relaxation/positive_relaxation_2186_00029871.mp4,False,
emotion:00029872.mp4,00029872.mp4,eMotions_chunk_123.parquet,datasets/Conna/eMotions/data/eMotions_chunk_123.parquet,bb97b7453720968aa6793bd962a8880a459acadc,Relaxation,positive,14.0,66957f84452f16553e618f7ecea78216d8a7911ff26a7e8675fa384c1aa09893,positive/relaxation/positive_relaxation_2187_00029872.mp4,False,
emotion:00029874.mp4,00029874.mp4,eMotions_chunk_123.parquet,datasets/Conna/eMotions/data/eMotions_chunk_123.parquet,bb97b7453720968aa6793bd962a8880a459acadc,Relaxation,positive,11.352993,2b8f39ff037609fc01934e59943a9a3a8229392fd71d4ae39212d954cce2f82f,positive/relaxation/positive_relaxation_2188_00029874.mp4,False,
emotion:00029876.mp4,00029876.mp4,eMotions_chunk_123.parquet,datasets/Conna/eMotions/data/eMotions_chunk_123.parquet,bb97b7453720968aa6793bd962a8880a459acadc,Relaxation,positive,8.009002,b869026043c4d2a774ff77041649d9a55c45b782ca35727585d7ca5275f329c5,positive/relaxation/positive_relaxation_2189_00029876.mp4,False,
emotion:00029877.mp4,00029877.mp4,eMotions_chunk_123.parquet,datasets/Conna/eMotions/data/eMotions_chunk_123.parquet,bb97b7453720968aa6793bd962a8880a459acadc,Relaxation,positive,10.819002,a99a873d5059f14fa27b4d6705874c3676e891796b1fb2536c1d048fab9c71be,positive/relaxation/positive_relaxation_2190_00029877.mp4,False,
emotion:00029879.mp4,00029879.mp4,eMotions_chunk_123.parquet,datasets/Conna/eMotions/data/eMotions_chunk_123.parquet,bb97b7453720968aa6793bd962a8880a459acadc,Relaxation,positive,18.633333,22bf9d7c73e29679c72ff4c5aa13b5df5764757112bcfbb6c265bef8eb956e09,positive/relaxation/positive_relaxation_2191_00029879.mp4,False,
emotion:00029882.mp4,00029882.mp4,eMotions_chunk_123.parquet,datasets/Conna/eMotions/data/eMotions_chunk_123.parquet,bb97b7453720968aa6793bd962a8880a459acadc,Relaxation,positive,13.93,c2482273b3f61994aa8fd69b383705bbd66521c002cf97a508081a0029e19171,positive/relaxation/positive_relaxation_2192_00029882.mp4,False,
emotion:00029883.mp4,00029883.mp4,eMotions_chunk_123.parquet,datasets/Conna/eMotions/data/eMotions_chunk_123.parquet,bb97b7453720968aa6793bd962a8880a459acadc,Relaxation,positive,12.002993,f219daeddcea55301602be7b4a64233594eb34b63fad38d3d524b0dd0790e4bf,positive/relaxation/positive_relaxation_2193_00029883.mp4,False,
emotion:00029884.mp4,00029884.mp4,eMotions_chunk_123.parquet,datasets/Conna/eMotions/data/eMotions_chunk_123.parquet,bb97b7453720968aa6793bd962a8880a459acadc,Relaxation,positive,15.020998,d491a5f828f7ce2c40302f398c06c602f3d01b81423867b9967b1f142294e5f3,positive/relaxation/positive_relaxation_2194_00029884.mp4,False,
emotion:00029887.mp4,00029887.mp4,eMotions_chunk_123.parquet,datasets/Conna/eMotions/data/eMotions_chunk_123.parquet,bb97b7453720968aa6793bd962a8880a459acadc,Relaxation,positive,9.449002,12bd3d8c9b3a352a53371e728b3fdcb5ecdd772c4ba5488750057a1711eb3d5e,positive/relaxation/positive_relaxation_2195_00029887.mp4,False,
emotion:00029888.mp4,00029888.mp4,eMotions_chunk_123.parquet,datasets/Conna/eMotions/data/eMotions_chunk_123.parquet,bb97b7453720968aa6793bd962a8880a459acadc,Relaxation,positive,8.218005,688a5238c51eb8353cb75792d652c92922e5f066a89ec26a4cdc5e58c3263611,positive/relaxation/positive_relaxation_2196_00029888.mp4,False,
emotion:00029889.mp4,00029889.mp4,eMotions_chunk_123.parquet,datasets/Conna/eMotions/data/eMotions_chunk_123.parquet,bb97b7453720968aa6793bd962a8880a459acadc,Relaxation,positive,8.009002,0836f608c23d18327a556721b16fa0bd91a03a7a136bad6991daa69254b5ba76,positive/relaxation/positive_relaxation_2197_00029889.mp4,False,
emotion:00029890.mp4,00029890.mp4,eMotions_chunk_123.parquet,datasets/Conna/eMotions/data/eMotions_chunk_123.parquet,bb97b7453720968aa6793bd962a8880a459acadc,Relaxation,positive,13.675011,236d15527ca1d5db89922637e71b95b21ce3681e54a6fc92ecc12fe00a8f3f94,positive/relaxation/positive_relaxation_2198_00029890.mp4,False,
emotion:00029891.mp4,00029891.mp4,eMotions_chunk_123.parquet,datasets/Conna/eMotions/data/eMotions_chunk_123.parquet,bb97b7453720968aa6793bd962a8880a459acadc,Relaxation,positive,18.366667,22447477112e49110192cc41aa96f147d50f4246f2215ae4529d72ebdc9999fb,positive/relaxation/positive_relaxation_2199_00029891.mp4,False,
emotion:00029892.mp4,00029892.mp4,eMotions_chunk_123.parquet,datasets/Conna/eMotions/data/eMotions_chunk_123.parquet,bb97b7453720968aa6793bd962a8880a459acadc,Relaxation,positive,8.009002,fa505419111abfa94384c3b1776b676e0a3431241725523b4182bb35ddeedc72,positive/relaxation/positive_relaxation_2200_00029892.mp4,False,
emotion:00029893.mp4,00029893.mp4,eMotions_chunk_123.parquet,datasets/Conna/eMotions/data/eMotions_chunk_123.parquet,bb97b7453720968aa6793bd962a8880a459acadc,Relaxation,positive,8.52,9dfeb38be260b5a29db0af1470e344d47d448da4c1756f9dcbdd86fd450819a3,positive/relaxation/positive_relaxation_2201_00029893.mp4,False,
emotion:00029894.mp4,00029894.mp4,eMotions_chunk_123.parquet,datasets/Conna/eMotions/data/eMotions_chunk_123.parquet,bb97b7453720968aa6793bd962a8880a459acadc,Relaxation,positive,11.561995,a9924b0bed72d546877bf6204be17d7d2cbef8bad84d07b20f2d13ea9ae9a56b,positive/relaxation/positive_relaxation_2202_00029894.mp4,False,
emotion:00029895.mp4,00029895.mp4,eMotions_chunk_123.parquet,datasets/Conna/eMotions/data/eMotions_chunk_123.parquet,bb97b7453720968aa6793bd962a8880a459acadc,Relaxation,positive,8.056009,7c9c40228b12ace3e5d82961318bbb83881cce24ca8303fe9303138f09ec983c,positive/relaxation/positive_relaxation_2203_00029895.mp4,False,
emotion:00029896.mp4,00029896.mp4,eMotions_chunk_123.parquet,datasets/Conna/eMotions/data/eMotions_chunk_123.parquet,bb97b7453720968aa6793bd962a8880a459acadc,Relaxation,positive,12.002993,b20ce7eac2ae90ef3b0164d7f1dc3a4a5347508c7e61b7cd8e4c55211d6b82a2,positive/relaxation/positive_relaxation_2204_00029896.mp4,False,
emotion:00029898.mp4,00029898.mp4,eMotions_chunk_123.parquet,datasets/Conna/eMotions/data/eMotions_chunk_123.parquet,bb97b7453720968aa6793bd962a8880a459acadc,Relaxation,positive,8.890998,1c7c06d6addb6f7769ac459d35361cfd5684d4df2889e665e8eb22198d3738a1,positive/relaxation/positive_relaxation_2205_00029898.mp4,False,
emotion:00029899.mp4,00029899.mp4,eMotions_chunk_123.parquet,datasets/Conna/eMotions/data/eMotions_chunk_123.parquet,bb97b7453720968aa6793bd962a8880a459acadc,Relaxation,positive,8.009002,15452c1bd7bf4ff88875af4ea8d7376160edd401861ff5e0ec013924a1b14a9b,positive/relaxation/positive_relaxation_2206_00029899.mp4,False,
emotion:00029903.mp4,00029903.mp4,eMotions_chunk_123.parquet,datasets/Conna/eMotions/data/eMotions_chunk_123.parquet,bb97b7453720968aa6793bd962a8880a459acadc,Relaxation,positive,9.333333,c2b20a6df09c4a5cde210fd0ef662a64b9068ec9f175f89a78d0f42609784be1,positive/relaxation/positive_relaxation_2207_00029903.mp4,False,
emotion:00029904.mp4,00029904.mp4,eMotions_chunk_123.parquet,datasets/Conna/eMotions/data/eMotions_chunk_123.parquet,bb97b7453720968aa6793bd962a8880a459acadc,Relaxation,positive,15.0,a308f62c048ec00297a3540ff032e189a468abfb06489487bcf3919db195fb3a,positive/relaxation/positive_relaxation_2208_00029904.mp4,False,
emotion:00029906.mp4,00029906.mp4,eMotions_chunk_123.parquet,datasets/Conna/eMotions/data/eMotions_chunk_123.parquet,bb97b7453720968aa6793bd962a8880a459acadc,Relaxation,positive,15.0,747d17b2146cc694f8e711595b4a8ed60bd4ecb92345064ef0a4847a7ab3d6f9,positive/relaxation/positive_relaxation_2209_00029906.mp4,False,
emotion:00029908.mp4,00029908.mp4,eMotions_chunk_123.parquet,datasets/Conna/eMotions/data/eMotions_chunk_123.parquet,bb97b7453720968aa6793bd962a8880a459acadc,Relaxation,positive,14.951995,d0baf95109445afb3cfdc170880cc832dbbea45d4a78b2d322eb7c8cf9f95e77,positive/relaxation/positive_relaxation_2210_00029908.mp4,False,
emotion:00029911.mp4,00029911.mp4,eMotions_chunk_123.parquet,datasets/Conna/eMotions/data/eMotions_chunk_123.parquet,bb97b7453720968aa6793bd962a8880a459acadc,Relaxation,positive,15.018005,5ebf9290a73c5e958355429aae0803269a8b9597b8bd665b676bd46945616e0a,positive/relaxation/positive_relaxation_2211_00029911.mp4,False,
emotion:00029912.mp4,00029912.mp4,eMotions_chunk_123.parquet,datasets/Conna/eMotions/data/eMotions_chunk_123.parquet,bb97b7453720968aa6793bd962a8880a459acadc,Relaxation,positive,8.336009,e9f767350c7921c4becc680ad3cb3780b78428aab0be5fa67a60a84ad1c5b461,positive/relaxation/positive_relaxation_2212_00029912.mp4,False,
emotion:00029914.mp4,00029914.mp4,eMotions_chunk_123.parquet,datasets/Conna/eMotions/data/eMotions_chunk_123.parquet,bb97b7453720968aa6793bd962a8880a459acadc,Relaxation,positive,11.566667,1d1d688899ff4b98b044768a8507f179b7e01394fa70c5c42a8474406527ce70,positive/relaxation/positive_relaxation_2213_00029914.mp4,False,
emotion:00029915.mp4,00029915.mp4,eMotions_chunk_123.parquet,datasets/Conna/eMotions/data/eMotions_chunk_123.parquet,bb97b7453720968aa6793bd962a8880a459acadc,Relaxation,positive,10.517007,f0780877d2d7492e9252b169c13e8526cd45eb908aedb63c237ce7a2dd0e7467,positive/relaxation/positive_relaxation_2214_00029915.mp4,False,
emotion:00029916.mp4,00029916.mp4,eMotions_chunk_123.parquet,datasets/Conna/eMotions/data/eMotions_chunk_123.parquet,bb97b7453720968aa6793bd962a8880a459acadc,Relaxation,positive,8.0,9998906f8b90bbd5ba75fbc1b74f7c0de7a11a69591b60d26059516f6a87065a,positive/relaxation/positive_relaxation_2215_00029916.mp4,False,
emotion:00029918.mp4,00029918.mp4,eMotions_chunk_123.parquet,datasets/Conna/eMotions/data/eMotions_chunk_123.parquet,bb97b7453720968aa6793bd962a8880a459acadc,Relaxation,positive,8.009002,819f231d50f09a0aa364d3d772a987ccfa59adb5b00b87a7b7e6bab55ee45bac,positive/relaxation/positive_relaxation_2216_00029918.mp4,False,
emotion:00029919.mp4,00029919.mp4,eMotions_chunk_123.parquet,datasets/Conna/eMotions/data/eMotions_chunk_123.parquet,bb97b7453720968aa6793bd962a8880a459acadc,Relaxation,positive,8.7,24337985264a935962e36adab4b845d46a73e0ac4c57b41049900f1a362e641a,positive/relaxation/positive_relaxation_2217_00029919.mp4,False,
emotion:00029920.mp4,00029920.mp4,eMotions_chunk_123.parquet,datasets/Conna/eMotions/data/eMotions_chunk_123.parquet,bb97b7453720968aa6793bd962a8880a459acadc,Relaxation,positive,9.192993,0754abfe042df5372c5446fe2bf6f160f04cfc3e3205b7168392c8d63a7fc918,positive/relaxation/positive_relaxation_2218_00029920.mp4,False,
emotion:00029921.mp4,00029921.mp4,eMotions_chunk_123.parquet,datasets/Conna/eMotions/data/eMotions_chunk_123.parquet,bb97b7453720968aa6793bd962a8880a459acadc,Relaxation,positive,15.0,3dda2f44b0db5c137ed3383c948b8d970a2af7b40f1e989b03617b68f42d9742,positive/relaxation/positive_relaxation_2219_00029921.mp4,False,
emotion:00029922.mp4,00029922.mp4,eMotions_chunk_123.parquet,datasets/Conna/eMotions/data/eMotions_chunk_123.parquet,bb97b7453720968aa6793bd962a8880a459acadc,Relaxation,positive,9.309002,31e2751a168f06f11b45feb4a65e4d298b40d3abc973451281a925278512b7ac,positive/relaxation/positive_relaxation_2220_00029922.mp4,False,
emotion:00029925.mp4,00029925.mp4,eMotions_chunk_123.parquet,datasets/Conna/eMotions/data/eMotions_chunk_123.parquet,bb97b7453720968aa6793bd962a8880a459acadc,Relaxation,positive,14.335986,07f0b0e0a24a9471cb519c05f4ee5435e4686da9665ce01e7f6d775942377384,positive/relaxation/positive_relaxation_2221_00029925.mp4,False,
emotion:00029926.mp4,00029926.mp4,eMotions_chunk_123.parquet,datasets/Conna/eMotions/data/eMotions_chunk_123.parquet,bb97b7453720968aa6793bd962a8880a459acadc,Relaxation,positive,17.109002,096a08d840d0cae5926eaf9fdc8f0e44bd84353740b37cedd98b249cc120bf86,positive/relaxation/positive_relaxation_2222_00029926.mp4,False,
emotion:00029928.mp4,00029928.mp4,eMotions_chunk_123.parquet,datasets/Conna/eMotions/data/eMotions_chunk_123.parquet,bb97b7453720968aa6793bd962a8880a459acadc,Relaxation,positive,9.008005,b463ef62f62d090dc7c1d94ba8e0b1849f7e104ee2083e1483efea8b0745c1bc,positive/relaxation/positive_relaxation_2223_00029928.mp4,False,
emotion:00029929.mp4,00029929.mp4,eMotions_chunk_123.parquet,datasets/Conna/eMotions/data/eMotions_chunk_123.parquet,bb97b7453720968aa6793bd962a8880a459acadc,Relaxation,positive,8.2,b60e94a7d6058d5ab2a3b2d1e669b353e2a4720a06975e4628523ade5dd8600b,positive/relaxation/positive_relaxation_2224_00029929.mp4,False,
emotion:00029930.mp4,00029930.mp4,eMotions_chunk_123.parquet,datasets/Conna/eMotions/data/eMotions_chunk_123.parquet,bb97b7453720968aa6793bd962a8880a459acadc,Relaxation,positive,11.533333,b77a9220a9497503835a030e7f36e9ce10876a8589c76b012d16d4cf954e71fe,positive/relaxation/positive_relaxation_2225_00029930.mp4,False,
emotion:00029932.mp4,00029932.mp4,eMotions_chunk_123.parquet,datasets/Conna/eMotions/data/eMotions_chunk_123.parquet,bb97b7453720968aa6793bd962a8880a459acadc,Relaxation,positive,9.7,025d99e43ff3bfd7c5df3a53cb23f3ccf2a1901d86295bb57b92311a1ae09945,positive/relaxation/positive_relaxation_2226_00029932.mp4,False,
emotion:00029933.mp4,00029933.mp4,eMotions_chunk_123.parquet,datasets/Conna/eMotions/data/eMotions_chunk_123.parquet,bb97b7453720968aa6793bd962a8880a459acadc,Relaxation,positive,8.079002,df087a2252bcf2d477f2280c2dcfe70e52bec1d5dee5f03fda0fe1ce32d6a7c3,positive/relaxation/positive_relaxation_2227_00029933.mp4,False,
emotion:00029934.mp4,00029934.mp4,eMotions_chunk_123.parquet,datasets/Conna/eMotions/data/eMotions_chunk_123.parquet,bb97b7453720968aa6793bd962a8880a459acadc,Relaxation,positive,13.666667,83a8a685d78fbad23fef900eb22e3739aab30ae8574010b1cb6771e8ee7085fa,positive/relaxation/positive_relaxation_2228_00029934.mp4,False,
emotion:00029935.mp4,00029935.mp4,eMotions_chunk_123.parquet,datasets/Conna/eMotions/data/eMotions_chunk_123.parquet,bb97b7453720968aa6793bd962a8880a459acadc,Relaxation,positive,8.7,b57eb115eb391e87ad1e75132baf0a94e1e2249b8214c81f7a79369e779ca9d7,positive/relaxation/positive_relaxation_2229_00029935.mp4,False,
emotion:00029936.mp4,00029936.mp4,eMotions_chunk_123.parquet,datasets/Conna/eMotions/data/eMotions_chunk_123.parquet,bb97b7453720968aa6793bd962a8880a459acadc,Relaxation,positive,12.138005,926e0780a0aeebf219998e5fc0cc02b3eaaddc8f249c37279d84e62f8548b131,positive/relaxation/positive_relaxation_2230_00029936.mp4,False,
emotion:00029938.mp4,00029938.mp4,eMotions_chunk_123.parquet,datasets/Conna/eMotions/data/eMotions_chunk_123.parquet,bb97b7453720968aa6793bd962a8880a459acadc,Relaxation,positive,12.5,ae3c3d4be8dad4f95d8275fb699f45325e5dcf9754da9e9eeb4a9a8276609125,positive/relaxation/positive_relaxation_2231_00029938.mp4,False,
emotion:00029939.mp4,00029939.mp4,eMotions_chunk_123.parquet,datasets/Conna/eMotions/data/eMotions_chunk_123.parquet,bb97b7453720968aa6793bd962a8880a459acadc,Relaxation,positive,8.009002,35c29beb1f992e44802ca6232f298067fa212b85dc039a3ed79bb4bbd5444dcb,positive/relaxation/positive_relaxation_2232_00029939.mp4,False,
emotion:00029940.mp4,00029940.mp4,eMotions_chunk_123.parquet,datasets/Conna/eMotions/data/eMotions_chunk_123.parquet,bb97b7453720968aa6793bd962a8880a459acadc,Relaxation,positive,12.5,cafe84e2d89cea028d414410b51f924f69213f6ab43c92011499f3a321f70b19,positive/relaxation/positive_relaxation_2233_00029940.mp4,False,
emotion:00029942.mp4,00029942.mp4,eMotions_chunk_123.parquet,datasets/Conna/eMotions/data/eMotions_chunk_123.parquet,bb97b7453720968aa6793bd962a8880a459acadc,Relaxation,positive,13.666667,c857780b1a0a61ba1e92057ad44a428b7c5e69a07efa71cf601c252e972f2a73,positive/relaxation/positive_relaxation_2234_00029942.mp4,False,
emotion:00029943.mp4,00029943.mp4,eMotions_chunk_123.parquet,datasets/Conna/eMotions/data/eMotions_chunk_123.parquet,bb97b7453720968aa6793bd962a8880a459acadc,Relaxation,positive,11.533333,9bd2d431e23f304fef82b40512e5fe03883e03c632832b12d9b73f1548096ee4,positive/relaxation/positive_relaxation_2235_00029943.mp4,False,
emotion:00029946.mp4,00029946.mp4,eMotions_chunk_123.parquet,datasets/Conna/eMotions/data/eMotions_chunk_123.parquet,bb97b7453720968aa6793bd962a8880a459acadc,Relaxation,positive,8.0,ce01c6375a00d1bc6510e26ffcbae91e0d8127589b536cf82cb1d974d1830733,positive/relaxation/positive_relaxation_2236_00029946.mp4,False,
emotion:00029947.mp4,00029947.mp4,eMotions_chunk_123.parquet,datasets/Conna/eMotions/data/eMotions_chunk_123.parquet,bb97b7453720968aa6793bd962a8880a459acadc,Relaxation,positive,20.01,f42236ab22fc804e399a2c462bf90640c4685a694b4119f5f1d4d6e5427e26f3,positive/relaxation/positive_relaxation_2237_00029947.mp4,False,
emotion:00029950.mp4,00029950.mp4,eMotions_chunk_123.parquet,datasets/Conna/eMotions/data/eMotions_chunk_123.parquet,bb97b7453720968aa6793bd962a8880a459acadc,Relaxation,positive,8.009002,1c3b0e24c082ce4cd2152217972c281fb1cbed2f15e90798e82b0aecdcd31241,positive/relaxation/positive_relaxation_2238_00029950.mp4,False,
emotion:00029952.mp4,00029952.mp4,eMotions_chunk_123.parquet,datasets/Conna/eMotions/data/eMotions_chunk_123.parquet,bb97b7453720968aa6793bd962a8880a459acadc,Relaxation,positive,9.343991,e5f534e91f83ac86c8ffaa8ef5cc0c883b44314f1de29bf990d3a613b853ef4a,positive/relaxation/positive_relaxation_2239_00029952.mp4,False,
emotion:00029953.mp4,00029953.mp4,eMotions_chunk_123.parquet,datasets/Conna/eMotions/data/eMotions_chunk_123.parquet,bb97b7453720968aa6793bd962a8880a459acadc,Relaxation,positive,9.343991,1a2770c941048b467bfaeeb94d08d4ae87ee7a32207fc5dce8e047d5454fbed0,positive/relaxation/positive_relaxation_2240_00029953.mp4,False,
emotion:00029954.mp4,00029954.mp4,eMotions_chunk_123.parquet,datasets/Conna/eMotions/data/eMotions_chunk_123.parquet,bb97b7453720968aa6793bd962a8880a459acadc,Relaxation,positive,9.7,b9b1122b85de28c0f3d37dabbbc9e15d888e5347d6282228e290cbfc1f704474,positive/relaxation/positive_relaxation_2241_00029954.mp4,False,
emotion:00029955.mp4,00029955.mp4,eMotions_chunk_123.parquet,datasets/Conna/eMotions/data/eMotions_chunk_123.parquet,bb97b7453720968aa6793bd962a8880a459acadc,Relaxation,positive,17.28,7c605976a91c9496724a954769d0fdf93bc4d79b73331cfeed0e1c8f7aafc402,positive/relaxation/positive_relaxation_2242_00029955.mp4,False,
emotion:00029958.mp4,00029958.mp4,eMotions_chunk_123.parquet,datasets/Conna/eMotions/data/eMotions_chunk_123.parquet,bb97b7453720968aa6793bd962a8880a459acadc,Relaxation,positive,17.109002,dc262918a9a967dc4290a1639e0342d321a825d21693b9007243d94c9a25dd82,positive/relaxation/positive_relaxation_2243_00029958.mp4,False,
emotion:00029960.mp4,00029960.mp4,eMotions_chunk_123.parquet,datasets/Conna/eMotions/data/eMotions_chunk_123.parquet,bb97b7453720968aa6793bd962a8880a459acadc,Relaxation,positive,8.768005,91e7bf77ab3044080ace8922fd41cf99b83952dba7af50672f62eb4d693848f0,positive/relaxation/positive_relaxation_2244_00029960.mp4,False,
emotion:00029962.mp4,00029962.mp4,eMotions_chunk_123.parquet,datasets/Conna/eMotions/data/eMotions_chunk_123.parquet,bb97b7453720968aa6793bd962a8880a459acadc,Relaxation,positive,10.033333,ac558b31feefaf666048eb5036e5abe1229e0505b8bf8a912966740d8246ab97,positive/relaxation/positive_relaxation_2245_00029962.mp4,False,
emotion:00029963.mp4,00029963.mp4,eMotions_chunk_123.parquet,datasets/Conna/eMotions/data/eMotions_chunk_123.parquet,bb97b7453720968aa6793bd962a8880a459acadc,Relaxation,positive,15.018005,860274023efeb389d60053afb2795a24de5b92e628387f0ab4e9312352857d49,positive/relaxation/positive_relaxation_2246_00029963.mp4,False,
emotion:00029964.mp4,00029964.mp4,eMotions_chunk_123.parquet,datasets/Conna/eMotions/data/eMotions_chunk_123.parquet,bb97b7453720968aa6793bd962a8880a459acadc,Relaxation,positive,11.241995,9f44cb7fce3e697b6336b74f2bdd530db33b4f6d6ce691cff994f1d9b055d4f6,positive/relaxation/positive_relaxation_2247_00029964.mp4,False,
emotion:00029965.mp4,00029965.mp4,eMotions_chunk_123.parquet,datasets/Conna/eMotions/data/eMotions_chunk_123.parquet,bb97b7453720968aa6793bd962a8880a459acadc,Relaxation,positive,8.009002,3e0aee97ac91f37bfbe5eb5e6eabc01a5619a62be41f18bdd940cef826c85bc7,positive/relaxation/positive_relaxation_2248_00029965.mp4,False,
emotion:00029966.mp4,00029966.mp4,eMotions_chunk_123.parquet,datasets/Conna/eMotions/data/eMotions_chunk_123.parquet,bb97b7453720968aa6793bd962a8880a459acadc,Relaxation,positive,18.986009,f879b5918e130e004d8a0cdeb42dc040ff5f9e4db168f4bd4cf30ec83f598565,positive/relaxation/positive_relaxation_2249_00029966.mp4,False,
emotion:00029967.mp4,00029967.mp4,eMotions_chunk_123.parquet,datasets/Conna/eMotions/data/eMotions_chunk_123.parquet,bb97b7453720968aa6793bd962a8880a459acadc,Relaxation,positive,8.009002,cf860f7a91b8caa88f9b6c510dc0b6967d48d05ec0791e550fc8a523906b67d2,positive/relaxation/positive_relaxation_2250_00029967.mp4,False,
emotion:00029968.mp4,00029968.mp4,eMotions_chunk_123.parquet,datasets/Conna/eMotions/data/eMotions_chunk_123.parquet,bb97b7453720968aa6793bd962a8880a459acadc,Relaxation,positive,15.018005,b266e05e1b0459b617ad1e7933808ddaea316b4c2049a269d466e534c4f0d433,positive/relaxation/positive_relaxation_2251_00029968.mp4,False,
emotion:00029970.mp4,00029970.mp4,eMotions_chunk_123.parquet,datasets/Conna/eMotions/data/eMotions_chunk_123.parquet,bb97b7453720968aa6793bd962a8880a459acadc,Relaxation,positive,12.002993,e42e9dc2e4938d0805ef67531bc816fe89c343c6ccd768d984f9c97e2da6b06b,positive/relaxation/positive_relaxation_2252_00029970.mp4,False,
emotion:00029971.mp4,00029971.mp4,eMotions_chunk_123.parquet,datasets/Conna/eMotions/data/eMotions_chunk_123.parquet,bb97b7453720968aa6793bd962a8880a459acadc,Relaxation,positive,8.6,b4b54b69a0e91d554314462666673b1e6294298715d644b3ed4c14df2b161b42,positive/relaxation/positive_relaxation_2253_00029971.mp4,False,
emotion:00029972.mp4,00029972.mp4,eMotions_chunk_123.parquet,datasets/Conna/eMotions/data/eMotions_chunk_123.parquet,bb97b7453720968aa6793bd962a8880a459acadc,Relaxation,positive,15.018005,d86266a889376e6d72a5d62ccaccb5bad1c51d84417f4593ef55c401ab3fe2df,positive/relaxation/positive_relaxation_2254_00029972.mp4,False,
emotion:00029973.mp4,00029973.mp4,eMotions_chunk_123.parquet,datasets/Conna/eMotions/data/eMotions_chunk_123.parquet,bb97b7453720968aa6793bd962a8880a459acadc,Relaxation,positive,8.066667,346b35a085abad89404eb5fe7bcede6c8e311fc9dd624c133c6d83fbfcb2b303,positive/relaxation/positive_relaxation_2255_00029973.mp4,False,
emotion:00029974.mp4,00029974.mp4,eMotions_chunk_123.parquet,datasets/Conna/eMotions/data/eMotions_chunk_123.parquet,bb97b7453720968aa6793bd962a8880a459acadc,Relaxation,positive,13.35,43d7a76acf26a49164cb9e599cab0e5c522d1bc635c409d237759663acd146dc,positive/relaxation/positive_relaxation_2256_00029974.mp4,False,
emotion:00029975.mp4,00029975.mp4,eMotions_chunk_123.parquet,datasets/Conna/eMotions/data/eMotions_chunk_123.parquet,bb97b7453720968aa6793bd962a8880a459acadc,Relaxation,positive,12.002993,0e1847d71b28a4c1206e9c181478155821fbb5d09ffe87a33a725c73c511a7b2,positive/relaxation/positive_relaxation_2257_00029975.mp4,False,
emotion:00029977.mp4,00029977.mp4,eMotions_chunk_123.parquet,datasets/Conna/eMotions/data/eMotions_chunk_123.parquet,bb97b7453720968aa6793bd962a8880a459acadc,Relaxation,positive,24.7,9fa46b844ec6dfb08d4ca7703f44b5b7e98e6794822fa428d2884668c1115829,positive/relaxation/positive_relaxation_2258_00029977.mp4,False,
emotion:00029978.mp4,00029978.mp4,eMotions_chunk_123.parquet,datasets/Conna/eMotions/data/eMotions_chunk_123.parquet,bb97b7453720968aa6793bd962a8880a459acadc,Relaxation,positive,28.1,e5cc723941e6b41bf285cdc8a7d937a73cfd6e2f8520995b5089460e857e3ac9,positive/relaxation/positive_relaxation_2259_00029978.mp4,False,
emotion:00029980.mp4,00029980.mp4,eMotions_chunk_123.parquet,datasets/Conna/eMotions/data/eMotions_chunk_123.parquet,bb97b7453720968aa6793bd962a8880a459acadc,Relaxation,positive,12.281905,92cd95805e3ec303e2a84eedf0fb61ef7118e7e7b6ea1e79124a2ae5df8c562c,positive/relaxation/positive_relaxation_2260_00029980.mp4,False,
emotion:00029981.mp4,00029981.mp4,eMotions_chunk_123.parquet,datasets/Conna/eMotions/data/eMotions_chunk_123.parquet,bb97b7453720968aa6793bd962a8880a459acadc,Relaxation,positive,16.133333,b8a3d1054ba117bc892f26239b148a5991a553b57cbf6eaf331869dba2277c65,positive/relaxation/positive_relaxation_2261_00029981.mp4,False,
emotion:00029982.mp4,00029982.mp4,eMotions_chunk_123.parquet,datasets/Conna/eMotions/data/eMotions_chunk_123.parquet,bb97b7453720968aa6793bd962a8880a459acadc,Relaxation,positive,13.1,de8ee45caeecded43cae498df3bedf6eb31aaa4e38878cb7cedff5a6a60ec85f,positive/relaxation/positive_relaxation_2262_00029982.mp4,False,
emotion:00029983.mp4,00029983.mp4,eMotions_chunk_123.parquet,datasets/Conna/eMotions/data/eMotions_chunk_123.parquet,bb97b7453720968aa6793bd962a8880a459acadc,Relaxation,positive,50.033333,b7b6bf643763bb769369bdd5342cf5cfa7a16dd2388b2f9555391841c0e9d821,positive/relaxation/positive_relaxation_2263_00029983.mp4,False,
emotion:00029984.mp4,00029984.mp4,eMotions_chunk_123.parquet,datasets/Conna/eMotions/data/eMotions_chunk_123.parquet,bb97b7453720968aa6793bd962a8880a459acadc,Relaxation,positive,8.4,5e9e2e92712179a6b57438141853f100b17855c46a4505fa6c9f24062ae16b01,positive/relaxation/positive_relaxation_2264_00029984.mp4,False,
emotion:00029985.mp4,00029985.mp4,eMotions_chunk_123.parquet,datasets/Conna/eMotions/data/eMotions_chunk_123.parquet,bb97b7453720968aa6793bd962a8880a459acadc,Relaxation,positive,24.033333,65834ac86fb787cb5949601fc092311220a1e98e97736828a37c68217b3af7b9,positive/relaxation/positive_relaxation_2265_00029985.mp4,False,
emotion:00029986.mp4,00029986.mp4,eMotions_chunk_123.parquet,datasets/Conna/eMotions/data/eMotions_chunk_123.parquet,bb97b7453720968aa6793bd962a8880a459acadc,Relaxation,positive,11.913243,caf190fc580df6153c24256d0ca79c348811e4b3d5dfa6b84e3a66d810841b3e,positive/relaxation/positive_relaxation_2266_00029986.mp4,False,
emotion:00029987.mp4,00029987.mp4,eMotions_chunk_123.parquet,datasets/Conna/eMotions/data/eMotions_chunk_123.parquet,bb97b7453720968aa6793bd962a8880a459acadc,Relaxation,positive,42.533333,6de9b4f785797f8a9b4688fda4d35da32966d1126fd7f2e63fc0d7ae60a17016,positive/relaxation/positive_relaxation_2267_00029987.mp4,False,
emotion:00029989.mp4,00029989.mp4,eMotions_chunk_123.parquet,datasets/Conna/eMotions/data/eMotions_chunk_123.parquet,bb97b7453720968aa6793bd962a8880a459acadc,Relaxation,positive,43.666667,28893322fd4a75cf3f7e9a8b93820f97de072203cdd0e31c239fe633c1d08af6,positive/relaxation/positive_relaxation_2268_00029989.mp4,False,
emotion:00029990.mp4,00029990.mp4,eMotions_chunk_123.parquet,datasets/Conna/eMotions/data/eMotions_chunk_123.parquet,bb97b7453720968aa6793bd962a8880a459acadc,Relaxation,positive,8.366667,7d94a2be453d487d31085a7f3cdca0ec2b03198a6b25904b1132ae7461b7a982,positive/relaxation/positive_relaxation_2269_00029990.mp4,False,
emotion:00029991.mp4,00029991.mp4,eMotions_chunk_123.parquet,datasets/Conna/eMotions/data/eMotions_chunk_123.parquet,bb97b7453720968aa6793bd962a8880a459acadc,Relaxation,positive,18.233333,62145ed0d0b45ca9d780d3ce98ba7151cb3627d7086c1e9f7f08e027faa0242b,positive/relaxation/positive_relaxation_2270_00029991.mp4,False,
emotion:00029992.mp4,00029992.mp4,eMotions_chunk_123.parquet,datasets/Conna/eMotions/data/eMotions_chunk_123.parquet,bb97b7453720968aa6793bd962a8880a459acadc,Relaxation,positive,22.933333,9779d676e39f9213fd958eb1de7ae200a6ede6310cd13f2fa9bb79346b8e5048,positive/relaxation/positive_relaxation_2271_00029992.mp4,False,
emotion:00029993.mp4,00029993.mp4,eMotions_chunk_123.parquet,datasets/Conna/eMotions/data/eMotions_chunk_123.parquet,bb97b7453720968aa6793bd962a8880a459acadc,Relaxation,positive,20.766667,1f358f22c9b22306e22f803a909878892f5c4bdb85c2c0992b81747a69791028,positive/relaxation/positive_relaxation_2272_00029993.mp4,False,
emotion:00029994.mp4,00029994.mp4,eMotions_chunk_123.parquet,datasets/Conna/eMotions/data/eMotions_chunk_123.parquet,bb97b7453720968aa6793bd962a8880a459acadc,Relaxation,positive,22.0,3fe208db456e0c8244cbc747766a2df5d0c1e72ed0ffe235c21d553002cb87c5,positive/relaxation/positive_relaxation_2273_00029994.mp4,False,
emotion:00029995.mp4,00029995.mp4,eMotions_chunk_123.parquet,datasets/Conna/eMotions/data/eMotions_chunk_123.parquet,bb97b7453720968aa6793bd962a8880a459acadc,Relaxation,positive,12.777778,18c4693bf39e5c50cd549f566104b97bff1c6825f517cf3d53e58b5e663b1f82,positive/relaxation/positive_relaxation_2274_00029995.mp4,False,
emotion:00029996.mp4,00029996.mp4,eMotions_chunk_123.parquet,datasets/Conna/eMotions/data/eMotions_chunk_123.parquet,bb97b7453720968aa6793bd962a8880a459acadc,Relaxation,positive,53.868005,7f444f5ec5a13af8aae57544b86eb590d8e7c09361cf20a756baaddccb171129,positive/relaxation/positive_relaxation_2275_00029996.mp4,False,
emotion:00029997.mp4,00029997.mp4,eMotions_chunk_123.parquet,datasets/Conna/eMotions/data/eMotions_chunk_123.parquet,bb97b7453720968aa6793bd962a8880a459acadc,Relaxation,positive,14.866667,dc05c00afb5aa21768abab14ed9670af3c0ad1e0d198455fb7c78248f45c0785,positive/relaxation/positive_relaxation_2276_00029997.mp4,False,
emotion:00029998.mp4,00029998.mp4,eMotions_chunk_123.parquet,datasets/Conna/eMotions/data/eMotions_chunk_123.parquet,bb97b7453720968aa6793bd962a8880a459acadc,Relaxation,positive,22.866667,709e45e4ca376bcb36f8864ce203df12aa27e626a787c16e7ca6942c219f1042,positive/relaxation/positive_relaxation_2277_00029998.mp4,False,
emotion:00029999.mp4,00029999.mp4,eMotions_chunk_123.parquet,datasets/Conna/eMotions/data/eMotions_chunk_123.parquet,bb97b7453720968aa6793bd962a8880a459acadc,Relaxation,positive,7.966667,7e848bf3518c9f5b56569df42152f97258540e17e9d583dafd8d991b6510125f,positive/relaxation/positive_relaxation_2278_00029999.mp4,False,
emotion:00030001.mp4,00030001.mp4,eMotions_chunk_123.parquet,datasets/Conna/eMotions/data/eMotions_chunk_123.parquet,bb97b7453720968aa6793bd962a8880a459acadc,Relaxation,positive,52.666667,9ff67c4210f58a97f134d29a49264d371a250dce7da26ce1c5289181ef890c80,positive/relaxation/positive_relaxation_2279_00030001.mp4,False,
emotion:00030002.mp4,00030002.mp4,eMotions_chunk_123.parquet,datasets/Conna/eMotions/data/eMotions_chunk_123.parquet,bb97b7453720968aa6793bd962a8880a459acadc,Relaxation,positive,57.333333,d4f2b705f29b2647104f25daf95faafd6314330327c68626fe967e9fa10f0812,positive/relaxation/positive_relaxation_2280_00030002.mp4,False,
emotion:00030003.mp4,00030003.mp4,eMotions_chunk_123.parquet,datasets/Conna/eMotions/data/eMotions_chunk_123.parquet,bb97b7453720968aa6793bd962a8880a459acadc,Relaxation,positive,59.9,0e1cc90182457c8a003a14d8bf9a7952cfb5c0666f98308781439e1431c228b8,positive/relaxation/positive_relaxation_2281_00030003.mp4,False,
emotion:00030008.mp4,00030008.mp4,eMotions_chunk_123.parquet,datasets/Conna/eMotions/data/eMotions_chunk_123.parquet,bb97b7453720968aa6793bd962a8880a459acadc,Relaxation,positive,52.3,7e2ba8b555f682e3f9871a100be95c9b7ff57d7fdab73ceba135cc06db04174d,positive/relaxation/positive_relaxation_2282_00030008.mp4,False,
emotion:00030009.mp4,00030009.mp4,eMotions_chunk_123.parquet,datasets/Conna/eMotions/data/eMotions_chunk_123.parquet,bb97b7453720968aa6793bd962a8880a459acadc,Relaxation,positive,43.533333,274e4fc40c74ceb2896456cabeb4d336ac9849f46f3d3ea4ced92bc10df84122,positive/relaxation/positive_relaxation_2283_00030009.mp4,False,
emotion:00030010.mp4,00030010.mp4,eMotions_chunk_123.parquet,datasets/Conna/eMotions/data/eMotions_chunk_123.parquet,bb97b7453720968aa6793bd962a8880a459acadc,Relaxation,positive,53.9,06b2c02f41b77c0c28837ac9cc6631adad31aa19e2c5202cfd1f3cc3320df055,positive/relaxation/positive_relaxation_2284_00030010.mp4,False,
emotion:00030011.mp4,00030011.mp4,eMotions_chunk_123.parquet,datasets/Conna/eMotions/data/eMotions_chunk_123.parquet,bb97b7453720968aa6793bd962a8880a459acadc,Relaxation,positive,45.7,2d7fc59fb633cad95c667b626da7e7e2b83816e4011b0ec97987732ee74c4485,positive/relaxation/positive_relaxation_2285_00030011.mp4,False,
emotion:00030016.mp4,00030016.mp4,eMotions_chunk_123.parquet,datasets/Conna/eMotions/data/eMotions_chunk_123.parquet,bb97b7453720968aa6793bd962a8880a459acadc,Relaxation,positive,50.266667,e0e9b3e1aad6c4482902033ba57e0c1594d5a53f82a551c216a141082f483af3,positive/relaxation/positive_relaxation_2286_00030016.mp4,False,
emotion:00030019.mp4,00030019.mp4,eMotions_chunk_123.parquet,datasets/Conna/eMotions/data/eMotions_chunk_123.parquet,bb97b7453720968aa6793bd962a8880a459acadc,Relaxation,positive,58.033333,0fbf9dba42fb18ee37ccf12e944b75785641e19bdf20edbbf2ade8c1274932b7,positive/relaxation/positive_relaxation_2287_00030019.mp4,False,
emotion:00030020.mp4,00030020.mp4,eMotions_chunk_123.parquet,datasets/Conna/eMotions/data/eMotions_chunk_123.parquet,bb97b7453720968aa6793bd962a8880a459acadc,Relaxation,positive,58.933333,34abb9e2cd8b58cb2dd93724f7a97c0f20d3dfa97ca77a8732c3851392b5a94b,positive/relaxation/positive_relaxation_2288_00030020.mp4,False,
emotion:00030022.mp4,00030022.mp4,eMotions_chunk_123.parquet,datasets/Conna/eMotions/data/eMotions_chunk_123.parquet,bb97b7453720968aa6793bd962a8880a459acadc,Relaxation,positive,29.812993,45c4e61b04759ce57fc1a15fcf0b1b75d37588bea9b02c51e4ec70c78d9cc40f,positive/relaxation/positive_relaxation_2289_00030022.mp4,False,
emotion:00030023.mp4,00030023.mp4,eMotions_chunk_123.parquet,datasets/Conna/eMotions/data/eMotions_chunk_123.parquet,bb97b7453720968aa6793bd962a8880a459acadc,Relaxation,positive,53.706009,347b8ae8743531d9b969671e87489a03196daf007c584a2ecc6c41cb40ba676d,positive/relaxation/positive_relaxation_2290_00030023.mp4,False,
emotion:00030025.mp4,00030025.mp4,eMotions_chunk_123.parquet,datasets/Conna/eMotions/data/eMotions_chunk_123.parquet,bb97b7453720968aa6793bd962a8880a459acadc,Relaxation,positive,48.341995,f1926132316069e24779da3c883bf129d9cbb11d11c08b36032e2189c0420d99,positive/relaxation/positive_relaxation_2291_00030025.mp4,False,
emotion:00030026.mp4,00030026.mp4,eMotions_chunk_123.parquet,datasets/Conna/eMotions/data/eMotions_chunk_123.parquet,bb97b7453720968aa6793bd962a8880a459acadc,Relaxation,positive,57.305011,7bbeb98beccc3dd89064c1292456ec2ac4b7b1bed61d5599456a97920a8016b1,positive/relaxation/positive_relaxation_2292_00030026.mp4,False,
emotion:00030028.mp4,00030028.mp4,eMotions_chunk_123.parquet,datasets/Conna/eMotions/data/eMotions_chunk_123.parquet,bb97b7453720968aa6793bd962a8880a459acadc,Relaxation,positive,41.073991,236cd7565ff0c95253326dd130a29eeb2febbce9265cd342402d6b45d19d0a6f,positive/relaxation/positive_relaxation_2293_00030028.mp4,False,
emotion:00030029.mp4,00030029.mp4,eMotions_chunk_123.parquet,datasets/Conna/eMotions/data/eMotions_chunk_123.parquet,bb97b7453720968aa6793bd962a8880a459acadc,Relaxation,positive,49.108005,a266f336074e8e40ae05a2f541a79f8e2df7a9964225ab7484be75785a96b393,positive/relaxation/positive_relaxation_2294_00030029.mp4,False,
emotion:00030032.mp4,00030032.mp4,eMotions_chunk_123.parquet,datasets/Conna/eMotions/data/eMotions_chunk_123.parquet,bb97b7453720968aa6793bd962a8880a459acadc,Relaxation,positive,33.782993,c4f9c5a23eb222409e9382f1d5102f5b8b234f2a03bd19b7643f59db4feecaf8,positive/relaxation/positive_relaxation_2295_00030032.mp4,False,
emotion:00030033.mp4,00030033.mp4,eMotions_chunk_123.parquet,datasets/Conna/eMotions/data/eMotions_chunk_123.parquet,bb97b7453720968aa6793bd962a8880a459acadc,Relaxation,positive,54.449002,098752575cf3d0e10e8a2a251383791dcf6e29736516d126ca70f0803f7ff6f8,positive/relaxation/positive_relaxation_2296_00030033.mp4,False,
emotion:00030034.mp4,00030034.mp4,eMotions_chunk_123.parquet,datasets/Conna/eMotions/data/eMotions_chunk_123.parquet,bb97b7453720968aa6793bd962a8880a459acadc,Relaxation,positive,49.340998,15c09c6761bc36db7f6d0e60c8fdb7bf70589e03f01c06dcbab5559c65bd2e5c,positive/relaxation/positive_relaxation_2297_00030034.mp4,False,
emotion:00030035.mp4,00030035.mp4,eMotions_chunk_123.parquet,datasets/Conna/eMotions/data/eMotions_chunk_123.parquet,bb97b7453720968aa6793bd962a8880a459acadc,Relaxation,positive,51.801995,d360a26f9ea6617d36b46448d5d6ecd6528f0a3df6484b63fa280861ef3858de,positive/relaxation/positive_relaxation_2298_00030035.mp4,False,
emotion:00030037.mp4,00030037.mp4,eMotions_chunk_123.parquet,datasets/Conna/eMotions/data/eMotions_chunk_123.parquet,bb97b7453720968aa6793bd962a8880a459acadc,Relaxation,positive,29.370998,868853d2d97215672a8f9b92312aa0c595e2b22bef90086abeb448e57475bcb0,positive/relaxation/positive_relaxation_2299_00030037.mp4,False,
emotion:00030039.mp4,00030039.mp4,eMotions_chunk_123.parquet,datasets/Conna/eMotions/data/eMotions_chunk_123.parquet,bb97b7453720968aa6793bd962a8880a459acadc,Relaxation,positive,42.583991,e8828157c1653c0cdc68266bbac9b7db7f3bba20e7066b982897a2e08cb77662,positive/relaxation/positive_relaxation_2300_00030039.mp4,False,
emotion:00030043.mp4,00030043.mp4,eMotions_chunk_123.parquet,datasets/Conna/eMotions/data/eMotions_chunk_123.parquet,bb97b7453720968aa6793bd962a8880a459acadc,Relaxation,positive,36.313991,2aeef8fee5a5a92ae23ff9bd9dfceba9e14265ba0c13659eb8784b79e6814b71,positive/relaxation/positive_relaxation_2301_00030043.mp4,False,
emotion:00030044.mp4,00030044.mp4,eMotions_chunk_123.parquet,datasets/Conna/eMotions/data/eMotions_chunk_123.parquet,bb97b7453720968aa6793bd962a8880a459acadc,Relaxation,positive,52.777007,9c7961395db3fab7570f4e6b019a24d2a81011f6bf3c05e5e6b07c8e95f8ba49,positive/relaxation/positive_relaxation_2302_00030044.mp4,False,
emotion:00030045.mp4,00030045.mp4,eMotions_chunk_123.parquet,datasets/Conna/eMotions/data/eMotions_chunk_123.parquet,bb97b7453720968aa6793bd962a8880a459acadc,Relaxation,positive,21.011995,3c3ed5a6667d65f04854482c5a282a063acc35fd1ea36ca6c43535cf334cffb3,positive/relaxation/positive_relaxation_2303_00030045.mp4,False,
emotion:00030049.mp4,00030049.mp4,eMotions_chunk_123.parquet,datasets/Conna/eMotions/data/eMotions_chunk_123.parquet,bb97b7453720968aa6793bd962a8880a459acadc,Relaxation,positive,45.416009,3a953aaf90c537801e5089b3156d88661b5c3409295e4a5b0897c1097b5ac91f,positive/relaxation/positive_relaxation_2304_00030049.mp4,False,
emotion:00030050.mp4,00030050.mp4,eMotions_chunk_123.parquet,datasets/Conna/eMotions/data/eMotions_chunk_123.parquet,bb97b7453720968aa6793bd962a8880a459acadc,Relaxation,positive,57.166667,60760e449245575deeccbf5b2f57fe2bff51643a361e2aafd61089e72618f38f,positive/relaxation/positive_relaxation_2305_00030050.mp4,False,
emotion:00030051.mp4,00030051.mp4,eMotions_chunk_123.parquet,datasets/Conna/eMotions/data/eMotions_chunk_123.parquet,bb97b7453720968aa6793bd962a8880a459acadc,Relaxation,positive,59.209002,82550f68a7b6d56a5e5b605c007b9d737a4f1f0a2bc567108d84d0015ded0bd6,positive/relaxation/positive_relaxation_2306_00030051.mp4,False,
emotion:00030052.mp4,00030052.mp4,eMotions_chunk_123.parquet,datasets/Conna/eMotions/data/eMotions_chunk_123.parquet,bb97b7453720968aa6793bd962a8880a459acadc,Relaxation,positive,22.337007,eeb249b19c2f1a0c50c579c592dc1cb8af67690b38060b3b6233b7a19a355907,positive/relaxation/positive_relaxation_2307_00030052.mp4,False,
emotion:00030053.mp4,00030053.mp4,eMotions_chunk_123.parquet,datasets/Conna/eMotions/data/eMotions_chunk_123.parquet,bb97b7453720968aa6793bd962a8880a459acadc,Relaxation,positive,17.577007,ec75c4b6463bc2ad48f7456824f16bbc240aa7da446bd0284f61edd0a842cc9f,positive/relaxation/positive_relaxation_2308_00030053.mp4,False,
emotion:00030054.mp4,00030054.mp4,eMotions_chunk_123.parquet,datasets/Conna/eMotions/data/eMotions_chunk_123.parquet,bb97b7453720968aa6793bd962a8880a459acadc,Relaxation,positive,10.147007,79bb8d88f3a5a199a908545a7c05271a4ac13f2555ac72684e57d0083f844bc3,positive/relaxation/positive_relaxation_2309_00030054.mp4,False,
emotion:00030055.mp4,00030055.mp4,eMotions_chunk_123.parquet,datasets/Conna/eMotions/data/eMotions_chunk_123.parquet,bb97b7453720968aa6793bd962a8880a459acadc,Relaxation,positive,9.009002,fcc6f0368f3336730a50e01df74942b58659331897050be5efe73abe076bd315,positive/relaxation/positive_relaxation_2310_00030055.mp4,False,
emotion:00030057.mp4,00030057.mp4,eMotions_chunk_123.parquet,datasets/Conna/eMotions/data/eMotions_chunk_123.parquet,bb97b7453720968aa6793bd962a8880a459acadc,Relaxation,positive,17.971995,527e6feb703269939fd8985149f5ab76540a1774972d5406debf8e491d95c5ca,positive/relaxation/positive_relaxation_2311_00030057.mp4,False,
emotion:00030058.mp4,00030058.mp4,eMotions_chunk_123.parquet,datasets/Conna/eMotions/data/eMotions_chunk_123.parquet,bb97b7453720968aa6793bd962a8880a459acadc,Relaxation,positive,14.35,a4e675762a7b9c07d504c8ac8afb358bd25325669ae8b40c763764917f295203,positive/relaxation/positive_relaxation_2312_00030058.mp4,False,
emotion:00030059.mp4,00030059.mp4,eMotions_chunk_123.parquet,datasets/Conna/eMotions/data/eMotions_chunk_123.parquet,bb97b7453720968aa6793bd962a8880a459acadc,Relaxation,positive,12.515011,9771c6b61e8d022f39f0df1b0ac457a65b72c8c953f0652fec97e17ec43121fa,positive/relaxation/positive_relaxation_2313_00030059.mp4,False,
emotion:00030060.mp4,00030060.mp4,eMotions_chunk_123.parquet,datasets/Conna/eMotions/data/eMotions_chunk_123.parquet,bb97b7453720968aa6793bd962a8880a459acadc,Relaxation,positive,10.75,698485d793ec2afa093fd935eb3fccfabb98395398f5f8cccec7d779d71dd0b2,positive/relaxation/positive_relaxation_2314_00030060.mp4,False,
emotion:00030061.mp4,00030061.mp4,eMotions_chunk_123.parquet,datasets/Conna/eMotions/data/eMotions_chunk_123.parquet,bb97b7453720968aa6793bd962a8880a459acadc,Relaxation,positive,18.877007,28bffafd8bc8bd4c5c068777825f6702b98163744b1f2d8315fcc4548b056211,positive/relaxation/positive_relaxation_2315_00030061.mp4,False,
emotion:00030062.mp4,00030062.mp4,eMotions_chunk_123.parquet,datasets/Conna/eMotions/data/eMotions_chunk_123.parquet,bb97b7453720968aa6793bd962a8880a459acadc,Relaxation,positive,12.376009,e43517ca4b8d902c6f3728f42032c8e9e79eb5480576fa3ae09713d80e5ca21f,positive/relaxation/positive_relaxation_2316_00030062.mp4,False,
emotion:00030063.mp4,00030063.mp4,eMotions_chunk_123.parquet,datasets/Conna/eMotions/data/eMotions_chunk_123.parquet,bb97b7453720968aa6793bd962a8880a459acadc,Relaxation,positive,12.167007,66e66db7098bf391d69d59c5ce9649ea4692ee549559b4cb16e766e2cb557e97,positive/relaxation/positive_relaxation_2317_00030063.mp4,False,
emotion:00030066.mp4,00030066.mp4,eMotions_chunk_123.parquet,datasets/Conna/eMotions/data/eMotions_chunk_123.parquet,bb97b7453720968aa6793bd962a8880a459acadc,Relaxation,positive,19.550998,ca3aed1d804da2d3d6097126a6d2ed4ac22c6b14b9a7890685e9597df2bc9897,positive/relaxation/positive_relaxation_2318_00030066.mp4,False,
emotion:00030068.mp4,00030068.mp4,eMotions_chunk_123.parquet,datasets/Conna/eMotions/data/eMotions_chunk_123.parquet,bb97b7453720968aa6793bd962a8880a459acadc,Relaxation,positive,9.542993,23ab8e7b08cea6c9ac5638c34d4c8bf2109ec18903e41ea3552254c3def71506,positive/relaxation/positive_relaxation_2319_00030068.mp4,False,
emotion:00030072.mp4,00030072.mp4,eMotions_chunk_123.parquet,datasets/Conna/eMotions/data/eMotions_chunk_123.parquet,bb97b7453720968aa6793bd962a8880a459acadc,Relaxation,positive,16.579002,1edcc7973047f9a2c96fc4179ad4cb01d4a61d5e10cd00ca0704f3f2a7d87750,positive/relaxation/positive_relaxation_2320_00030072.mp4,False,
emotion:00030075.mp4,00030075.mp4,eMotions_chunk_123.parquet,datasets/Conna/eMotions/data/eMotions_chunk_123.parquet,bb97b7453720968aa6793bd962a8880a459acadc,Relaxation,positive,19.876009,da5adb48476c5b1f761abbde8d374b84504ea32701d92e3017b9bfd1c1979d69,positive/relaxation/positive_relaxation_2321_00030075.mp4,False,
emotion:00030076.mp4,00030076.mp4,eMotions_chunk_123.parquet,datasets/Conna/eMotions/data/eMotions_chunk_123.parquet,bb97b7453720968aa6793bd962a8880a459acadc,Relaxation,positive,17.901995,76538aad192a59868e922f81d409e08465c43dd119ba33ddca7848a0324dd0e0,positive/relaxation/positive_relaxation_2322_00030076.mp4,False,
emotion:00030077.mp4,00030077.mp4,eMotions_chunk_123.parquet,datasets/Conna/eMotions/data/eMotions_chunk_123.parquet,bb97b7453720968aa6793bd962a8880a459acadc,Relaxation,positive,13.141995,4c05f9852e2cd119e8209eae28ae12f840e9c5927d77ef9a34a28ebe300e622f,positive/relaxation/positive_relaxation_2323_00030077.mp4,False,
emotion:00030079.mp4,00030079.mp4,eMotions_chunk_123.parquet,datasets/Conna/eMotions/data/eMotions_chunk_123.parquet,bb97b7453720968aa6793bd962a8880a459acadc,Relaxation,positive,13.955011,1883160626b1443f2d81cb72156fda0d51204c7f6c34df7ef59367ed21e39c43,positive/relaxation/positive_relaxation_2324_00030079.mp4,False,
emotion:00030080.mp4,00030080.mp4,eMotions_chunk_123.parquet,datasets/Conna/eMotions/data/eMotions_chunk_123.parquet,bb97b7453720968aa6793bd962a8880a459acadc,Relaxation,positive,15.139002,8ab48408e4a7feef79389cfcc5748ac56d43168dd383462cf4a655c89554b324,positive/relaxation/positive_relaxation_2325_00030080.mp4,False,
emotion:00030081.mp4,00030081.mp4,eMotions_chunk_123.parquet,datasets/Conna/eMotions/data/eMotions_chunk_123.parquet,bb97b7453720968aa6793bd962a8880a459acadc,Relaxation,positive,15.0,945858991b174a1f75e55801c2e1f5a4400f0b399fcc7db5dd46b7d45781a51f,positive/relaxation/positive_relaxation_2326_00030081.mp4,False,
emotion:00030082.mp4,00030082.mp4,eMotions_chunk_123.parquet,datasets/Conna/eMotions/data/eMotions_chunk_123.parquet,bb97b7453720968aa6793bd962a8880a459acadc,Relaxation,positive,16.671995,3c5c9b1834873d9d11075365d9921291ac166077f35adfb15dfa052e0d92fcf1,positive/relaxation/positive_relaxation_2327_00030082.mp4,False,
emotion:00030085.mp4,00030085.mp4,eMotions_chunk_123.parquet,datasets/Conna/eMotions/data/eMotions_chunk_123.parquet,bb97b7453720968aa6793bd962a8880a459acadc,Relaxation,positive,12.515011,16d10306e3f436069bf1c87241d71f48e1745e0afde99ff7b19e7bd95d856aca,positive/relaxation/positive_relaxation_2328_00030085.mp4,False,
emotion:00030086.mp4,00030086.mp4,eMotions_chunk_123.parquet,datasets/Conna/eMotions/data/eMotions_chunk_123.parquet,bb97b7453720968aa6793bd962a8880a459acadc,Relaxation,positive,19.946009,7df1d9378b071344f96c14985012618d21d12aeb069f1b3a68bb5c911153d556,positive/relaxation/positive_relaxation_2329_00030086.mp4,False,
emotion:00030087.mp4,00030087.mp4,eMotions_chunk_123.parquet,datasets/Conna/eMotions/data/eMotions_chunk_123.parquet,bb97b7453720968aa6793bd962a8880a459acadc,Relaxation,positive,16.439002,90ffa7ff15d98dc4639303e465ac6dc02bef018ae5502296cca2a3785445ffa2,positive/relaxation/positive_relaxation_2330_00030087.mp4,False,
emotion:00030089.mp4,00030089.mp4,eMotions_chunk_123.parquet,datasets/Conna/eMotions/data/eMotions_chunk_123.parquet,bb97b7453720968aa6793bd962a8880a459acadc,Relaxation,positive,16.439002,066136e9e3812cad8d3230cb795e7249317c9a9de4d59cb9902df948f80bb11c,positive/relaxation/positive_relaxation_2331_00030089.mp4,False,
emotion:00030092.mp4,00030092.mp4,eMotions_chunk_123.parquet,datasets/Conna/eMotions/data/eMotions_chunk_123.parquet,bb97b7453720968aa6793bd962a8880a459acadc,Relaxation,positive,9.868005,0b12bb37434004a3f383b2fb0d62aa87abecddbefddfe4f464ef3d0e120034bb,positive/relaxation/positive_relaxation_2332_00030092.mp4,False,
emotion:00030094.mp4,00030094.mp4,eMotions_chunk_123.parquet,datasets/Conna/eMotions/data/eMotions_chunk_123.parquet,bb97b7453720968aa6793bd962a8880a459acadc,Relaxation,positive,14.605011,80ba71b8a1443eb7e45cabcb308c5088f0295e296b3d20f57e7dcebc766676fc,positive/relaxation/positive_relaxation_2333_00030094.mp4,False,
emotion:00030095.mp4,00030095.mp4,eMotions_chunk_123.parquet,datasets/Conna/eMotions/data/eMotions_chunk_123.parquet,bb97b7453720968aa6793bd962a8880a459acadc,Relaxation,positive,13.652993,6a376cb9eca830bf1130561fcbfb7214095470f01e8ec5b7af31d0cfb198925b,positive/relaxation/positive_relaxation_2334_00030095.mp4,False,
emotion:00030098.mp4,00030098.mp4,eMotions_chunk_123.parquet,datasets/Conna/eMotions/data/eMotions_chunk_123.parquet,bb97b7453720968aa6793bd962a8880a459acadc,Relaxation,positive,12.515011,8c4130f2727ae21848e8fd604eb7d3cd524b8d3b0ed4dc8f7d69b0db6c21d792,positive/relaxation/positive_relaxation_2335_00030098.mp4,False,
emotion:00030099.mp4,00030099.mp4,eMotions_chunk_123.parquet,datasets/Conna/eMotions/data/eMotions_chunk_123.parquet,bb97b7453720968aa6793bd962a8880a459acadc,Relaxation,positive,16.045011,0b2ee7116e8981141949a24e1cc1aaea6d3779d5be7865606012c61c1809c419,positive/relaxation/positive_relaxation_2336_00030099.mp4,False,
emotion:00030101.mp4,00030101.mp4,eMotions_chunk_123.parquet,datasets/Conna/eMotions/data/eMotions_chunk_123.parquet,bb97b7453720968aa6793bd962a8880a459acadc,Relaxation,positive,9.45,853120d4cc0e28cc7ee865f42d6b1d11591c51da6ea78cbca3c8302c6c602ebd,positive/relaxation/positive_relaxation_2337_00030101.mp4,False,
emotion:00030103.mp4,00030103.mp4,eMotions_chunk_123.parquet,datasets/Conna/eMotions/data/eMotions_chunk_123.parquet,bb97b7453720968aa6793bd962a8880a459acadc,Relaxation,positive,12.608005,456af5cf2b941ec5191166170ca53dac94a6106e92646910547c9e35e585f265,positive/relaxation/positive_relaxation_2338_00030103.mp4,False,
emotion:00030104.mp4,00030104.mp4,eMotions_chunk_123.parquet,datasets/Conna/eMotions/data/eMotions_chunk_123.parquet,bb97b7453720968aa6793bd962a8880a459acadc,Relaxation,positive,11.377007,dc170e6e5a760d6c79d0974f9c30b3ef7c85029ba35579e957a93aa0cf0b6771,positive/relaxation/positive_relaxation_2339_00030104.mp4,False,
emotion:00030105.mp4,00030105.mp4,eMotions_chunk_123.parquet,datasets/Conna/eMotions/data/eMotions_chunk_123.parquet,bb97b7453720968aa6793bd962a8880a459acadc,Relaxation,positive,14.535011,a6ec777376295ae4083556ea687b044680127449803594a5314efb51bc4bc397,positive/relaxation/positive_relaxation_2340_00030105.mp4,False,
emotion:00030106.mp4,00030106.mp4,eMotions_chunk_123.parquet,datasets/Conna/eMotions/data/eMotions_chunk_123.parquet,bb97b7453720968aa6793bd962a8880a459acadc,Relaxation,positive,9.52,b54f4d2c4dfccb25695574c076103af967a86357f1f83ac80b783d3a82d8dbff,positive/relaxation/positive_relaxation_2341_00030106.mp4,False,
emotion:00030107.mp4,00030107.mp4,eMotions_chunk_123.parquet,datasets/Conna/eMotions/data/eMotions_chunk_123.parquet,bb97b7453720968aa6793bd962a8880a459acadc,Relaxation,positive,16.113991,9b67018b52c96753ccb770417735c0872065e94cbc7a62a53d729be30de48544,positive/relaxation/positive_relaxation_2342_00030107.mp4,False,
emotion:00030109.mp4,00030109.mp4,eMotions_chunk_123.parquet,datasets/Conna/eMotions/data/eMotions_chunk_123.parquet,bb97b7453720968aa6793bd962a8880a459acadc,Relaxation,positive,29.977007,f61947468cfc858399731bae17b43761023c8e1e5216b33b4a7f17291d2a526a,positive/relaxation/positive_relaxation_2343_00030109.mp4,False,
emotion:00030110.mp4,00030110.mp4,eMotions_chunk_123.parquet,datasets/Conna/eMotions/data/eMotions_chunk_123.parquet,bb97b7453720968aa6793bd962a8880a459acadc,Relaxation,positive,31.416009,a96393f9634cf95344cf8f5da69796d944e8a7ed5b83246530cec2320746a5d8,positive/relaxation/positive_relaxation_2344_00030110.mp4,False,
emotion:00030111.mp4,00030111.mp4,eMotions_chunk_123.parquet,datasets/Conna/eMotions/data/eMotions_chunk_123.parquet,bb97b7453720968aa6793bd962a8880a459acadc,Relaxation,positive,10.216009,0012689ea3f18a4e15b80dd9abffb222def63be7734e906db209b00c9fbfd009,positive/relaxation/positive_relaxation_2345_00030111.mp4,False,
emotion:00030113.mp4,00030113.mp4,eMotions_chunk_123.parquet,datasets/Conna/eMotions/data/eMotions_chunk_123.parquet,bb97b7453720968aa6793bd962a8880a459acadc,Relaxation,positive,11.353991,caab8d0c211336472f228cfc6e2ef1a97490720aa14b76cbb2310dd5007fdcf6,positive/relaxation/positive_relaxation_2346_00030113.mp4,False,
emotion:00030119.mp4,00030119.mp4,eMotions_chunk_123.parquet,datasets/Conna/eMotions/data/eMotions_chunk_123.parquet,bb97b7453720968aa6793bd962a8880a459acadc,Relaxation,positive,9.938005,37f28d60a5c4f6cd60da267081b0bd1c6a7d1a3f926d4921c33cbbe0807431a2,positive/relaxation/positive_relaxation_2347_00030119.mp4,False,
emotion:00030120.mp4,00030120.mp4,eMotions_chunk_123.parquet,datasets/Conna/eMotions/data/eMotions_chunk_123.parquet,bb97b7453720968aa6793bd962a8880a459acadc,Relaxation,positive,13.816009,5fcfc0d2fd3c37be1bebc6386ca2f6381e5f6962a0f86cf5b7bd1d28d963a55d,positive/relaxation/positive_relaxation_2348_00030120.mp4,False,
emotion:00030121.mp4,00030121.mp4,eMotions_chunk_123.parquet,datasets/Conna/eMotions/data/eMotions_chunk_123.parquet,bb97b7453720968aa6793bd962a8880a459acadc,Relaxation,positive,10.982993,aefcf0c8ae69ebab0d56f15a87e3252cf5420e934d75671f8e16839db50f3b0f,positive/relaxation/positive_relaxation_2349_00030121.mp4,False,
emotion:00030122.mp4,00030122.mp4,eMotions_chunk_123.parquet,datasets/Conna/eMotions/data/eMotions_chunk_123.parquet,bb97b7453720968aa6793bd962a8880a459acadc,Relaxation,positive,7.848005,6d40d1b382baa4bcee9a6326e1320747a84c13d3249fd9c6c9ebaf2b55cfebfa,positive/relaxation/positive_relaxation_2350_00030122.mp4,False,
emotion:00030128.mp4,00030128.mp4,eMotions_chunk_123.parquet,datasets/Conna/eMotions/data/eMotions_chunk_123.parquet,bb97b7453720968aa6793bd962a8880a459acadc,Relaxation,positive,8.683991,ae23931bd0362438770b56bf2c72ad1cb08ff95d941738e98f3e9481d3e769ac,positive/relaxation/positive_relaxation_2351_00030128.mp4,False,
emotion:00030129.mp4,00030129.mp4,eMotions_chunk_123.parquet,datasets/Conna/eMotions/data/eMotions_chunk_123.parquet,bb97b7453720968aa6793bd962a8880a459acadc,Relaxation,positive,9.751995,2e75f6b0d8d1682f42a8ce9eb546148c09aaaff1104cb1ab1364eab8922f8026,positive/relaxation/positive_relaxation_2352_00030129.mp4,False,
emotion:00030130.mp4,00030130.mp4,eMotions_chunk_123.parquet,datasets/Conna/eMotions/data/eMotions_chunk_123.parquet,bb97b7453720968aa6793bd962a8880a459acadc,Relaxation,positive,11.517007,1ea9e6105e7ea61e99db20beb6fe15cdcdf2f41ca59da9a18ae7186f6d5394c2,positive/relaxation/positive_relaxation_2353_00030130.mp4,False,
emotion:00030131.mp4,00030131.mp4,eMotions_chunk_123.parquet,datasets/Conna/eMotions/data/eMotions_chunk_123.parquet,bb97b7453720968aa6793bd962a8880a459acadc,Relaxation,positive,13.350998,3f4967cba9002e7c5103265fa7570a5b671cc9cd9650300c41c5e65152800620,positive/relaxation/positive_relaxation_2354_00030131.mp4,False,
emotion:00030132.mp4,00030132.mp4,eMotions_chunk_123.parquet,datasets/Conna/eMotions/data/eMotions_chunk_123.parquet,bb97b7453720968aa6793bd962a8880a459acadc,Relaxation,positive,13.443991,879606aa3e5c3610abe4774a8aca42124e0ba9807bc97e0da31d3f97f4ba035a,positive/relaxation/positive_relaxation_2355_00030132.mp4,False,
emotion:00030134.mp4,00030134.mp4,eMotions_chunk_123.parquet,datasets/Conna/eMotions/data/eMotions_chunk_123.parquet,bb97b7453720968aa6793bd962a8880a459acadc,Relaxation,positive,9.636009,96b2e6e230d94a208cccaba6b044879b998c5ea9334374b0afd02e715b52e96b,positive/relaxation/positive_relaxation_2356_00030134.mp4,False,
emotion:00030137.mp4,00030137.mp4,eMotions_chunk_123.parquet,datasets/Conna/eMotions/data/eMotions_chunk_123.parquet,bb97b7453720968aa6793bd962a8880a459acadc,Relaxation,positive,13.537007,996c0ef89963ffe0926f2f683532bce81243e78849af90f0e3114af7bc92c2ce,positive/relaxation/positive_relaxation_2357_00030137.mp4,False,
emotion:00030138.mp4,00030138.mp4,eMotions_chunk_123.parquet,datasets/Conna/eMotions/data/eMotions_chunk_123.parquet,bb97b7453720968aa6793bd962a8880a459acadc,Relaxation,positive,17.971995,ac837b73ce06ea10280b050cbc449bfebe2206e8e5e7b545061231789513ab81,positive/relaxation/positive_relaxation_2358_00030138.mp4,False,
emotion:00030139.mp4,00030139.mp4,eMotions_chunk_123.parquet,datasets/Conna/eMotions/data/eMotions_chunk_123.parquet,bb97b7453720968aa6793bd962a8880a459acadc,Relaxation,positive,16.253991,030227342d39a24ee94349e6411b6f0a44b5731ae6e3b143dc29409345daaa47,positive/relaxation/positive_relaxation_2359_00030139.mp4,False,
emotion:00030140.mp4,00030140.mp4,eMotions_chunk_123.parquet,datasets/Conna/eMotions/data/eMotions_chunk_123.parquet,bb97b7453720968aa6793bd962a8880a459acadc,Relaxation,positive,10.286009,42692e9b23e6f008cbf9184fdda85351e3ba6b6be935578e044d6ab2349dab7c,positive/relaxation/positive_relaxation_2360_00030140.mp4,False,
emotion:00030141.mp4,00030141.mp4,eMotions_chunk_123.parquet,datasets/Conna/eMotions/data/eMotions_chunk_123.parquet,bb97b7453720968aa6793bd962a8880a459acadc,Relaxation,positive,16.277007,d8f350bb90f9a7ed5915c97d044dcd13c20a29f7c0bd0d9490be40045611a73e,positive/relaxation/positive_relaxation_2361_00030141.mp4,False,
emotion:00030142.mp4,00030142.mp4,eMotions_chunk_123.parquet,datasets/Conna/eMotions/data/eMotions_chunk_123.parquet,bb97b7453720968aa6793bd962a8880a459acadc,Relaxation,positive,10.077007,d885dbad648d9140e3028308949cc2917f96d085054cdefb869b32f4f629e224,positive/relaxation/positive_relaxation_2362_00030142.mp4,False,
emotion:00030143.mp4,00030143.mp4,eMotions_chunk_123.parquet,datasets/Conna/eMotions/data/eMotions_chunk_123.parquet,bb97b7453720968aa6793bd962a8880a459acadc,Relaxation,positive,13.235011,f001e592a3cc3348a09c33bfec0e0089aeebe0102969578a792516e5119b9ab6,positive/relaxation/positive_relaxation_2363_00030143.mp4,False,
emotion:00030144.mp4,00030144.mp4,eMotions_chunk_123.parquet,datasets/Conna/eMotions/data/eMotions_chunk_123.parquet,bb97b7453720968aa6793bd962a8880a459acadc,Relaxation,positive,16.509002,6020f6037412ad6111ccdcfe9049d460815e0d6512687acad5cb0e4020208abc,positive/relaxation/positive_relaxation_2364_00030144.mp4,False,
emotion:00030146.mp4,00030146.mp4,eMotions_chunk_123.parquet,datasets/Conna/eMotions/data/eMotions_chunk_123.parquet,bb97b7453720968aa6793bd962a8880a459acadc,Relaxation,positive,15.069002,64466bc938029c27497aa005836afbd4be2adc376be915740055566c15056578,positive/relaxation/positive_relaxation_2365_00030146.mp4,False,
emotion:00030147.mp4,00030147.mp4,eMotions_chunk_123.parquet,datasets/Conna/eMotions/data/eMotions_chunk_123.parquet,bb97b7453720968aa6793bd962a8880a459acadc,Relaxation,positive,11.910998,5c44f441bf9faa3051c271ebafd336e71dc93c6cce768208a87e354b853500cc,positive/relaxation/positive_relaxation_2366_00030147.mp4,False,
emotion:00030150.mp4,00030150.mp4,eMotions_chunk_123.parquet,datasets/Conna/eMotions/data/eMotions_chunk_123.parquet,bb97b7453720968aa6793bd962a8880a459acadc,Relaxation,positive,16.648005,0d40d13d6feb2b573ce5e4beae4e98ac696d8a56770fe69d4ade9bbc58c6de2a,positive/relaxation/positive_relaxation_2367_00030150.mp4,False,
emotion:00030151.mp4,00030151.mp4,eMotions_chunk_123.parquet,datasets/Conna/eMotions/data/eMotions_chunk_123.parquet,bb97b7453720968aa6793bd962a8880a459acadc,Relaxation,positive,10.1,604cd96f56e256f5803fc15aaf089f939e79333ed438fd227ab5ed4e31cf5315,positive/relaxation/positive_relaxation_2368_00030151.mp4,False,
emotion:00030152.mp4,00030152.mp4,eMotions_chunk_123.parquet,datasets/Conna/eMotions/data/eMotions_chunk_123.parquet,bb97b7453720968aa6793bd962a8880a459acadc,Relaxation,positive,9.148005,a27c9e53b87525a46d146d065dd294b8298df642cde3d57300685632fd9b55d5,positive/relaxation/positive_relaxation_2369_00030152.mp4,False,
emotion:00030153.mp4,00030153.mp4,eMotions_chunk_123.parquet,datasets/Conna/eMotions/data/eMotions_chunk_123.parquet,bb97b7453720968aa6793bd962a8880a459acadc,Relaxation,positive,21.570998,591ea13ddf518a230a3e8ec1d0749e78f4bfb93404b29295e5c4f14cfc3a8e73,positive/relaxation/positive_relaxation_2370_00030153.mp4,False,
emotion:00030155.mp4,00030155.mp4,eMotions_chunk_123.parquet,datasets/Conna/eMotions/data/eMotions_chunk_123.parquet,bb97b7453720968aa6793bd962a8880a459acadc,Relaxation,positive,21.107007,1dff7d5cf1b33e99b8c5aff137144f70ecb0eef60242cbaef95ae63899696fd8,positive/relaxation/positive_relaxation_2371_00030155.mp4,False,
emotion:00030159.mp4,00030159.mp4,eMotions_chunk_123.parquet,datasets/Conna/eMotions/data/eMotions_chunk_123.parquet,bb97b7453720968aa6793bd962a8880a459acadc,Relaxation,positive,14.768005,2d1a3e81c23ee0323af5ef4334bc49713f74ab1c52ea3eaa0054578d57d9c438,positive/relaxation/positive_relaxation_2372_00030159.mp4,False,
emotion:00030161.mp4,00030161.mp4,eMotions_chunk_123.parquet,datasets/Conna/eMotions/data/eMotions_chunk_123.parquet,bb97b7453720968aa6793bd962a8880a459acadc,Relaxation,positive,14.581995,e56dc07c6e9d319b54598784910f315b621762dd9ebeeabe466df65c4062cd52,positive/relaxation/positive_relaxation_2373_00030161.mp4,False,
emotion:00030163.mp4,00030163.mp4,eMotions_chunk_123.parquet,datasets/Conna/eMotions/data/eMotions_chunk_123.parquet,bb97b7453720968aa6793bd962a8880a459acadc,Relaxation,positive,14.768005,a6f41708eaa826c05591bfc746fc236b0f0511f3325efef21fa9870534b24e35,positive/relaxation/positive_relaxation_2374_00030163.mp4,False,
emotion:00030166.mp4,00030166.mp4,eMotions_chunk_123.parquet,datasets/Conna/eMotions/data/eMotions_chunk_123.parquet,bb97b7453720968aa6793bd962a8880a459acadc,Relaxation,positive,19.503991,741f124b00df337ef155f615b54a5709b9881a5c6c016bdd441aba08f4c6adc5,positive/relaxation/positive_relaxation_2375_00030166.mp4,False,
emotion:00030171.mp4,00030171.mp4,eMotions_chunk_123.parquet,datasets/Conna/eMotions/data/eMotions_chunk_123.parquet,bb97b7453720968aa6793bd962a8880a459acadc,Relaxation,positive,13.189002,e833d1e68340123e8a5b341420e22340f12052581e262bfacae527c4cc347efd,positive/relaxation/positive_relaxation_2376_00030171.mp4,False,
emotion:00030172.mp4,00030172.mp4,eMotions_chunk_123.parquet,datasets/Conna/eMotions/data/eMotions_chunk_123.parquet,bb97b7453720968aa6793bd962a8880a459acadc,Relaxation,positive,13.071995,a983c145a6a7c3bc2cdaa43fd36289977dcf1a06ddbcd333dc9eb31b4fb9dce4,positive/relaxation/positive_relaxation_2377_00030172.mp4,False,
emotion:00030173.mp4,00030173.mp4,eMotions_chunk_123.parquet,datasets/Conna/eMotions/data/eMotions_chunk_123.parquet,bb97b7453720968aa6793bd962a8880a459acadc,Relaxation,positive,12.933333,0a65a27b40353a0989fd73283f5aeba16613626de48a8740526eff40fe2c18cd,positive/relaxation/positive_relaxation_2378_00030173.mp4,False,
emotion:00030174.mp4,00030174.mp4,eMotions_chunk_123.parquet,datasets/Conna/eMotions/data/eMotions_chunk_123.parquet,bb97b7453720968aa6793bd962a8880a459acadc,Relaxation,positive,14.070998,755183e7601173af6059c50349b69c9584cc3063da7277549e3fcc4aac656183,positive/relaxation/positive_relaxation_2379_00030174.mp4,False,
emotion:00030178.mp4,00030178.mp4,eMotions_chunk_123.parquet,datasets/Conna/eMotions/data/eMotions_chunk_123.parquet,bb97b7453720968aa6793bd962a8880a459acadc,Relaxation,positive,10.912993,d6ee96fafe88a2affacf3bc6a65c44749173923c0b1999af88f9ca3f3bd8a395,positive/relaxation/positive_relaxation_2380_00030178.mp4,False,
emotion:00030179.mp4,00030179.mp4,eMotions_chunk_123.parquet,datasets/Conna/eMotions/data/eMotions_chunk_123.parquet,bb97b7453720968aa6793bd962a8880a459acadc,Relaxation,positive,9.310998,9447b750d4d9113bba2cab792176909d45bee4d696af542ed837b8eabc9d7b73,positive/relaxation/positive_relaxation_2381_00030179.mp4,False,
emotion:00030180.mp4,00030180.mp4,eMotions_chunk_123.parquet,datasets/Conna/eMotions/data/eMotions_chunk_123.parquet,bb97b7453720968aa6793bd962a8880a459acadc,Relaxation,positive,23.172993,fa9e9eb9cc7361e8b4cef1ccf5aa666e958c982604bc0340029c5fba5b2c70bb,positive/relaxation/positive_relaxation_2382_00030180.mp4,False,
emotion:00030181.mp4,00030181.mp4,eMotions_chunk_123.parquet,datasets/Conna/eMotions/data/eMotions_chunk_123.parquet,bb97b7453720968aa6793bd962a8880a459acadc,Relaxation,positive,20.805011,c8a8518f09a3d056d14b01683d8c5a6f2a4cb67e16966ccfc9f29205b13ea5a7,positive/relaxation/positive_relaxation_2383_00030181.mp4,False,
emotion:00030182.mp4,00030182.mp4,eMotions_chunk_123.parquet,datasets/Conna/eMotions/data/eMotions_chunk_123.parquet,bb97b7453720968aa6793bd962a8880a459acadc,Relaxation,positive,11.935011,8d7acb8dd660e4f99769375456eed82edfcca48c939cf0f6d1529be746fd9c3c,positive/relaxation/positive_relaxation_2384_00030182.mp4,False,
emotion:00030183.mp4,00030183.mp4,eMotions_chunk_123.parquet,datasets/Conna/eMotions/data/eMotions_chunk_123.parquet,bb97b7453720968aa6793bd962a8880a459acadc,Relaxation,positive,11.980998,637f41f4cca106fb8824e146dd29fe418466a8f31c23de9bf711ed5d931930b2,positive/relaxation/positive_relaxation_2385_00030183.mp4,False,
emotion:00030184.mp4,00030184.mp4,eMotions_chunk_123.parquet,datasets/Conna/eMotions/data/eMotions_chunk_123.parquet,bb97b7453720968aa6793bd962a8880a459acadc,Relaxation,positive,15.348005,f095a431bf71a5112ffb27e7fd7ca78f52c271d4fa3235179260f968afcc4357,positive/relaxation/positive_relaxation_2386_00030184.mp4,False,
emotion:00030185.mp4,00030185.mp4,eMotions_chunk_123.parquet,datasets/Conna/eMotions/data/eMotions_chunk_123.parquet,bb97b7453720968aa6793bd962a8880a459acadc,Relaxation,positive,16.277007,ea7c4ea3e42d270d3229ba02f32a7c626dd55ceb00fc566d027091873ccc03e4,positive/relaxation/positive_relaxation_2387_00030185.mp4,False,
emotion:00030186.mp4,00030186.mp4,eMotions_chunk_123.parquet,datasets/Conna/eMotions/data/eMotions_chunk_123.parquet,bb97b7453720968aa6793bd962a8880a459acadc,Relaxation,positive,28.049002,849d60cce3da5b922ca4edbf26a8302c4ea52c8d6d26f9c9375d96322d582949,positive/relaxation/positive_relaxation_2388_00030186.mp4,False,
emotion:00030188.mp4,00030188.mp4,eMotions_chunk_123.parquet,datasets/Conna/eMotions/data/eMotions_chunk_123.parquet,bb97b7453720968aa6793bd962a8880a459acadc,Relaxation,positive,13.908005,7ec2175c0dac3e0392cb48e30938c0e18b8ec18eba4da8435b1eabe00e2c4264,positive/relaxation/positive_relaxation_2389_00030188.mp4,False,
emotion:00030189.mp4,00030189.mp4,eMotions_chunk_123.parquet,datasets/Conna/eMotions/data/eMotions_chunk_123.parquet,bb97b7453720968aa6793bd962a8880a459acadc,Relaxation,positive,14.187007,18ea04de861e2b14a8aa998af52234cd94b7bd5e69750b65494f8f685ba5e1e4,positive/relaxation/positive_relaxation_2390_00030189.mp4,False,
emotion:00030191.mp4,00030191.mp4,eMotions_chunk_123.parquet,datasets/Conna/eMotions/data/eMotions_chunk_123.parquet,bb97b7453720968aa6793bd962a8880a459acadc,Relaxation,positive,16.648005,6b15ace7457af02bb4b64866b64e266fe009d851cc4aea29b3022621d5ebec69,positive/relaxation/positive_relaxation_2391_00030191.mp4,False,
emotion:00030193.mp4,00030193.mp4,eMotions_chunk_123.parquet,datasets/Conna/eMotions/data/eMotions_chunk_123.parquet,bb97b7453720968aa6793bd962a8880a459acadc,Relaxation,positive,17.066667,cd619d4a8ccda819e3706f1705a84ba7a4e93ad16795b723154ccb527fb9f2c2,positive/relaxation/positive_relaxation_2392_00030193.mp4,False,
emotion:00030194.mp4,00030194.mp4,eMotions_chunk_123.parquet,datasets/Conna/eMotions/data/eMotions_chunk_123.parquet,bb97b7453720968aa6793bd962a8880a459acadc,Relaxation,positive,23.381995,434a6fc7a25229cf20e4e4538b957481363c175dc4619fcd32da2890d598fa44,positive/relaxation/positive_relaxation_2393_00030194.mp4,False,
emotion:00030195.mp4,00030195.mp4,eMotions_chunk_123.parquet,datasets/Conna/eMotions/data/eMotions_chunk_123.parquet,bb97b7453720968aa6793bd962a8880a459acadc,Relaxation,positive,13.002993,d61161fededdc7bed47f4d9e02e922059d68d4ff93d6d54665bf28f5e29661e6,positive/relaxation/positive_relaxation_2394_00030195.mp4,False,
emotion:00030196.mp4,00030196.mp4,eMotions_chunk_123.parquet,datasets/Conna/eMotions/data/eMotions_chunk_123.parquet,bb97b7453720968aa6793bd962a8880a459acadc,Relaxation,positive,14.117007,5611ec4d13b8151bd0b93fa0d0a5ffd8fea2a5a4f14cea746e62a97d5e554ea4,positive/relaxation/positive_relaxation_2395_00030196.mp4,False,
emotion:00030197.mp4,00030197.mp4,eMotions_chunk_123.parquet,datasets/Conna/eMotions/data/eMotions_chunk_123.parquet,bb97b7453720968aa6793bd962a8880a459acadc,Relaxation,positive,14.233333,3a958fe43ead1ad36fd7b6f21af15e746aef989e9d15da6a9b4fde01042ce114,positive/relaxation/positive_relaxation_2396_00030197.mp4,False,
emotion:00030198.mp4,00030198.mp4,eMotions_chunk_123.parquet,datasets/Conna/eMotions/data/eMotions_chunk_123.parquet,bb97b7453720968aa6793bd962a8880a459acadc,Relaxation,positive,24.218005,a9d0a272638db087223a48b21bcf2d35c10a4b52471bdff0b9bb851b1938331f,positive/relaxation/positive_relaxation_2397_00030198.mp4,False,
emotion:00030199.mp4,00030199.mp4,eMotions_chunk_123.parquet,datasets/Conna/eMotions/data/eMotions_chunk_123.parquet,bb97b7453720968aa6793bd962a8880a459acadc,Relaxation,positive,12.4,29b1c7e3c7e1d6af774003d888bb0ac16f3f8903a0f82bae2fc6e60886071528,positive/relaxation/positive_relaxation_2398_00030199.mp4,False,
emotion:00030200.mp4,00030200.mp4,eMotions_chunk_123.parquet,datasets/Conna/eMotions/data/eMotions_chunk_123.parquet,bb97b7453720968aa6793bd962a8880a459acadc,Relaxation,positive,15.811995,1d3170c83bc560538b4eb33ddc34929312f994695f5e8236aa95fc537a04ad68,positive/relaxation/positive_relaxation_2399_00030200.mp4,False,
emotion:00030202.mp4,00030202.mp4,eMotions_chunk_123.parquet,datasets/Conna/eMotions/data/eMotions_chunk_123.parquet,bb97b7453720968aa6793bd962a8880a459acadc,Relaxation,positive,11.285011,10667085ad71806728b6f19549fffdf4b39e071993be842de5a0da94a24a598c,positive/relaxation/positive_relaxation_2400_00030202.mp4,False,
emotion:00030207.mp4,00030207.mp4,eMotions_chunk_123.parquet,datasets/Conna/eMotions/data/eMotions_chunk_123.parquet,bb97b7453720968aa6793bd962a8880a459acadc,Relaxation,positive,19.319002,a0711010fafc8f2fdb8f986986bc8e404221fddcb666db2e25d5f6464f6e6647,positive/relaxation/positive_relaxation_2401_00030207.mp4,False,
emotion:00030208.mp4,00030208.mp4,eMotions_chunk_123.parquet,datasets/Conna/eMotions/data/eMotions_chunk_123.parquet,bb97b7453720968aa6793bd962a8880a459acadc,Relaxation,positive,9.821995,e685beb1182ed133d616870f57665de87c73dfe898c39231904d87ce215ccdb6,positive/relaxation/positive_relaxation_2402_00030208.mp4,False,
emotion:00030209.mp4,00030209.mp4,eMotions_chunk_123.parquet,datasets/Conna/eMotions/data/eMotions_chunk_123.parquet,bb97b7453720968aa6793bd962a8880a459acadc,Relaxation,positive,11.517007,8dc5459aea354f52ed8c90ddfe276e0da4dc1b5b2fa85d14ec4f4fab5b1caee8,positive/relaxation/positive_relaxation_2403_00030209.mp4,False,
emotion:00030211.mp4,00030211.mp4,eMotions_chunk_123.parquet,datasets/Conna/eMotions/data/eMotions_chunk_123.parquet,bb97b7453720968aa6793bd962a8880a459acadc,Relaxation,positive,16.138005,c214c779918b437db0a47826922f1e687c9ee55ea1517b3aa5b2c8a2ae94252e,positive/relaxation/positive_relaxation_2404_00030211.mp4,False,
emotion:00030214.mp4,00030214.mp4,eMotions_chunk_123.parquet,datasets/Conna/eMotions/data/eMotions_chunk_123.parquet,bb97b7453720968aa6793bd962a8880a459acadc,Relaxation,positive,26.517007,2c580c80978b635e9ae3e398a4196eeadab685dbcac66ab99b2a0dea00452de4,positive/relaxation/positive_relaxation_2405_00030214.mp4,False,
emotion:00030215.mp4,00030215.mp4,eMotions_chunk_123.parquet,datasets/Conna/eMotions/data/eMotions_chunk_123.parquet,bb97b7453720968aa6793bd962a8880a459acadc,Relaxation,positive,17.809002,78dd5fb875afb6a5258ca3d3a4beff0c91783e0b9f2308214833fc1e548e27a6,positive/relaxation/positive_relaxation_2406_00030215.mp4,False,
emotion:00030217.mp4,00030217.mp4,eMotions_chunk_123.parquet,datasets/Conna/eMotions/data/eMotions_chunk_123.parquet,bb97b7453720968aa6793bd962a8880a459acadc,Relaxation,positive,10.982993,7de227ee5d12acf594d36e0b094109c290fe271f21b36f8e729404ced136bcfb,positive/relaxation/positive_relaxation_2407_00030217.mp4,False,
emotion:00030218.mp4,00030218.mp4,eMotions_chunk_123.parquet,datasets/Conna/eMotions/data/eMotions_chunk_123.parquet,bb97b7453720968aa6793bd962a8880a459acadc,Relaxation,positive,9.706009,c5e807492bffceb47bf4ea341d1ca00125f433d048c5159c2f1699d0a2a16a77,positive/relaxation/positive_relaxation_2408_00030218.mp4,False,
emotion:00030219.mp4,00030219.mp4,eMotions_chunk_123.parquet,datasets/Conna/eMotions/data/eMotions_chunk_123.parquet,bb97b7453720968aa6793bd962a8880a459acadc,Relaxation,positive,14.720998,ca496353ce6269d56780f17a5ac086b45b7957a94576e6904c4b9e796999b065,positive/relaxation/positive_relaxation_2409_00030219.mp4,False,
emotion:00030220.mp4,00030220.mp4,eMotions_chunk_123.parquet,datasets/Conna/eMotions/data/eMotions_chunk_123.parquet,bb97b7453720968aa6793bd962a8880a459acadc,Relaxation,positive,19.503991,f9b2164174bd9affd045463baf647080e35bfd6a446b1e63ef4c33b53ee44cf8,positive/relaxation/positive_relaxation_2410_00030220.mp4,False,
emotion:00030221.mp4,00030221.mp4,eMotions_chunk_123.parquet,datasets/Conna/eMotions/data/eMotions_chunk_123.parquet,bb97b7453720968aa6793bd962a8880a459acadc,Relaxation,positive,21.478005,2937abd2758822d2699ee7589213b8d1a8baea52397c57028d0de1041e47ff44,positive/relaxation/positive_relaxation_2411_00030221.mp4,False,
emotion:00030223.mp4,00030223.mp4,eMotions_chunk_123.parquet,datasets/Conna/eMotions/data/eMotions_chunk_123.parquet,bb97b7453720968aa6793bd962a8880a459acadc,Relaxation,positive,13.002993,752998f5f7c70ee0c02673ac2479de43e2fe14e8005b038518e205150c09afa3,positive/relaxation/positive_relaxation_2412_00030223.mp4,False,
emotion:00030224.mp4,00030224.mp4,eMotions_chunk_123.parquet,datasets/Conna/eMotions/data/eMotions_chunk_123.parquet,bb97b7453720968aa6793bd962a8880a459acadc,Relaxation,positive,12.887007,7f3a4a816a931e5ba40cccfe1b53c3749af3da408eaa9e5140bc069545058a68,positive/relaxation/positive_relaxation_2413_00030224.mp4,False,
emotion:00030229.mp4,00030229.mp4,eMotions_chunk_123.parquet,datasets/Conna/eMotions/data/eMotions_chunk_123.parquet,bb97b7453720968aa6793bd962a8880a459acadc,Relaxation,positive,9.821995,4639feaea6978db23264d70b2a89bb99afa73c9af361169da2b3821a7586ba6b,positive/relaxation/positive_relaxation_2414_00030229.mp4,False,
emotion:00030230.mp4,00030230.mp4,eMotions_chunk_123.parquet,datasets/Conna/eMotions/data/eMotions_chunk_123.parquet,bb97b7453720968aa6793bd962a8880a459acadc,Relaxation,positive,28.049002,f35572b5c4619ee1421cf0f7564a9c970820c69b8697884b0acebced68a23b55,positive/relaxation/positive_relaxation_2415_00030230.mp4,False,
emotion:00030232.mp4,00030232.mp4,eMotions_chunk_123.parquet,datasets/Conna/eMotions/data/eMotions_chunk_123.parquet,bb97b7453720968aa6793bd962a8880a459acadc,Relaxation,positive,17.066667,29504f6353308fdeb27b611db96e896f2f285730bfd69de08cd3ed18894dd3bd,positive/relaxation/positive_relaxation_2416_00030232.mp4,False,
emotion:00030233.mp4,00030233.mp4,eMotions_chunk_123.parquet,datasets/Conna/eMotions/data/eMotions_chunk_123.parquet,bb97b7453720968aa6793bd962a8880a459acadc,Relaxation,positive,57.167007,31f177f340e1851cada89b25d70b7571eba5ea505ce813c66481bb589b1d962f,positive/relaxation/positive_relaxation_2417_00030233.mp4,False,
emotion:00030234.mp4,00030234.mp4,eMotions_chunk_123.parquet,datasets/Conna/eMotions/data/eMotions_chunk_123.parquet,bb97b7453720968aa6793bd962a8880a459acadc,Relaxation,positive,30.278005,589165bb870fe3adceb4133c94982f49c80c26ddcb2713ea783ef8d717a13696,positive/relaxation/positive_relaxation_2418_00030234.mp4,False,
emotion:00030235.mp4,00030235.mp4,eMotions_chunk_123.parquet,datasets/Conna/eMotions/data/eMotions_chunk_123.parquet,bb97b7453720968aa6793bd962a8880a459acadc,Relaxation,positive,20.943991,50638d684d865f1e4ac0c8d431a77c6ca68bd90e1255997969befaa39438fc41,positive/relaxation/positive_relaxation_2419_00030235.mp4,False,
emotion:00030237.mp4,00030237.mp4,eMotions_chunk_123.parquet,datasets/Conna/eMotions/data/eMotions_chunk_123.parquet,bb97b7453720968aa6793bd962a8880a459acadc,Relaxation,positive,15.348005,c37862f8b814471bd25e475c8d1c8fb108ee123b7e9a1bcab16c1e18d62cf980,positive/relaxation/positive_relaxation_2420_00030237.mp4,False,
emotion:00030238.mp4,00030238.mp4,eMotions_chunk_123.parquet,datasets/Conna/eMotions/data/eMotions_chunk_123.parquet,bb97b7453720968aa6793bd962a8880a459acadc,Relaxation,positive,13.582993,c01dec9c0ab9b91ab1a80905f4accba07fa04c5cf281e16ba9c4f0e321261af8,positive/relaxation/positive_relaxation_2421_00030238.mp4,False,
emotion:00030239.mp4,00030239.mp4,eMotions_chunk_123.parquet,datasets/Conna/eMotions/data/eMotions_chunk_123.parquet,bb97b7453720968aa6793bd962a8880a459acadc,Relaxation,positive,32.483991,962f65a61da9cd707e8338a53bf0ab9034c54fbe245507b3f88dffd25ae6935d,positive/relaxation/positive_relaxation_2422_00030239.mp4,False,
emotion:00030240.mp4,00030240.mp4,eMotions_chunk_123.parquet,datasets/Conna/eMotions/data/eMotions_chunk_123.parquet,bb97b7453720968aa6793bd962a8880a459acadc,Relaxation,positive,14.768005,12d4651770aae347c99939a3dd4defc80895fbb7ce445be425c7ac3f7e3f24d0,positive/relaxation/positive_relaxation_2423_00030240.mp4,False,
emotion:00030241.mp4,00030241.mp4,eMotions_chunk_123.parquet,datasets/Conna/eMotions/data/eMotions_chunk_123.parquet,bb97b7453720968aa6793bd962a8880a459acadc,Relaxation,positive,13.746009,6fb07f1067f22527320579ae988232634b8093b994b79c1d3dad7cf2aced1b47,positive/relaxation/positive_relaxation_2424_00030241.mp4,False,
emotion:00030242.mp4,00030242.mp4,eMotions_chunk_123.parquet,datasets/Conna/eMotions/data/eMotions_chunk_123.parquet,bb97b7453720968aa6793bd962a8880a459acadc,Relaxation,positive,14.952993,60a3923dc24a50367e6d81b2bb589aa28568fb3cfe94cc25714206c091b966de,positive/relaxation/positive_relaxation_2425_00030242.mp4,False,
emotion:00030244.mp4,00030244.mp4,eMotions_chunk_123.parquet,datasets/Conna/eMotions/data/eMotions_chunk_123.parquet,bb97b7453720968aa6793bd962a8880a459acadc,Relaxation,positive,12.212993,227f40a5189b96651208683fac0dac6ce894885b8107ed345e486bfdfe2e045e,positive/relaxation/positive_relaxation_2426_00030244.mp4,False,
emotion:00030245.mp4,00030245.mp4,eMotions_chunk_123.parquet,datasets/Conna/eMotions/data/eMotions_chunk_123.parquet,bb97b7453720968aa6793bd962a8880a459acadc,Relaxation,positive,10.588005,050ef0c511eeed3d92ed6d8704aeaf47919eb6b57d8eccd3afefba0b6d6bc9ff,positive/relaxation/positive_relaxation_2427_00030245.mp4,False,
emotion:00030246.mp4,00030246.mp4,eMotions_chunk_123.parquet,datasets/Conna/eMotions/data/eMotions_chunk_123.parquet,bb97b7453720968aa6793bd962a8880a459acadc,Relaxation,positive,23.266667,1a05c68e57a545f1775fda60c054ca0ebe66f9d088dcfa0a19ac9bbff6b52138,positive/relaxation/positive_relaxation_2428_00030246.mp4,False,
emotion:00030247.mp4,00030247.mp4,eMotions_chunk_123.parquet,datasets/Conna/eMotions/data/eMotions_chunk_123.parquet,bb97b7453720968aa6793bd962a8880a459acadc,Relaxation,positive,12.678005,21e017ece4ea3f1f9e06f15516e80917b65ed82db5ecf8d43f2a99c194daa49c,positive/relaxation/positive_relaxation_2429_00030247.mp4,False,
emotion:00030249.mp4,00030249.mp4,eMotions_chunk_123.parquet,datasets/Conna/eMotions/data/eMotions_chunk_123.parquet,bb97b7453720968aa6793bd962a8880a459acadc,Relaxation,positive,34.876009,a4b00113e252bb8b66af6ec094fdbb703d8e1eac2d603fa6bce8ed23810d8a28,positive/relaxation/positive_relaxation_2430_00030249.mp4,False,
emotion:00030250.mp4,00030250.mp4,eMotions_chunk_123.parquet,datasets/Conna/eMotions/data/eMotions_chunk_123.parquet,bb97b7453720968aa6793bd962a8880a459acadc,Relaxation,positive,14.768005,1dae796a6eb6ce00d9403aded2eb71d975c7b021799a57a2dbdf74e9c6c4741c,positive/relaxation/positive_relaxation_2431_00030250.mp4,False,
emotion:00030252.mp4,00030252.mp4,eMotions_chunk_123.parquet,datasets/Conna/eMotions/data/eMotions_chunk_123.parquet,bb97b7453720968aa6793bd962a8880a459acadc,Relaxation,positive,23.847007,f397f884ab200f695e143ea3480f39a9c30dfce48000ac1adb56f8ac67a23527,positive/relaxation/positive_relaxation_2432_00030252.mp4,False,
emotion:00030255.mp4,00030255.mp4,eMotions_chunk_123.parquet,datasets/Conna/eMotions/data/eMotions_chunk_123.parquet,bb97b7453720968aa6793bd962a8880a459acadc,Relaxation,positive,8.986009,6c5b16cb594cca7c08b8f2b60ee1d0674fa327d38df0c4c4babc09cd787ed819,positive/relaxation/positive_relaxation_2433_00030255.mp4,False,
emotion:00030256.mp4,00030256.mp4,eMotions_chunk_123.parquet,datasets/Conna/eMotions/data/eMotions_chunk_123.parquet,bb97b7453720968aa6793bd962a8880a459acadc,Relaxation,positive,22.220998,555a27485771d12b0dd96422da6ab022fb8705334d38b7a0dad7295db07bf41c,positive/relaxation/positive_relaxation_2434_00030256.mp4,False,
emotion:00030257.mp4,00030257.mp4,eMotions_chunk_123.parquet,datasets/Conna/eMotions/data/eMotions_chunk_123.parquet,bb97b7453720968aa6793bd962a8880a459acadc,Relaxation,positive,12.352993,9a97b1f0344f48dd97bc7eaf8798232dd71cdf3f358a1f775a8186d25fec380b,positive/relaxation/positive_relaxation_2435_00030257.mp4,False,
emotion:00030259.mp4,00030259.mp4,eMotions_chunk_123.parquet,datasets/Conna/eMotions/data/eMotions_chunk_123.parquet,bb97b7453720968aa6793bd962a8880a459acadc,Relaxation,positive,14.883991,64980609533d243ba64c989f105ba7f648f3bb7f3957694ce1d0a631fdf4b0b3,positive/relaxation/positive_relaxation_2436_00030259.mp4,False,
emotion:00030260.mp4,00030260.mp4,eMotions_chunk_123.parquet,datasets/Conna/eMotions/data/eMotions_chunk_123.parquet,bb97b7453720968aa6793bd962a8880a459acadc,Relaxation,positive,19.202993,8112f84fae8ffaaa36e24df7e91fd5024cc689ec39c8feaa7fee27eeeed97fad,positive/relaxation/positive_relaxation_2437_00030260.mp4,False,
emotion:00030261.mp4,00030261.mp4,eMotions_chunk_123.parquet,datasets/Conna/eMotions/data/eMotions_chunk_123.parquet,bb97b7453720968aa6793bd962a8880a459acadc,Relaxation,positive,13.537007,6fcc9470bc65c0c6715aab68a5fd90d57343ef08f331deedcde2c5fa0e4c7f43,positive/relaxation/positive_relaxation_2438_00030261.mp4,False,
emotion:00030262.mp4,00030262.mp4,eMotions_chunk_123.parquet,datasets/Conna/eMotions/data/eMotions_chunk_123.parquet,bb97b7453720968aa6793bd962a8880a459acadc,Relaxation,positive,14.743991,acf3365fa9fdafaed312a0c6bae2a8226b27bcc38cf67d23b16830c89dd169d2,positive/relaxation/positive_relaxation_2439_00030262.mp4,False,
emotion:00030263.mp4,00030263.mp4,eMotions_chunk_123.parquet,datasets/Conna/eMotions/data/eMotions_chunk_123.parquet,bb97b7453720968aa6793bd962a8880a459acadc,Relaxation,positive,9.240998,30521a0164c5b7118572fb136c4f757d69b629199c4de6ee36d2f4976c211232,positive/relaxation/positive_relaxation_2440_00030263.mp4,False,
emotion:00030264.mp4,00030264.mp4,eMotions_chunk_123.parquet,datasets/Conna/eMotions/data/eMotions_chunk_123.parquet,bb97b7453720968aa6793bd962a8880a459acadc,Relaxation,positive,14.000998,d2073123a43869deed346bc0b3e8d0b97500a2f71d2382d5974c90a5ac49c83e,positive/relaxation/positive_relaxation_2441_00030264.mp4,False,
emotion:00000005.mp4,00000005.mp4,eMotions_chunk_129.parquet,datasets/Conna/eMotions/data/eMotions_chunk_129.parquet,bb97b7453720968aa6793bd962a8880a459acadc,Tension,negative,17.133333,5d66dcec5584557bc58cedf21fa74ac04fbbc0accd7f96655f71658f4d61475b,negative/tension/negative_tension_2442_00000005.mp4,False,
emotion:00000069.mp4,00000069.mp4,eMotions_chunk_129.parquet,datasets/Conna/eMotions/data/eMotions_chunk_129.parquet,bb97b7453720968aa6793bd962a8880a459acadc,Tension,negative,13.607007,0f5fa2c234c86c83c3311256d25774f71db9c219da6189db838140323a214fdb,negative/tension/negative_tension_2443_00000069.mp4,False,
emotion:00000130.mp4,00000130.mp4,eMotions_chunk_129.parquet,datasets/Conna/eMotions/data/eMotions_chunk_129.parquet,bb97b7453720968aa6793bd962a8880a459acadc,Tension,negative,9.183333,9a704ed2e1c956a13c381b35c4555bebca7383e5f26c12460ef44f3587dd7f40,negative/tension/negative_tension_2444_00000130.mp4,False,
emotion:00000176.mp4,00000176.mp4,eMotions_chunk_129.parquet,datasets/Conna/eMotions/data/eMotions_chunk_129.parquet,bb97b7453720968aa6793bd962a8880a459acadc,Tension,negative,7.8,413cd1e6ba32d29b5ec285f4f4a0f9b3b6b6f86c57e028c61e805350d3e3cb6c,negative/tension/negative_tension_2445_00000176.mp4,False,
emotion:00000197.mp4,00000197.mp4,eMotions_chunk_129.parquet,datasets/Conna/eMotions/data/eMotions_chunk_129.parquet,bb97b7453720968aa6793bd962a8880a459acadc,Tension,negative,7.779002,244fc6005ab34616be68a0e9443c105d6503063b7be737d5a7cb79eca0c24364,negative/tension/negative_tension_2446_00000197.mp4,False,
emotion:00000373.mp4,00000373.mp4,eMotions_chunk_129.parquet,datasets/Conna/eMotions/data/eMotions_chunk_129.parquet,bb97b7453720968aa6793bd962a8880a459acadc,Tension,negative,41.866009,7919687603664906e601ad5089572509c3c60e24c654fbac74a1e34ba38ab764,negative/tension/negative_tension_2447_00000373.mp4,False,
emotion:00000404.mp4,00000404.mp4,eMotions_chunk_129.parquet,datasets/Conna/eMotions/data/eMotions_chunk_129.parquet,bb97b7453720968aa6793bd962a8880a459acadc,Tension,negative,34.933333,cd23aba127678485bee90196eb938c74b0ff565e02ea51c8d460582e75cd5804,negative/tension/negative_tension_2448_00000404.mp4,False,
emotion:00000454.mp4,00000454.mp4,eMotions_chunk_129.parquet,datasets/Conna/eMotions/data/eMotions_chunk_129.parquet,bb97b7453720968aa6793bd962a8880a459acadc,Tension,negative,9.52,156332913afc03351e228670a246226bdc084c2ebe6c854ccb6db599193d2de2,negative/tension/negative_tension_2449_00000454.mp4,False,
emotion:00000464.mp4,00000464.mp4,eMotions_chunk_129.parquet,datasets/Conna/eMotions/data/eMotions_chunk_129.parquet,bb97b7453720968aa6793bd962a8880a459acadc,Tension,negative,29.972993,f9e93b1af869aa9590510d37260711455216bffcba872d0e73bd14585eccb8b0,negative/tension/negative_tension_2450_00000464.mp4,False,
emotion:00000497.mp4,00000497.mp4,eMotions_chunk_129.parquet,datasets/Conna/eMotions/data/eMotions_chunk_129.parquet,bb97b7453720968aa6793bd962a8880a459acadc,Tension,negative,11.702993,4de266d4da10eb6f59be2576e0a6cb0a767816ed61b37144cec67158c14a20e9,negative/tension/negative_tension_2451_00000497.mp4,False,
emotion:00000509.mp4,00000509.mp4,eMotions_chunk_129.parquet,datasets/Conna/eMotions/data/eMotions_chunk_129.parquet,bb97b7453720968aa6793bd962a8880a459acadc,Tension,negative,10.795011,b29df175b8ce1836294e5f078a30e3abc005133915e71e96ceea0889b79f7859,negative/tension/negative_tension_2452_00000509.mp4,False,
emotion:00000516.mp4,00000516.mp4,eMotions_chunk_129.parquet,datasets/Conna/eMotions/data/eMotions_chunk_129.parquet,bb97b7453720968aa6793bd962a8880a459acadc,Tension,negative,20.016009,abc00e4dd6dc28f1c06a4c56fa14389c41bdc63af3c690e6c89e974d1d45612c,negative/tension/negative_tension_2453_00000516.mp4,False,
emotion:00000564.mp4,00000564.mp4,eMotions_chunk_129.parquet,datasets/Conna/eMotions/data/eMotions_chunk_129.parquet,bb97b7453720968aa6793bd962a8880a459acadc,Tension,negative,60.0,35825ec09f3ca7952474b1554cbc983fb512e22a240fb3c861200409383269a3,negative/tension/negative_tension_2454_00000564.mp4,False,
emotion:00000593.mp4,00000593.mp4,eMotions_chunk_129.parquet,datasets/Conna/eMotions/data/eMotions_chunk_129.parquet,bb97b7453720968aa6793bd962a8880a459acadc,Tension,negative,17.966667,d31d4fcc3961d4ad9a750c6e333acec6e4a6391bcb3a09ef0e21a1322c0695a1,negative/tension/negative_tension_2455_00000593.mp4,False,
emotion:00000603.mp4,00000603.mp4,eMotions_chunk_129.parquet,datasets/Conna/eMotions/data/eMotions_chunk_129.parquet,bb97b7453720968aa6793bd962a8880a459acadc,Tension,negative,20.016009,f71126dde67c09b06dbbcd9e3e097157b17dfc393f86bac7c2757c54146a3966,negative/tension/negative_tension_2456_00000603.mp4,False,
emotion:00000620.mp4,00000620.mp4,eMotions_chunk_129.parquet,datasets/Conna/eMotions/data/eMotions_chunk_129.parquet,bb97b7453720968aa6793bd962a8880a459acadc,Tension,negative,6.548005,fe36c8fc4ecf4ece6e40f6a6d6f042902c27e3d5af5114f0ca1cd95d1abe2b54,negative/tension/negative_tension_2457_00000620.mp4,False,
emotion:00000630.mp4,00000630.mp4,eMotions_chunk_129.parquet,datasets/Conna/eMotions/data/eMotions_chunk_129.parquet,bb97b7453720968aa6793bd962a8880a459acadc,Tension,negative,50.6,8acd2e58225ccd0328901eac00a2ffbf6883b5ca2d769fdafe1b285901832e6a,negative/tension/negative_tension_2458_00000630.mp4,False,
emotion:00000732.mp4,00000732.mp4,eMotions_chunk_129.parquet,datasets/Conna/eMotions/data/eMotions_chunk_129.parquet,bb97b7453720968aa6793bd962a8880a459acadc,Tension,negative,8.94,367a2e31403bad2068769daea2d5d8a09dd89a887139fb03414e70a8a8161014,negative/tension/negative_tension_2459_00000732.mp4,False,
emotion:00000791.mp4,00000791.mp4,eMotions_chunk_129.parquet,datasets/Conna/eMotions/data/eMotions_chunk_129.parquet,bb97b7453720968aa6793bd962a8880a459acadc,Tension,negative,11.666667,47574bc040a4b1d9db31e3e959e0e993d498c749b13aa1b49eeab1e60a62610e,negative/tension/negative_tension_2460_00000791.mp4,False,
emotion:00000830.mp4,00000830.mp4,eMotions_chunk_129.parquet,datasets/Conna/eMotions/data/eMotions_chunk_129.parquet,bb97b7453720968aa6793bd962a8880a459acadc,Tension,negative,16.416009,b7f7518a5bfca357b2efa8b1bb82ebbfc67fb06c65b729e754fbae9dbb7f74a0,negative/tension/negative_tension_2461_00000830.mp4,False,
emotion:00000838.mp4,00000838.mp4,eMotions_chunk_129.parquet,datasets/Conna/eMotions/data/eMotions_chunk_129.parquet,bb97b7453720968aa6793bd962a8880a459acadc,Tension,negative,8.173913,a15fdef8b863e3f9dec591439e3252adfca8c9cb9ff9bce386f983d013a6ad3f,negative/tension/negative_tension_2462_00000838.mp4,False,
emotion:00000868.mp4,00000868.mp4,eMotions_chunk_129.parquet,datasets/Conna/eMotions/data/eMotions_chunk_129.parquet,bb97b7453720968aa6793bd962a8880a459acadc,Tension,negative,47.833333,5c69842441b1fcab23a880bf790837567405b1e9a690cba8a2d003523fc19abc,negative/tension/negative_tension_2463_00000868.mp4,False,
emotion:00000896.mp4,00000896.mp4,eMotions_chunk_129.parquet,datasets/Conna/eMotions/data/eMotions_chunk_129.parquet,bb97b7453720968aa6793bd962a8880a459acadc,Tension,negative,13.766667,a693d541f618661fd60947dfba2c5a9adc701261df88a0eef98ba4e9964cc37a,negative/tension/negative_tension_2464_00000896.mp4,False,
emotion:00000931.mp4,00000931.mp4,eMotions_chunk_129.parquet,datasets/Conna/eMotions/data/eMotions_chunk_129.parquet,bb97b7453720968aa6793bd962a8880a459acadc,Tension,negative,16.103448,66be9c5dae60c397fee7ba6e85622c3cbd8ab41bea195a2269cc26979bfa1a29,negative/tension/negative_tension_2465_00000931.mp4,False,
emotion:00000932.mp4,00000932.mp4,eMotions_chunk_129.parquet,datasets/Conna/eMotions/data/eMotions_chunk_129.parquet,bb97b7453720968aa6793bd962a8880a459acadc,Tension,negative,15.056723,44a91cd025b6a159f0f73b573d8e787fc4208ce3b4da4a161e64ee4486334102,negative/tension/negative_tension_2466_00000932.mp4,False,
emotion:00000941.mp4,00000941.mp4,eMotions_chunk_129.parquet,datasets/Conna/eMotions/data/eMotions_chunk_129.parquet,bb97b7453720968aa6793bd962a8880a459acadc,Tension,negative,20.013991,c1025e6f88ae560f059e46d9afd711275d9594aced7a75f28dfc1cea4db3da35,negative/tension/negative_tension_2467_00000941.mp4,False,
emotion:00000966.mp4,00000966.mp4,eMotions_chunk_129.parquet,datasets/Conna/eMotions/data/eMotions_chunk_129.parquet,bb97b7453720968aa6793bd962a8880a459acadc,Tension,negative,20.013991,a41ec3403e02ef8a3819bdddfa1df51e1011e2d43d07adea9bec5e363d3ed7d0,negative/tension/negative_tension_2468_00000966.mp4,False,
emotion:00000980.mp4,00000980.mp4,eMotions_chunk_129.parquet,datasets/Conna/eMotions/data/eMotions_chunk_129.parquet,bb97b7453720968aa6793bd962a8880a459acadc,Tension,negative,16.156413,21ba6195b8665a23a84f7bdd0bce505c4020a760619c14489387eb450f13e025,negative/tension/negative_tension_2469_00000980.mp4,False,
emotion:00001013.mp4,00001013.mp4,eMotions_chunk_129.parquet,datasets/Conna/eMotions/data/eMotions_chunk_129.parquet,bb97b7453720968aa6793bd962a8880a459acadc,Tension,negative,8.366667,a23836b96decaf052db204b2430801ea83b5e791f647d1b9395959cb5ecba0dd,negative/tension/negative_tension_2470_00001013.mp4,False,
emotion:00001022.mp4,00001022.mp4,eMotions_chunk_129.parquet,datasets/Conna/eMotions/data/eMotions_chunk_129.parquet,bb97b7453720968aa6793bd962a8880a459acadc,Tension,negative,29.533333,e534f2fe1abae6cfb07b6b57b5ccd166b610539dfb67aad997c87812d3e12e3a,negative/tension/negative_tension_2471_00001022.mp4,False,
emotion:00001031.mp4,00001031.mp4,eMotions_chunk_129.parquet,datasets/Conna/eMotions/data/eMotions_chunk_129.parquet,bb97b7453720968aa6793bd962a8880a459acadc,Tension,negative,15.466667,dfdea24672ee05ad543ce7d6d6e960f403ffaf2440f4b3e427e8ad8626e41ef7,negative/tension/negative_tension_2472_00001031.mp4,False,
emotion:00001034.mp4,00001034.mp4,eMotions_chunk_129.parquet,datasets/Conna/eMotions/data/eMotions_chunk_129.parquet,bb97b7453720968aa6793bd962a8880a459acadc,Tension,negative,15.0,f547ca8ef6e80f81d2ad6388111425bcf92ee8e17b9d8361b83bdd88ae0e1f57,negative/tension/negative_tension_2473_00001034.mp4,False,
emotion:00001097.mp4,00001097.mp4,eMotions_chunk_129.parquet,datasets/Conna/eMotions/data/eMotions_chunk_129.parquet,bb97b7453720968aa6793bd962a8880a459acadc,Tension,negative,19.969002,3998f311faf55d8a87c5ad015e2f7d1c1c5794937ff7e64b1166cf737a70f52c,negative/tension/negative_tension_2474_00001097.mp4,False,
emotion:00001117.mp4,00001117.mp4,eMotions_chunk_129.parquet,datasets/Conna/eMotions/data/eMotions_chunk_129.parquet,bb97b7453720968aa6793bd962a8880a459acadc,Tension,negative,20.033333,99d7c445cd3a237911f37acbe7e7ba5346269b0bc25dadbb25caa43f79f66467,negative/tension/negative_tension_2475_00001117.mp4,False,
emotion:00001161.mp4,00001161.mp4,eMotions_chunk_129.parquet,datasets/Conna/eMotions/data/eMotions_chunk_129.parquet,bb97b7453720968aa6793bd962a8880a459acadc,Tension,negative,22.033333,bb133eced85641f00ea7d5ea8c8729273d070b867d61acad27941847b3bd3c9d,negative/tension/negative_tension_2476_00001161.mp4,False,
emotion:00001207.mp4,00001207.mp4,eMotions_chunk_129.parquet,datasets/Conna/eMotions/data/eMotions_chunk_129.parquet,bb97b7453720968aa6793bd962a8880a459acadc,Tension,negative,7.896552,1cf1150506ec7b6dc508b7b306fde39e6da8148fffd4fc79be73d18a5e079c28,negative/tension/negative_tension_2477_00001207.mp4,False,
emotion:00001231.mp4,00001231.mp4,eMotions_chunk_129.parquet,datasets/Conna/eMotions/data/eMotions_chunk_129.parquet,bb97b7453720968aa6793bd962a8880a459acadc,Tension,negative,13.516667,b48b923878eee8358621c6dcd6d70786411b2219e607c422b87b6c5ed80bc05b,negative/tension/negative_tension_2478_00001231.mp4,False,
emotion:00001236.mp4,00001236.mp4,eMotions_chunk_129.parquet,datasets/Conna/eMotions/data/eMotions_chunk_129.parquet,bb97b7453720968aa6793bd962a8880a459acadc,Tension,negative,10.176844,ac54ebc9fb91535aad8d99d1221ee0fddc29d3f3e1b6f53ab6c992b22f39f05f,negative/tension/negative_tension_2479_00001236.mp4,False,
emotion:00001247.mp4,00001247.mp4,eMotions_chunk_129.parquet,datasets/Conna/eMotions/data/eMotions_chunk_129.parquet,bb97b7453720968aa6793bd962a8880a459acadc,Tension,negative,23.688838,479964cae69fd646b31a44bcbba23e149e9c90d81de305587ebcb4b3f3f9d823,negative/tension/negative_tension_2480_00001247.mp4,False,
emotion:00001262.mp4,00001262.mp4,eMotions_chunk_129.parquet,datasets/Conna/eMotions/data/eMotions_chunk_129.parquet,bb97b7453720968aa6793bd962a8880a459acadc,Tension,negative,32.84,04f704c3a116d52e4e5251cd3b55c1a4f1199e12e48ee7a46047ca1d8ca1a35e,negative/tension/negative_tension_2481_00001262.mp4,False,
emotion:00001268.mp4,00001268.mp4,eMotions_chunk_129.parquet,datasets/Conna/eMotions/data/eMotions_chunk_129.parquet,bb97b7453720968aa6793bd962a8880a459acadc,Tension,negative,6.666667,84c3c1f3c026638510cdf29c33938eec199d4e1dec26ade80715d1f428710c49,negative/tension/negative_tension_2482_00001268.mp4,False,
emotion:00001275.mp4,00001275.mp4,eMotions_chunk_129.parquet,datasets/Conna/eMotions/data/eMotions_chunk_129.parquet,bb97b7453720968aa6793bd962a8880a459acadc,Tension,negative,15.0,b93c6e4173fd3544d6e96059ab463ee1b4abf44e1059e7a50bdb84958a832ba7,negative/tension/negative_tension_2483_00001275.mp4,False,
emotion:00001314.mp4,00001314.mp4,eMotions_chunk_129.parquet,datasets/Conna/eMotions/data/eMotions_chunk_129.parquet,bb97b7453720968aa6793bd962a8880a459acadc,Tension,negative,15.066667,59a2fb0860dba00aabac508243faa250fdf9cb7dd32601cf80243de46c0a4455,negative/tension/negative_tension_2484_00001314.mp4,False,
emotion:00001338.mp4,00001338.mp4,eMotions_chunk_129.parquet,datasets/Conna/eMotions/data/eMotions_chunk_129.parquet,bb97b7453720968aa6793bd962a8880a459acadc,Tension,negative,10.889002,a80dc643cda4198375e23e574a23b9ba423f8362646d7628c0cc916001ad0162,negative/tension/negative_tension_2485_00001338.mp4,False,
emotion:00001342.mp4,00001342.mp4,eMotions_chunk_129.parquet,datasets/Conna/eMotions/data/eMotions_chunk_129.parquet,bb97b7453720968aa6793bd962a8880a459acadc,Tension,negative,27.4,d843e2dc0aac4bd2aa4b8cf418a28430cbb531f62e5cc634ff6a2c68d0b74eec,negative/tension/negative_tension_2486_00001342.mp4,False,
emotion:00001361.mp4,00001361.mp4,eMotions_chunk_129.parquet,datasets/Conna/eMotions/data/eMotions_chunk_129.parquet,bb97b7453720968aa6793bd962a8880a459acadc,Tension,negative,18.833333,004a75685f542ae51370d7f1effd4d48fb3ecfde2a3a464595cebb08d024fc4c,negative/tension/negative_tension_2487_00001361.mp4,False,
emotion:00001364.mp4,00001364.mp4,eMotions_chunk_129.parquet,datasets/Conna/eMotions/data/eMotions_chunk_129.parquet,bb97b7453720968aa6793bd962a8880a459acadc,Tension,negative,16.903991,e35679b2a0fb74b0c2d57561ae25d22a544e834a05bcfd5ccf3302f3ff38f421,negative/tension/negative_tension_2488_00001364.mp4,False,
emotion:00001397.mp4,00001397.mp4,eMotions_chunk_129.parquet,datasets/Conna/eMotions/data/eMotions_chunk_129.parquet,bb97b7453720968aa6793bd962a8880a459acadc,Tension,negative,11.733333,3f4db37736ebcebccf6747ffdd5d15c51137c9f5c93a87daa64c5fe40555cd61,negative/tension/negative_tension_2489_00001397.mp4,False,
emotion:00001398.mp4,00001398.mp4,eMotions_chunk_129.parquet,datasets/Conna/eMotions/data/eMotions_chunk_129.parquet,bb97b7453720968aa6793bd962a8880a459acadc,Tension,negative,15.255011,9e77df0925b81181e825678553ec87b05c11182309902c2e54e6a5268a2efb6b,negative/tension/negative_tension_2490_00001398.mp4,False,
emotion:00001399.mp4,00001399.mp4,eMotions_chunk_129.parquet,datasets/Conna/eMotions/data/eMotions_chunk_129.parquet,bb97b7453720968aa6793bd962a8880a459acadc,Tension,negative,20.850998,90414202f4b33829313bf5bf8fe7e70428d103a24794ef39ecc37c74ed06f89a,negative/tension/negative_tension_2491_00001399.mp4,False,
emotion:00001408.mp4,00001408.mp4,eMotions_chunk_129.parquet,datasets/Conna/eMotions/data/eMotions_chunk_129.parquet,bb97b7453720968aa6793bd962a8880a459acadc,Tension,negative,14.4,e7a2fe57e0bdb7174b1cb9c7c8e7a5110d58ec941dfe040bf506071b29c821fa,negative/tension/negative_tension_2492_00001408.mp4,False,
emotion:00001423.mp4,00001423.mp4,eMotions_chunk_129.parquet,datasets/Conna/eMotions/data/eMotions_chunk_129.parquet,bb97b7453720968aa6793bd962a8880a459acadc,Tension,negative,21.633333,0c96cf07016b58ae9e0e1be2df9c93af6ecc59655c241fe7f2d9f83ba809e618,negative/tension/negative_tension_2493_00001423.mp4,False,
emotion:00001445.mp4,00001445.mp4,eMotions_chunk_129.parquet,datasets/Conna/eMotions/data/eMotions_chunk_129.parquet,bb97b7453720968aa6793bd962a8880a459acadc,Tension,negative,9.466667,8f2a0e496fef1e9d6de8742420b7e2a01b68b9c57f9f99df6430a6c1a79200a4,negative/tension/negative_tension_2494_00001445.mp4,False,
emotion:00001452.mp4,00001452.mp4,eMotions_chunk_129.parquet,datasets/Conna/eMotions/data/eMotions_chunk_129.parquet,bb97b7453720968aa6793bd962a8880a459acadc,Tension,negative,25.4,388bfcba2131d67f36e81edc6b81eacb87d1688510fdae34f811726c9a20ec80,negative/tension/negative_tension_2495_00001452.mp4,False,
emotion:00001457.mp4,00001457.mp4,eMotions_chunk_129.parquet,datasets/Conna/eMotions/data/eMotions_chunk_129.parquet,bb97b7453720968aa6793bd962a8880a459acadc,Tension,negative,17.216009,f03c06d293c034eca616b03d9a8fb699b9b2c827bcebb52dea8b3867f8a40ebb,negative/tension/negative_tension_2496_00001457.mp4,False,
emotion:00001460.mp4,00001460.mp4,eMotions_chunk_129.parquet,datasets/Conna/eMotions/data/eMotions_chunk_129.parquet,bb97b7453720968aa6793bd962a8880a459acadc,Tension,negative,13.666667,eda834baec1c012032b6d065e9b0d0bc07bdfae6b972f24bbee07b8c666d5343,negative/tension/negative_tension_2497_00001460.mp4,False,
emotion:00001463.mp4,00001463.mp4,eMotions_chunk_129.parquet,datasets/Conna/eMotions/data/eMotions_chunk_129.parquet,bb97b7453720968aa6793bd962a8880a459acadc,Tension,negative,39.916667,9924a72315d702bf8edaf9fe3ee9b1dcbe31e3ce63687de24a2758715ed4137a,negative/tension/negative_tension_2498_00001463.mp4,False,
emotion:00001489.mp4,00001489.mp4,eMotions_chunk_129.parquet,datasets/Conna/eMotions/data/eMotions_chunk_129.parquet,bb97b7453720968aa6793bd962a8880a459acadc,Tension,negative,10.169002,9885cc6f112c3a872065629b4ded566e2287729b11547043989032fd0cf5c142,negative/tension/negative_tension_2499_00001489.mp4,False,
emotion:00001517.mp4,00001517.mp4,eMotions_chunk_129.parquet,datasets/Conna/eMotions/data/eMotions_chunk_129.parquet,bb97b7453720968aa6793bd962a8880a459acadc,Tension,negative,16.207007,de0cdd7c8abd27163f630e6c9c46390741da165d4ffa051a894f06058c5c0d30,negative/tension/negative_tension_2500_00001517.mp4,False,
emotion:00001528.mp4,00001528.mp4,eMotions_chunk_129.parquet,datasets/Conna/eMotions/data/eMotions_chunk_129.parquet,bb97b7453720968aa6793bd962a8880a459acadc,Tension,negative,40.733333,84f54406025f6956fcd5189fe909a67f8637ea738a4848daaec8018506a6828a,negative/tension/negative_tension_2501_00001528.mp4,False,
emotion:00001532.mp4,00001532.mp4,eMotions_chunk_129.parquet,datasets/Conna/eMotions/data/eMotions_chunk_129.parquet,bb97b7453720968aa6793bd962a8880a459acadc,Tension,negative,28.666667,4aee02f2274ca2d1f269ac7f31b1b213042d61facacace3557403cdea009ba38,negative/tension/negative_tension_2502_00001532.mp4,False,
emotion:00001533.mp4,00001533.mp4,eMotions_chunk_129.parquet,datasets/Conna/eMotions/data/eMotions_chunk_129.parquet,bb97b7453720968aa6793bd962a8880a459acadc,Tension,negative,35.968005,b0eccb4953f4ae0bb033e1fc3a036a211dccb7c19b9e8210c1318e7d6dc8a696,negative/tension/negative_tension_2503_00001533.mp4,False,
emotion:00001547.mp4,00001547.mp4,eMotions_chunk_129.parquet,datasets/Conna/eMotions/data/eMotions_chunk_129.parquet,bb97b7453720968aa6793bd962a8880a459acadc,Tension,negative,10.9,89ea73fc6ba5e49234d90f30ccab2f3f0e627ff154acae7b477748ef0ae5f77a,negative/tension/negative_tension_2504_00001547.mp4,False,
emotion:00030801.mp4,00030801.mp4,eMotions_chunk_129.parquet,datasets/Conna/eMotions/data/eMotions_chunk_129.parquet,bb97b7453720968aa6793bd962a8880a459acadc,Sad,negative,15.37,eba967d09ca47f39cca8779ae5693e105550048f5a7117374097897db9924cb7,negative/sad/negative_sad_2505_00030801.mp4,False,
emotion:00030804.mp4,00030804.mp4,eMotions_chunk_129.parquet,datasets/Conna/eMotions/data/eMotions_chunk_129.parquet,bb97b7453720968aa6793bd962a8880a459acadc,Sad,negative,19.233333,ce5b1b946e10c05da8ff7c499572b44d10ed78404620d9ff255634180e7fa152,negative/sad/negative_sad_2506_00030804.mp4,False,
emotion:00030805.mp4,00030805.mp4,eMotions_chunk_129.parquet,datasets/Conna/eMotions/data/eMotions_chunk_129.parquet,bb97b7453720968aa6793bd962a8880a459acadc,Sad,negative,7.707007,0fc04e8527374a0b575763194a300e22d0cb30d8fe9de944664402817f2d716f,negative/sad/negative_sad_2507_00030805.mp4,False,
emotion:00030808.mp4,00030808.mp4,eMotions_chunk_129.parquet,datasets/Conna/eMotions/data/eMotions_chunk_129.parquet,bb97b7453720968aa6793bd962a8880a459acadc,Sad,negative,17.183333,fa2829870295aed2ba92f4c5cd93af681fc572070a3aded4e10c7107cfe89b85,negative/sad/negative_sad_2508_00030808.mp4,False,
emotion:00030813.mp4,00030813.mp4,eMotions_chunk_129.parquet,datasets/Conna/eMotions/data/eMotions_chunk_129.parquet,bb97b7453720968aa6793bd962a8880a459acadc,Sad,negative,24.1,c7f19fdbf98d42486affdfbd71fa831aab2074cefafb5e737e7f178b2e288239,negative/sad/negative_sad_2509_00030813.mp4,False,
emotion:00030815.mp4,00030815.mp4,eMotions_chunk_129.parquet,datasets/Conna/eMotions/data/eMotions_chunk_129.parquet,bb97b7453720968aa6793bd962a8880a459acadc,Sad,negative,9.241379,5b2ad855fa4d8a3454bc07f227a4337e333fcbf013b0d04137efe17bc6697d71,negative/sad/negative_sad_2510_00030815.mp4,False,
emotion:00030816.mp4,00030816.mp4,eMotions_chunk_129.parquet,datasets/Conna/eMotions/data/eMotions_chunk_129.parquet,bb97b7453720968aa6793bd962a8880a459acadc,Sad,negative,5.633333,26fef219d836d668ea9cedbf5f52d8e4104f1f755c347d10c29b55ff6384c94b,negative/sad/negative_sad_2511_00030816.mp4,False,
emotion:00030817.mp4,00030817.mp4,eMotions_chunk_129.parquet,datasets/Conna/eMotions/data/eMotions_chunk_129.parquet,bb97b7453720968aa6793bd962a8880a459acadc,Sad,negative,6.333333,b2a86ba9077b6332a13ae69b41b3815c2e94fac326bb4b47adc08180f2499872,negative/sad/negative_sad_2512_00030817.mp4,False,
emotion:00030820.mp4,00030820.mp4,eMotions_chunk_129.parquet,datasets/Conna/eMotions/data/eMotions_chunk_129.parquet,bb97b7453720968aa6793bd962a8880a459acadc,Sad,negative,16.02,6c39252f99a1579bc60ebe35b4de08aa176b54f87fc13c7e62a8d1361c25dabe,negative/sad/negative_sad_2513_00030820.mp4,False,
emotion:00030821.mp4,00030821.mp4,eMotions_chunk_129.parquet,datasets/Conna/eMotions/data/eMotions_chunk_129.parquet,bb97b7453720968aa6793bd962a8880a459acadc,Sad,negative,19.039002,03ddd054407077ed6295f4135c88cf185dc4c8e321c5c380580079815d54d894,negative/sad/negative_sad_2514_00030821.mp4,False,
emotion:00030822.mp4,00030822.mp4,eMotions_chunk_129.parquet,datasets/Conna/eMotions/data/eMotions_chunk_129.parquet,bb97b7453720968aa6793bd962a8880a459acadc,Sad,negative,6.833333,d3b95d7f93661139b8cba808a95082b11c6ead77d81bb50871dca05e9bcfe1c6,negative/sad/negative_sad_2515_00030822.mp4,False,
emotion:00030825.mp4,00030825.mp4,eMotions_chunk_129.parquet,datasets/Conna/eMotions/data/eMotions_chunk_129.parquet,bb97b7453720968aa6793bd962a8880a459acadc,Sad,negative,8.533333,9c321031d75fd2aee5d93e0c91573d8a4f182b8f01faee9ac2ae8c72b5bd4b82,negative/sad/negative_sad_2516_00030825.mp4,False,
emotion:00030827.mp4,00030827.mp4,eMotions_chunk_129.parquet,datasets/Conna/eMotions/data/eMotions_chunk_129.parquet,bb97b7453720968aa6793bd962a8880a459acadc,Sad,negative,20.933333,6ff110bd1dd562308f9f9547dcd4faa4a2bc781d38b7e18d7a97dd1594776f04,negative/sad/negative_sad_2517_00030827.mp4,False,
emotion:00030829.mp4,00030829.mp4,eMotions_chunk_129.parquet,datasets/Conna/eMotions/data/eMotions_chunk_129.parquet,bb97b7453720968aa6793bd962a8880a459acadc,Sad,negative,12.211995,917cf98ac70ea6b531f11721392e4123df0c0540c010df1184f8e6d051b5e2b3,negative/sad/negative_sad_2518_00030829.mp4,False,
emotion:00030830.mp4,00030830.mp4,eMotions_chunk_129.parquet,datasets/Conna/eMotions/data/eMotions_chunk_129.parquet,bb97b7453720968aa6793bd962a8880a459acadc,Sad,negative,11.212993,9092a9b9bc1224f84c7020cf2a4881c130f1b64bcf8d5a08dc4e02efeb57282f,negative/sad/negative_sad_2519_00030830.mp4,False,
emotion:00030831.mp4,00030831.mp4,eMotions_chunk_129.parquet,datasets/Conna/eMotions/data/eMotions_chunk_129.parquet,bb97b7453720968aa6793bd962a8880a459acadc,Sad,negative,21.5,ccbf227f7534e9c7bf66fcd4ff119a7bd567bc48a66a49176ed496f45ca8e7a4,negative/sad/negative_sad_2520_00030831.mp4,False,
emotion:00030832.mp4,00030832.mp4,eMotions_chunk_129.parquet,datasets/Conna/eMotions/data/eMotions_chunk_129.parquet,bb97b7453720968aa6793bd962a8880a459acadc,Sad,negative,23.706009,e417beb4eda39ad17eb50869e73dfe3c4160f48a4decbb7b397a4a341aaf8937,negative/sad/negative_sad_2521_00030832.mp4,False,
emotion:00030833.mp4,00030833.mp4,eMotions_chunk_129.parquet,datasets/Conna/eMotions/data/eMotions_chunk_129.parquet,bb97b7453720968aa6793bd962a8880a459acadc,Sad,negative,14.116009,5909851eeb955eadd9d137225d759c3c437beff1db0c2a398f5fa1aff48f88c9,negative/sad/negative_sad_2522_00030833.mp4,False,
emotion:00030836.mp4,00030836.mp4,eMotions_chunk_129.parquet,datasets/Conna/eMotions/data/eMotions_chunk_129.parquet,bb97b7453720968aa6793bd962a8880a459acadc,Sad,negative,11.120998,a7c788d59bd275f24741da8c464ca3bf7874cf598b7e5e0f6bd0cafbbe19a5f8,negative/sad/negative_sad_2523_00030836.mp4,False,
emotion:00030839.mp4,00030839.mp4,eMotions_chunk_129.parquet,datasets/Conna/eMotions/data/eMotions_chunk_129.parquet,bb97b7453720968aa6793bd962a8880a459acadc,Sad,negative,11.469002,4fbe0bf1a269367a60e99f792151ef1910c7579c8c7244ac0e9e98e31437b36e,negative/sad/negative_sad_2524_00030839.mp4,False,
emotion:00030842.mp4,00030842.mp4,eMotions_chunk_129.parquet,datasets/Conna/eMotions/data/eMotions_chunk_129.parquet,bb97b7453720968aa6793bd962a8880a459acadc,Sad,negative,11.863991,0707859a969a2c5c6486598e41c0c46c10ef4c0941164f02edc92ff71f404c8a,negative/sad/negative_sad_2525_00030842.mp4,False,
emotion:00030844.mp4,00030844.mp4,eMotions_chunk_129.parquet,datasets/Conna/eMotions/data/eMotions_chunk_129.parquet,bb97b7453720968aa6793bd962a8880a459acadc,Sad,negative,14.487007,69ff02c1af54a4b97d712f27e39c47b6ac7866829da8a7e52b87a5fd9afe5184,negative/sad/negative_sad_2526_00030844.mp4,False,
emotion:00030845.mp4,00030845.mp4,eMotions_chunk_129.parquet,datasets/Conna/eMotions/data/eMotions_chunk_129.parquet,bb97b7453720968aa6793bd962a8880a459acadc,Sad,negative,7.883333,75a8900fdf2a32b23c420687ad77757ab4bfdf2b8b4c036dd2a86599b95b9d5f,negative/sad/negative_sad_2527_00030845.mp4,False,
emotion:00030847.mp4,00030847.mp4,eMotions_chunk_129.parquet,datasets/Conna/eMotions/data/eMotions_chunk_129.parquet,bb97b7453720968aa6793bd962a8880a459acadc,Sad,negative,11.352993,3cc2c03decbb28bee3051682bc726c58ead66a5d88eee4e6ced49002077156fd,negative/sad/negative_sad_2528_00030847.mp4,False,
emotion:00030848.mp4,00030848.mp4,eMotions_chunk_129.parquet,datasets/Conna/eMotions/data/eMotions_chunk_129.parquet,bb97b7453720968aa6793bd962a8880a459acadc,Sad,negative,13.000998,54971118dea881b56240a2ac9400f082db4ec53dea0b6e9128ebcb580b7cd24a,negative/sad/negative_sad_2529_00030848.mp4,False,
emotion:00030850.mp4,00030850.mp4,eMotions_chunk_129.parquet,datasets/Conna/eMotions/data/eMotions_chunk_129.parquet,bb97b7453720968aa6793bd962a8880a459acadc,Sad,negative,15.392993,5c254be6f27a29dc07efacdcbd81ebf05c55a65a9a9825fe13b98474afdcfb94,negative/sad/negative_sad_2530_00030850.mp4,False,
emotion:00030851.mp4,00030851.mp4,eMotions_chunk_129.parquet,datasets/Conna/eMotions/data/eMotions_chunk_129.parquet,bb97b7453720968aa6793bd962a8880a459acadc,Sad,negative,8.883333,2f0f970bcc172072ff25d314f6db4bae81d6d796da63fac898d4fee37741f453,negative/sad/negative_sad_2531_00030851.mp4,False,
emotion:00030854.mp4,00030854.mp4,eMotions_chunk_129.parquet,datasets/Conna/eMotions/data/eMotions_chunk_129.parquet,bb97b7453720968aa6793bd962a8880a459acadc,Sad,negative,9.483333,e819a624ec6f793c7d86fb0c3f85fcdc7e2cdaffbd6e4882a3099d1627b85b08,negative/sad/negative_sad_2532_00030854.mp4,False,
emotion:00030855.mp4,00030855.mp4,eMotions_chunk_129.parquet,datasets/Conna/eMotions/data/eMotions_chunk_129.parquet,bb97b7453720968aa6793bd962a8880a459acadc,Sad,negative,8.102993,cd3afc60a231ce454383646d3f96bc9fcd1134448f675bb2533d06d31b61e946,negative/sad/negative_sad_2533_00030855.mp4,False,
emotion:00030856.mp4,00030856.mp4,eMotions_chunk_129.parquet,datasets/Conna/eMotions/data/eMotions_chunk_129.parquet,bb97b7453720968aa6793bd962a8880a459acadc,Sad,negative,13.511995,879ec2c3ef663150e8dc9c813e62be23edfdbbb60670689f3544211980c1d15c,negative/sad/negative_sad_2534_00030856.mp4,False,
emotion:00030857.mp4,00030857.mp4,eMotions_chunk_129.parquet,datasets/Conna/eMotions/data/eMotions_chunk_129.parquet,bb97b7453720968aa6793bd962a8880a459acadc,Sad,negative,7.083333,7b7339eeec8df535a90c41a6465e9469a08cb88b48c64fa5acf9fb82620e9fba,negative/sad/negative_sad_2535_00030857.mp4,False,
emotion:00030858.mp4,00030858.mp4,eMotions_chunk_129.parquet,datasets/Conna/eMotions/data/eMotions_chunk_129.parquet,bb97b7453720968aa6793bd962a8880a459acadc,Sad,negative,9.566667,82a8856d2cffe7d1744024f170c9c5820d5cdf42bd401813405804b65d7bed87,negative/sad/negative_sad_2536_00030858.mp4,False,
emotion:00030860.mp4,00030860.mp4,eMotions_chunk_129.parquet,datasets/Conna/eMotions/data/eMotions_chunk_129.parquet,bb97b7453720968aa6793bd962a8880a459acadc,Sad,negative,20.05,11ff8194de47ba6ac7fcc29cc9724f2e74f23f0a329d3f79c2a71e80e4e8f195,negative/sad/negative_sad_2537_00030860.mp4,False,
emotion:00030862.mp4,00030862.mp4,eMotions_chunk_129.parquet,datasets/Conna/eMotions/data/eMotions_chunk_129.parquet,bb97b7453720968aa6793bd962a8880a459acadc,Sad,negative,11.935011,5ebccf7baa1f8eee88573f0e940fa7c145c1db77fb09badffe8ea060d31269b8,negative/sad/negative_sad_2538_00030862.mp4,False,
emotion:00030864.mp4,00030864.mp4,eMotions_chunk_129.parquet,datasets/Conna/eMotions/data/eMotions_chunk_129.parquet,bb97b7453720968aa6793bd962a8880a459acadc,Sad,negative,6.85,31b7107708d155b4c7f6e21050f8b389e1fa6af53b3e7faa3db1b0c5e3ada18e,negative/sad/negative_sad_2539_00030864.mp4,False,
emotion:00030866.mp4,00030866.mp4,eMotions_chunk_129.parquet,datasets/Conna/eMotions/data/eMotions_chunk_129.parquet,bb97b7453720968aa6793bd962a8880a459acadc,Sad,negative,14.239396,b6f6d5aefc6c9d77f75aa8e854645465941616d4447e3824bbee6594f7bcb8dc,negative/sad/negative_sad_2540_00030866.mp4,False,
emotion:00030870.mp4,00030870.mp4,eMotions_chunk_129.parquet,datasets/Conna/eMotions/data/eMotions_chunk_129.parquet,bb97b7453720968aa6793bd962a8880a459acadc,Sad,negative,6.883333,832838f48558ae8dd822cfac208f662f355668bcdf41fe3c0124f892523f3230,negative/sad/negative_sad_2541_00030870.mp4,False,
emotion:00030871.mp4,00030871.mp4,eMotions_chunk_129.parquet,datasets/Conna/eMotions/data/eMotions_chunk_129.parquet,bb97b7453720968aa6793bd962a8880a459acadc,Sad,negative,8.35,34203768ff7d052b975cf7c266f2327a9c4a0c5f1c2403574dca4c18746b34b1,negative/sad/negative_sad_2542_00030871.mp4,False,
emotion:00030874.mp4,00030874.mp4,eMotions_chunk_129.parquet,datasets/Conna/eMotions/data/eMotions_chunk_129.parquet,bb97b7453720968aa6793bd962a8880a459acadc,Sad,negative,11.817007,cf925d65a8a69d743c5a60ababa11d5c74e5501ef2bc892d81cf6ce1a52f14df,negative/sad/negative_sad_2543_00030874.mp4,False,
emotion:00030877.mp4,00030877.mp4,eMotions_chunk_129.parquet,datasets/Conna/eMotions/data/eMotions_chunk_129.parquet,bb97b7453720968aa6793bd962a8880a459acadc,Sad,negative,12.816009,f0895b538449b6578264f16bd48839d4e8f97c80ab8da19fe47081d111ee606d,negative/sad/negative_sad_2544_00030877.mp4,False,
emotion:00030881.mp4,00030881.mp4,eMotions_chunk_129.parquet,datasets/Conna/eMotions/data/eMotions_chunk_129.parquet,bb97b7453720968aa6793bd962a8880a459acadc,Sad,negative,14.046009,75901233ac85cd032719cb57e8ce1b4b87d0a5f66ebbad3b0abfb4e31ec576f5,negative/sad/negative_sad_2545_00030881.mp4,False,
emotion:00030883.mp4,00030883.mp4,eMotions_chunk_129.parquet,datasets/Conna/eMotions/data/eMotions_chunk_129.parquet,bb97b7453720968aa6793bd962a8880a459acadc,Sad,negative,18.782993,cd7a6fa6daf6cbdfccb19abbe47530dea1c088edf2ae4b70c235ffa450184163,negative/sad/negative_sad_2546_00030883.mp4,False,
emotion:00030884.mp4,00030884.mp4,eMotions_chunk_129.parquet,datasets/Conna/eMotions/data/eMotions_chunk_129.parquet,bb97b7453720968aa6793bd962a8880a459acadc,Sad,negative,14.116009,0f0a3c65ab2dbc4568a7cb30f8a1d0fb3efbb44c6b9851058cbdb326b9a6aa41,negative/sad/negative_sad_2547_00030884.mp4,False,
emotion:00030888.mp4,00030888.mp4,eMotions_chunk_129.parquet,datasets/Conna/eMotions/data/eMotions_chunk_129.parquet,bb97b7453720968aa6793bd962a8880a459acadc,Sad,negative,10.656009,946571aca3a82c47e8f54033afbd88c4525203f71ed51a47fb54549d23b35b7f,negative/sad/negative_sad_2548_00030888.mp4,False,
emotion:00030889.mp4,00030889.mp4,eMotions_chunk_129.parquet,datasets/Conna/eMotions/data/eMotions_chunk_129.parquet,bb97b7453720968aa6793bd962a8880a459acadc,Sad,negative,14.2,7f61a526687e9f4af6f943cbf3ccf477ef47c38ece97427ef368146aaf0568b3,negative/sad/negative_sad_2549_00030889.mp4,False,
emotion:00030890.mp4,00030890.mp4,eMotions_chunk_129.parquet,datasets/Conna/eMotions/data/eMotions_chunk_129.parquet,bb97b7453720968aa6793bd962a8880a459acadc,Sad,negative,22.266667,f973f80337c9dde88459661b6bf887da8b0f962bf80ab02a1d7ca95db82f5498,negative/sad/negative_sad_2550_00030890.mp4,False,
emotion:00030891.mp4,00030891.mp4,eMotions_chunk_129.parquet,datasets/Conna/eMotions/data/eMotions_chunk_129.parquet,bb97b7453720968aa6793bd962a8880a459acadc,Sad,negative,14.975011,865147fb4c679cc141d3356029e2a5b93df6194bc1118222b54435e15684c17f,negative/sad/negative_sad_2551_00030891.mp4,False,
emotion:00030892.mp4,00030892.mp4,eMotions_chunk_129.parquet,datasets/Conna/eMotions/data/eMotions_chunk_129.parquet,bb97b7453720968aa6793bd962a8880a459acadc,Sad,negative,7.87,817909b63d41b6b15635f9d6fca9108710e764d06e5e86ffe56872120faa8baa,negative/sad/negative_sad_2552_00030892.mp4,False,
emotion:00030897.mp4,00030897.mp4,eMotions_chunk_129.parquet,datasets/Conna/eMotions/data/eMotions_chunk_129.parquet,bb97b7453720968aa6793bd962a8880a459acadc,Sad,negative,15.277007,3de05c3883546cdcebc51f2a3c156e5a54a6305352e3e9fb56d5b1b185dad12c,negative/sad/negative_sad_2553_00030897.mp4,False,
emotion:00030898.mp4,00030898.mp4,eMotions_chunk_129.parquet,datasets/Conna/eMotions/data/eMotions_chunk_129.parquet,bb97b7453720968aa6793bd962a8880a459acadc,Sad,negative,8.2,8b7627a04cd37c3bf983cb7ab721426bdf9b41d1aa80de4f60be5a3bee1e4be0,negative/sad/negative_sad_2554_00030898.mp4,False,
emotion:00030901.mp4,00030901.mp4,eMotions_chunk_129.parquet,datasets/Conna/eMotions/data/eMotions_chunk_129.parquet,bb97b7453720968aa6793bd962a8880a459acadc,Sad,negative,33.737007,0565a05418631472712d79f8de3fa9de3312c14822536c022dba7cc0db573c15,negative/sad/negative_sad_2555_00030901.mp4,False,
emotion:00030902.mp4,00030902.mp4,eMotions_chunk_129.parquet,datasets/Conna/eMotions/data/eMotions_chunk_129.parquet,bb97b7453720968aa6793bd962a8880a459acadc,Sad,negative,24.262993,0cf2ab4530840716c7ed024274f364a25ffa7f4b2d1a31ff2106fe7faec380bf,negative/sad/negative_sad_2556_00030902.mp4,False,
emotion:00030904.mp4,00030904.mp4,eMotions_chunk_129.parquet,datasets/Conna/eMotions/data/eMotions_chunk_129.parquet,bb97b7453720968aa6793bd962a8880a459acadc,Sad,negative,13.163991,9a7aa4055c9f15daebbe48282a408a2f8cbc23942f75c4e3d90ef1c4dcb94c6b,negative/sad/negative_sad_2557_00030904.mp4,False,
emotion:00030909.mp4,00030909.mp4,eMotions_chunk_129.parquet,datasets/Conna/eMotions/data/eMotions_chunk_129.parquet,bb97b7453720968aa6793bd962a8880a459acadc,Sad,negative,7.15,11891a46dc457adf57e4f6e5f48a95b0887c6f29a1d5a5d8634e8b495c6a18f3,negative/sad/negative_sad_2558_00030909.mp4,False,
emotion:00030915.mp4,00030915.mp4,eMotions_chunk_129.parquet,datasets/Conna/eMotions/data/eMotions_chunk_129.parquet,bb97b7453720968aa6793bd962a8880a459acadc,Sad,negative,6.918005,21a0f748a01b828fca6d7ba46d9e4b1d1da665a3e471951566d0b0172a3f026d,negative/sad/negative_sad_2559_00030915.mp4,False,
emotion:00030917.mp4,00030917.mp4,eMotions_chunk_129.parquet,datasets/Conna/eMotions/data/eMotions_chunk_129.parquet,bb97b7453720968aa6793bd962a8880a459acadc,Sad,negative,7.289002,d65bd3bc2c6d66b6aa9d6c73ffe45a7a8274abcc118cf9b79d12af3d23aad72e,negative/sad/negative_sad_2560_00030917.mp4,False,
emotion:00030918.mp4,00030918.mp4,eMotions_chunk_129.parquet,datasets/Conna/eMotions/data/eMotions_chunk_129.parquet,bb97b7453720968aa6793bd962a8880a459acadc,Sad,negative,5.941995,4eae180ea1ebc23c2ddd4acec4e3040a077bed445b2640b29ac68f03a0f3082c,negative/sad/negative_sad_2561_00030918.mp4,False,
emotion:00030921.mp4,00030921.mp4,eMotions_chunk_129.parquet,datasets/Conna/eMotions/data/eMotions_chunk_129.parquet,bb97b7453720968aa6793bd962a8880a459acadc,Sad,negative,8.288005,49e1fac23594e779f1f0b1351028b48dbac4e99b7f6be931044d1720287e002e,negative/sad/negative_sad_2562_00030921.mp4,False,
emotion:00030922.mp4,00030922.mp4,eMotions_chunk_129.parquet,datasets/Conna/eMotions/data/eMotions_chunk_129.parquet,bb97b7453720968aa6793bd962a8880a459acadc,Sad,negative,9.309309,30abcc147b9bdfba309e331fe3e0cedc7ebe2cf1feb21cd8f9d00a05a33afdf4,negative/sad/negative_sad_2563_00030922.mp4,False,
emotion:00030923.mp4,00030923.mp4,eMotions_chunk_129.parquet,datasets/Conna/eMotions/data/eMotions_chunk_129.parquet,bb97b7453720968aa6793bd962a8880a459acadc,Sad,negative,11.050998,cee9e90d3c2c938d1b50c67058da5e8b3fc5e56a80ac7136ed326028addbdf37,negative/sad/negative_sad_2564_00030923.mp4,False,
emotion:00030924.mp4,00030924.mp4,eMotions_chunk_129.parquet,datasets/Conna/eMotions/data/eMotions_chunk_129.parquet,bb97b7453720968aa6793bd962a8880a459acadc,Sad,negative,8.890998,1e0b105fdb4d01da324723fa591d57da96c04f6b341d27813062ecf43cd108e3,negative/sad/negative_sad_2565_00030924.mp4,False,
emotion:00030925.mp4,00030925.mp4,eMotions_chunk_129.parquet,datasets/Conna/eMotions/data/eMotions_chunk_129.parquet,bb97b7453720968aa6793bd962a8880a459acadc,Sad,negative,18.852993,9d4c83bb312f55fd0caee31e761ed26eefcf452c8279e9059f0e657ad5e8e234,negative/sad/negative_sad_2566_00030925.mp4,False,
emotion:00030926.mp4,00030926.mp4,eMotions_chunk_129.parquet,datasets/Conna/eMotions/data/eMotions_chunk_129.parquet,bb97b7453720968aa6793bd962a8880a459acadc,Sad,negative,19.641995,9e54459a5d068c74c1867730a64b793e9439110e80dbd5964ee0f3dbcb9e80d5,negative/sad/negative_sad_2567_00030926.mp4,False,
emotion:00030927.mp4,00030927.mp4,eMotions_chunk_129.parquet,datasets/Conna/eMotions/data/eMotions_chunk_129.parquet,bb97b7453720968aa6793bd962a8880a459acadc,Sad,negative,7.266667,1d8c4edefe0387280d63e383d6bc6ec16e8b2a89a6f45a3a4b53192064688641,negative/sad/negative_sad_2568_00030927.mp4,False,
emotion:00030928.mp4,00030928.mp4,eMotions_chunk_129.parquet,datasets/Conna/eMotions/data/eMotions_chunk_129.parquet,bb97b7453720968aa6793bd962a8880a459acadc,Sad,negative,25.308005,d19295a36e11f06ed4887699ea2003993609898771efcf3b7f750e2f423026e4,negative/sad/negative_sad_2569_00030928.mp4,False,
emotion:00030929.mp4,00030929.mp4,eMotions_chunk_129.parquet,datasets/Conna/eMotions/data/eMotions_chunk_129.parquet,bb97b7453720968aa6793bd962a8880a459acadc,Sad,negative,22.266009,207134bf54db616851c08c9c2cac3015b5cb50ced6b8cae5163e265a6c988b83,negative/sad/negative_sad_2570_00030929.mp4,False,
emotion:00030937.mp4,00030937.mp4,eMotions_chunk_129.parquet,datasets/Conna/eMotions/data/eMotions_chunk_129.parquet,bb97b7453720968aa6793bd962a8880a459acadc,Sad,negative,12.766667,f3c0f35e035a5bd914f0a04c22636169d07ed931fc25af79bb97644e65ad4c23,negative/sad/negative_sad_2571_00030937.mp4,False,
emotion:00030939.mp4,00030939.mp4,eMotions_chunk_129.parquet,datasets/Conna/eMotions/data/eMotions_chunk_129.parquet,bb97b7453720968aa6793bd962a8880a459acadc,Sad,negative,8.733333,7f0b076037de96c66a703290b5b5ec295729a9a6a278a3a544deeebd91a288d1,negative/sad/negative_sad_2572_00030939.mp4,False,
emotion:00030942.mp4,00030942.mp4,eMotions_chunk_129.parquet,datasets/Conna/eMotions/data/eMotions_chunk_129.parquet,bb97b7453720968aa6793bd962a8880a459acadc,Sad,negative,19.200998,51adeebadb6a3684e5b27f12a20fb079af67b4ddb4b81eb121338646202e5aa1,negative/sad/negative_sad_2573_00030942.mp4,False,
emotion:00030944.mp4,00030944.mp4,eMotions_chunk_129.parquet,datasets/Conna/eMotions/data/eMotions_chunk_129.parquet,bb97b7453720968aa6793bd962a8880a459acadc,Sad,negative,28.302993,acf05b8ba1e70ac5a0a1f7d53d699c9f1991eeba20fc8430beab9437f3232c44,negative/sad/negative_sad_2574_00030944.mp4,False,
emotion:00030945.mp4,00030945.mp4,eMotions_chunk_129.parquet,datasets/Conna/eMotions/data/eMotions_chunk_129.parquet,bb97b7453720968aa6793bd962a8880a459acadc,Sad,negative,33.633333,09ea5f7539595853a3f0386123b5de780148916eaf66209bd8359b7daaf83b24,negative/sad/negative_sad_2575_00030945.mp4,False,
emotion:00030946.mp4,00030946.mp4,eMotions_chunk_129.parquet,datasets/Conna/eMotions/data/eMotions_chunk_129.parquet,bb97b7453720968aa6793bd962a8880a459acadc,Sad,negative,8.845011,fb3601b3834d605e65d6111b7d2df1567a66e21aa0119d2c97724eedf10cefea,negative/sad/negative_sad_2576_00030946.mp4,False,
emotion:00030950.mp4,00030950.mp4,eMotions_chunk_129.parquet,datasets/Conna/eMotions/data/eMotions_chunk_129.parquet,bb97b7453720968aa6793bd962a8880a459acadc,Sad,negative,13.366667,df4f37ab9ad5b6e1de435f41bbf6e1496ab8e3adcb4db9b1375d6a9d13bfe3e8,negative/sad/negative_sad_2577_00030950.mp4,False,
emotion:00030951.mp4,00030951.mp4,eMotions_chunk_129.parquet,datasets/Conna/eMotions/data/eMotions_chunk_129.parquet,bb97b7453720968aa6793bd962a8880a459acadc,Sad,negative,8.056009,2756b15f423148cb0f4877ec7401f6b784a3f3d5618f749c1bbcd1cf8f2177e3,negative/sad/negative_sad_2578_00030951.mp4,False,
emotion:00030952.mp4,00030952.mp4,eMotions_chunk_129.parquet,datasets/Conna/eMotions/data/eMotions_chunk_129.parquet,bb97b7453720968aa6793bd962a8880a459acadc,Sad,negative,14.672993,13525bba395daaa344a2e5168da7a6bd63c637d8e30908cf1d37c364b4e86a92,negative/sad/negative_sad_2579_00030952.mp4,False,
emotion:00030956.mp4,00030956.mp4,eMotions_chunk_129.parquet,datasets/Conna/eMotions/data/eMotions_chunk_129.parquet,bb97b7453720968aa6793bd962a8880a459acadc,Sad,negative,14.046009,2fb710eadd6bf474669d7de699a896e708d13ef2dc2d98c7bf5ae29331397000,negative/sad/negative_sad_2580_00030956.mp4,False,
emotion:00030957.mp4,00030957.mp4,eMotions_chunk_129.parquet,datasets/Conna/eMotions/data/eMotions_chunk_129.parquet,bb97b7453720968aa6793bd962a8880a459acadc,Sad,negative,8.942276,fbe9eeb2d70ee3a6172f1aed6781d96422b94714bc8cb0260b2b4068a4622b07,negative/sad/negative_sad_2581_00030957.mp4,False,
emotion:00030960.mp4,00030960.mp4,eMotions_chunk_129.parquet,datasets/Conna/eMotions/data/eMotions_chunk_129.parquet,bb97b7453720968aa6793bd962a8880a459acadc,Sad,negative,13.833333,aa7ae74ac8053d10c6c822bfc372cfc8b428762897717394cb28ba1866cd717a,negative/sad/negative_sad_2582_00030960.mp4,False,
emotion:00030961.mp4,00030961.mp4,eMotions_chunk_129.parquet,datasets/Conna/eMotions/data/eMotions_chunk_129.parquet,bb97b7453720968aa6793bd962a8880a459acadc,Sad,negative,15.066667,099ffb4ad2feefe21038a51401524efe21029beab65c75fceba5847826f676f0,negative/sad/negative_sad_2583_00030961.mp4,False,
emotion:00030962.mp4,00030962.mp4,eMotions_chunk_129.parquet,datasets/Conna/eMotions/data/eMotions_chunk_129.parquet,bb97b7453720968aa6793bd962a8880a459acadc,Sad,negative,14.603991,5706220431ed0a650bde25b795d229afadeccdc94dd5a30bf89f4c0208ef565c,negative/sad/negative_sad_2584_00030962.mp4,False,
emotion:00030966.mp4,00030966.mp4,eMotions_chunk_129.parquet,datasets/Conna/eMotions/data/eMotions_chunk_129.parquet,bb97b7453720968aa6793bd962a8880a459acadc,Sad,negative,13.372993,b3b855d09ce2e5998817ecef0a18d4c5bcc47b2b41df5c9c7fec2864090ba9d3,negative/sad/negative_sad_2585_00030966.mp4,False,
emotion:00030975.mp4,00030975.mp4,eMotions_chunk_129.parquet,datasets/Conna/eMotions/data/eMotions_chunk_129.parquet,bb97b7453720968aa6793bd962a8880a459acadc,Sad,negative,8.6,24172b836bb30b7b609b2cb305cd90d20ca1c67416676d03c4c44ec76d26d4ab,negative/sad/negative_sad_2586_00030975.mp4,False,
emotion:00030976.mp4,00030976.mp4,eMotions_chunk_129.parquet,datasets/Conna/eMotions/data/eMotions_chunk_129.parquet,bb97b7453720968aa6793bd962a8880a459acadc,Sad,negative,16.5,ce14a5d996b5217b787664c4f08ec8bd97e168750b438ad8f513eee8ab1a5585,negative/sad/negative_sad_2587_00030976.mp4,False,
emotion:00030977.mp4,00030977.mp4,eMotions_chunk_129.parquet,datasets/Conna/eMotions/data/eMotions_chunk_129.parquet,bb97b7453720968aa6793bd962a8880a459acadc,Sad,negative,10.006009,1e8e17498805b0e56547a5f0231687b80603459cbcc4a5b7944a924c48ff9d6c,negative/sad/negative_sad_2588_00030977.mp4,False,
emotion:00030978.mp4,00030978.mp4,eMotions_chunk_129.parquet,datasets/Conna/eMotions/data/eMotions_chunk_129.parquet,bb97b7453720968aa6793bd962a8880a459acadc,Sad,negative,27.350998,6ad148b2322bef4d5ba1c18f5dbff3a8479dac38c27bd6d519fbcc39e119ba4a,negative/sad/negative_sad_2589_00030978.mp4,False,
emotion:00030981.mp4,00030981.mp4,eMotions_chunk_129.parquet,datasets/Conna/eMotions/data/eMotions_chunk_129.parquet,bb97b7453720968aa6793bd962a8880a459acadc,Sad,negative,9.266667,cf2262d6fd718f24695c737be0c36caf7f14a7250e813b3c93f9ff5cb5e0a68b,negative/sad/negative_sad_2590_00030981.mp4,False,
emotion:00030985.mp4,00030985.mp4,eMotions_chunk_129.parquet,datasets/Conna/eMotions/data/eMotions_chunk_129.parquet,bb97b7453720968aa6793bd962a8880a459acadc,Sad,negative,10.006009,97f556a6aee65a0cae6795750e9812b9fa8837873bf870648e962a86805ed7db,negative/sad/negative_sad_2591_00030985.mp4,False,
emotion:00030986.mp4,00030986.mp4,eMotions_chunk_129.parquet,datasets/Conna/eMotions/data/eMotions_chunk_129.parquet,bb97b7453720968aa6793bd962a8880a459acadc,Sad,negative,13.033333,26917afdc0dcfcbb221ad73baea8cce072bbd14ba08b458734c9c76d4bbd8900,negative/sad/negative_sad_2592_00030986.mp4,False,
emotion:00030987.mp4,00030987.mp4,eMotions_chunk_129.parquet,datasets/Conna/eMotions/data/eMotions_chunk_129.parquet,bb97b7453720968aa6793bd962a8880a459acadc,Sad,negative,9.166667,0b2a40065a2bf5fb7f3bcb8393e6e7a25d6f7a2ae1d0d8f81b37388a25c85229,negative/sad/negative_sad_2593_00030987.mp4,False,
emotion:00030988.mp4,00030988.mp4,eMotions_chunk_129.parquet,datasets/Conna/eMotions/data/eMotions_chunk_129.parquet,bb97b7453720968aa6793bd962a8880a459acadc,Sad,negative,8.266667,74a28352081f5a29b59b21d49efcca7f2a59555bd9697a723cdd8b12d21d6ecf,negative/sad/negative_sad_2594_00030988.mp4,False,
emotion:00030990.mp4,00030990.mp4,eMotions_chunk_129.parquet,datasets/Conna/eMotions/data/eMotions_chunk_129.parquet,bb97b7453720968aa6793bd962a8880a459acadc,Sad,negative,15.733333,f0ad60c73864fc898ef834304c68673c32b5b68fc0bc0ab2f0f603a7598e013e,negative/sad/negative_sad_2595_00030990.mp4,False,
emotion:00030992.mp4,00030992.mp4,eMotions_chunk_129.parquet,datasets/Conna/eMotions/data/eMotions_chunk_129.parquet,bb97b7453720968aa6793bd962a8880a459acadc,Sad,negative,16.933333,377f1118fce40a1dd1e9750d22f0213c0edcb289585b33c8189d8383aa021a50,negative/sad/negative_sad_2596_00030992.mp4,False,
emotion:00030993.mp4,00030993.mp4,eMotions_chunk_129.parquet,datasets/Conna/eMotions/data/eMotions_chunk_129.parquet,bb97b7453720968aa6793bd962a8880a459acadc,Sad,negative,15.033333,8a7b9e2c2fe3f3be170aba8d1b2080005559a8f8902440b31cf96260a2e5d5b9,negative/sad/negative_sad_2597_00030993.mp4,False,
emotion:00030996.mp4,00030996.mp4,eMotions_chunk_129.parquet,datasets/Conna/eMotions/data/eMotions_chunk_129.parquet,bb97b7453720968aa6793bd962a8880a459acadc,Sad,negative,21.546009,97e640132a07076b0892455c5357b9f474eddd438727c0c7dab486b94025ae13,negative/sad/negative_sad_2598_00030996.mp4,False,
emotion:00030997.mp4,00030997.mp4,eMotions_chunk_129.parquet,datasets/Conna/eMotions/data/eMotions_chunk_129.parquet,bb97b7453720968aa6793bd962a8880a459acadc,Sad,negative,15.066667,a1409a69de857cee9182682a80e19f320e71bb7c7ea597cabbaefe9536523df1,negative/sad/negative_sad_2599_00030997.mp4,False,
emotion:00030999.mp4,00030999.mp4,eMotions_chunk_129.parquet,datasets/Conna/eMotions/data/eMotions_chunk_129.parquet,bb97b7453720968aa6793bd962a8880a459acadc,Sad,negative,12.933333,e5199ff583c1a9f085e5e66d39f3257292bd04e0e33c4f9d1f5fa2d42a48460a,negative/sad/negative_sad_2600_00030999.mp4,False,
emotion:00031000.mp4,00031000.mp4,eMotions_chunk_129.parquet,datasets/Conna/eMotions/data/eMotions_chunk_129.parquet,bb97b7453720968aa6793bd962a8880a459acadc,Sad,negative,15.133333,c63e93a752c2424cee6a182527e378285c7d20dc9ef96ecc5f80a4c1d6b066b1,negative/sad/negative_sad_2601_00031000.mp4,False,
emotion:00031001.mp4,00031001.mp4,eMotions_chunk_129.parquet,datasets/Conna/eMotions/data/eMotions_chunk_129.parquet,bb97b7453720968aa6793bd962a8880a459acadc,Sad,negative,7.2,a61056a92227f90bafd35748d601d63fa1d3b08d6eadf1abf950121d83fbd518,negative/sad/negative_sad_2602_00031001.mp4,False,
emotion:00031004.mp4,00031004.mp4,eMotions_chunk_129.parquet,datasets/Conna/eMotions/data/eMotions_chunk_129.parquet,bb97b7453720968aa6793bd962a8880a459acadc,Sad,negative,15.113991,0149fd07297ee37b08764819460830da44f7f6d60aa7eee178a1c28aa7011373,negative/sad/negative_sad_2603_00031004.mp4,False,
emotion:00031006.mp4,00031006.mp4,eMotions_chunk_129.parquet,datasets/Conna/eMotions/data/eMotions_chunk_129.parquet,bb97b7453720968aa6793bd962a8880a459acadc,Sad,negative,11.733333,a29add03a4cc13e6c7cef2cedff5940141ddd6c806d145954b857fcec4f0066d,negative/sad/negative_sad_2604_00031006.mp4,False,
emotion:00031011.mp4,00031011.mp4,eMotions_chunk_129.parquet,datasets/Conna/eMotions/data/eMotions_chunk_129.parquet,bb97b7453720968aa6793bd962a8880a459acadc,Sad,negative,15.066667,bd489621747cc506c7ed8ade972b785d538961844fa6515524909f88b1388c15,negative/sad/negative_sad_2605_00031011.mp4,False,
emotion:00031012.mp4,00031012.mp4,eMotions_chunk_129.parquet,datasets/Conna/eMotions/data/eMotions_chunk_129.parquet,bb97b7453720968aa6793bd962a8880a459acadc,Sad,negative,15.033333,b20dfdb7643eb0949d79ed606033c5b925344c3d5eb25f1b2838b08804e124cb,negative/sad/negative_sad_2606_00031012.mp4,False,
emotion:00031013.mp4,00031013.mp4,eMotions_chunk_129.parquet,datasets/Conna/eMotions/data/eMotions_chunk_129.parquet,bb97b7453720968aa6793bd962a8880a459acadc,Sad,negative,10.066667,c1dc8de7771232d6cd61e239cfc221bb69cad84cba88c8419f6cb035dcaf8945,negative/sad/negative_sad_2607_00031013.mp4,False,
emotion:00031014.mp4,00031014.mp4,eMotions_chunk_129.parquet,datasets/Conna/eMotions/data/eMotions_chunk_129.parquet,bb97b7453720968aa6793bd962a8880a459acadc,Sad,negative,8.8,866f4c445d1976e4686d03639c73ba78959de62bab69b7606a16e04cfc8c94cf,negative/sad/negative_sad_2608_00031014.mp4,False,
emotion:00031019.mp4,00031019.mp4,eMotions_chunk_129.parquet,datasets/Conna/eMotions/data/eMotions_chunk_129.parquet,bb97b7453720968aa6793bd962a8880a459acadc,Sad,negative,14.514515,52d91dfccb45c1ef6b810812e0abc40cef2952b3c6dbe617c61781fcb3bd6864,negative/sad/negative_sad_2609_00031019.mp4,False,
emotion:00031020.mp4,00031020.mp4,eMotions_chunk_129.parquet,datasets/Conna/eMotions/data/eMotions_chunk_129.parquet,bb97b7453720968aa6793bd962a8880a459acadc,Sad,negative,8.475142,a16f167479d7ad596ac9a093374d1f2759b66a46f29cc5bcc85628c22d8b5376,negative/sad/negative_sad_2610_00031020.mp4,False,
emotion:00031026.mp4,00031026.mp4,eMotions_chunk_129.parquet,datasets/Conna/eMotions/data/eMotions_chunk_129.parquet,bb97b7453720968aa6793bd962a8880a459acadc,Sad,negative,8.5,458eb27860bb60a9b0da0ea747ecf0c5569bc13ca209d36c7fb2b23172133b45,negative/sad/negative_sad_2611_00031026.mp4,False,
emotion:00031027.mp4,00031027.mp4,eMotions_chunk_129.parquet,datasets/Conna/eMotions/data/eMotions_chunk_129.parquet,bb97b7453720968aa6793bd962a8880a459acadc,Sad,negative,10.08,50fb44e0b0c80aca9f5f43cfe6f62b6277cdecb3184d38dfaf613fa635bb75a7,negative/sad/negative_sad_2612_00031027.mp4,False,
emotion:00031031.mp4,00031031.mp4,eMotions_chunk_129.parquet,datasets/Conna/eMotions/data/eMotions_chunk_129.parquet,bb97b7453720968aa6793bd962a8880a459acadc,Sad,negative,15.020998,2558713ba5445be74ef1ac55105f1d47ada8d9d729ca31245c69e8f25bffb7b0,negative/sad/negative_sad_2613_00031031.mp4,False,
emotion:00031032.mp4,00031032.mp4,eMotions_chunk_129.parquet,datasets/Conna/eMotions/data/eMotions_chunk_129.parquet,bb97b7453720968aa6793bd962a8880a459acadc,Sad,negative,9.7,e34327ba58bde1d90718cb0e2ee554c8fe3c91b83d10348b544404d7e4ce9a34,negative/sad/negative_sad_2614_00031032.mp4,False,
emotion:00031034.mp4,00031034.mp4,eMotions_chunk_129.parquet,datasets/Conna/eMotions/data/eMotions_chunk_129.parquet,bb97b7453720968aa6793bd962a8880a459acadc,Sad,negative,13.04638,78bd9114723811e89a9df5be52220e2878ddcd3f9ce21c50e0998235445caeed,negative/sad/negative_sad_2615_00031034.mp4,False,
emotion:00031042.mp4,00031042.mp4,eMotions_chunk_129.parquet,datasets/Conna/eMotions/data/eMotions_chunk_129.parquet,bb97b7453720968aa6793bd962a8880a459acadc,Sad,negative,10.466667,edd2c19c2cc416fe08c0dd0874a704769df1cd32c421c74308061a56cca7313d,negative/sad/negative_sad_2616_00031042.mp4,False,
emotion:00031044.mp4,00031044.mp4,eMotions_chunk_129.parquet,datasets/Conna/eMotions/data/eMotions_chunk_129.parquet,bb97b7453720968aa6793bd962a8880a459acadc,Sad,negative,11.466667,b90228ca41082e011fd4e641914134ee3a8f4fdaddc09242c9a3d479648afed8,negative/sad/negative_sad_2617_00031044.mp4,False,
emotion:00031045.mp4,00031045.mp4,eMotions_chunk_129.parquet,datasets/Conna/eMotions/data/eMotions_chunk_129.parquet,bb97b7453720968aa6793bd962a8880a459acadc,Sad,negative,15.066667,c1c8353ccecac7a62ab48d500854f058fd018835dd831a834c45138ff9ef7e1e,negative/sad/negative_sad_2618_00031045.mp4,False,
emotion:00031048.mp4,00031048.mp4,eMotions_chunk_129.parquet,datasets/Conna/eMotions/data/eMotions_chunk_129.parquet,bb97b7453720968aa6793bd962a8880a459acadc,Sad,negative,7.666667,ba9b11cc678e61bd2fc4395e425dd9a7b449ef6dec286793a8f7b0ab50f34b20,negative/sad/negative_sad_2619_00031048.mp4,False,
emotion:00031049.mp4,00031049.mp4,eMotions_chunk_129.parquet,datasets/Conna/eMotions/data/eMotions_chunk_129.parquet,bb97b7453720968aa6793bd962a8880a459acadc,Sad,negative,12.833333,a525ad2d7d30784f6af1987164ed4e4200f21923950496e31daa1075eee834a0,negative/sad/negative_sad_2620_00031049.mp4,False,
emotion:00031054.mp4,00031054.mp4,eMotions_chunk_129.parquet,datasets/Conna/eMotions/data/eMotions_chunk_129.parquet,bb97b7453720968aa6793bd962a8880a459acadc,Sad,negative,15.071429,10986ed3210de82026ede0dbc99c504fe82040773b608abcb001f20c343c05a2,negative/sad/negative_sad_2621_00031054.mp4,False,
emotion:00031056.mp4,00031056.mp4,eMotions_chunk_129.parquet,datasets/Conna/eMotions/data/eMotions_chunk_129.parquet,bb97b7453720968aa6793bd962a8880a459acadc,Sad,negative,10.08,a4af168ef307378ca636a3f96b2c9a7f8deedf71c94459dd517cf72f529726ec,negative/sad/negative_sad_2622_00031056.mp4,False,
emotion:00031057.mp4,00031057.mp4,eMotions_chunk_129.parquet,datasets/Conna/eMotions/data/eMotions_chunk_129.parquet,bb97b7453720968aa6793bd962a8880a459acadc,Sad,negative,6.477007,010186ef7981a99e874b092715b5ec5bfcac2fb58717de0ad6a126d9ea77a945,negative/sad/negative_sad_2623_00031057.mp4,False,
emotion:00031059.mp4,00031059.mp4,eMotions_chunk_129.parquet,datasets/Conna/eMotions/data/eMotions_chunk_129.parquet,bb97b7453720968aa6793bd962a8880a459acadc,Sad,negative,8.195011,8f51f5725efeb5a344fbe85a6dcb62fb2a3d63d4e902a577e1555ebb7e0390ab,negative/sad/negative_sad_2624_00031059.mp4,False,
emotion:00031060.mp4,00031060.mp4,eMotions_chunk_129.parquet,datasets/Conna/eMotions/data/eMotions_chunk_129.parquet,bb97b7453720968aa6793bd962a8880a459acadc,Sad,negative,8.195011,fc9b495558ec6cedea93354d05f9e004a327a14662ef028e7c0778dfac44e099,negative/sad/negative_sad_2625_00031060.mp4,False,
emotion:00031062.mp4,00031062.mp4,eMotions_chunk_129.parquet,datasets/Conna/eMotions/data/eMotions_chunk_129.parquet,bb97b7453720968aa6793bd962a8880a459acadc,Sad,negative,10.2,8fed0a490a7d4e955dfc914f907a7c791c8b385c295c84c7b0e98c3a23c842d3,negative/sad/negative_sad_2626_00031062.mp4,False,
emotion:00031070.mp4,00031070.mp4,eMotions_chunk_129.parquet,datasets/Conna/eMotions/data/eMotions_chunk_129.parquet,bb97b7453720968aa6793bd962a8880a459acadc,Sad,negative,12.333333,10859646ef1d209e30da1bd3bd5a4443829fdac14ed0240e9ea94dcd021363e7,negative/sad/negative_sad_2627_00031070.mp4,False,
emotion:00031073.mp4,00031073.mp4,eMotions_chunk_129.parquet,datasets/Conna/eMotions/data/eMotions_chunk_129.parquet,bb97b7453720968aa6793bd962a8880a459acadc,Sad,negative,15.045011,09e28b5d35cc07a51a261389e11a2c0dbee9f15a0d3d7ecfbc71df6c8bd6498e,negative/sad/negative_sad_2628_00031073.mp4,False,
emotion:00031080.mp4,00031080.mp4,eMotions_chunk_129.parquet,datasets/Conna/eMotions/data/eMotions_chunk_129.parquet,bb97b7453720968aa6793bd962a8880a459acadc,Sad,negative,8.7,095558c98db6b30679f5be4286528aed00b9d4d0cce6dd274bb23d59993c5a22,negative/sad/negative_sad_2629_00031080.mp4,False,
emotion:00031083.mp4,00031083.mp4,eMotions_chunk_129.parquet,datasets/Conna/eMotions/data/eMotions_chunk_129.parquet,bb97b7453720968aa6793bd962a8880a459acadc,Sad,negative,15.020998,106f201f3560dec6a040f53e862a2be17f42163a7b82f710e210a74ab07a600e,negative/sad/negative_sad_2630_00031083.mp4,False,
emotion:00031084.mp4,00031084.mp4,eMotions_chunk_129.parquet,datasets/Conna/eMotions/data/eMotions_chunk_129.parquet,bb97b7453720968aa6793bd962a8880a459acadc,Sad,negative,9.933333,0f154174bfa645ab06648abf8e502fc34c3b36aed3cea2c8d84dd11ceb8f5224,negative/sad/negative_sad_2631_00031084.mp4,False,
emotion:00031086.mp4,00031086.mp4,eMotions_chunk_129.parquet,datasets/Conna/eMotions/data/eMotions_chunk_129.parquet,bb97b7453720968aa6793bd962a8880a459acadc,Sad,negative,6.97364,aefa7888eebd853416c3eff798a67f9a2e88ac10dd79de11a1e214be6e6ec8e6,negative/sad/negative_sad_2632_00031086.mp4,False,
emotion:00031091.mp4,00031091.mp4,eMotions_chunk_129.parquet,datasets/Conna/eMotions/data/eMotions_chunk_129.parquet,bb97b7453720968aa6793bd962a8880a459acadc,Sad,negative,15.045011,06b6c3ccaab06b4b6329a11035a6751812bc67b1f4ed421f779d7c78a75e2d33,negative/sad/negative_sad_2633_00031091.mp4,False,
emotion:00031095.mp4,00031095.mp4,eMotions_chunk_129.parquet,datasets/Conna/eMotions/data/eMotions_chunk_129.parquet,bb97b7453720968aa6793bd962a8880a459acadc,Sad,negative,13.266667,8b0ef438b644cfcbe817670fad85f22b6a5aa9802872498d174eda79d6d0f384,negative/sad/negative_sad_2634_00031095.mp4,False,
emotion:00031100.mp4,00031100.mp4,eMotions_chunk_129.parquet,datasets/Conna/eMotions/data/eMotions_chunk_129.parquet,bb97b7453720968aa6793bd962a8880a459acadc,Sad,negative,7.847007,ec8918860a1a47a87501222dc13899561e117d32b5eec058d876b42118d49088,negative/sad/negative_sad_2635_00031100.mp4,False,
emotion:00031103.mp4,00031103.mp4,eMotions_chunk_129.parquet,datasets/Conna/eMotions/data/eMotions_chunk_129.parquet,bb97b7453720968aa6793bd962a8880a459acadc,Sad,negative,9.166667,2e6eacfefbad45ce0600933e9c1f064ae27c0aa69e157be0057be3bbb26ae079,negative/sad/negative_sad_2636_00031103.mp4,False,
emotion:00031105.mp4,00031105.mp4,eMotions_chunk_129.parquet,datasets/Conna/eMotions/data/eMotions_chunk_129.parquet,bb97b7453720968aa6793bd962a8880a459acadc,Sad,negative,15.066667,47e7cf79c1010f0e4fbaf04f6fcd0a239477785a36f725bca0042893b2a27b90,negative/sad/negative_sad_2637_00031105.mp4,False,
emotion:00031108.mp4,00031108.mp4,eMotions_chunk_129.parquet,datasets/Conna/eMotions/data/eMotions_chunk_129.parquet,bb97b7453720968aa6793bd962a8880a459acadc,Sad,negative,28.3,d2a4d7960af86e94bc374721097c7e7fa2b9eaa888154f348352432f56047a22,negative/sad/negative_sad_2638_00031108.mp4,False,
emotion:00031109.mp4,00031109.mp4,eMotions_chunk_129.parquet,datasets/Conna/eMotions/data/eMotions_chunk_129.parquet,bb97b7453720968aa6793bd962a8880a459acadc,Sad,negative,34.062993,45d8d769cacb33df0321d23f2cbb8942d5d18e27056b58bed2633aa191783a4c,negative/sad/negative_sad_2639_00031109.mp4,False,
emotion:00031111.mp4,00031111.mp4,eMotions_chunk_129.parquet,datasets/Conna/eMotions/data/eMotions_chunk_129.parquet,bb97b7453720968aa6793bd962a8880a459acadc,Sad,negative,16.113991,384777dce7f76c30cc54de74d302d9a14dba734d5448790f6ed5b8f4497e5975,negative/sad/negative_sad_2640_00031111.mp4,False,
emotion:00031114.mp4,00031114.mp4,eMotions_chunk_129.parquet,datasets/Conna/eMotions/data/eMotions_chunk_129.parquet,bb97b7453720968aa6793bd962a8880a459acadc,Sad,negative,13.166667,85bf5e8b8b4aed4a116d41be8fb0611b2099bbf42452e94ae1b2600fd4fcad6a,negative/sad/negative_sad_2641_00031114.mp4,False,
emotion:00031118.mp4,00031118.mp4,eMotions_chunk_129.parquet,datasets/Conna/eMotions/data/eMotions_chunk_129.parquet,bb97b7453720968aa6793bd962a8880a459acadc,Sad,negative,22.533333,51132618a97980b1afbcd5176baa136dbc5488e63f9a8bf7fb8e57214fce524e,negative/sad/negative_sad_2642_00031118.mp4,False,
emotion:00031120.mp4,00031120.mp4,eMotions_chunk_129.parquet,datasets/Conna/eMotions/data/eMotions_chunk_129.parquet,bb97b7453720968aa6793bd962a8880a459acadc,Sad,negative,38.433333,e99a0c00657aabb3c60cfc6d411f0f78613caea2f44b08db432ee23a8dc0d17c,negative/sad/negative_sad_2643_00031120.mp4,False,
emotion:00031121.mp4,00031121.mp4,eMotions_chunk_129.parquet,datasets/Conna/eMotions/data/eMotions_chunk_129.parquet,bb97b7453720968aa6793bd962a8880a459acadc,Sad,negative,21.633333,69266bc780db522fb9a6bd9aec35f86757d9670ac23569cf7d2cbdcfd0869711,negative/sad/negative_sad_2644_00031121.mp4,False,
emotion:00031123.mp4,00031123.mp4,eMotions_chunk_129.parquet,datasets/Conna/eMotions/data/eMotions_chunk_129.parquet,bb97b7453720968aa6793bd962a8880a459acadc,Sad,negative,14.140998,882e20cea9c775e8f9bb3a28e18cff174f4ddb0dd2c73553a4613c5aa6637c40,negative/sad/negative_sad_2645_00031123.mp4,False,
emotion:00031124.mp4,00031124.mp4,eMotions_chunk_129.parquet,datasets/Conna/eMotions/data/eMotions_chunk_129.parquet,bb97b7453720968aa6793bd962a8880a459acadc,Sad,negative,25.633991,55e2969a4d4156639c13758069e5d4dce65e437498d5f2335c978de14e60ffc5,negative/sad/negative_sad_2646_00031124.mp4,False,
emotion:00031127.mp4,00031127.mp4,eMotions_chunk_129.parquet,datasets/Conna/eMotions/data/eMotions_chunk_129.parquet,bb97b7453720968aa6793bd962a8880a459acadc,Sad,negative,18.877007,4fddff2d41e9342d6dc98f4961e99f182f56b96a107e45c735ba115a61347f56,negative/sad/negative_sad_2647_00031127.mp4,False,
emotion:00031128.mp4,00031128.mp4,eMotions_chunk_129.parquet,datasets/Conna/eMotions/data/eMotions_chunk_129.parquet,bb97b7453720968aa6793bd962a8880a459acadc,Sad,negative,32.933333,82a4941620cb82790e4a10999ffd68de53fe4bd3a28297948ed9007bb9c1c0a3,negative/sad/negative_sad_2648_00031128.mp4,False,
emotion:00031129.mp4,00031129.mp4,eMotions_chunk_129.parquet,datasets/Conna/eMotions/data/eMotions_chunk_129.parquet,bb97b7453720968aa6793bd962a8880a459acadc,Sad,negative,8.568005,f170d09e06d62d166d63076640722f945810656cec48eab8b1804c264f9bdad3,negative/sad/negative_sad_2649_00031129.mp4,False,
emotion:00031136.mp4,00031136.mp4,eMotions_chunk_129.parquet,datasets/Conna/eMotions/data/eMotions_chunk_129.parquet,bb97b7453720968aa6793bd962a8880a459acadc,Sad,negative,8.933333,b9d112e86c4c86c0b8dadab55bc26eecb1e1906a95a9349336a9b58cc0112809,negative/sad/negative_sad_2650_00031136.mp4,False,
emotion:00031137.mp4,00031137.mp4,eMotions_chunk_129.parquet,datasets/Conna/eMotions/data/eMotions_chunk_129.parquet,bb97b7453720968aa6793bd962a8880a459acadc,Sad,negative,12.433333,b0f9616c94a5ef2819b010188e0bab1908224a303e1b64c94927d18072724990,negative/sad/negative_sad_2651_00031137.mp4,False,
emotion:00031138.mp4,00031138.mp4,eMotions_chunk_129.parquet,datasets/Conna/eMotions/data/eMotions_chunk_129.parquet,bb97b7453720968aa6793bd962a8880a459acadc,Sad,negative,13.9,d0759ffef0cd766b081ea0d8938cae4a5c3754e0981650551b60713f20a21931,negative/sad/negative_sad_2652_00031138.mp4,False,
emotion:00031139.mp4,00031139.mp4,eMotions_chunk_129.parquet,datasets/Conna/eMotions/data/eMotions_chunk_129.parquet,bb97b7453720968aa6793bd962a8880a459acadc,Sad,negative,9.868005,4678a875215cd1875f779a71e720e83959b80a91c0dd54e3ad62a7d1d2a6b313,negative/sad/negative_sad_2653_00031139.mp4,False,
emotion:00031140.mp4,00031140.mp4,eMotions_chunk_129.parquet,datasets/Conna/eMotions/data/eMotions_chunk_129.parquet,bb97b7453720968aa6793bd962a8880a459acadc,Sad,negative,14.419002,31a0e1612ba4853b9d6903b3e676d70c17e3b271ecc39f0f9390ef3d9de10c0a,negative/sad/negative_sad_2654_00031140.mp4,False,
emotion:00031141.mp4,00031141.mp4,eMotions_chunk_129.parquet,datasets/Conna/eMotions/data/eMotions_chunk_129.parquet,bb97b7453720968aa6793bd962a8880a459acadc,Sad,negative,14.166667,559e82a4405cc6f89529593041bc7b0edc1224430c368551d05890a2efa2584f,negative/sad/negative_sad_2655_00031141.mp4,False,
emotion:00031144.mp4,00031144.mp4,eMotions_chunk_129.parquet,datasets/Conna/eMotions/data/eMotions_chunk_129.parquet,bb97b7453720968aa6793bd962a8880a459acadc,Sad,negative,17.809002,648394c190f268d4d7f1b514c3175bc64f87aacc086c506e5ae060881abed89b,negative/sad/negative_sad_2656_00031144.mp4,False,
emotion:00031145.mp4,00031145.mp4,eMotions_chunk_129.parquet,datasets/Conna/eMotions/data/eMotions_chunk_129.parquet,bb97b7453720968aa6793bd962a8880a459acadc,Sad,negative,10.633333,998b8bb084efdd2e5c255066fbbb05eb170066bd331b4b61d87c0ea674f6dbf1,negative/sad/negative_sad_2657_00031145.mp4,False,
emotion:00031146.mp4,00031146.mp4,eMotions_chunk_129.parquet,datasets/Conna/eMotions/data/eMotions_chunk_129.parquet,bb97b7453720968aa6793bd962a8880a459acadc,Sad,negative,12.4,5856554f8878a92b31cc2248e79f1db02e52a1fd73d97970659a90c9eb53bc14,negative/sad/negative_sad_2658_00031146.mp4,False,
emotion:00031147.mp4,00031147.mp4,eMotions_chunk_129.parquet,datasets/Conna/eMotions/data/eMotions_chunk_129.parquet,bb97b7453720968aa6793bd962a8880a459acadc,Sad,negative,14.633333,83f2dc2d8739640d1a3522bf880fd2c5deaf0d4bc0f026bb1143afe77d4ba604,negative/sad/negative_sad_2659_00031147.mp4,False,
emotion:00031149.mp4,00031149.mp4,eMotions_chunk_129.parquet,datasets/Conna/eMotions/data/eMotions_chunk_129.parquet,bb97b7453720968aa6793bd962a8880a459acadc,Sad,negative,8.5,046bdd87ef05b27b6ec40f6441ffa217f81f370572f0cd7a4afb10d9f18c219f,negative/sad/negative_sad_2660_00031149.mp4,False,
emotion:00031150.mp4,00031150.mp4,eMotions_chunk_129.parquet,datasets/Conna/eMotions/data/eMotions_chunk_129.parquet,bb97b7453720968aa6793bd962a8880a459acadc,Sad,negative,8.366667,1ab6bda61f292d1152f98d0df53e1ab2596b0e7b8e38c4ac457a2851874e04de,negative/sad/negative_sad_2661_00031150.mp4,False,
emotion:00031151.mp4,00031151.mp4,eMotions_chunk_129.parquet,datasets/Conna/eMotions/data/eMotions_chunk_129.parquet,bb97b7453720968aa6793bd962a8880a459acadc,Sad,negative,14.372993,88760d0ca5a37eced5c02a9d6edfdbee1d6bbe0b1ab90b75a9f5481b6e57902f,negative/sad/negative_sad_2662_00031151.mp4,False,
emotion:00031153.mp4,00031153.mp4,eMotions_chunk_129.parquet,datasets/Conna/eMotions/data/eMotions_chunk_129.parquet,bb97b7453720968aa6793bd962a8880a459acadc,Sad,negative,8.475011,e3fc591e34ffe394d24341e11bf8ddee34cdac625320b8f2756b822eb0c3f4e9,negative/sad/negative_sad_2663_00031153.mp4,False,
emotion:00031154.mp4,00031154.mp4,eMotions_chunk_129.parquet,datasets/Conna/eMotions/data/eMotions_chunk_129.parquet,bb97b7453720968aa6793bd962a8880a459acadc,Sad,negative,9.938005,2082d4ca9b5c51aee0de31af8179c135cc6a50c74e735d437c27d35783c2c7fe,negative/sad/negative_sad_2664_00031154.mp4,False,
emotion:00031155.mp4,00031155.mp4,eMotions_chunk_129.parquet,datasets/Conna/eMotions/data/eMotions_chunk_129.parquet,bb97b7453720968aa6793bd962a8880a459acadc,Sad,negative,7.933333,7839a0b4c4df9437870624629d62cb50be1d73c5d49586e3b42ea5839c65debb,negative/sad/negative_sad_2665_00031155.mp4,False,
emotion:00031158.mp4,00031158.mp4,eMotions_chunk_129.parquet,datasets/Conna/eMotions/data/eMotions_chunk_129.parquet,bb97b7453720968aa6793bd962a8880a459acadc,Sad,negative,11.400998,d1ca07692b02d3e2f72517695977401cfd10e171be8678ab2eadfacf36f57573,negative/sad/negative_sad_2666_00031158.mp4,False,
emotion:00031159.mp4,00031159.mp4,eMotions_chunk_129.parquet,datasets/Conna/eMotions/data/eMotions_chunk_129.parquet,bb97b7453720968aa6793bd962a8880a459acadc,Sad,negative,7.105011,3be3bd417500936e85090788a3ab47f082451efea7ba9f19ffee99d4644bacd0,negative/sad/negative_sad_2667_00031159.mp4,False,
emotion:00031161.mp4,00031161.mp4,eMotions_chunk_129.parquet,datasets/Conna/eMotions/data/eMotions_chunk_129.parquet,bb97b7453720968aa6793bd962a8880a459acadc,Sad,negative,9.866667,6ab5fe41b2f515a2977d4d449c64ac645831c632f28308f6b8f0dbb211ba55fb,negative/sad/negative_sad_2668_00031161.mp4,False,
emotion:00031165.mp4,00031165.mp4,eMotions_chunk_129.parquet,datasets/Conna/eMotions/data/eMotions_chunk_129.parquet,bb97b7453720968aa6793bd962a8880a459acadc,Sad,negative,12.733333,0b9551645c346d68f4bdc41ca4cb01f39279f730b458b57892cee1f51e6d02d1,negative/sad/negative_sad_2669_00031165.mp4,False,
emotion:00031166.mp4,00031166.mp4,eMotions_chunk_129.parquet,datasets/Conna/eMotions/data/eMotions_chunk_129.parquet,bb97b7453720968aa6793bd962a8880a459acadc,Sad,negative,14.666667,4b6fcab71f0d10c1d27ed6cf12659cbea7fed042e6b2259f636f7b2237834513,negative/sad/negative_sad_2670_00031166.mp4,False,
emotion:00031168.mp4,00031168.mp4,eMotions_chunk_129.parquet,datasets/Conna/eMotions/data/eMotions_chunk_129.parquet,bb97b7453720968aa6793bd962a8880a459acadc,Sad,negative,9.333333,9a1bba2a6087acc88179b3f0a5ffea57e61655cce4c95c9b7771ad514f8bac42,negative/sad/negative_sad_2671_00031168.mp4,False,
emotion:00031169.mp4,00031169.mp4,eMotions_chunk_129.parquet,datasets/Conna/eMotions/data/eMotions_chunk_129.parquet,bb97b7453720968aa6793bd962a8880a459acadc,Sad,negative,59.033333,6410663712bf93fa225deb0f23ec5e2f6623b6859d24a12129fc59d5a227cbcd,negative/sad/negative_sad_2672_00031169.mp4,False,
emotion:00031170.mp4,00031170.mp4,eMotions_chunk_129.parquet,datasets/Conna/eMotions/data/eMotions_chunk_129.parquet,bb97b7453720968aa6793bd962a8880a459acadc,Sad,negative,27.4,802647fa7b0ae7318402db3830fa650ab8867b298d1b07325bab21943f177a21,negative/sad/negative_sad_2673_00031170.mp4,False,
emotion:00031171.mp4,00031171.mp4,eMotions_chunk_129.parquet,datasets/Conna/eMotions/data/eMotions_chunk_129.parquet,bb97b7453720968aa6793bd962a8880a459acadc,Sad,negative,17.533333,888a71b5d3d01955ff741216f27870bdcbd5815deadbaeb83689336702c9e318,negative/sad/negative_sad_2674_00031171.mp4,False,
emotion:00031174.mp4,00031174.mp4,eMotions_chunk_129.parquet,datasets/Conna/eMotions/data/eMotions_chunk_129.parquet,bb97b7453720968aa6793bd962a8880a459acadc,Sad,negative,8.233333,9d78eb55d8be4d957b9af601b51dbd1d8a787bff338e7892ebdd539efce46502,negative/sad/negative_sad_2675_00031174.mp4,False,
emotion:00031175.mp4,00031175.mp4,eMotions_chunk_129.parquet,datasets/Conna/eMotions/data/eMotions_chunk_129.parquet,bb97b7453720968aa6793bd962a8880a459acadc,Sad,negative,15.833333,1f8ffa468f9c45a475234605eb3c39443e82467a9268d2264a5c6eb7f2c4501b,negative/sad/negative_sad_2676_00031175.mp4,False,
emotion:00031182.mp4,00031182.mp4,eMotions_chunk_129.parquet,datasets/Conna/eMotions/data/eMotions_chunk_129.parquet,bb97b7453720968aa6793bd962a8880a459acadc,Sad,negative,9.5,a24fc1deed83ce0b7395e870f38cce44ac811e80313554b96f75abbd1ac6fc61,negative/sad/negative_sad_2677_00031182.mp4,False,
emotion:00031183.mp4,00031183.mp4,eMotions_chunk_129.parquet,datasets/Conna/eMotions/data/eMotions_chunk_129.parquet,bb97b7453720968aa6793bd962a8880a459acadc,Sad,negative,11.533333,4eebda047415ff262ae192ad2b175dc730aae7e5eb89f50e08a5749d001743fc,negative/sad/negative_sad_2678_00031183.mp4,False,
emotion:00031184.mp4,00031184.mp4,eMotions_chunk_129.parquet,datasets/Conna/eMotions/data/eMotions_chunk_129.parquet,bb97b7453720968aa6793bd962a8880a459acadc,Sad,negative,10.1,a01a6ecd828d63a19033fedabacf5810086caf4bcdb46b60d5877682e5dbf226,negative/sad/negative_sad_2679_00031184.mp4,False,
emotion:00031187.mp4,00031187.mp4,eMotions_chunk_129.parquet,datasets/Conna/eMotions/data/eMotions_chunk_129.parquet,bb97b7453720968aa6793bd962a8880a459acadc,Sad,negative,18.433333,553b9c2717e7e503fe77d166ca41f94a328666b8305998ee49302a919c82cff9,negative/sad/negative_sad_2680_00031187.mp4,False,
emotion:00031189.mp4,00031189.mp4,eMotions_chunk_129.parquet,datasets/Conna/eMotions/data/eMotions_chunk_129.parquet,bb97b7453720968aa6793bd962a8880a459acadc,Sad,negative,14.933333,bdbe3918cbbd9fd4e0cf2abe51b7e57720096af7a23020e731c446dcd713e8bd,negative/sad/negative_sad_2681_00031189.mp4,False,
emotion:00031192.mp4,00031192.mp4,eMotions_chunk_129.parquet,datasets/Conna/eMotions/data/eMotions_chunk_129.parquet,bb97b7453720968aa6793bd962a8880a459acadc,Sad,negative,9.8,50066a0634af21929dec2352ceca4e51d09ab33d8c6f330bda8d3f6b9c8cd70a,negative/sad/negative_sad_2682_00031192.mp4,False,
emotion:00031193.mp4,00031193.mp4,eMotions_chunk_129.parquet,datasets/Conna/eMotions/data/eMotions_chunk_129.parquet,bb97b7453720968aa6793bd962a8880a459acadc,Sad,negative,16.966667,2221fedef44275fb5fd311f126c40ee0c72539a51e469c3984544ac100e1a9cf,negative/sad/negative_sad_2683_00031193.mp4,False,
emotion:00031194.mp4,00031194.mp4,eMotions_chunk_129.parquet,datasets/Conna/eMotions/data/eMotions_chunk_129.parquet,bb97b7453720968aa6793bd962a8880a459acadc,Sad,negative,17.6,026cc2063c8e0c4263296208eddc77074f644c2738f3d0b633b5344569c1ba7f,negative/sad/negative_sad_2684_00031194.mp4,False,
emotion:00031198.mp4,00031198.mp4,eMotions_chunk_129.parquet,datasets/Conna/eMotions/data/eMotions_chunk_129.parquet,bb97b7453720968aa6793bd962a8880a459acadc,Sad,negative,56.1,25b4378bc9fe1023d6bb37e49aca875cf5dc7c408b6049f34d37a14cb0f0107e,negative/sad/negative_sad_2685_00031198.mp4,False,
emotion:00031199.mp4,00031199.mp4,eMotions_chunk_129.parquet,datasets/Conna/eMotions/data/eMotions_chunk_129.parquet,bb97b7453720968aa6793bd962a8880a459acadc,Sad,negative,12.8,8f2ca46fb93739755098f310e789c50ace251acf95002bb919d52b11edb302fc,negative/sad/negative_sad_2686_00031199.mp4,False,
emotion:00031202.mp4,00031202.mp4,eMotions_chunk_129.parquet,datasets/Conna/eMotions/data/eMotions_chunk_129.parquet,bb97b7453720968aa6793bd962a8880a459acadc,Sad,negative,56.766667,64c0560325bf2d78561645785e3bd114379339b62c8f80a7c92c414f6c5db588,negative/sad/negative_sad_2687_00031202.mp4,False,
emotion:00031203.mp4,00031203.mp4,eMotions_chunk_129.parquet,datasets/Conna/eMotions/data/eMotions_chunk_129.parquet,bb97b7453720968aa6793bd962a8880a459acadc,Sad,negative,6.333333,d244aab86cf27e4ba65ffe1629f53ab69da647dbb5f0c667ce14b14c4be62343,negative/sad/negative_sad_2688_00031203.mp4,False,
emotion:00031205.mp4,00031205.mp4,eMotions_chunk_129.parquet,datasets/Conna/eMotions/data/eMotions_chunk_129.parquet,bb97b7453720968aa6793bd962a8880a459acadc,Sad,negative,16.833991,5bb9dadeb15d1691a96317a9c4c0ab1fa93926f0db80862e638143db86fbca37,negative/sad/negative_sad_2689_00031205.mp4,False,
emotion:00031206.mp4,00031206.mp4,eMotions_chunk_129.parquet,datasets/Conna/eMotions/data/eMotions_chunk_129.parquet,bb97b7453720968aa6793bd962a8880a459acadc,Sad,negative,9.45,f851733bc8e07d88af321ba8b0f008ded965f3c0b96d2fc7df3786d0f916da2e,negative/sad/negative_sad_2690_00031206.mp4,False,
emotion:00031207.mp4,00031207.mp4,eMotions_chunk_129.parquet,datasets/Conna/eMotions/data/eMotions_chunk_129.parquet,bb97b7453720968aa6793bd962a8880a459acadc,Sad,negative,24.542993,9160397fb18c3cfba53af77bb4dacd4051a57838df9212151b4c36cdaf766765,negative/sad/negative_sad_2691_00031207.mp4,False,
emotion:00031210.mp4,00031210.mp4,eMotions_chunk_129.parquet,datasets/Conna/eMotions/data/eMotions_chunk_129.parquet,bb97b7453720968aa6793bd962a8880a459acadc,Sad,negative,7.6,56cd5668b36da6bb0ff46b233b0aca281496d25e8b7dc14a4c509bb73aa3576a,negative/sad/negative_sad_2692_00031210.mp4,False,
emotion:00031213.mp4,00031213.mp4,eMotions_chunk_129.parquet,datasets/Conna/eMotions/data/eMotions_chunk_129.parquet,bb97b7453720968aa6793bd962a8880a459acadc,Sad,negative,51.833333,52b55fb9f06ad60022bb82f484c90a529b95c8241353ead4c3596f09fa289ec1,negative/sad/negative_sad_2693_00031213.mp4,False,
emotion:00031214.mp4,00031214.mp4,eMotions_chunk_129.parquet,datasets/Conna/eMotions/data/eMotions_chunk_129.parquet,bb97b7453720968aa6793bd962a8880a459acadc,Sad,negative,21.1,81ceed0198cea6b45de42158d264120f10ba317eee3b6c674bc48ccef564f497,negative/sad/negative_sad_2694_00031214.mp4,False,
emotion:00031215.mp4,00031215.mp4,eMotions_chunk_129.parquet,datasets/Conna/eMotions/data/eMotions_chunk_129.parquet,bb97b7453720968aa6793bd962a8880a459acadc,Sad,negative,14.833333,d8e2f847516baceb07e0e8fe9068acb23e69af6cdd79305366bad669d0614852,negative/sad/negative_sad_2695_00031215.mp4,False,
emotion:00031217.mp4,00031217.mp4,eMotions_chunk_129.parquet,datasets/Conna/eMotions/data/eMotions_chunk_129.parquet,bb97b7453720968aa6793bd962a8880a459acadc,Sad,negative,35.48,b1b5e5f34ac26cb253e38d5a353855f6dc14e76230f73d88b73899777db1fc29,negative/sad/negative_sad_2696_00031217.mp4,False,
emotion:00031218.mp4,00031218.mp4,eMotions_chunk_129.parquet,datasets/Conna/eMotions/data/eMotions_chunk_129.parquet,bb97b7453720968aa6793bd962a8880a459acadc,Sad,negative,9.033333,e984b61f0088bde9a4d38a92b4e9323024ce4c42f0e7ead4c3e3a84de7a9b051,negative/sad/negative_sad_2697_00031218.mp4,False,
emotion:00031221.mp4,00031221.mp4,eMotions_chunk_129.parquet,datasets/Conna/eMotions/data/eMotions_chunk_129.parquet,bb97b7453720968aa6793bd962a8880a459acadc,Sad,negative,28.966667,dfe1f76e49c2808aafd70e7870e19ad7d1345b206cf06da58e459f5669d0a4a8,negative/sad/negative_sad_2698_00031221.mp4,False,
emotion:00031222.mp4,00031222.mp4,eMotions_chunk_129.parquet,datasets/Conna/eMotions/data/eMotions_chunk_129.parquet,bb97b7453720968aa6793bd962a8880a459acadc,Sad,negative,16.366667,7f9985cdab87e1b0d6e6fdee7c41c3cd3c22786eb95ec715e122824310da27b2,negative/sad/negative_sad_2699_00031222.mp4,False,
emotion:00031226.mp4,00031226.mp4,eMotions_chunk_129.parquet,datasets/Conna/eMotions/data/eMotions_chunk_129.parquet,bb97b7453720968aa6793bd962a8880a459acadc,Sad,negative,12.966667,e7748408fe4dc3f4f876ec6216697d19d56b4d45e408ea7d0ac01bcb3f00804b,negative/sad/negative_sad_2700_00031226.mp4,False,
emotion:00031229.mp4,00031229.mp4,eMotions_chunk_129.parquet,datasets/Conna/eMotions/data/eMotions_chunk_129.parquet,bb97b7453720968aa6793bd962a8880a459acadc,Sad,negative,9.875,fa1b40da023350a9b2693af4ed8dae6629665129c24661c252f658f595647a93,negative/sad/negative_sad_2701_00031229.mp4,False,
emotion:00031230.mp4,00031230.mp4,eMotions_chunk_129.parquet,datasets/Conna/eMotions/data/eMotions_chunk_129.parquet,bb97b7453720968aa6793bd962a8880a459acadc,Sad,negative,12.933333,6eaa8fead9be1cdf9dbfe1ec40b6cb95a8b79fdd7af0b74644c4a8c10278974f,negative/sad/negative_sad_2702_00031230.mp4,False,
emotion:00031233.mp4,00031233.mp4,eMotions_chunk_129.parquet,datasets/Conna/eMotions/data/eMotions_chunk_129.parquet,bb97b7453720968aa6793bd962a8880a459acadc,Sad,negative,8.733333,7dec2fb552e5917c933e2e24d4ccffbbbffa4eb05f77f44390ba46f009b89e5f,negative/sad/negative_sad_2703_00031233.mp4,False,
emotion:00031234.mp4,00031234.mp4,eMotions_chunk_129.parquet,datasets/Conna/eMotions/data/eMotions_chunk_129.parquet,bb97b7453720968aa6793bd962a8880a459acadc,Sad,negative,19.5,6f44dea24c10ddab6d92dad4730f90c5636549786da745697e6402f32f7528fc,negative/sad/negative_sad_2704_00031234.mp4,False,
emotion:00031236.mp4,00031236.mp4,eMotions_chunk_129.parquet,datasets/Conna/eMotions/data/eMotions_chunk_129.parquet,bb97b7453720968aa6793bd962a8880a459acadc,Sad,negative,27.9,6f8228d59c7eb8c38b0116a4444fa85faea051442fd28c7a0ab5c3b66d32c1e4,negative/sad/negative_sad_2705_00031236.mp4,False,
emotion:00031240.mp4,00031240.mp4,eMotions_chunk_129.parquet,datasets/Conna/eMotions/data/eMotions_chunk_129.parquet,bb97b7453720968aa6793bd962a8880a459acadc,Sad,negative,10.533333,e18cf9e3e69074325284fc033c834012b12a4066d420849dcd19c7a10451541a,negative/sad/negative_sad_2706_00031240.mp4,False,
emotion:00031244.mp4,00031244.mp4,eMotions_chunk_129.parquet,datasets/Conna/eMotions/data/eMotions_chunk_129.parquet,bb97b7453720968aa6793bd962a8880a459acadc,Sad,negative,11.146009,69babbebfb0e30a1ed58247b96286b268294376ff3e4c97eeca7668ecb1cca95,negative/sad/negative_sad_2707_00031244.mp4,False,
emotion:00031245.mp4,00031245.mp4,eMotions_chunk_129.parquet,datasets/Conna/eMotions/data/eMotions_chunk_129.parquet,bb97b7453720968aa6793bd962a8880a459acadc,Sad,negative,14.933333,22bb3173c0308edadce98f2b93806a6e5f2ebf36711c7f940b582ba5b43ec7ac,negative/sad/negative_sad_2708_00031245.mp4,False,
emotion:00031248.mp4,00031248.mp4,eMotions_chunk_129.parquet,datasets/Conna/eMotions/data/eMotions_chunk_129.parquet,bb97b7453720968aa6793bd962a8880a459acadc,Sad,negative,16.741995,eff34ebfdf0617cce9f69280d62246f374661576ae291ddde9a42ac052e7a020,negative/sad/negative_sad_2709_00031248.mp4,False,
emotion:00031250.mp4,00031250.mp4,eMotions_chunk_129.parquet,datasets/Conna/eMotions/data/eMotions_chunk_129.parquet,bb97b7453720968aa6793bd962a8880a459acadc,Sad,negative,13.909002,77a0dba47b8acdd8aef64bd264b299e12825db5ff3f35eb210a192fcf8f29177,negative/sad/negative_sad_2710_00031250.mp4,False,
emotion:00031251.mp4,00031251.mp4,eMotions_chunk_129.parquet,datasets/Conna/eMotions/data/eMotions_chunk_129.parquet,bb97b7453720968aa6793bd962a8880a459acadc,Sad,negative,20.4,0d6f04232d98dfe6d260a7dcb7600a578770e885a0f6020c760d40197f271193,negative/sad/negative_sad_2711_00031251.mp4,False,
emotion:00031253.mp4,00031253.mp4,eMotions_chunk_129.parquet,datasets/Conna/eMotions/data/eMotions_chunk_129.parquet,bb97b7453720968aa6793bd962a8880a459acadc,Sad,negative,9.433333,093f42fb188653cbd035921efdeb4c39c8aaf6b549c70e131bcb21c83fbde0ed,negative/sad/negative_sad_2712_00031253.mp4,False,
emotion:00031254.mp4,00031254.mp4,eMotions_chunk_129.parquet,datasets/Conna/eMotions/data/eMotions_chunk_129.parquet,bb97b7453720968aa6793bd962a8880a459acadc,Sad,negative,17.879002,898be8c49d0689a49ad00e8481a6ad1c8f8978296d03591de0e6050435f72b5e,negative/sad/negative_sad_2713_00031254.mp4,False,
emotion:00031257.mp4,00031257.mp4,eMotions_chunk_129.parquet,datasets/Conna/eMotions/data/eMotions_chunk_129.parquet,bb97b7453720968aa6793bd962a8880a459acadc,Sad,negative,31.045011,1ddfa39f24a755972012ccbdff1c3b41a4421d18ee542e0130b89fb4a73bece0,negative/sad/negative_sad_2714_00031257.mp4,False,
emotion:00031259.mp4,00031259.mp4,eMotions_chunk_129.parquet,datasets/Conna/eMotions/data/eMotions_chunk_129.parquet,bb97b7453720968aa6793bd962a8880a459acadc,Sad,negative,18.785011,d30a0309023ecc4f92df7fc6fc9dae34fc4fe82f7cb381874de2d0fdc307f16c,negative/sad/negative_sad_2715_00031259.mp4,False,
emotion:00031260.mp4,00031260.mp4,eMotions_chunk_129.parquet,datasets/Conna/eMotions/data/eMotions_chunk_129.parquet,bb97b7453720968aa6793bd962a8880a459acadc,Sad,negative,40.766667,4a2e95c3f6cecaaf8a82402308bed23c85ce3ee8492c6dadf145aac0957ba1d9,negative/sad/negative_sad_2716_00031260.mp4,False,
emotion:00031264.mp4,00031264.mp4,eMotions_chunk_129.parquet,datasets/Conna/eMotions/data/eMotions_chunk_129.parquet,bb97b7453720968aa6793bd962a8880a459acadc,Sad,negative,9.033333,cb2546d253fc17afd7297fffdce56e2ee93c0785835d7a7e36f84e0628e1bde7,negative/sad/negative_sad_2717_00031264.mp4,False,
emotion:00031265.mp4,00031265.mp4,eMotions_chunk_129.parquet,datasets/Conna/eMotions/data/eMotions_chunk_129.parquet,bb97b7453720968aa6793bd962a8880a459acadc,Sad,negative,59.033333,021085e1c61e146589565cab2a711acdd78cb35f5c14037db1806d9da80ca2b8,negative/sad/negative_sad_2718_00031265.mp4,False,
emotion:00031266.mp4,00031266.mp4,eMotions_chunk_129.parquet,datasets/Conna/eMotions/data/eMotions_chunk_129.parquet,bb97b7453720968aa6793bd962a8880a459acadc,Sad,negative,44.233333,a600e6c64fb92c1bfa0e6da44c27860a5e485cddaa7440371999000eca91318e,negative/sad/negative_sad_2719_00031266.mp4,False,
emotion:00031267.mp4,00031267.mp4,eMotions_chunk_129.parquet,datasets/Conna/eMotions/data/eMotions_chunk_129.parquet,bb97b7453720968aa6793bd962a8880a459acadc,Sad,negative,13.305011,3ccc2acdbb999a5aa28ba9b4a74ddfcd1a996a4fa2eded9f0a4b07a75fc3552e,negative/sad/negative_sad_2720_00031267.mp4,False,
emotion:00031268.mp4,00031268.mp4,eMotions_chunk_129.parquet,datasets/Conna/eMotions/data/eMotions_chunk_129.parquet,bb97b7453720968aa6793bd962a8880a459acadc,Sad,negative,31.2,60eb05295c45588e31a989fa3052f7af510c69d0bccd8a2e1baad90bf85e765f,negative/sad/negative_sad_2721_00031268.mp4,False,
emotion:00031270.mp4,00031270.mp4,eMotions_chunk_129.parquet,datasets/Conna/eMotions/data/eMotions_chunk_129.parquet,bb97b7453720968aa6793bd962a8880a459acadc,Sad,negative,29.512993,56688914f74109a6637fc4c6c30958ffa4472f817f248bdc68cdbd9a27db5d87,negative/sad/negative_sad_2722_00031270.mp4,False,
emotion:00031271.mp4,00031271.mp4,eMotions_chunk_129.parquet,datasets/Conna/eMotions/data/eMotions_chunk_129.parquet,bb97b7453720968aa6793bd962a8880a459acadc,Sad,negative,27.167007,f2875b7eab87dbe71f992d4971c62c6d645997d82c437087dc9f37b692233870,negative/sad/negative_sad_2723_00031271.mp4,False,
emotion:00031273.mp4,00031273.mp4,eMotions_chunk_129.parquet,datasets/Conna/eMotions/data/eMotions_chunk_129.parquet,bb97b7453720968aa6793bd962a8880a459acadc,Sad,negative,15.6,3fcc54bb660d2c29eb7f1472a4f4879c70044f915fc107e87fdcdf462f8307d3,negative/sad/negative_sad_2724_00031273.mp4,False,
emotion:00031276.mp4,00031276.mp4,eMotions_chunk_129.parquet,datasets/Conna/eMotions/data/eMotions_chunk_129.parquet,bb97b7453720968aa6793bd962a8880a459acadc,Sad,negative,24.5,54ffc7769702ff184a27abec62fbd3a17b8973349d68f65bf23f8c82d95ef987,negative/sad/negative_sad_2725_00031276.mp4,False,
emotion:00031279.mp4,00031279.mp4,eMotions_chunk_129.parquet,datasets/Conna/eMotions/data/eMotions_chunk_129.parquet,bb97b7453720968aa6793bd962a8880a459acadc,Sad,negative,42.966667,ce82ca9fcc7b95c9720f81e143aba79feefb81d8e08f7306df4b64c8b57d83e9,negative/sad/negative_sad_2726_00031279.mp4,False,
emotion:00031280.mp4,00031280.mp4,eMotions_chunk_129.parquet,datasets/Conna/eMotions/data/eMotions_chunk_129.parquet,bb97b7453720968aa6793bd962a8880a459acadc,Sad,negative,53.615011,8997ff5fa2d9d9e56458d7b5afb30067bf624078b485ec867c7029391e92bf33,negative/sad/negative_sad_2727_00031280.mp4,False,
emotion:00031281.mp4,00031281.mp4,eMotions_chunk_129.parquet,datasets/Conna/eMotions/data/eMotions_chunk_129.parquet,bb97b7453720968aa6793bd962a8880a459acadc,Sad,negative,28.1,ec0ad35bd726fc2bc395c0c7aa1287caddff9cd8d59e6a95d53a0a297b30f9c8,negative/sad/negative_sad_2728_00031281.mp4,False,
emotion:00031282.mp4,00031282.mp4,eMotions_chunk_129.parquet,datasets/Conna/eMotions/data/eMotions_chunk_129.parquet,bb97b7453720968aa6793bd962a8880a459acadc,Sad,negative,24.845011,68b604903d5195769391e200d84cf6c3bdda8cbc1e465772ad44ed04c336b3ad,negative/sad/negative_sad_2729_00031282.mp4,False,
emotion:00031283.mp4,00031283.mp4,eMotions_chunk_129.parquet,datasets/Conna/eMotions/data/eMotions_chunk_129.parquet,bb97b7453720968aa6793bd962a8880a459acadc,Sad,negative,9.427007,b5866d997c32f787b0cbe876d57390b2f5c554399c2583236bacbf3116588ef1,negative/sad/negative_sad_2730_00031283.mp4,False,
emotion:00031285.mp4,00031285.mp4,eMotions_chunk_129.parquet,datasets/Conna/eMotions/data/eMotions_chunk_129.parquet,bb97b7453720968aa6793bd962a8880a459acadc,Sad,negative,24.566667,761fe49ce5733e8b1e5822082a921a49d5e263b03676cb1209efb6532b958f15,negative/sad/negative_sad_2731_00031285.mp4,False,
emotion:00031286.mp4,00031286.mp4,eMotions_chunk_129.parquet,datasets/Conna/eMotions/data/eMotions_chunk_129.parquet,bb97b7453720968aa6793bd962a8880a459acadc,Sad,negative,31.068005,ae35087dc5b259d3e1ed3c7073bfed0bd03c459dd481335c3f3f13bbedf88a68,negative/sad/negative_sad_2732_00031286.mp4,False,
emotion:00031287.mp4,00031287.mp4,eMotions_chunk_129.parquet,datasets/Conna/eMotions/data/eMotions_chunk_129.parquet,bb97b7453720968aa6793bd962a8880a459acadc,Sad,negative,34.233333,463c3049e3bf0f60c7fc0e9e91e7698109872acffa5a76481f8b35c9307332c4,negative/sad/negative_sad_2733_00031287.mp4,False,
emotion:00031291.mp4,00031291.mp4,eMotions_chunk_129.parquet,datasets/Conna/eMotions/data/eMotions_chunk_129.parquet,bb97b7453720968aa6793bd962a8880a459acadc,Sad,negative,7.733333,b32d401caab2bf4c2b26154a1ad23018e8042f44bfe2942a7ece564f2137cd7c,negative/sad/negative_sad_2734_00031291.mp4,False,
emotion:00031292.mp4,00031292.mp4,eMotions_chunk_129.parquet,datasets/Conna/eMotions/data/eMotions_chunk_129.parquet,bb97b7453720968aa6793bd962a8880a459acadc,Sad,negative,23.566667,9a812c20a62672a5c491d36aac7c43d341e831da58f8ca57175c804b3609e182,negative/sad/negative_sad_2735_00031292.mp4,False,
emotion:00031293.mp4,00031293.mp4,eMotions_chunk_129.parquet,datasets/Conna/eMotions/data/eMotions_chunk_129.parquet,bb97b7453720968aa6793bd962a8880a459acadc,Sad,negative,14.35,86367fd96dd59813bae32fd2f698a7ef7084c016c0b510e2d01875458fc1b66c,negative/sad/negative_sad_2736_00031293.mp4,False,
emotion:00031294.mp4,00031294.mp4,eMotions_chunk_129.parquet,datasets/Conna/eMotions/data/eMotions_chunk_129.parquet,bb97b7453720968aa6793bd962a8880a459acadc,Sad,negative,26.033333,3baf449e5d938df92f0cad212e1a01a62dcdd06c5e24deedf591d78b5d018189,negative/sad/negative_sad_2737_00031294.mp4,False,
emotion:00031295.mp4,00031295.mp4,eMotions_chunk_129.parquet,datasets/Conna/eMotions/data/eMotions_chunk_129.parquet,bb97b7453720968aa6793bd962a8880a459acadc,Sad,negative,12.98,2e7106d1956c08654af853bdbee2f11fb1e367a9e4c320277d104419101e8bb0,negative/sad/negative_sad_2738_00031295.mp4,False,
emotion:00031298.mp4,00031298.mp4,eMotions_chunk_129.parquet,datasets/Conna/eMotions/data/eMotions_chunk_129.parquet,bb97b7453720968aa6793bd962a8880a459acadc,Sad,negative,26.587007,0c8d27b9c759e991c40514763f56662e5208febe8dd6181ee51a93056127b7d8,negative/sad/negative_sad_2739_00031298.mp4,False,
emotion:00031299.mp4,00031299.mp4,eMotions_chunk_129.parquet,datasets/Conna/eMotions/data/eMotions_chunk_129.parquet,bb97b7453720968aa6793bd962a8880a459acadc,Sad,negative,29.675011,7643cf214037dae4b965afc4938efbff576209c67dc16d350fcf6e8f0d7aa89c,negative/sad/negative_sad_2740_00031299.mp4,False,
emotion:00031300.mp4,00031300.mp4,eMotions_chunk_129.parquet,datasets/Conna/eMotions/data/eMotions_chunk_129.parquet,bb97b7453720968aa6793bd962a8880a459acadc,Sad,negative,32.206009,ee1643e28abc9356b79148245790b22db86e05d39d7c76dedbd7697a9d0ada23,negative/sad/negative_sad_2741_00031300.mp4,False,
emotion:00031302.mp4,00031302.mp4,eMotions_chunk_129.parquet,datasets/Conna/eMotions/data/eMotions_chunk_129.parquet,bb97b7453720968aa6793bd962a8880a459acadc,Sad,negative,12.4,47a254a800e05dafb68ede9d99eac907790ebfacc2015d86a47e0562c81b35e2,negative/sad/negative_sad_2742_00031302.mp4,False,
emotion:00031307.mp4,00031307.mp4,eMotions_chunk_129.parquet,datasets/Conna/eMotions/data/eMotions_chunk_129.parquet,bb97b7453720968aa6793bd962a8880a459acadc,Sad,negative,16.6,dd39f8c9c25c30d57281d4fba7a686f7117f8f5c3acde1ab90919dd8d67e0f8d,negative/sad/negative_sad_2743_00031307.mp4,False,
emotion:00031308.mp4,00031308.mp4,eMotions_chunk_129.parquet,datasets/Conna/eMotions/data/eMotions_chunk_129.parquet,bb97b7453720968aa6793bd962a8880a459acadc,Sad,negative,49.533333,36361da1c55f3c6048a20386e7adbdbfce8452f623db12ee41e4826af42d6baa,negative/sad/negative_sad_2744_00031308.mp4,False,
emotion:00031309.mp4,00031309.mp4,eMotions_chunk_129.parquet,datasets/Conna/eMotions/data/eMotions_chunk_129.parquet,bb97b7453720968aa6793bd962a8880a459acadc,Sad,negative,58.866667,56a693bd8919b9822e7e5dfa190c3020274a8158e57253ee4bd54d7ca925f795,negative/sad/negative_sad_2745_00031309.mp4,False,
emotion:00031311.mp4,00031311.mp4,eMotions_chunk_129.parquet,datasets/Conna/eMotions/data/eMotions_chunk_129.parquet,bb97b7453720968aa6793bd962a8880a459acadc,Sad,negative,24.36,2ee01230bc95a8fb1b6aee59820de6f7991e2710650b211d31574baccb5472ad,negative/sad/negative_sad_2746_00031311.mp4,False,
emotion:00031313.mp4,00031313.mp4,eMotions_chunk_129.parquet,datasets/Conna/eMotions/data/eMotions_chunk_129.parquet,bb97b7453720968aa6793bd962a8880a459acadc,Sad,negative,33.8,37bccc15e9b788592d24b63574248eb72d1b9db1fb9a83e98c3b1f90a1c1e345,negative/sad/negative_sad_2747_00031313.mp4,False,
emotion:00031314.mp4,00031314.mp4,eMotions_chunk_129.parquet,datasets/Conna/eMotions/data/eMotions_chunk_129.parquet,bb97b7453720968aa6793bd962a8880a459acadc,Sad,negative,9.791667,e146a318d2010ce1172e1f1126c4c86c2f159e02627a3b36111a7a604b00689e,negative/sad/negative_sad_2748_00031314.mp4,False,
emotion:00031316.mp4,00031316.mp4,eMotions_chunk_129.parquet,datasets/Conna/eMotions/data/eMotions_chunk_129.parquet,bb97b7453720968aa6793bd962a8880a459acadc,Sad,negative,23.707007,0e1af8185f78f6ab21482bf838060ff4d65dd31428258fdb8c5cc22c368a1be6,negative/sad/negative_sad_2749_00031316.mp4,False,
emotion:00031317.mp4,00031317.mp4,eMotions_chunk_129.parquet,datasets/Conna/eMotions/data/eMotions_chunk_129.parquet,bb97b7453720968aa6793bd962a8880a459acadc,Sad,negative,28.537007,fd48bcf0c14f05b8de4ce71787a20c341c5af05763434c6a7375102b82ef53f6,negative/sad/negative_sad_2750_00031317.mp4,False,
emotion:00031319.mp4,00031319.mp4,eMotions_chunk_129.parquet,datasets/Conna/eMotions/data/eMotions_chunk_129.parquet,bb97b7453720968aa6793bd962a8880a459acadc,Sad,negative,18.645011,c3128233e7d90cdd5a039ccabef74ba0354e07b67c49ec8d4ac1380480b8a211,negative/sad/negative_sad_2751_00031319.mp4,False,
emotion:00031320.mp4,00031320.mp4,eMotions_chunk_129.parquet,datasets/Conna/eMotions/data/eMotions_chunk_129.parquet,bb97b7453720968aa6793bd962a8880a459acadc,Sad,negative,58.7,b11d09dc3e1d71e048e68302e54c465537805e5f033811bd17146fc7ae737bf6,negative/sad/negative_sad_2752_00031320.mp4,False,
emotion:00031321.mp4,00031321.mp4,eMotions_chunk_129.parquet,datasets/Conna/eMotions/data/eMotions_chunk_129.parquet,bb97b7453720968aa6793bd962a8880a459acadc,Sad,negative,49.666667,965b1bf9b56f3252fadccd4110bb92d4931098ed6c49d5fe0978186420567acd,negative/sad/negative_sad_2753_00031321.mp4,False,
emotion:00031322.mp4,00031322.mp4,eMotions_chunk_129.parquet,datasets/Conna/eMotions/data/eMotions_chunk_129.parquet,bb97b7453720968aa6793bd962a8880a459acadc,Sad,negative,18.041995,6e414c7ac90ef23d01d0fe9641d55a01a2f03b31e383db84e51a246470dd4c52,negative/sad/negative_sad_2754_00031322.mp4,False,
emotion:00031323.mp4,00031323.mp4,eMotions_chunk_129.parquet,datasets/Conna/eMotions/data/eMotions_chunk_129.parquet,bb97b7453720968aa6793bd962a8880a459acadc,Sad,negative,22.825011,f6957731d33a48f32b72faba17bbae2ef905b59d294a05a12e53f8bfc3bf953b,negative/sad/negative_sad_2755_00031323.mp4,False,
emotion:00031325.mp4,00031325.mp4,eMotions_chunk_129.parquet,datasets/Conna/eMotions/data/eMotions_chunk_129.parquet,bb97b7453720968aa6793bd962a8880a459acadc,Sad,negative,17.7,1c7fa84753259ba0c381a4c0f9566f90f4cf0c652e12ed99d44aedd3fdc78097,negative/sad/negative_sad_2756_00031325.mp4,False,
emotion:00031328.mp4,00031328.mp4,eMotions_chunk_129.parquet,datasets/Conna/eMotions/data/eMotions_chunk_129.parquet,bb97b7453720968aa6793bd962a8880a459acadc,Sad,negative,28.002993,dae05691f3372a440b4533b9c5894cfdaab90f815527545901d96e0cb95b2456,negative/sad/negative_sad_2757_00031328.mp4,False,
emotion:00031330.mp4,00031330.mp4,eMotions_chunk_129.parquet,datasets/Conna/eMotions/data/eMotions_chunk_129.parquet,bb97b7453720968aa6793bd962a8880a459acadc,Sad,negative,50.48,5ff15f53ba94547700144c4a7b159ccd0eb68fbdaa477dc6d4865969a6e55ab1,negative/sad/negative_sad_2758_00031330.mp4,False,
emotion:00031332.mp4,00031332.mp4,eMotions_chunk_129.parquet,datasets/Conna/eMotions/data/eMotions_chunk_129.parquet,bb97b7453720968aa6793bd962a8880a459acadc,Sad,negative,29.7,f15efb5c70b9605564a82eef3cd71f26866b38971e5892e67a491fe9121c2504,negative/sad/negative_sad_2759_00031332.mp4,False,
emotion:00031333.mp4,00031333.mp4,eMotions_chunk_129.parquet,datasets/Conna/eMotions/data/eMotions_chunk_129.parquet,bb97b7453720968aa6793bd962a8880a459acadc,Sad,negative,41.0,cb4db5361bca8e1af036cddb8cb6b57f1a80b441e92a89cb7b72f330fa682492,negative/sad/negative_sad_2760_00031333.mp4,False,
emotion:00031335.mp4,00031335.mp4,eMotions_chunk_129.parquet,datasets/Conna/eMotions/data/eMotions_chunk_129.parquet,bb97b7453720968aa6793bd962a8880a459acadc,Sad,negative,22.128005,575ceef3f89010028db53aff23252469fa0e84c77bb31c678dd3f3c5563bb231,negative/sad/negative_sad_2761_00031335.mp4,False,
emotion:00031336.mp4,00031336.mp4,eMotions_chunk_129.parquet,datasets/Conna/eMotions/data/eMotions_chunk_129.parquet,bb97b7453720968aa6793bd962a8880a459acadc,Sad,negative,8.520998,9fa71a7c10220e847a3c632430b278c107950a0f056f4d9e5f33d513f4832b16,negative/sad/negative_sad_2762_00031336.mp4,False,
emotion:00031337.mp4,00031337.mp4,eMotions_chunk_129.parquet,datasets/Conna/eMotions/data/eMotions_chunk_129.parquet,bb97b7453720968aa6793bd962a8880a459acadc,Sad,negative,22.407007,9ff5fe8b5646b1876e2c0a025568111678eaeb6062c189ed10c58a48b4f80f4f,negative/sad/negative_sad_2763_00031337.mp4,False,
emotion:00031338.mp4,00031338.mp4,eMotions_chunk_129.parquet,datasets/Conna/eMotions/data/eMotions_chunk_129.parquet,bb97b7453720968aa6793bd962a8880a459acadc,Sad,negative,13.2,a8c089cd14f0b5621d1b74a26feefb759ac2f998b8459d0da86263d2e06ab9c5,negative/sad/negative_sad_2764_00031338.mp4,False,
emotion:00031339.mp4,00031339.mp4,eMotions_chunk_129.parquet,datasets/Conna/eMotions/data/eMotions_chunk_129.parquet,bb97b7453720968aa6793bd962a8880a459acadc,Sad,negative,13.908005,6cfa242f428c58ad7d277b535e9789807ac63fa474c57b98bd28daa865197370,negative/sad/negative_sad_2765_00031339.mp4,False,
emotion:00031340.mp4,00031340.mp4,eMotions_chunk_129.parquet,datasets/Conna/eMotions/data/eMotions_chunk_129.parquet,bb97b7453720968aa6793bd962a8880a459acadc,Sad,negative,21.896009,485de78539513b2fb7abdc17301f48bd1db7ba648004c7d999113211fd9b8512,negative/sad/negative_sad_2766_00031340.mp4,False,
emotion:00031341.mp4,00031341.mp4,eMotions_chunk_129.parquet,datasets/Conna/eMotions/data/eMotions_chunk_129.parquet,bb97b7453720968aa6793bd962a8880a459acadc,Sad,negative,11.632993,fd5426cdd0a687556c1177419cb78a51922aa85268e3e4ab93106ac0cdad06f9,negative/sad/negative_sad_2767_00031341.mp4,False,
emotion:00031342.mp4,00031342.mp4,eMotions_chunk_129.parquet,datasets/Conna/eMotions/data/eMotions_chunk_129.parquet,bb97b7453720968aa6793bd962a8880a459acadc,Sad,negative,12.9,780be2b417f58c7268dc90901470ff9c177b5ae5dd45579b8a7b1f3b18b1266f,negative/sad/negative_sad_2768_00031342.mp4,False,
emotion:00031344.mp4,00031344.mp4,eMotions_chunk_129.parquet,datasets/Conna/eMotions/data/eMotions_chunk_129.parquet,bb97b7453720968aa6793bd962a8880a459acadc,Sad,negative,14.907007,a6a620d6497a3fc17f2d4f92348e54b7be0129c1fd20ff12ba528032ce09a6d0,negative/sad/negative_sad_2769_00031344.mp4,False,
emotion:00031346.mp4,00031346.mp4,eMotions_chunk_129.parquet,datasets/Conna/eMotions/data/eMotions_chunk_129.parquet,bb97b7453720968aa6793bd962a8880a459acadc,Sad,negative,29.442993,e38b04bf8b4061f1f1d5ca8295418e5863fb83cb7c872e5a090e0a16ed4751d0,negative/sad/negative_sad_2770_00031346.mp4,False,
emotion:00031347.mp4,00031347.mp4,eMotions_chunk_129.parquet,datasets/Conna/eMotions/data/eMotions_chunk_129.parquet,bb97b7453720968aa6793bd962a8880a459acadc,Sad,negative,16.671995,1505a2afb6a0a99fcdd6533af148bf2d8f4a4be0bab144660dc6a68d9128fbc8,negative/sad/negative_sad_2771_00031347.mp4,False,
emotion:00031348.mp4,00031348.mp4,eMotions_chunk_129.parquet,datasets/Conna/eMotions/data/eMotions_chunk_129.parquet,bb97b7453720968aa6793bd962a8880a459acadc,Sad,negative,18.760998,be0352b243e46e4470aef82b3980a6aa8f9b8a714d4677192ccd2939c900c267,negative/sad/negative_sad_2772_00031348.mp4,False,
emotion:00031349.mp4,00031349.mp4,eMotions_chunk_129.parquet,datasets/Conna/eMotions/data/eMotions_chunk_129.parquet,bb97b7453720968aa6793bd962a8880a459acadc,Sad,negative,30.881995,21bccf6827dbca350b8443475ebf89d055f6575ea0f28196a3d045e84ee7963c,negative/sad/negative_sad_2773_00031349.mp4,False,
emotion:00031350.mp4,00031350.mp4,eMotions_chunk_129.parquet,datasets/Conna/eMotions/data/eMotions_chunk_129.parquet,bb97b7453720968aa6793bd962a8880a459acadc,Sad,negative,29.442993,f6153c597d2e14eb26a204341b55d6212464657dbebdebdc46d5b7fdfa3b5621,negative/sad/negative_sad_2774_00031350.mp4,False,
emotion:00031353.mp4,00031353.mp4,eMotions_chunk_129.parquet,datasets/Conna/eMotions/data/eMotions_chunk_129.parquet,bb97b7453720968aa6793bd962a8880a459acadc,Sad,negative,12.608005,8275df6657973737720b725d9119eb9af4d646cd491280a569f0b397f17fcbfc,negative/sad/negative_sad_2775_00031353.mp4,False,
emotion:00031354.mp4,00031354.mp4,eMotions_chunk_129.parquet,datasets/Conna/eMotions/data/eMotions_chunk_129.parquet,bb97b7453720968aa6793bd962a8880a459acadc,Sad,negative,9.9,455c8759c1be780ddb0a2bdfdf64d58e5c1f201a280d4495c5aebd19ad29075b,negative/sad/negative_sad_2776_00031354.mp4,False,
emotion:00031355.mp4,00031355.mp4,eMotions_chunk_129.parquet,datasets/Conna/eMotions/data/eMotions_chunk_129.parquet,bb97b7453720968aa6793bd962a8880a459acadc,Sad,negative,58.746009,67e5f487b2f867daf24c2d9e2d19e2382e85595c628091f850a963c1c2890902,negative/sad/negative_sad_2777_00031355.mp4,False,
emotion:00031358.mp4,00031358.mp4,eMotions_chunk_129.parquet,datasets/Conna/eMotions/data/eMotions_chunk_129.parquet,bb97b7453720968aa6793bd962a8880a459acadc,Sad,negative,25.401995,f64bd23b18421601f22706ec8d5674afc1cd8c229058aa5e24bc794906f4d6b8,negative/sad/negative_sad_2778_00031358.mp4,False,
emotion:00031360.mp4,00031360.mp4,eMotions_chunk_129.parquet,datasets/Conna/eMotions/data/eMotions_chunk_129.parquet,bb97b7453720968aa6793bd962a8880a459acadc,Sad,negative,17.181995,63ac2becf0886af1e555e6329cc50f948ca67b3c6c8e0e0d67348fb6cb1a30da,negative/sad/negative_sad_2779_00031360.mp4,False,
emotion:00031362.mp4,00031362.mp4,eMotions_chunk_129.parquet,datasets/Conna/eMotions/data/eMotions_chunk_129.parquet,bb97b7453720968aa6793bd962a8880a459acadc,Sad,negative,8.568005,8664fbac205fda5d05770fc7e497efa973c99c1374327348c6f8fcb02d05ee2b,negative/sad/negative_sad_2780_00031362.mp4,False,
emotion:00031363.mp4,00031363.mp4,eMotions_chunk_129.parquet,datasets/Conna/eMotions/data/eMotions_chunk_129.parquet,bb97b7453720968aa6793bd962a8880a459acadc,Sad,negative,17.67,832ec2545b4d6b522cdef7f5736c7b8286204a21823ed9b518abd7d24c088548,negative/sad/negative_sad_2781_00031363.mp4,False,
emotion:00031364.mp4,00031364.mp4,eMotions_chunk_129.parquet,datasets/Conna/eMotions/data/eMotions_chunk_129.parquet,bb97b7453720968aa6793bd962a8880a459acadc,Sad,negative,16.880998,da5481aa1f2b931e1824c90d609d67e24e1c7f058d09f191502841f39e64efc7,negative/sad/negative_sad_2782_00031364.mp4,False,
emotion:00031366.mp4,00031366.mp4,eMotions_chunk_129.parquet,datasets/Conna/eMotions/data/eMotions_chunk_129.parquet,bb97b7453720968aa6793bd962a8880a459acadc,Sad,negative,20.898005,8168d2975931b91240dd8b2f8272972b44fede0dda81e121839712a63b950a32,negative/sad/negative_sad_2783_00031366.mp4,False,
emotion:00031368.mp4,00031368.mp4,eMotions_chunk_129.parquet,datasets/Conna/eMotions/data/eMotions_chunk_129.parquet,bb97b7453720968aa6793bd962a8880a459acadc,Sad,negative,35.572993,5242b93fa67a9a757a0e184deb15bcfd42a696fdfacfcace8bc5e4351ba6eb1a,negative/sad/negative_sad_2784_00031368.mp4,False,
emotion:00031369.mp4,00031369.mp4,eMotions_chunk_129.parquet,datasets/Conna/eMotions/data/eMotions_chunk_129.parquet,bb97b7453720968aa6793bd962a8880a459acadc,Sad,negative,22.709002,89e112e30b6a9e2080960ef949b81b726254c931e4533afee47bcf2458be3e13,negative/sad/negative_sad_2785_00031369.mp4,False,
emotion:00031370.mp4,00031370.mp4,eMotions_chunk_129.parquet,datasets/Conna/eMotions/data/eMotions_chunk_129.parquet,bb97b7453720968aa6793bd962a8880a459acadc,Sad,negative,10.466667,d82ffb3f98d0571647c83fee6de0d596ce4ffdeb65da998b91fe8d8c080f35bd,negative/sad/negative_sad_2786_00031370.mp4,False,
emotion:00031371.mp4,00031371.mp4,eMotions_chunk_129.parquet,datasets/Conna/eMotions/data/eMotions_chunk_129.parquet,bb97b7453720968aa6793bd962a8880a459acadc,Sad,negative,28.766667,ba43c97f5f294f401d831798597243c05d1a2fb6ff15986892b4edadea19bc08,negative/sad/negative_sad_2787_00031371.mp4,False,
emotion:00031373.mp4,00031373.mp4,eMotions_chunk_129.parquet,datasets/Conna/eMotions/data/eMotions_chunk_129.parquet,bb97b7453720968aa6793bd962a8880a459acadc,Sad,negative,16.810998,2ae43cf668cfa510669b44a928e03bc319c36925a0b6ecc13bcc0e94871060da,negative/sad/negative_sad_2788_00031373.mp4,False,
emotion:00031374.mp4,00031374.mp4,eMotions_chunk_129.parquet,datasets/Conna/eMotions/data/eMotions_chunk_129.parquet,bb97b7453720968aa6793bd962a8880a459acadc,Sad,negative,15.672993,8e0ba8819505d7d14c0b9204b3c8c1884f9dbe86b6bfb2818dedcf30f301d936,negative/sad/negative_sad_2789_00031374.mp4,False,
emotion:00031375.mp4,00031375.mp4,eMotions_chunk_129.parquet,datasets/Conna/eMotions/data/eMotions_chunk_129.parquet,bb97b7453720968aa6793bd962a8880a459acadc,Sad,negative,18.715011,49eb34207387c3b7e62b91167c92c73536ba3dfe0f57febbca2c08fb36256b17,negative/sad/negative_sad_2790_00031375.mp4,False,
emotion:00031376.mp4,00031376.mp4,eMotions_chunk_129.parquet,datasets/Conna/eMotions/data/eMotions_chunk_129.parquet,bb97b7453720968aa6793bd962a8880a459acadc,Sad,negative,13.033333,98a45f2e14b73fd04014231c3cf47c8c2493ff190404ac209765669453bdfef0,negative/sad/negative_sad_2791_00031376.mp4,False,
emotion:00031377.mp4,00031377.mp4,eMotions_chunk_129.parquet,datasets/Conna/eMotions/data/eMotions_chunk_129.parquet,bb97b7453720968aa6793bd962a8880a459acadc,Sad,negative,22.066667,188ca609a522dea5135e58a97cc5378ee04aabc949b48bd7aabe408fb23a85ca,negative/sad/negative_sad_2792_00031377.mp4,False,
emotion:00031379.mp4,00031379.mp4,eMotions_chunk_129.parquet,datasets/Conna/eMotions/data/eMotions_chunk_129.parquet,bb97b7453720968aa6793bd962a8880a459acadc,Sad,negative,29.833333,1ddcfef7a15e1c6370f5f73d98e42f986ff3e5345df538466d88a89aa452a66c,negative/sad/negative_sad_2793_00031379.mp4,False,
emotion:00031384.mp4,00031384.mp4,eMotions_chunk_129.parquet,datasets/Conna/eMotions/data/eMotions_chunk_129.parquet,bb97b7453720968aa6793bd962a8880a459acadc,Sad,negative,15.487007,ef0a20fe744716f21161638436b1058995493313dda3e64a5dd4ee7767c807f0,negative/sad/negative_sad_2794_00031384.mp4,False,
emotion:00031386.mp4,00031386.mp4,eMotions_chunk_129.parquet,datasets/Conna/eMotions/data/eMotions_chunk_129.parquet,bb97b7453720968aa6793bd962a8880a459acadc,Sad,negative,18.808005,05988f50cce6a0c2b7fb77274887656dafd236f8fc07ff73837ba704eb2f1388,negative/sad/negative_sad_2795_00031386.mp4,False,
emotion:00031387.mp4,00031387.mp4,eMotions_chunk_129.parquet,datasets/Conna/eMotions/data/eMotions_chunk_129.parquet,bb97b7453720968aa6793bd962a8880a459acadc,Sad,negative,46.531995,e27eb83bbe5de7a73deee36733631d5082ede2d03246b73fd04afa4be2b2a319,negative/sad/negative_sad_2796_00031387.mp4,False,
emotion:00031388.mp4,00031388.mp4,eMotions_chunk_129.parquet,datasets/Conna/eMotions/data/eMotions_chunk_129.parquet,bb97b7453720968aa6793bd962a8880a459acadc,Sad,negative,15.766009,965a3c25d4de888386607e8544b3004d7488036f098a3674207d00a6d440b765,negative/sad/negative_sad_2797_00031388.mp4,False,
emotion:00031389.mp4,00031389.mp4,eMotions_chunk_129.parquet,datasets/Conna/eMotions/data/eMotions_chunk_129.parquet,bb97b7453720968aa6793bd962a8880a459acadc,Sad,negative,19.086009,3153bf86de8e0e7c8f73c5f70d26b4fe63eb1281c1d80dd9d10621805255d5d7,negative/sad/negative_sad_2798_00031389.mp4,False,
emotion:00031391.mp4,00031391.mp4,eMotions_chunk_129.parquet,datasets/Conna/eMotions/data/eMotions_chunk_129.parquet,bb97b7453720968aa6793bd962a8880a459acadc,Sad,negative,17.692993,470ec952bcb4ceaeeea44e4967d330477ebffcc8581a8fbbd86388601a07b306,negative/sad/negative_sad_2799_00031391.mp4,False,
emotion:00031394.mp4,00031394.mp4,eMotions_chunk_129.parquet,datasets/Conna/eMotions/data/eMotions_chunk_129.parquet,bb97b7453720968aa6793bd962a8880a459acadc,Sad,negative,10.286009,b7832959f45a3a0ad53c817c032c97e003fc80cc821d2020e8d636ae1469326a,negative/sad/negative_sad_2800_00031394.mp4,False,
emotion:00031396.mp4,00031396.mp4,eMotions_chunk_129.parquet,datasets/Conna/eMotions/data/eMotions_chunk_129.parquet,bb97b7453720968aa6793bd962a8880a459acadc,Sad,negative,15.301995,f9684a54fa437be7a3e32e2917d8064e620be7b9ff4584140e061234cb466151,negative/sad/negative_sad_2801_00031396.mp4,False,
emotion:00031398.mp4,00031398.mp4,eMotions_chunk_129.parquet,datasets/Conna/eMotions/data/eMotions_chunk_129.parquet,bb97b7453720968aa6793bd962a8880a459acadc,Sad,negative,16.3,45c0059908aedd7dc6518d2d3e7bba5239e6346a5dac561ce7cad7027d8cdc09,negative/sad/negative_sad_2802_00031398.mp4,False,
emotion:00031399.mp4,00031399.mp4,eMotions_chunk_129.parquet,datasets/Conna/eMotions/data/eMotions_chunk_129.parquet,bb97b7453720968aa6793bd962a8880a459acadc,Sad,negative,24.821995,d38877260ca6df537d2101be3236074eb7031b229351f508d24671d01a3d5fa8,negative/sad/negative_sad_2803_00031399.mp4,False,
emotion:00031402.mp4,00031402.mp4,eMotions_chunk_129.parquet,datasets/Conna/eMotions/data/eMotions_chunk_129.parquet,bb97b7453720968aa6793bd962a8880a459acadc,Sad,negative,8.335964,d9104219641a2763446b602a0734f6b711a6d81aed7d874bcd1b58ef924caea1,negative/sad/negative_sad_2804_00031402.mp4,False,
emotion:00031407.mp4,00031407.mp4,eMotions_chunk_129.parquet,datasets/Conna/eMotions/data/eMotions_chunk_129.parquet,bb97b7453720968aa6793bd962a8880a459acadc,Sad,negative,8.242993,ea21c32ae5af54bd6b5e8c63c61a3f02a8912d93c8536044afa8872a31fce9ed,negative/sad/negative_sad_2805_00031407.mp4,False,
emotion:00031408.mp4,00031408.mp4,eMotions_chunk_129.parquet,datasets/Conna/eMotions/data/eMotions_chunk_129.parquet,bb97b7453720968aa6793bd962a8880a459acadc,Sad,negative,19.086009,7ed89ff61cf703ff3167a0e08c5717eca930598b41ffa07954d19c97f1e9d037,negative/sad/negative_sad_2806_00031408.mp4,False,
emotion:00031409.mp4,00031409.mp4,eMotions_chunk_129.parquet,datasets/Conna/eMotions/data/eMotions_chunk_129.parquet,bb97b7453720968aa6793bd962a8880a459acadc,Sad,negative,16.601995,671cc7bf244e4a1f2f0aba267172c84c5e31d27e61123905eeb813e3dd17cda6,negative/sad/negative_sad_2807_00031409.mp4,False,
emotion:00031410.mp4,00031410.mp4,eMotions_chunk_129.parquet,datasets/Conna/eMotions/data/eMotions_chunk_129.parquet,bb97b7453720968aa6793bd962a8880a459acadc,Sad,negative,9.938005,986f6fa03f84eb92b018019ac6a9b49b59fa7b7a021c779a21c41fad11287999,negative/sad/negative_sad_2808_00031410.mp4,False,
emotion:00031411.mp4,00031411.mp4,eMotions_chunk_129.parquet,datasets/Conna/eMotions/data/eMotions_chunk_129.parquet,bb97b7453720968aa6793bd962a8880a459acadc,Sad,negative,13.258005,ccce0e6a89c630eb90e2de2e49074eb4c3217d6a22e14013ee91d1d90e3f9d76,negative/sad/negative_sad_2809_00031411.mp4,False,
emotion:00031412.mp4,00031412.mp4,eMotions_chunk_129.parquet,datasets/Conna/eMotions/data/eMotions_chunk_129.parquet,bb97b7453720968aa6793bd962a8880a459acadc,Sad,negative,9.055011,baa80bf7124470cbed9b756063c9ce2fa6d1bdd3950c132f43ca3a6f02994ff5,negative/sad/negative_sad_2810_00031412.mp4,False,
emotion:00031416.mp4,00031416.mp4,eMotions_chunk_129.parquet,datasets/Conna/eMotions/data/eMotions_chunk_129.parquet,bb97b7453720968aa6793bd962a8880a459acadc,Sad,negative,29.326009,de249f46b43c6f4a611f7886188bed4c26f4f9a13092fc89f95d20fed92bb972,negative/sad/negative_sad_2811_00031416.mp4,False,
emotion:00031417.mp4,00031417.mp4,eMotions_chunk_129.parquet,datasets/Conna/eMotions/data/eMotions_chunk_129.parquet,bb97b7453720968aa6793bd962a8880a459acadc,Sad,negative,10.401995,a82b1eddd75a088e89b91348403a949911aca131dbfa5717e1ec149808a8aa06,negative/sad/negative_sad_2812_00031417.mp4,False,
emotion:00031418.mp4,00031418.mp4,eMotions_chunk_129.parquet,datasets/Conna/eMotions/data/eMotions_chunk_129.parquet,bb97b7453720968aa6793bd962a8880a459acadc,Sad,negative,21.082993,f6f29526436e23a538a491c95e25a2c7cc28147135622a6ef2b0f4dfed07c591,negative/sad/negative_sad_2813_00031418.mp4,False,
emotion:00031419.mp4,00031419.mp4,eMotions_chunk_129.parquet,datasets/Conna/eMotions/data/eMotions_chunk_129.parquet,bb97b7453720968aa6793bd962a8880a459acadc,Sad,negative,14.257007,0941d20adeabb11ccb037de124e511bfc1160e8df441a796420ef7150cba4033,negative/sad/negative_sad_2814_00031419.mp4,False,
emotion:00031426.mp4,00031426.mp4,eMotions_chunk_129.parquet,datasets/Conna/eMotions/data/eMotions_chunk_129.parquet,bb97b7453720968aa6793bd962a8880a459acadc,Sad,negative,14.605011,69b77fecf6f80aebaeaf556ab3ac08149dd440e9d368cc92cbb6b894b430f6a5,negative/sad/negative_sad_2815_00031426.mp4,False,
emotion:00031430.mp4,00031430.mp4,eMotions_chunk_129.parquet,datasets/Conna/eMotions/data/eMotions_chunk_129.parquet,bb97b7453720968aa6793bd962a8880a459acadc,Sad,negative,20.015011,b9eb4e422a88b4f6463caa8a33e9ae07c32a49146a26973688c3b0cde771bf85,negative/sad/negative_sad_2816_00031430.mp4,False,
emotion:00031431.mp4,00031431.mp4,eMotions_chunk_129.parquet,datasets/Conna/eMotions/data/eMotions_chunk_129.parquet,bb97b7453720968aa6793bd962a8880a459acadc,Sad,negative,18.482993,e47a5fab89d998e8380e6ee541280a6336100cb87a3e716d7df9a71481d492c2,negative/sad/negative_sad_2817_00031431.mp4,False,
emotion:00031433.mp4,00031433.mp4,eMotions_chunk_129.parquet,datasets/Conna/eMotions/data/eMotions_chunk_129.parquet,bb97b7453720968aa6793bd962a8880a459acadc,Sad,negative,11.285011,8edeed93e10bc67145256bc1d05ec2bea9d47cfa2c7e4551ec0616ad013ac5e6,negative/sad/negative_sad_2818_00031433.mp4,False,
emotion:00031436.mp4,00031436.mp4,eMotions_chunk_129.parquet,datasets/Conna/eMotions/data/eMotions_chunk_129.parquet,bb97b7453720968aa6793bd962a8880a459acadc,Sad,negative,8.8,42e6c9186f9ec2e4012804c6ee44fee1f275fa69d30991a42b621c1309180b00,negative/sad/negative_sad_2819_00031436.mp4,False,
emotion:00031438.mp4,00031438.mp4,eMotions_chunk_129.parquet,datasets/Conna/eMotions/data/eMotions_chunk_129.parquet,bb97b7453720968aa6793bd962a8880a459acadc,Sad,negative,14.048005,7be2e0a07698571e0a13e2873fc70d8833dbb449cfeb3999b4a428299a18cdc2,negative/sad/negative_sad_2820_00031438.mp4,False,
emotion:00031442.mp4,00031442.mp4,eMotions_chunk_129.parquet,datasets/Conna/eMotions/data/eMotions_chunk_129.parquet,bb97b7453720968aa6793bd962a8880a459acadc,Sad,negative,13.328005,2ebc1390bac36fbe0d142846e2ef0ad06ab038422c321bd43dd39f931343b747,negative/sad/negative_sad_2821_00031442.mp4,False,
emotion:00031443.mp4,00031443.mp4,eMotions_chunk_129.parquet,datasets/Conna/eMotions/data/eMotions_chunk_129.parquet,bb97b7453720968aa6793bd962a8880a459acadc,Sad,negative,8.428005,a6eba10660762a43efc3f36d2b761ff8744d020982ea3f2b1051fedf4a1ddc9b,negative/sad/negative_sad_2822_00031443.mp4,False,
emotion:00031445.mp4,00031445.mp4,eMotions_chunk_129.parquet,datasets/Conna/eMotions/data/eMotions_chunk_129.parquet,bb97b7453720968aa6793bd962a8880a459acadc,Sad,negative,20.34,d304cb2ff9e60d3db69026502d0bce37ecd98ea7f5aa75e0abcea7fe2a6204fa,negative/sad/negative_sad_2823_00031445.mp4,False,
emotion:00031446.mp4,00031446.mp4,eMotions_chunk_129.parquet,datasets/Conna/eMotions/data/eMotions_chunk_129.parquet,bb97b7453720968aa6793bd962a8880a459acadc,Sad,negative,11.910998,24eb8789475106f1835b2ff7ada231d8d4d495707a556260d4bcf5e7e0f271c5,negative/sad/negative_sad_2824_00031446.mp4,False,
emotion:00031449.mp4,00031449.mp4,eMotions_chunk_129.parquet,datasets/Conna/eMotions/data/eMotions_chunk_129.parquet,bb97b7453720968aa6793bd962a8880a459acadc,Sad,negative,9.938005,1a50344885b71b09bdc61dec0d54fe851408f6f40d730d785183856ecac52ced,negative/sad/negative_sad_2825_00031449.mp4,False,
emotion:00031451.mp4,00031451.mp4,eMotions_chunk_129.parquet,datasets/Conna/eMotions/data/eMotions_chunk_129.parquet,bb97b7453720968aa6793bd962a8880a459acadc,Sad,negative,8.683991,73ca149d45b1dad88b584d739d6e8449ed4e7ec2b01dd3b03e686a79592259b4,negative/sad/negative_sad_2826_00031451.mp4,False,
emotion:00031459.mp4,00031459.mp4,eMotions_chunk_129.parquet,datasets/Conna/eMotions/data/eMotions_chunk_129.parquet,bb97b7453720968aa6793bd962a8880a459acadc,Sad,negative,36.06,0d534eb0e9e6be453fd32f7c723a886984eb9dbaaa994d722e922cb9e8291500,negative/sad/negative_sad_2827_00031459.mp4,False,
emotion:00031460.mp4,00031460.mp4,eMotions_chunk_129.parquet,datasets/Conna/eMotions/data/eMotions_chunk_129.parquet,bb97b7453720968aa6793bd962a8880a459acadc,Sad,negative,9.240998,897bf1eb05cf13996baa52167cf51d8d9472d3d1823c1b840e5ee44de81fad54,negative/sad/negative_sad_2828_00031460.mp4,False,
emotion:00031462.mp4,00031462.mp4,eMotions_chunk_129.parquet,datasets/Conna/eMotions/data/eMotions_chunk_129.parquet,bb97b7453720968aa6793bd962a8880a459acadc,Sad,negative,17.206009,ea0161bb07dd6a837cfdb7303eceb3d76a7389d1657bb8443a525509c9c0dece,negative/sad/negative_sad_2829_00031462.mp4,False,
emotion:00031463.mp4,00031463.mp4,eMotions_chunk_129.parquet,datasets/Conna/eMotions/data/eMotions_chunk_129.parquet,bb97b7453720968aa6793bd962a8880a459acadc,Sad,negative,16.044989,bf5b49e32e3f951241cfdf41a147611fe44078dd02ff828e05e7c5eb2a155f7e,negative/sad/negative_sad_2830_00031463.mp4,False,
emotion:00031464.mp4,00031464.mp4,eMotions_chunk_129.parquet,datasets/Conna/eMotions/data/eMotions_chunk_129.parquet,bb97b7453720968aa6793bd962a8880a459acadc,Sad,negative,12.421995,283cb4feb01d14915a7c36d3ad0000abbe934dc032aa6b875b6a34e49113efea,negative/sad/negative_sad_2831_00031464.mp4,False,
emotion:00031467.mp4,00031467.mp4,eMotions_chunk_129.parquet,datasets/Conna/eMotions/data/eMotions_chunk_129.parquet,bb97b7453720968aa6793bd962a8880a459acadc,Sad,negative,9.845011,931f33dc83f3fd4740730f471b53befa1e223f26a873f353e43f2ee48719cfc7,negative/sad/negative_sad_2832_00031467.mp4,False,
emotion:00031476.mp4,00031476.mp4,eMotions_chunk_129.parquet,datasets/Conna/eMotions/data/eMotions_chunk_129.parquet,bb97b7453720968aa6793bd962a8880a459acadc,Sad,negative,21.896009,4cab9d5f3d2177fc199a9507fecb93696de20b56e2bd5705004386318dc15d9b,negative/sad/negative_sad_2833_00031476.mp4,False,
emotion:00031477.mp4,00031477.mp4,eMotions_chunk_129.parquet,datasets/Conna/eMotions/data/eMotions_chunk_129.parquet,bb97b7453720968aa6793bd962a8880a459acadc,Sad,negative,18.412993,d806f9396f34edf99c754d404257f553e6b1236cbe55cd4fafb8e94297a9d152,negative/sad/negative_sad_2834_00031477.mp4,False,
emotion:00031478.mp4,00031478.mp4,eMotions_chunk_129.parquet,datasets/Conna/eMotions/data/eMotions_chunk_129.parquet,bb97b7453720968aa6793bd962a8880a459acadc,Sad,negative,22.452993,bb3d97c292b84c5eb953d80e821cbd23507b7eb1442ac3872a1908db65cd8a23,negative/sad/negative_sad_2835_00031478.mp4,False,
emotion:00031479.mp4,00031479.mp4,eMotions_chunk_129.parquet,datasets/Conna/eMotions/data/eMotions_chunk_129.parquet,bb97b7453720968aa6793bd962a8880a459acadc,Sad,negative,15.325011,5ad00e19794621c4cd0037972d0405366fbac0d4d41b9735bd5a8b87a811d736,negative/sad/negative_sad_2836_00031479.mp4,False,
emotion:00031480.mp4,00031480.mp4,eMotions_chunk_129.parquet,datasets/Conna/eMotions/data/eMotions_chunk_129.parquet,bb97b7453720968aa6793bd962a8880a459acadc,Sad,negative,19.365011,9cc353e32b5396af35820fab729bc8823713481ac6d65d11a085a323b16d4c94,negative/sad/negative_sad_2837_00031480.mp4,False,
emotion:00031484.mp4,00031484.mp4,eMotions_chunk_129.parquet,datasets/Conna/eMotions/data/eMotions_chunk_129.parquet,bb97b7453720968aa6793bd962a8880a459acadc,Sad,negative,16.322993,07389f3ff0f47f1a6e9478dfe5e210f99fb0dfdab194c4a0a331ea00c6514a43,negative/sad/negative_sad_2838_00031484.mp4,False,
emotion:00031485.mp4,00031485.mp4,eMotions_chunk_129.parquet,datasets/Conna/eMotions/data/eMotions_chunk_129.parquet,bb97b7453720968aa6793bd962a8880a459acadc,Sad,negative,12.608005,fd7a52f1213e7bce888e9f1d3d05e45eb464436a8d8da2338bbd32e4cfb71902,negative/sad/negative_sad_2839_00031485.mp4,False,
emotion:00031486.mp4,00031486.mp4,eMotions_chunk_129.parquet,datasets/Conna/eMotions/data/eMotions_chunk_129.parquet,bb97b7453720968aa6793bd962a8880a459acadc,Sad,negative,38.381995,71829d08c63946ef8b693fc8985d52960c2aa216589e2ca04082a689e6168e0a,negative/sad/negative_sad_2840_00031486.mp4,False,
emotion:00031487.mp4,00031487.mp4,eMotions_chunk_129.parquet,datasets/Conna/eMotions/data/eMotions_chunk_129.parquet,bb97b7453720968aa6793bd962a8880a459acadc,Sad,negative,8.613991,b39462df6b67dc00f1954b235de9ea789ae936df16c07b997c1f9c1d9aa4ebc2,negative/sad/negative_sad_2841_00031487.mp4,False,
emotion:00031488.mp4,00031488.mp4,eMotions_chunk_129.parquet,datasets/Conna/eMotions/data/eMotions_chunk_129.parquet,bb97b7453720968aa6793bd962a8880a459acadc,Sad,negative,17.181995,4f42633854237ac8f24d92c81c993783167ea38f939ce041158fbe52e19f1000,negative/sad/negative_sad_2842_00031488.mp4,False,
emotion:00031489.mp4,00031489.mp4,eMotions_chunk_129.parquet,datasets/Conna/eMotions/data/eMotions_chunk_129.parquet,bb97b7453720968aa6793bd962a8880a459acadc,Sad,negative,20.48,1321e7f52f31aa0cc11251dbcb17d4f68971a0079050a9febc47cb200d052b3a,negative/sad/negative_sad_2843_00031489.mp4,False,
emotion:00031491.mp4,00031491.mp4,eMotions_chunk_129.parquet,datasets/Conna/eMotions/data/eMotions_chunk_129.parquet,bb97b7453720968aa6793bd962a8880a459acadc,Sad,negative,11.888005,9d6287ac526a190ff36cdfb58115d321e8bb5eaba1fa0f837ef3a8efced2cf9b,negative/sad/negative_sad_2844_00031491.mp4,False,
emotion:00031492.mp4,00031492.mp4,eMotions_chunk_129.parquet,datasets/Conna/eMotions/data/eMotions_chunk_129.parquet,bb97b7453720968aa6793bd962a8880a459acadc,Sad,negative,10.286009,d97d1cb2c0cf5dbcee2e80f4fa273aaeab5ba9dfee3905d34835f3a5d9de153e,negative/sad/negative_sad_2845_00031492.mp4,False,
emotion:00031493.mp4,00031493.mp4,eMotions_chunk_129.parquet,datasets/Conna/eMotions/data/eMotions_chunk_129.parquet,bb97b7453720968aa6793bd962a8880a459acadc,Sad,negative,11.099002,a4c8224e06fe28a4f1c7484026524774e26291c691b8b01df151bdeaaeadd9c8,negative/sad/negative_sad_2846_00031493.mp4,False,
emotion:00031495.mp4,00031495.mp4,eMotions_chunk_129.parquet,datasets/Conna/eMotions/data/eMotions_chunk_129.parquet,bb97b7453720968aa6793bd962a8880a459acadc,Sad,negative,8.777007,c96ad2554ed6ea0f04733cfe66ab657695e3d32b9e40f3e8390b371e97290890,negative/sad/negative_sad_2847_00031495.mp4,False,
emotion:00031498.mp4,00031498.mp4,eMotions_chunk_129.parquet,datasets/Conna/eMotions/data/eMotions_chunk_129.parquet,bb97b7453720968aa6793bd962a8880a459acadc,Sad,negative,25.217007,bc896ef7873048546ca3543f8d92e4799be83888ccac2f0efd15c3c715e6f66b,negative/sad/negative_sad_2848_00031498.mp4,False,
emotion:00031500.mp4,00031500.mp4,eMotions_chunk_129.parquet,datasets/Conna/eMotions/data/eMotions_chunk_129.parquet,bb97b7453720968aa6793bd962a8880a459acadc,Sad,negative,9.218005,9900eececc75470e0f8b61512d4af4864d492a86d9509182d74be7b1f56b4efd,negative/sad/negative_sad_2849_00031500.mp4,False,
emotion:00032553.mp4,00032553.mp4,eMotions_chunk_129.parquet,datasets/Conna/eMotions/data/eMotions_chunk_129.parquet,bb97b7453720968aa6793bd962a8880a459acadc,Sad,negative,9.681995,6866e1860013cf6cabdc5842d8be3bba31a18ad37099369e1d71c074b258e175,negative/sad/negative_sad_2850_00032553.mp4,False,
emotion:00049001.mp4,00049001.mp4,eMotions_chunk_129.parquet,datasets/Conna/eMotions/data/eMotions_chunk_129.parquet,bb97b7453720968aa6793bd962a8880a459acadc,Sad,negative,18.573991,4282ea6059cd980a2176894c3a2d23e209b0e9bf37d916fb538c6289504b4589,negative/sad/negative_sad_2851_00049001.mp4,False,
emotion:00049005.mp4,00049005.mp4,eMotions_chunk_129.parquet,datasets/Conna/eMotions/data/eMotions_chunk_129.parquet,bb97b7453720968aa6793bd962a8880a459acadc,Sad,negative,7.8,14150a1bd41fd3e20c038c3dc6962cd5d7a721e04e519deb5cb267fbe83c09c8,negative/sad/negative_sad_2852_00049005.mp4,False,
emotion:00065015.mp4,00065015.mp4,eMotions_chunk_129.parquet,datasets/Conna/eMotions/data/eMotions_chunk_129.parquet,bb97b7453720968aa6793bd962a8880a459acadc,Sad,negative,5.850998,af23d43992b769563e74e6e56c833293a718e319e860d29ea4bcd86797669dc3,negative/sad/negative_sad_2853_00065015.mp4,False,
emotion:00001584.mp4,00001584.mp4,eMotions_chunk_130.parquet,datasets/Conna/eMotions/data/eMotions_chunk_130.parquet,bb97b7453720968aa6793bd962a8880a459acadc,Tension,negative,60.0,39f28b4fb04bfbc7919b2baeb13531649933cdcf90857b43ef830e026651a146,negative/tension/negative_tension_2854_00001584.mp4,False,
emotion:00001601.mp4,00001601.mp4,eMotions_chunk_130.parquet,datasets/Conna/eMotions/data/eMotions_chunk_130.parquet,bb97b7453720968aa6793bd962a8880a459acadc,Tension,negative,54.567007,f3d2764154c9f605b4445906e57ffc73e16215307f2343dbe8614effffb16b92,negative/tension/negative_tension_2855_00001601.mp4,False,
emotion:00001610.mp4,00001610.mp4,eMotions_chunk_130.parquet,datasets/Conna/eMotions/data/eMotions_chunk_130.parquet,bb97b7453720968aa6793bd962a8880a459acadc,Tension,negative,27.583333,b68eda871d4304d78384cfa8d7afa91d0aeb9c40e6b1bff5124567d4126071c1,negative/tension/negative_tension_2856_00001610.mp4,False,
emotion:00001628.mp4,00001628.mp4,eMotions_chunk_130.parquet,datasets/Conna/eMotions/data/eMotions_chunk_130.parquet,bb97b7453720968aa6793bd962a8880a459acadc,Tension,negative,20.178005,258d8b0edc729f8976abc0f9f21c20a56d2758ac3d15ea962eb780acf89b6031,negative/tension/negative_tension_2857_00001628.mp4,False,
emotion:00001655.mp4,00001655.mp4,eMotions_chunk_130.parquet,datasets/Conna/eMotions/data/eMotions_chunk_130.parquet,bb97b7453720968aa6793bd962a8880a459acadc,Tension,negative,13.839002,aa3f8da674521190806966c1cffeb911917b33a40f3fdb6980b54f3b19c238e5,negative/tension/negative_tension_2858_00001655.mp4,False,
emotion:00001686.mp4,00001686.mp4,eMotions_chunk_130.parquet,datasets/Conna/eMotions/data/eMotions_chunk_130.parquet,bb97b7453720968aa6793bd962a8880a459acadc,Tension,negative,46.183991,676a9bb04277b1ce702bcfd3258f00b33083dc99ba31b1d353e7a9f2f170b853,negative/tension/negative_tension_2859_00001686.mp4,False,
emotion:00001719.mp4,00001719.mp4,eMotions_chunk_130.parquet,datasets/Conna/eMotions/data/eMotions_chunk_130.parquet,bb97b7453720968aa6793bd962a8880a459acadc,Tension,negative,50.517007,2e0d8b623458b10ab32f4e935da631425880518d7bfb063f072b8433b2c054df,negative/tension/negative_tension_2860_00001719.mp4,False,
emotion:00001898.mp4,00001898.mp4,eMotions_chunk_130.parquet,datasets/Conna/eMotions/data/eMotions_chunk_130.parquet,bb97b7453720968aa6793bd962a8880a459acadc,Tension,negative,8.14,13ddaf564702f55be5bb80deb8a514c689cd6f74f62a84b2ad931fe4c4f66ef2,negative/tension/negative_tension_2861_00001898.mp4,False,
emotion:00001935.mp4,00001935.mp4,eMotions_chunk_130.parquet,datasets/Conna/eMotions/data/eMotions_chunk_130.parquet,bb97b7453720968aa6793bd962a8880a459acadc,Tension,negative,19.566667,a104ba4a6603b48a711e0cac0a26c721361d5ea069b4c9973a0912e4138cd500,negative/tension/negative_tension_2862_00001935.mp4,False,
emotion:00001951.mp4,00001951.mp4,eMotions_chunk_130.parquet,datasets/Conna/eMotions/data/eMotions_chunk_130.parquet,bb97b7453720968aa6793bd962a8880a459acadc,Tension,negative,55.100998,6d939b10dbca6a71ed28c8a7cb0bf86a3ce026e520b21c55ff3918de7823462a,negative/tension/negative_tension_2863_00001951.mp4,False,
emotion:00001955.mp4,00001955.mp4,eMotions_chunk_130.parquet,datasets/Conna/eMotions/data/eMotions_chunk_130.parquet,bb97b7453720968aa6793bd962a8880a459acadc,Tension,negative,7.966667,11c0d07ab1da498138798cb5fbb81c01a89716f7ce1408012e4926f74afb9f56,negative/tension/negative_tension_2864_00001955.mp4,False,
emotion:00001994.mp4,00001994.mp4,eMotions_chunk_130.parquet,datasets/Conna/eMotions/data/eMotions_chunk_130.parquet,bb97b7453720968aa6793bd962a8880a459acadc,Tension,negative,6.152993,53ccc8520499ba215cc41f9e50d00e0a52e561499fafbeedd18a237e38a1ff7f,negative/tension/negative_tension_2865_00001994.mp4,False,
emotion:00002083.mp4,00002083.mp4,eMotions_chunk_130.parquet,datasets/Conna/eMotions/data/eMotions_chunk_130.parquet,bb97b7453720968aa6793bd962a8880a459acadc,Tension,negative,14.5,13503a2b86c59dec1b4e111e5ee80b9b38833130fbcce88da690cf4a785e6b8f,negative/tension/negative_tension_2866_00002083.mp4,False,
emotion:00002265.mp4,00002265.mp4,eMotions_chunk_130.parquet,datasets/Conna/eMotions/data/eMotions_chunk_130.parquet,bb97b7453720968aa6793bd962a8880a459acadc,Tension,negative,6.897102,e6a5a8f599a6dabc28d4afa7cf196076fc88d1ad5c0cd3d8f1760ac2b5085a5c,negative/tension/negative_tension_2867_00002265.mp4,False,
emotion:00002289.mp4,00002289.mp4,eMotions_chunk_130.parquet,datasets/Conna/eMotions/data/eMotions_chunk_130.parquet,bb97b7453720968aa6793bd962a8880a459acadc,Tension,negative,12.887007,c416f4fe0557d47f95e1b6d0f8c0d6b56d2d238297220e26c930cbca809bbfbb,negative/tension/negative_tension_2868_00002289.mp4,False,
emotion:00002299.mp4,00002299.mp4,eMotions_chunk_130.parquet,datasets/Conna/eMotions/data/eMotions_chunk_130.parquet,bb97b7453720968aa6793bd962a8880a459acadc,Tension,negative,22.733333,1553cb6c398a169b52b07bfdd0ba189db1409c4d643e7c5e261244bdb6c81ab2,negative/tension/negative_tension_2869_00002299.mp4,False,
emotion:00002630.mp4,00002630.mp4,eMotions_chunk_130.parquet,datasets/Conna/eMotions/data/eMotions_chunk_130.parquet,bb97b7453720968aa6793bd962a8880a459acadc,Tension,negative,14.1,b7125b472f90cbeffc0239868823d0c446ad4b814e383a38db5eeb9dc8e07afd,negative/tension/negative_tension_2870_00002630.mp4,False,
emotion:00003071.mp4,00003071.mp4,eMotions_chunk_130.parquet,datasets/Conna/eMotions/data/eMotions_chunk_130.parquet,bb97b7453720968aa6793bd962a8880a459acadc,Tension,negative,7.777007,3db41ef545f44195dea947a3acaeaa2157c495961fd902e6f2c182642e52f949,negative/tension/negative_tension_2871_00003071.mp4,False,
emotion:00003073.mp4,00003073.mp4,eMotions_chunk_130.parquet,datasets/Conna/eMotions/data/eMotions_chunk_130.parquet,bb97b7453720968aa6793bd962a8880a459acadc,Tension,negative,11.213991,2dcc9bdad9ed213d70a735e4131bc161bfb496a6ad587b1a0ee96ca0ca7deedf,negative/tension/negative_tension_2872_00003073.mp4,False,
emotion:00003084.mp4,00003084.mp4,eMotions_chunk_130.parquet,datasets/Conna/eMotions/data/eMotions_chunk_130.parquet,bb97b7453720968aa6793bd962a8880a459acadc,Tension,negative,12.839002,15eb724b2067da113a5d0df40c2e510bcd996b83f62e34384dd9ecb81822c16f,negative/tension/negative_tension_2873_00003084.mp4,False,
emotion:00003096.mp4,00003096.mp4,eMotions_chunk_130.parquet,datasets/Conna/eMotions/data/eMotions_chunk_130.parquet,bb97b7453720968aa6793bd962a8880a459acadc,Tension,negative,8.149002,0b663071ee8bf83af814ee2f02cd5e4f9afb71ef3e951c7d4ef249f651428110,negative/tension/negative_tension_2874_00003096.mp4,False,
emotion:00003104.mp4,00003104.mp4,eMotions_chunk_130.parquet,datasets/Conna/eMotions/data/eMotions_chunk_130.parquet,bb97b7453720968aa6793bd962a8880a459acadc,Tension,negative,15.133333,a714752c5ddf7f3b6267802c0968f10c73b382f8beece1d3a49723d40356517b,negative/tension/negative_tension_2875_00003104.mp4,False,
emotion:00003105.mp4,00003105.mp4,eMotions_chunk_130.parquet,datasets/Conna/eMotions/data/eMotions_chunk_130.parquet,bb97b7453720968aa6793bd962a8880a459acadc,Tension,negative,15.933333,f2f2ac04e6b94d02e20f9735f8fbfda137d49d668c551b50916dcf760025392b,negative/tension/negative_tension_2876_00003105.mp4,False,
emotion:00003110.mp4,00003110.mp4,eMotions_chunk_130.parquet,datasets/Conna/eMotions/data/eMotions_chunk_130.parquet,bb97b7453720968aa6793bd962a8880a459acadc,Tension,negative,12.678005,8d6fd65ba2c7e1e0a0b81a8c9322d6eab4397e7c912a8fe4cecb48e26daa80a6,negative/tension/negative_tension_2877_00003110.mp4,False,
emotion:00003125.mp4,00003125.mp4,eMotions_chunk_130.parquet,datasets/Conna/eMotions/data/eMotions_chunk_130.parquet,bb97b7453720968aa6793bd962a8880a459acadc,Tension,negative,56.146009,1d00d4c47dfaaabc9b2bf0d43dd4737bbe9e13c43f40eb0e93c3478d56eada8a,negative/tension/negative_tension_2878_00003125.mp4,False,
emotion:00003169.mp4,00003169.mp4,eMotions_chunk_130.parquet,datasets/Conna/eMotions/data/eMotions_chunk_130.parquet,bb97b7453720968aa6793bd962a8880a459acadc,Tension,negative,14.187007,038c784a6f5b60eea08f58ec2fe9b9825214eaaa46002f75dc89430116e20a60,negative/tension/negative_tension_2879_00003169.mp4,False,
emotion:00003188.mp4,00003188.mp4,eMotions_chunk_130.parquet,datasets/Conna/eMotions/data/eMotions_chunk_130.parquet,bb97b7453720968aa6793bd962a8880a459acadc,Tension,negative,44.581995,73670278f5503095c475d9ee07df92487c107a3085a146af34e826fd86a90507,negative/tension/negative_tension_2880_00003188.mp4,False,
emotion:00003190.mp4,00003190.mp4,eMotions_chunk_130.parquet,datasets/Conna/eMotions/data/eMotions_chunk_130.parquet,bb97b7453720968aa6793bd962a8880a459acadc,Tension,negative,24.96,102044afc3a433adcca0f3b39048d073db35f92c2f1cdc4435860b2b23ddbc17,negative/tension/negative_tension_2881_00003190.mp4,False,
emotion:00003202.mp4,00003202.mp4,eMotions_chunk_130.parquet,datasets/Conna/eMotions/data/eMotions_chunk_130.parquet,bb97b7453720968aa6793bd962a8880a459acadc,Tension,negative,6.220998,ada691d2f22e238e60d478d2e1e99c0c9cfed24aabc06003889cf15b8faec4e7,negative/tension/negative_tension_2882_00003202.mp4,False,
emotion:00003220.mp4,00003220.mp4,eMotions_chunk_130.parquet,datasets/Conna/eMotions/data/eMotions_chunk_130.parquet,bb97b7453720968aa6793bd962a8880a459acadc,Tension,negative,7.733333,1f24052bd9175d075b069dd83fb817aed2e53e6aa3828577f6041875e1008eb8,negative/tension/negative_tension_2883_00003220.mp4,False,
emotion:00003223.mp4,00003223.mp4,eMotions_chunk_130.parquet,datasets/Conna/eMotions/data/eMotions_chunk_130.parquet,bb97b7453720968aa6793bd962a8880a459acadc,Tension,negative,16.717007,a1e7bec29316f3306f1cee25f7d1adb4cbd7db583383b401d6126677f89f73de,negative/tension/negative_tension_2884_00003223.mp4,False,
emotion:00003230.mp4,00003230.mp4,eMotions_chunk_130.parquet,datasets/Conna/eMotions/data/eMotions_chunk_130.parquet,bb97b7453720968aa6793bd962a8880a459acadc,Tension,negative,7.5,ab553443a3bef02995d10e91548a7d6e37fe6c6723fe5e9059a38592ba7da19a,negative/tension/negative_tension_2885_00003230.mp4,False,
emotion:00003246.mp4,00003246.mp4,eMotions_chunk_130.parquet,datasets/Conna/eMotions/data/eMotions_chunk_130.parquet,bb97b7453720968aa6793bd962a8880a459acadc,Tension,negative,11.446009,3b99f083f761b28307acf3328a7495993add929dab623d226af46bae821b342e,negative/tension/negative_tension_2886_00003246.mp4,False,
emotion:00003250.mp4,00003250.mp4,eMotions_chunk_130.parquet,datasets/Conna/eMotions/data/eMotions_chunk_130.parquet,bb97b7453720968aa6793bd962a8880a459acadc,Tension,negative,16.8,a1bbd6ea4a68873bc9fd1349d152f26f12871d8a5d87ceb28232f7790eb024b2,negative/tension/negative_tension_2887_00003250.mp4,False,
emotion:00003251.mp4,00003251.mp4,eMotions_chunk_130.parquet,datasets/Conna/eMotions/data/eMotions_chunk_130.parquet,bb97b7453720968aa6793bd962a8880a459acadc,Tension,negative,16.207007,daaa3bde56479d11298b8105b280e15b3d1f24aa814f2f174368dbaacbf1b1a5,negative/tension/negative_tension_2888_00003251.mp4,False,
emotion:00003257.mp4,00003257.mp4,eMotions_chunk_130.parquet,datasets/Conna/eMotions/data/eMotions_chunk_130.parquet,bb97b7453720968aa6793bd962a8880a459acadc,Tension,negative,23.94,6d55edd24c2733fe76a95c1a165aee535905399d8cae3998522ea2e4bf438ee8,negative/tension/negative_tension_2889_00003257.mp4,False,
emotion:00003265.mp4,00003265.mp4,eMotions_chunk_130.parquet,datasets/Conna/eMotions/data/eMotions_chunk_130.parquet,bb97b7453720968aa6793bd962a8880a459acadc,Tension,negative,28.566667,af9a37fd58a56e8b92b07ed019df2dd3725e0fc4e8ea4f98beeed944ab7a16db,negative/tension/negative_tension_2890_00003265.mp4,False,
emotion:00003286.mp4,00003286.mp4,eMotions_chunk_130.parquet,datasets/Conna/eMotions/data/eMotions_chunk_130.parquet,bb97b7453720968aa6793bd962a8880a459acadc,Tension,negative,13.537007,53918ba725adad38d71ddf4c00dcc1d53f2fbecb9d10c86c2742ce7f940f32ab,negative/tension/negative_tension_2891_00003286.mp4,False,
emotion:00003315.mp4,00003315.mp4,eMotions_chunk_130.parquet,datasets/Conna/eMotions/data/eMotions_chunk_130.parquet,bb97b7453720968aa6793bd962a8880a459acadc,Tension,negative,12.305011,b312d86ea08cd3520d8972ec15c5e8c49fe3c6bfc2d5659152f925cf12e7dee7,negative/tension/negative_tension_2892_00003315.mp4,False,
emotion:00003364.mp4,00003364.mp4,eMotions_chunk_130.parquet,datasets/Conna/eMotions/data/eMotions_chunk_130.parquet,bb97b7453720968aa6793bd962a8880a459acadc,Tension,negative,26.587007,78cde5191e0bc920c36b1177e9c1621bdcd598fcaa0e6aa646fd7484302f4360,negative/tension/negative_tension_2893_00003364.mp4,False,
emotion:00003370.mp4,00003370.mp4,eMotions_chunk_130.parquet,datasets/Conna/eMotions/data/eMotions_chunk_130.parquet,bb97b7453720968aa6793bd962a8880a459acadc,Tension,negative,16.133333,afec8453a7e6917b02f672fe5acaa575f47e1fa944bf3287b0115637cef8dca1,negative/tension/negative_tension_2894_00003370.mp4,False,
emotion:00003394.mp4,00003394.mp4,eMotions_chunk_130.parquet,datasets/Conna/eMotions/data/eMotions_chunk_130.parquet,bb97b7453720968aa6793bd962a8880a459acadc,Tension,negative,9.17,17d86637f12bfa872ae01ec4f51b580a155ae3622468bfc8cf28186ea44b3bca,negative/tension/negative_tension_2895_00003394.mp4,False,
emotion:00003395.mp4,00003395.mp4,eMotions_chunk_130.parquet,datasets/Conna/eMotions/data/eMotions_chunk_130.parquet,bb97b7453720968aa6793bd962a8880a459acadc,Tension,negative,12.433333,f4f4abc03d135d1372669570b6c6427945b58ce19d9e86717ca5ead272e64526,negative/tension/negative_tension_2896_00003395.mp4,False,
emotion:00003396.mp4,00003396.mp4,eMotions_chunk_130.parquet,datasets/Conna/eMotions/data/eMotions_chunk_130.parquet,bb97b7453720968aa6793bd962a8880a459acadc,Tension,negative,7.477007,5e490cb4967ded0973832185b08c27c1595b91b1d71e5342d14011e9e92d2343,negative/tension/negative_tension_2897_00003396.mp4,False,
emotion:00003416.mp4,00003416.mp4,eMotions_chunk_130.parquet,datasets/Conna/eMotions/data/eMotions_chunk_130.parquet,bb97b7453720968aa6793bd962a8880a459acadc,Tension,negative,12.746009,ca7ad6c30c932bb9033bcfc4656cf4e4fe29bd2742ab303fc5c5a0d0673cccd6,negative/tension/negative_tension_2898_00003416.mp4,False,
emotion:00003455.mp4,00003455.mp4,eMotions_chunk_130.parquet,datasets/Conna/eMotions/data/eMotions_chunk_130.parquet,bb97b7453720968aa6793bd962a8880a459acadc,Tension,negative,22.7,1b5c821652943739f8ef0dde254acfceeee2aa7bc5032c7825165b09efdd269e,negative/tension/negative_tension_2899_00003455.mp4,False,
emotion:00003482.mp4,00003482.mp4,eMotions_chunk_130.parquet,datasets/Conna/eMotions/data/eMotions_chunk_130.parquet,bb97b7453720968aa6793bd962a8880a459acadc,Tension,negative,5.943991,ee52daeda9eff103beecc4f3f1feec2a3fb4b75ac6b0604c4b1463bef62a6d6d,negative/tension/negative_tension_2900_00003482.mp4,False,
emotion:00003491.mp4,00003491.mp4,eMotions_chunk_130.parquet,datasets/Conna/eMotions/data/eMotions_chunk_130.parquet,bb97b7453720968aa6793bd962a8880a459acadc,Tension,negative,9.008005,2211a0c382de579036d2f66fd03f0913c5ea6d2e09343f17ab939f311ca58c61,negative/tension/negative_tension_2901_00003491.mp4,False,
emotion:00003493.mp4,00003493.mp4,eMotions_chunk_130.parquet,datasets/Conna/eMotions/data/eMotions_chunk_130.parquet,bb97b7453720968aa6793bd962a8880a459acadc,Tension,negative,7.833333,5103af0dcfc3a1bc75346b8fb1cf49ce91f082f4b07a6d41bee2ae0ac0711774,negative/tension/negative_tension_2902_00003493.mp4,False,
emotion:00003496.mp4,00003496.mp4,eMotions_chunk_130.parquet,datasets/Conna/eMotions/data/eMotions_chunk_130.parquet,bb97b7453720968aa6793bd962a8880a459acadc,Tension,negative,18.496009,b47d78b1b3e3ef8e4ab664fd27b14b2b572759cbf7eb8c60ae71900e3bad21c7,negative/tension/negative_tension_2903_00003496.mp4,False,
emotion:00003502.mp4,00003502.mp4,eMotions_chunk_130.parquet,datasets/Conna/eMotions/data/eMotions_chunk_130.parquet,bb97b7453720968aa6793bd962a8880a459acadc,Tension,negative,17.437007,88475266ed609e2ac325e8aa035aa6000c6c59c192bf0d1c72bb38c19c81ba5c,negative/tension/negative_tension_2904_00003502.mp4,False,
emotion:00003508.mp4,00003508.mp4,eMotions_chunk_130.parquet,datasets/Conna/eMotions/data/eMotions_chunk_130.parquet,bb97b7453720968aa6793bd962a8880a459acadc,Tension,negative,11.935011,90c4b57c58f887d35dd459d5e66aa139adcb5ce595340fe74a3f7cc61be10c41,negative/tension/negative_tension_2905_00003508.mp4,False,
emotion:00003547.mp4,00003547.mp4,eMotions_chunk_130.parquet,datasets/Conna/eMotions/data/eMotions_chunk_130.parquet,bb97b7453720968aa6793bd962a8880a459acadc,Tension,negative,9.45,a8124196da2af7180e73b2e7d206975f52e1ebb9057b85cd481c2771f0b684f9,negative/tension/negative_tension_2906_00003547.mp4,False,
emotion:00003550.mp4,00003550.mp4,eMotions_chunk_130.parquet,datasets/Conna/eMotions/data/eMotions_chunk_130.parquet,bb97b7453720968aa6793bd962a8880a459acadc,Tension,negative,11.84,bcf5d5a240d0acc7c5af66515607139697bd3ba7a49524655eb44f7639a7dd14,negative/tension/negative_tension_2907_00003550.mp4,False,
emotion:00003552.mp4,00003552.mp4,eMotions_chunk_130.parquet,datasets/Conna/eMotions/data/eMotions_chunk_130.parquet,bb97b7453720968aa6793bd962a8880a459acadc,Tension,negative,12.583991,de74442ffca645776d0dfd8f6d581713a35b3c41c25d707b5735dd9bca4dbbd7,negative/tension/negative_tension_2908_00003552.mp4,False,
emotion:00003555.mp4,00003555.mp4,eMotions_chunk_130.parquet,datasets/Conna/eMotions/data/eMotions_chunk_130.parquet,bb97b7453720968aa6793bd962a8880a459acadc,Tension,negative,19.533333,e009f87d67cfaf52fc479d27eb4ab095ff484677d330005b4e22df64727d8b54,negative/tension/negative_tension_2909_00003555.mp4,False,
emotion:00003556.mp4,00003556.mp4,eMotions_chunk_130.parquet,datasets/Conna/eMotions/data/eMotions_chunk_130.parquet,bb97b7453720968aa6793bd962a8880a459acadc,Tension,negative,11.446009,0515e99d9edfcef1666d45e4d85ff4acaf39db0e6d017d7bffb0605935e8507c,negative/tension/negative_tension_2910_00003556.mp4,False,
emotion:00003605.mp4,00003605.mp4,eMotions_chunk_130.parquet,datasets/Conna/eMotions/data/eMotions_chunk_130.parquet,bb97b7453720968aa6793bd962a8880a459acadc,Tension,negative,8.96,0beb480ebc28a418810ccce08b14019051ed9732df292b6ee4bc06766d39968e,negative/tension/negative_tension_2911_00003605.mp4,False,
emotion:00003647.mp4,00003647.mp4,eMotions_chunk_130.parquet,datasets/Conna/eMotions/data/eMotions_chunk_130.parquet,bb97b7453720968aa6793bd962a8880a459acadc,Tension,negative,12.655011,3a6bdc7dc03cdc0e3f05f574c6a642d5da382c71b8025ee8e807da411bbba104,negative/tension/negative_tension_2912_00003647.mp4,False,
emotion:00003660.mp4,00003660.mp4,eMotions_chunk_130.parquet,datasets/Conna/eMotions/data/eMotions_chunk_130.parquet,bb97b7453720968aa6793bd962a8880a459acadc,Tension,negative,9.912993,317fe2a3cc023b5623a2b18d6e16d0ba55d901be5285427a0ee55a634c9c170d,negative/tension/negative_tension_2913_00003660.mp4,False,
emotion:00003661.mp4,00003661.mp4,eMotions_chunk_130.parquet,datasets/Conna/eMotions/data/eMotions_chunk_130.parquet,bb97b7453720968aa6793bd962a8880a459acadc,Tension,negative,12.887007,3067cdec5f8c63606106a3baaec2150512c961b8d4dc5996bc1e8812cd7d92b3,negative/tension/negative_tension_2914_00003661.mp4,False,
emotion:00003666.mp4,00003666.mp4,eMotions_chunk_130.parquet,datasets/Conna/eMotions/data/eMotions_chunk_130.parquet,bb97b7453720968aa6793bd962a8880a459acadc,Tension,negative,9.009002,2d824e46f3ab4b9b1fe637f22f30422e3d4e1eff96d1c1bd54ac23b22874606d,negative/tension/negative_tension_2915_00003666.mp4,False,
emotion:00003670.mp4,00003670.mp4,eMotions_chunk_130.parquet,datasets/Conna/eMotions/data/eMotions_chunk_130.parquet,bb97b7453720968aa6793bd962a8880a459acadc,Tension,negative,15.255011,7c06bf3197ab0093197e391b2f6333d3c08fd1239a20b4044fa1f10e5481a07a,negative/tension/negative_tension_2916_00003670.mp4,False,
emotion:00003690.mp4,00003690.mp4,eMotions_chunk_130.parquet,datasets/Conna/eMotions/data/eMotions_chunk_130.parquet,bb97b7453720968aa6793bd962a8880a459acadc,Tension,negative,8.916009,1a31eaf31c1a5728de950f9f9e30d036eabd4917faf6c959743988b74acc2513,negative/tension/negative_tension_2917_00003690.mp4,False,
emotion:00003692.mp4,00003692.mp4,eMotions_chunk_130.parquet,datasets/Conna/eMotions/data/eMotions_chunk_130.parquet,bb97b7453720968aa6793bd962a8880a459acadc,Tension,negative,14.1,b587fdbbd4fbdc8fd24e31870a08ff36cbe8cc70bc8748f9042dad2c26cc184b,negative/tension/negative_tension_2918_00003692.mp4,False,
emotion:00003695.mp4,00003695.mp4,eMotions_chunk_130.parquet,datasets/Conna/eMotions/data/eMotions_chunk_130.parquet,bb97b7453720968aa6793bd962a8880a459acadc,Tension,negative,5.44,9604c5f38e3b3f30be1c3e34c79ec03cbb679f962cd96018b0502bd0b0b01104,negative/tension/negative_tension_2919_00003695.mp4,False,
emotion:00003696.mp4,00003696.mp4,eMotions_chunk_130.parquet,datasets/Conna/eMotions/data/eMotions_chunk_130.parquet,bb97b7453720968aa6793bd962a8880a459acadc,Tension,negative,11.76,320f282895c81e3add4e73446ecb3a6cd69e3555986d3943501b3f97df371c13,negative/tension/negative_tension_2920_00003696.mp4,False,
emotion:00003711.mp4,00003711.mp4,eMotions_chunk_130.parquet,datasets/Conna/eMotions/data/eMotions_chunk_130.parquet,bb97b7453720968aa6793bd962a8880a459acadc,Tension,negative,9.6,b89d209a3a15a5723a458578d6d8eabf8af7a85431e4db7ffd54ad800dc7d481,negative/tension/negative_tension_2921_00003711.mp4,False,
emotion:00003753.mp4,00003753.mp4,eMotions_chunk_130.parquet,datasets/Conna/eMotions/data/eMotions_chunk_130.parquet,bb97b7453720968aa6793bd962a8880a459acadc,Tension,negative,11.400998,50ac1451db3dff206717069cc142e77865f696c778ef3d482be0be3c13077070,negative/tension/negative_tension_2922_00003753.mp4,False,
emotion:00003754.mp4,00003754.mp4,eMotions_chunk_130.parquet,datasets/Conna/eMotions/data/eMotions_chunk_130.parquet,bb97b7453720968aa6793bd962a8880a459acadc,Tension,negative,5.1,bf4923c965ed75d991b1a6a6702503e54011f46f65fb81a7844e634bf520bfe0,negative/tension/negative_tension_2923_00003754.mp4,False,
emotion:00003755.mp4,00003755.mp4,eMotions_chunk_130.parquet,datasets/Conna/eMotions/data/eMotions_chunk_130.parquet,bb97b7453720968aa6793bd962a8880a459acadc,Tension,negative,10.0,30656f122267c946f7930e0eebf8eae9d08a50b86a50aad539d8ff37071208eb,negative/tension/negative_tension_2924_00003755.mp4,False,
emotion:00003764.mp4,00003764.mp4,eMotions_chunk_130.parquet,datasets/Conna/eMotions/data/eMotions_chunk_130.parquet,bb97b7453720968aa6793bd962a8880a459acadc,Tension,negative,42.0,e534857f0ff688fedfe6d8b7fdb6fae994a6f5fab05d02c562080f8cfaa88b6e,negative/tension/negative_tension_2925_00003764.mp4,False,
emotion:00003793.mp4,00003793.mp4,eMotions_chunk_130.parquet,datasets/Conna/eMotions/data/eMotions_chunk_130.parquet,bb97b7453720968aa6793bd962a8880a459acadc,Tension,negative,11.770998,aac8cb92feffbe7fbeea11cdd35d17fbf888db699d1d41908ef04e810e66cbcd,negative/tension/negative_tension_2926_00003793.mp4,False,
emotion:00003816.mp4,00003816.mp4,eMotions_chunk_130.parquet,datasets/Conna/eMotions/data/eMotions_chunk_130.parquet,bb97b7453720968aa6793bd962a8880a459acadc,Tension,negative,10.3,10476e134cebde34cd47b5e23475d435d26e058631455dad7efe4f4d41714a36,negative/tension/negative_tension_2927_00003816.mp4,False,
emotion:00003819.mp4,00003819.mp4,eMotions_chunk_130.parquet,datasets/Conna/eMotions/data/eMotions_chunk_130.parquet,bb97b7453720968aa6793bd962a8880a459acadc,Tension,negative,9.002993,2dd30a97e70aa34edff2399e92e834f7d82be48c8b4c369baa4a8b28f8cc4a83,negative/tension/negative_tension_2928_00003819.mp4,False,
emotion:00003822.mp4,00003822.mp4,eMotions_chunk_130.parquet,datasets/Conna/eMotions/data/eMotions_chunk_130.parquet,bb97b7453720968aa6793bd962a8880a459acadc,Tension,negative,12.933333,5343395d4f91a21d5703e1ca920727535816d4310f8619fbf44570d68b6b4175,negative/tension/negative_tension_2929_00003822.mp4,False,
emotion:00003828.mp4,00003828.mp4,eMotions_chunk_130.parquet,datasets/Conna/eMotions/data/eMotions_chunk_130.parquet,bb97b7453720968aa6793bd962a8880a459acadc,Tension,negative,10.077007,4ff861dd532aa04a84178e813c738611a964f2b790b387efd8bfd99758bc47bc,negative/tension/negative_tension_2930_00003828.mp4,False,
emotion:00003833.mp4,00003833.mp4,eMotions_chunk_130.parquet,datasets/Conna/eMotions/data/eMotions_chunk_130.parquet,bb97b7453720968aa6793bd962a8880a459acadc,Tension,negative,19.050998,144e845993e017951c3f621f3949cc3c610f4cbe45006351235aa1a47106ea14,negative/tension/negative_tension_2931_00003833.mp4,False,
emotion:00003846.mp4,00003846.mp4,eMotions_chunk_130.parquet,datasets/Conna/eMotions/data/eMotions_chunk_130.parquet,bb97b7453720968aa6793bd962a8880a459acadc,Tension,negative,15.603991,3a8e9fbdd22053bb90ff5738964f8701da97f134f0e96a5895df78fc1bd8856f,negative/tension/negative_tension_2932_00003846.mp4,False,
emotion:00003853.mp4,00003853.mp4,eMotions_chunk_130.parquet,datasets/Conna/eMotions/data/eMotions_chunk_130.parquet,bb97b7453720968aa6793bd962a8880a459acadc,Tension,negative,9.843991,097edd21295127e875f478b9550b59a4024467abfa965cfab0fc581fa01b2e0f,negative/tension/negative_tension_2933_00003853.mp4,False,
emotion:00003861.mp4,00003861.mp4,eMotions_chunk_130.parquet,datasets/Conna/eMotions/data/eMotions_chunk_130.parquet,bb97b7453720968aa6793bd962a8880a459acadc,Tension,negative,9.867007,43e417d8afcf0484e1397fea8ec3898352a73b42cd4461bdd69b16308dccb91e,negative/tension/negative_tension_2934_00003861.mp4,False,
emotion:00003872.mp4,00003872.mp4,eMotions_chunk_130.parquet,datasets/Conna/eMotions/data/eMotions_chunk_130.parquet,bb97b7453720968aa6793bd962a8880a459acadc,Tension,negative,7.833333,011e8a4b2de51215ffdd6a4e209e78538cbb867c011d6041a9bee3e629cb2623,negative/tension/negative_tension_2935_00003872.mp4,False,
emotion:00003889.mp4,00003889.mp4,eMotions_chunk_130.parquet,datasets/Conna/eMotions/data/eMotions_chunk_130.parquet,bb97b7453720968aa6793bd962a8880a459acadc,Tension,negative,16.068005,0e53a3b097e89a41fdcdd5adbda73557b748e12d4309d1c11defb82c2bcc8185,negative/tension/negative_tension_2936_00003889.mp4,False,
emotion:00003891.mp4,00003891.mp4,eMotions_chunk_130.parquet,datasets/Conna/eMotions/data/eMotions_chunk_130.parquet,bb97b7453720968aa6793bd962a8880a459acadc,Tension,negative,14.65,fb245c9b8bb873eb798349985d05c61b424c025c77314118e30d69b14ba11c04,negative/tension/negative_tension_2937_00003891.mp4,False,
emotion:00003896.mp4,00003896.mp4,eMotions_chunk_130.parquet,datasets/Conna/eMotions/data/eMotions_chunk_130.parquet,bb97b7453720968aa6793bd962a8880a459acadc,Tension,negative,9.08,276d66ed3ead953510ff04c3e435ac9c9870e221d3e762251ba10a7092ac94c2,negative/tension/negative_tension_2938_00003896.mp4,False,
emotion:00003898.mp4,00003898.mp4,eMotions_chunk_130.parquet,datasets/Conna/eMotions/data/eMotions_chunk_130.parquet,bb97b7453720968aa6793bd962a8880a459acadc,Tension,negative,9.045011,659d4b72087b537b28da3f07e06061891ed0c4be0b1f34575b7b49e110fcea42,negative/tension/negative_tension_2939_00003898.mp4,False,
emotion:00003906.mp4,00003906.mp4,eMotions_chunk_130.parquet,datasets/Conna/eMotions/data/eMotions_chunk_130.parquet,bb97b7453720968aa6793bd962a8880a459acadc,Tension,negative,6.12,481c143b3ee3fcc3c248e85767b2923457c987a4cdb6d3e65507ebbd7db0ffd0,negative/tension/negative_tension_2940_00003906.mp4,False,
emotion:00003908.mp4,00003908.mp4,eMotions_chunk_130.parquet,datasets/Conna/eMotions/data/eMotions_chunk_130.parquet,bb97b7453720968aa6793bd962a8880a459acadc,Tension,negative,5.037007,2d3f438d842818c6e2934a5c06ac2db5307b59b3464f4ae72ad566b45211424c,negative/tension/negative_tension_2941_00003908.mp4,False,
emotion:00003940.mp4,00003940.mp4,eMotions_chunk_130.parquet,datasets/Conna/eMotions/data/eMotions_chunk_130.parquet,bb97b7453720968aa6793bd962a8880a459acadc,Tension,negative,13.720998,15ba457c084876e600b75b1fb8e5f1d549fb7816e87420d179de985615ddc008,negative/tension/negative_tension_2942_00003940.mp4,False,
emotion:00003952.mp4,00003952.mp4,eMotions_chunk_130.parquet,datasets/Conna/eMotions/data/eMotions_chunk_130.parquet,bb97b7453720968aa6793bd962a8880a459acadc,Tension,negative,13.2,6523c7d91afeac7e54d7b9d8ecbe2ac9b384e0f056dcd6707dc053225cfe9166,negative/tension/negative_tension_2943_00003952.mp4,False,
emotion:00003960.mp4,00003960.mp4,eMotions_chunk_130.parquet,datasets/Conna/eMotions/data/eMotions_chunk_130.parquet,bb97b7453720968aa6793bd962a8880a459acadc,Tension,negative,13.466667,ec97e7279a3dee2a49563314d757d4c4181a79f8c6dc7c3b90cd0e1376078fa2,negative/tension/negative_tension_2944_00003960.mp4,False,
emotion:00003989.mp4,00003989.mp4,eMotions_chunk_130.parquet,datasets/Conna/eMotions/data/eMotions_chunk_130.parquet,bb97b7453720968aa6793bd962a8880a459acadc,Tension,negative,22.011995,23ef16c77d96418cad0634353f37508df13bfe488c264d654d5c4f409d58a0a4,negative/tension/negative_tension_2945_00003989.mp4,False,
emotion:00003990.mp4,00003990.mp4,eMotions_chunk_130.parquet,datasets/Conna/eMotions/data/eMotions_chunk_130.parquet,bb97b7453720968aa6793bd962a8880a459acadc,Tension,negative,13.162993,b0800d3964524bcfdb00cb9b8cbbf6433bacac41f29dc58f4136416d366eccd6,negative/tension/negative_tension_2946_00003990.mp4,False,
emotion:00004045.mp4,00004045.mp4,eMotions_chunk_130.parquet,datasets/Conna/eMotions/data/eMotions_chunk_130.parquet,bb97b7453720968aa6793bd962a8880a459acadc,Tension,negative,17.042993,ccccd32a09c6a08d98842731c421dc1369e9e7bec4be24eb3475cfff99571d35,negative/tension/negative_tension_2947_00004045.mp4,False,
emotion:00004049.mp4,00004049.mp4,eMotions_chunk_130.parquet,datasets/Conna/eMotions/data/eMotions_chunk_130.parquet,bb97b7453720968aa6793bd962a8880a459acadc,Tension,negative,9.333333,c6ea0dfe8ecfb7a1f080a48497862ee932796144d2b262957790a92dec2bd44a,negative/tension/negative_tension_2948_00004049.mp4,False,
emotion:00004106.mp4,00004106.mp4,eMotions_chunk_130.parquet,datasets/Conna/eMotions/data/eMotions_chunk_130.parquet,bb97b7453720968aa6793bd962a8880a459acadc,Tension,negative,11.1,65c869279bb326386b1073bb512f33be958c23e5523411bb99d22a078ea5952d,negative/tension/negative_tension_2949_00004106.mp4,False,
emotion:00004129.mp4,00004129.mp4,eMotions_chunk_130.parquet,datasets/Conna/eMotions/data/eMotions_chunk_130.parquet,bb97b7453720968aa6793bd962a8880a459acadc,Tension,negative,7.92,dc163bfcdd8fdae93580ac1dba3b92d54ac7207fe595a050f8aea2059372777a,negative/tension/negative_tension_2950_00004129.mp4,False,
emotion:00004134.mp4,00004134.mp4,eMotions_chunk_130.parquet,datasets/Conna/eMotions/data/eMotions_chunk_130.parquet,bb97b7453720968aa6793bd962a8880a459acadc,Tension,negative,28.512993,9aaa4cc1ce6b75f361cb4ac366e897bd763c2252d71dd1707e61ef5ae5ed7759,negative/tension/negative_tension_2951_00004134.mp4,False,
emotion:00004153.mp4,00004153.mp4,eMotions_chunk_130.parquet,datasets/Conna/eMotions/data/eMotions_chunk_130.parquet,bb97b7453720968aa6793bd962a8880a459acadc,Tension,negative,15.8,9c73358a3db380d8aab6c4c8ccba7de570f9329af07da4e2755bad7ce574205b,negative/tension/negative_tension_2952_00004153.mp4,False,
emotion:00004159.mp4,00004159.mp4,eMotions_chunk_130.parquet,datasets/Conna/eMotions/data/eMotions_chunk_130.parquet,bb97b7453720968aa6793bd962a8880a459acadc,Tension,negative,5.033333,419bbd32b042bc9b232356c92c886bf5313161d7d02934a7fd2c5c6205212ba9,negative/tension/negative_tension_2953_00004159.mp4,False,
emotion:00004163.mp4,00004163.mp4,eMotions_chunk_130.parquet,datasets/Conna/eMotions/data/eMotions_chunk_130.parquet,bb97b7453720968aa6793bd962a8880a459acadc,Tension,negative,11.333333,e94e428aaa9409ac5d05dc9083795b4a155e319e89165a2bfdb34d6c1855920a,negative/tension/negative_tension_2954_00004163.mp4,False,
emotion:00004202.mp4,00004202.mp4,eMotions_chunk_130.parquet,datasets/Conna/eMotions/data/eMotions_chunk_130.parquet,bb97b7453720968aa6793bd962a8880a459acadc,Tension,negative,7.36,3901ab4aa9b1c7443b70b1ee6c099379337c68405b257c9adb939e23a7229bd7,negative/tension/negative_tension_2955_00004202.mp4,False,
emotion:00004210.mp4,00004210.mp4,eMotions_chunk_130.parquet,datasets/Conna/eMotions/data/eMotions_chunk_130.parquet,bb97b7453720968aa6793bd962a8880a459acadc,Tension,negative,6.955011,ecbe2b1f4e2e097d61b6fc0a14a57705ca6d622856eda1ebbe9c44959fcd38db,negative/tension/negative_tension_2956_00004210.mp4,False,
emotion:00004211.mp4,00004211.mp4,eMotions_chunk_130.parquet,datasets/Conna/eMotions/data/eMotions_chunk_130.parquet,bb97b7453720968aa6793bd962a8880a459acadc,Tension,negative,9.008005,f5f6495f8d71c96b5fe95b105770ffbc44178b8a06a21a10fccb0b05f20c7b2b,negative/tension/negative_tension_2957_00004211.mp4,False,
emotion:00004226.mp4,00004226.mp4,eMotions_chunk_130.parquet,datasets/Conna/eMotions/data/eMotions_chunk_130.parquet,bb97b7453720968aa6793bd962a8880a459acadc,Tension,negative,19.566667,b1fa3f06e8b34679d633587199256484480f9351c57415f0d85b80677416ebb8,negative/tension/negative_tension_2958_00004226.mp4,False,
emotion:00004298.mp4,00004298.mp4,eMotions_chunk_130.parquet,datasets/Conna/eMotions/data/eMotions_chunk_130.parquet,bb97b7453720968aa6793bd962a8880a459acadc,Tension,negative,22.871995,f46da8e9199a25d09b49724f14d85b689de0f83fe828853662bfbe80171e4e89,negative/tension/negative_tension_2959_00004298.mp4,False,
emotion:00004304.mp4,00004304.mp4,eMotions_chunk_130.parquet,datasets/Conna/eMotions/data/eMotions_chunk_130.parquet,bb97b7453720968aa6793bd962a8880a459acadc,Tension,negative,9.773991,1ecd3e449be4f9de89902563248edbe9f19524f9dadc667afe4ce7c8920cf679,negative/tension/negative_tension_2960_00004304.mp4,False,
emotion:00004315.mp4,00004315.mp4,eMotions_chunk_130.parquet,datasets/Conna/eMotions/data/eMotions_chunk_130.parquet,bb97b7453720968aa6793bd962a8880a459acadc,Tension,negative,13.266667,11155173679de8ea7ffeb481c5cc3b587b5d4fe8affa9aedf02c30516b726bf6,negative/tension/negative_tension_2961_00004315.mp4,False,
emotion:00004318.mp4,00004318.mp4,eMotions_chunk_130.parquet,datasets/Conna/eMotions/data/eMotions_chunk_130.parquet,bb97b7453720968aa6793bd962a8880a459acadc,Tension,negative,14.442993,23ede81a2f4a3d417a6d95cb009b2004d9e2f46fb4165a4ff51b3b6a1634e80f,negative/tension/negative_tension_2962_00004318.mp4,False,
emotion:00004324.mp4,00004324.mp4,eMotions_chunk_130.parquet,datasets/Conna/eMotions/data/eMotions_chunk_130.parquet,bb97b7453720968aa6793bd962a8880a459acadc,Tension,negative,12.422993,95297f48698e84d017ed76b3c5e11db17756a24160e08b8533210f98da41ed17,negative/tension/negative_tension_2963_00004324.mp4,False,
emotion:00004352.mp4,00004352.mp4,eMotions_chunk_130.parquet,datasets/Conna/eMotions/data/eMotions_chunk_130.parquet,bb97b7453720968aa6793bd962a8880a459acadc,Tension,negative,48.703991,6d7160cefd8f8e6a258c6bea710d5f2ce092f71ecd01c896bd46fdefa403ec98,negative/tension/negative_tension_2964_00004352.mp4,False,
emotion:00004403.mp4,00004403.mp4,eMotions_chunk_130.parquet,datasets/Conna/eMotions/data/eMotions_chunk_130.parquet,bb97b7453720968aa6793bd962a8880a459acadc,Tension,negative,6.036009,6bf9fec9980dd5b8349aaf37136a62b00f7af865105fde513d3a705c740dc529,negative/tension/negative_tension_2965_00004403.mp4,False,
emotion:00004444.mp4,00004444.mp4,eMotions_chunk_130.parquet,datasets/Conna/eMotions/data/eMotions_chunk_130.parquet,bb97b7453720968aa6793bd962a8880a459acadc,Tension,negative,15.2,aa8ad8f6486191cf425bc9e3c2801cf92953be1c8adf19728b93cff9629a8aa0,negative/tension/negative_tension_2966_00004444.mp4,False,
emotion:00004462.mp4,00004462.mp4,eMotions_chunk_130.parquet,datasets/Conna/eMotions/data/eMotions_chunk_130.parquet,bb97b7453720968aa6793bd962a8880a459acadc,Tension,negative,14.65,d64c46f3561bb3e1b4cc72112b78a99abd82bea7ecf3b607c9dcfb6fc6f1bbcd,negative/tension/negative_tension_2967_00004462.mp4,False,
emotion:00004474.mp4,00004474.mp4,eMotions_chunk_130.parquet,datasets/Conna/eMotions/data/eMotions_chunk_130.parquet,bb97b7453720968aa6793bd962a8880a459acadc,Tension,negative,12.585011,3bc8b6ff6137f7a0c5b1d2a501e7c8efa647e5372e1831be6cd1c9245f696bde,negative/tension/negative_tension_2968_00004474.mp4,False,
emotion:00004512.mp4,00004512.mp4,eMotions_chunk_130.parquet,datasets/Conna/eMotions/data/eMotions_chunk_130.parquet,bb97b7453720968aa6793bd962a8880a459acadc,Tension,negative,56.852993,56595bf725485e6458dd95e3a318d6895f8ab21c7c4d3b20466f8a8e55ccae6c,negative/tension/negative_tension_2969_00004512.mp4,False,
emotion:00004547.mp4,00004547.mp4,eMotions_chunk_130.parquet,datasets/Conna/eMotions/data/eMotions_chunk_130.parquet,bb97b7453720968aa6793bd962a8880a459acadc,Tension,negative,7.940998,a291314b7d764283c3783b35f7b55011dc9bc75caa2edf654a59d6104ad6b305,negative/tension/negative_tension_2970_00004547.mp4,False,
emotion:00004548.mp4,00004548.mp4,eMotions_chunk_130.parquet,datasets/Conna/eMotions/data/eMotions_chunk_130.parquet,bb97b7453720968aa6793bd962a8880a459acadc,Tension,negative,15.903991,2a97f4b64d3a65a846f195db570c6a982120cc18d78e92fc289e92aa99c789a1,negative/tension/negative_tension_2971_00004548.mp4,False,
emotion:00004573.mp4,00004573.mp4,eMotions_chunk_130.parquet,datasets/Conna/eMotions/data/eMotions_chunk_130.parquet,bb97b7453720968aa6793bd962a8880a459acadc,Tension,negative,12.700998,995ebc81559ef56f35bdc8d9f39062313e59220ffbab69422d0909784a9f6453,negative/tension/negative_tension_2972_00004573.mp4,False,
emotion:00004609.mp4,00004609.mp4,eMotions_chunk_130.parquet,datasets/Conna/eMotions/data/eMotions_chunk_130.parquet,bb97b7453720968aa6793bd962a8880a459acadc,Tension,negative,13.909002,5eb7ae4d6e35a78ec13d4af5e53bbc40ca7b3ca07c6dce13c607ef355d1099d2,negative/tension/negative_tension_2973_00004609.mp4,False,
emotion:00004611.mp4,00004611.mp4,eMotions_chunk_130.parquet,datasets/Conna/eMotions/data/eMotions_chunk_130.parquet,bb97b7453720968aa6793bd962a8880a459acadc,Tension,negative,13.651995,be6b3b8c9c2bcb2b13c8d461a6ef02a41742d09f882bd4aa58cc3a92efc96412,negative/tension/negative_tension_2974_00004611.mp4,False,
emotion:00004661.mp4,00004661.mp4,eMotions_chunk_130.parquet,datasets/Conna/eMotions/data/eMotions_chunk_130.parquet,bb97b7453720968aa6793bd962a8880a459acadc,Tension,negative,51.477007,e8ee985509fb4958d98ad17760f7f30eca9adb676912fa4ddc9fe7de2581b974,negative/tension/negative_tension_2975_00004661.mp4,False,
emotion:00004755.mp4,00004755.mp4,eMotions_chunk_130.parquet,datasets/Conna/eMotions/data/eMotions_chunk_130.parquet,bb97b7453720968aa6793bd962a8880a459acadc,Tension,negative,13.002993,d3bf9efb314b49cd8518ef64be56b3424fd373efc233f591711bd474adf49502,negative/tension/negative_tension_2976_00004755.mp4,False,
emotion:00004758.mp4,00004758.mp4,eMotions_chunk_130.parquet,datasets/Conna/eMotions/data/eMotions_chunk_130.parquet,bb97b7453720968aa6793bd962a8880a459acadc,Tension,negative,8.15,7f18e8078cc51bae2992ab713c071fcbb6c4e07956f61916715913a9ab32f715,negative/tension/negative_tension_2977_00004758.mp4,False,
emotion:00004788.mp4,00004788.mp4,eMotions_chunk_130.parquet,datasets/Conna/eMotions/data/eMotions_chunk_130.parquet,bb97b7453720968aa6793bd962a8880a459acadc,Tension,negative,15.533333,596672a4fe3f38d4d989afd0f94b36b31d20b51116d9c58081989ba470883dfc,negative/tension/negative_tension_2978_00004788.mp4,False,
emotion:00004811.mp4,00004811.mp4,eMotions_chunk_130.parquet,datasets/Conna/eMotions/data/eMotions_chunk_130.parquet,bb97b7453720968aa6793bd962a8880a459acadc,Tension,negative,16.045011,a13287df99e5a8b70e4c4d6b5bc9e84a8cc0da8e2295f94767137c7fe887403e,negative/tension/negative_tension_2979_00004811.mp4,False,
emotion:00004813.mp4,00004813.mp4,eMotions_chunk_130.parquet,datasets/Conna/eMotions/data/eMotions_chunk_130.parquet,bb97b7453720968aa6793bd962a8880a459acadc,Tension,negative,11.4,0af6a20ba764cd28f1c1c12b46808cb0a4b119d7c9bfbe36c6fc326992f57a9d,negative/tension/negative_tension_2980_00004813.mp4,False,
emotion:00004826.mp4,00004826.mp4,eMotions_chunk_130.parquet,datasets/Conna/eMotions/data/eMotions_chunk_130.parquet,bb97b7453720968aa6793bd962a8880a459acadc,Tension,negative,29.210998,e94f96b73d01360d11c9267c7c19271695c9aa370580428e219ab1b1a45f8f85,negative/tension/negative_tension_2981_00004826.mp4,False,
emotion:00004869.mp4,00004869.mp4,eMotions_chunk_130.parquet,datasets/Conna/eMotions/data/eMotions_chunk_130.parquet,bb97b7453720968aa6793bd962a8880a459acadc,Tension,negative,13.376009,dcf3f32ab3eed0d40b0906753271201ce499bd37df483e2712c21f2c55d9911e,negative/tension/negative_tension_2982_00004869.mp4,False,
emotion:00004884.mp4,00004884.mp4,eMotions_chunk_130.parquet,datasets/Conna/eMotions/data/eMotions_chunk_130.parquet,bb97b7453720968aa6793bd962a8880a459acadc,Tension,negative,6.336009,774e3b83064fb1ea253f60dcd42c6b17114a69c2fe8e17ff1f9deb1196f9d1c4,negative/tension/negative_tension_2983_00004884.mp4,False,
emotion:00004901.mp4,00004901.mp4,eMotions_chunk_130.parquet,datasets/Conna/eMotions/data/eMotions_chunk_130.parquet,bb97b7453720968aa6793bd962a8880a459acadc,Tension,negative,12.333333,e82a03ad90d592df2963ea8e5e2a0ff6c768dc60717820eee099135db77daedf,negative/tension/negative_tension_2984_00004901.mp4,False,
emotion:00004933.mp4,00004933.mp4,eMotions_chunk_130.parquet,datasets/Conna/eMotions/data/eMotions_chunk_130.parquet,bb97b7453720968aa6793bd962a8880a459acadc,Tension,negative,26.215011,9b02a2b03c0fe1e63168415c9413e5c5a188e07d1302931099015e8de4b81e8c,negative/tension/negative_tension_2985_00004933.mp4,False,
emotion:00004951.mp4,00004951.mp4,eMotions_chunk_130.parquet,datasets/Conna/eMotions/data/eMotions_chunk_130.parquet,bb97b7453720968aa6793bd962a8880a459acadc,Tension,negative,13.977007,b5648026b0858fca49f96f45634c974ba04542fffddd813edbae7a67cc080492,negative/tension/negative_tension_2986_00004951.mp4,False,
emotion:00004991.mp4,00004991.mp4,eMotions_chunk_130.parquet,datasets/Conna/eMotions/data/eMotions_chunk_130.parquet,bb97b7453720968aa6793bd962a8880a459acadc,Tension,negative,9.387007,6d93079ae5bf27aebafb6ad0442fbe4c62feff9854e22a839098899aab4c5b51,negative/tension/negative_tension_2987_00004991.mp4,False,
emotion:00004998.mp4,00004998.mp4,eMotions_chunk_130.parquet,datasets/Conna/eMotions/data/eMotions_chunk_130.parquet,bb97b7453720968aa6793bd962a8880a459acadc,Tension,negative,5.781995,86469f7ab66cc726978f4459a1e3946a0e8eb395c6f6653e195a526fe38e1fe2,negative/tension/negative_tension_2988_00004998.mp4,False,
emotion:00005003.mp4,00005003.mp4,eMotions_chunk_130.parquet,datasets/Conna/eMotions/data/eMotions_chunk_130.parquet,bb97b7453720968aa6793bd962a8880a459acadc,Tension,negative,21.269002,09cefa095e7bf233d4339671e540447faa52a6bd667621c26fc4993b73bda3fc,negative/tension/negative_tension_2989_00005003.mp4,False,
emotion:00005030.mp4,00005030.mp4,eMotions_chunk_130.parquet,datasets/Conna/eMotions/data/eMotions_chunk_130.parquet,bb97b7453720968aa6793bd962a8880a459acadc,Tension,negative,11.980998,a991a5f57491e588375ac00a8e1b591be3f0b6bec4adda56f6fe1510c55ccdf5,negative/tension/negative_tension_2990_00005030.mp4,False,
emotion:00005031.mp4,00005031.mp4,eMotions_chunk_130.parquet,datasets/Conna/eMotions/data/eMotions_chunk_130.parquet,bb97b7453720968aa6793bd962a8880a459acadc,Tension,negative,7.220998,a2341a3937f2e37676dfaed9c4285e99d616a907dd3654847038de567de29b23,negative/tension/negative_tension_2991_00005031.mp4,False,
emotion:00005042.mp4,00005042.mp4,eMotions_chunk_130.parquet,datasets/Conna/eMotions/data/eMotions_chunk_130.parquet,bb97b7453720968aa6793bd962a8880a459acadc,Tension,negative,8.0,0e7a0837b3c109009d321f28dc792605e14dfff1904177a10ecebd77b96f3cda,negative/tension/negative_tension_2992_00005042.mp4,False,
emotion:00005052.mp4,00005052.mp4,eMotions_chunk_130.parquet,datasets/Conna/eMotions/data/eMotions_chunk_130.parquet,bb97b7453720968aa6793bd962a8880a459acadc,Tension,negative,6.233333,32ed35425a6ab366eb5310addd68e3f579c92708b798119579e752f326721d47,negative/tension/negative_tension_2993_00005052.mp4,False,
emotion:00005063.mp4,00005063.mp4,eMotions_chunk_130.parquet,datasets/Conna/eMotions/data/eMotions_chunk_130.parquet,bb97b7453720968aa6793bd962a8880a459acadc,Tension,negative,10.052993,7c045d79918a3d2f997957c640e1dac7fb39538979abe664478b227c8ae496a1,negative/tension/negative_tension_2994_00005063.mp4,False,
emotion:00005065.mp4,00005065.mp4,eMotions_chunk_130.parquet,datasets/Conna/eMotions/data/eMotions_chunk_130.parquet,bb97b7453720968aa6793bd962a8880a459acadc,Tension,negative,38.87,4b69c0dfbaca6375b727e7b80f6642571ec6c0fa8675bcd7d85f0270fb54ed1d,negative/tension/negative_tension_2995_00005065.mp4,False,
emotion:00005075.mp4,00005075.mp4,eMotions_chunk_130.parquet,datasets/Conna/eMotions/data/eMotions_chunk_130.parquet,bb97b7453720968aa6793bd962a8880a459acadc,Tension,negative,6.313991,70066b56080528c92152100a0705b32574519b60913f8f304e27d76b0993de9b,negative/tension/negative_tension_2996_00005075.mp4,False,
emotion:00005134.mp4,00005134.mp4,eMotions_chunk_130.parquet,datasets/Conna/eMotions/data/eMotions_chunk_130.parquet,bb97b7453720968aa6793bd962a8880a459acadc,Tension,negative,12.352993,6012cd9940d3a45ae359127c6a7d73061cf9ce3d506913ea42e8c38fc238ff42,negative/tension/negative_tension_2997_00005134.mp4,False,
emotion:00005149.mp4,00005149.mp4,eMotions_chunk_130.parquet,datasets/Conna/eMotions/data/eMotions_chunk_130.parquet,bb97b7453720968aa6793bd962a8880a459acadc,Tension,negative,8.666667,0e77c047d60b8125d3e6fd3e7c1c6cc33a581a7526fd04a71defca74548e3e2e,negative/tension/negative_tension_2998_00005149.mp4,False,
emotion:00005165.mp4,00005165.mp4,eMotions_chunk_130.parquet,datasets/Conna/eMotions/data/eMotions_chunk_130.parquet,bb97b7453720968aa6793bd962a8880a459acadc,Tension,negative,8.542993,fc24d0dec4bcad089a23d8f070fb1d442b5379aba033ff810e56edd8bdf4f1ce,negative/tension/negative_tension_2999_00005165.mp4,False,
emotion:00005177.mp4,00005177.mp4,eMotions_chunk_130.parquet,datasets/Conna/eMotions/data/eMotions_chunk_130.parquet,bb97b7453720968aa6793bd962a8880a459acadc,Tension,negative,8.403991,f5a332f6e1d317b5853c1a224d1731a53159184081d5b4fe633e6a92a3c7cbbd,negative/tension/negative_tension_3000_00005177.mp4,False,
emotion:00005232.mp4,00005232.mp4,eMotions_chunk_130.parquet,datasets/Conna/eMotions/data/eMotions_chunk_130.parquet,bb97b7453720968aa6793bd962a8880a459acadc,Tension,negative,6.85,84e99e57d3f7a553e497aad50fd827ae7f7fa3f2f094f92ea11be3cdf494dce0,negative/tension/negative_tension_3001_00005232.mp4,False,
emotion:00005265.mp4,00005265.mp4,eMotions_chunk_130.parquet,datasets/Conna/eMotions/data/eMotions_chunk_130.parquet,bb97b7453720968aa6793bd962a8880a459acadc,Tension,negative,8.171995,d3fabd6f8a8a3ed917a1841f0b51a64ba023e6f8212e4bd6a2c44ac5457c43f3,negative/tension/negative_tension_3002_00005265.mp4,False,
emotion:00005266.mp4,00005266.mp4,eMotions_chunk_130.parquet,datasets/Conna/eMotions/data/eMotions_chunk_130.parquet,bb97b7453720968aa6793bd962a8880a459acadc,Tension,negative,5.652993,5851082c7118c79ea60b499a69b3fb5deb9ea50c8b84ee049dfb2b8d74cc258b,negative/tension/negative_tension_3003_00005266.mp4,False,
emotion:00005279.mp4,00005279.mp4,eMotions_chunk_130.parquet,datasets/Conna/eMotions/data/eMotions_chunk_130.parquet,bb97b7453720968aa6793bd962a8880a459acadc,Tension,negative,8.451995,3c0e4f4f58c22c31701278cb7c535addf25cf3380dba8563d96adcb71562cd40,negative/tension/negative_tension_3004_00005279.mp4,False,
emotion:00005283.mp4,00005283.mp4,eMotions_chunk_130.parquet,datasets/Conna/eMotions/data/eMotions_chunk_130.parquet,bb97b7453720968aa6793bd962a8880a459acadc,Tension,negative,37.175011,ed784864daa3e19a1e934b5c7562328c3b8f76af1e69633340b4bcbfa40a1d40,negative/tension/negative_tension_3005_00005283.mp4,False,
emotion:00005301.mp4,00005301.mp4,eMotions_chunk_130.parquet,datasets/Conna/eMotions/data/eMotions_chunk_130.parquet,bb97b7453720968aa6793bd962a8880a459acadc,Tension,negative,13.458333,d769346bc667fa7802092e5081037b9710206559e50655e8a6270fdebb425687,negative/tension/negative_tension_3006_00005301.mp4,False,
emotion:00005306.mp4,00005306.mp4,eMotions_chunk_130.parquet,datasets/Conna/eMotions/data/eMotions_chunk_130.parquet,bb97b7453720968aa6793bd962a8880a459acadc,Tension,negative,13.533333,bec50894d78e6df3c345131a01603aeb4a90b80d9877a1604f2b5652ddcc747b,negative/tension/negative_tension_3007_00005306.mp4,False,
emotion:00005307.mp4,00005307.mp4,eMotions_chunk_130.parquet,datasets/Conna/eMotions/data/eMotions_chunk_130.parquet,bb97b7453720968aa6793bd962a8880a459acadc,Tension,negative,9.88,4131ed2bc06bad6bdf1c7b263f334196e5d04b21b292677cf40052acb338148f,negative/tension/negative_tension_3008_00005307.mp4,False,
emotion:00005310.mp4,00005310.mp4,eMotions_chunk_130.parquet,datasets/Conna/eMotions/data/eMotions_chunk_130.parquet,bb97b7453720968aa6793bd962a8880a459acadc,Tension,negative,5.502993,4f2e7a636fabf695ce2f4a0b5d7232b53730cf2cee8483efb8e966441ef20ed1,negative/tension/negative_tension_3009_00005310.mp4,False,
emotion:00005318.mp4,00005318.mp4,eMotions_chunk_130.parquet,datasets/Conna/eMotions/data/eMotions_chunk_130.parquet,bb97b7453720968aa6793bd962a8880a459acadc,Tension,negative,18.18,68eb297b93d96bda32ba62e67a95264ec30dac80cb9138ec06b3e4eca793281a,negative/tension/negative_tension_3010_00005318.mp4,False,
emotion:00005323.mp4,00005323.mp4,eMotions_chunk_130.parquet,datasets/Conna/eMotions/data/eMotions_chunk_130.parquet,bb97b7453720968aa6793bd962a8880a459acadc,Tension,negative,37.547007,627a7df118f5a962bf701bbf57ced669635993ca2949c1a462143f89c67becc0,negative/tension/negative_tension_3011_00005323.mp4,False,
emotion:00005326.mp4,00005326.mp4,eMotions_chunk_130.parquet,datasets/Conna/eMotions/data/eMotions_chunk_130.parquet,bb97b7453720968aa6793bd962a8880a459acadc,Tension,negative,14.233991,b0bde6c287522427b56080a30457efd167ca6fe21f364691a452837626290d0f,negative/tension/negative_tension_3012_00005326.mp4,False,
emotion:00005354.mp4,00005354.mp4,eMotions_chunk_130.parquet,datasets/Conna/eMotions/data/eMotions_chunk_130.parquet,bb97b7453720968aa6793bd962a8880a459acadc,Tension,negative,17.508005,80549e3951830528b49c77f98eff4e038259b392bfa6b4b35ad7df3d5928db30,negative/tension/negative_tension_3013_00005354.mp4,False,
emotion:00005359.mp4,00005359.mp4,eMotions_chunk_130.parquet,datasets/Conna/eMotions/data/eMotions_chunk_130.parquet,bb97b7453720968aa6793bd962a8880a459acadc,Tension,negative,9.403991,beb17d29a8554bd3b4da70891213134b480f9c9c7fd1418e42043c82b507f408,negative/tension/negative_tension_3014_00005359.mp4,False,
emotion:00005360.mp4,00005360.mp4,eMotions_chunk_130.parquet,datasets/Conna/eMotions/data/eMotions_chunk_130.parquet,bb97b7453720968aa6793bd962a8880a459acadc,Tension,negative,7.381995,15885877a67fc49448069246e800576ba33d4cc461a754f9d1d1fdf8cf4aa882,negative/tension/negative_tension_3015_00005360.mp4,False,
emotion:00005383.mp4,00005383.mp4,eMotions_chunk_130.parquet,datasets/Conna/eMotions/data/eMotions_chunk_130.parquet,bb97b7453720968aa6793bd962a8880a459acadc,Tension,negative,5.066667,ccd9b1b88e9eecd59a5d7aea6ada39210d5b4ec8c609f18c60d30c1f577fd851,negative/tension/negative_tension_3016_00005383.mp4,False,
emotion:00005387.mp4,00005387.mp4,eMotions_chunk_130.parquet,datasets/Conna/eMotions/data/eMotions_chunk_130.parquet,bb97b7453720968aa6793bd962a8880a459acadc,Tension,negative,13.953991,e60fcce9ec5c79e795d8315ef33dfde3e64dac574704d60c997f1ce05efe7128,negative/tension/negative_tension_3017_00005387.mp4,False,
emotion:00005391.mp4,00005391.mp4,eMotions_chunk_130.parquet,datasets/Conna/eMotions/data/eMotions_chunk_130.parquet,bb97b7453720968aa6793bd962a8880a459acadc,Tension,negative,11.771995,862d9af8fa039468a700adbda82e4d70eba8d844bc8de6f033463672beb74be0,negative/tension/negative_tension_3018_00005391.mp4,False,
emotion:00005393.mp4,00005393.mp4,eMotions_chunk_130.parquet,datasets/Conna/eMotions/data/eMotions_chunk_130.parquet,bb97b7453720968aa6793bd962a8880a459acadc,Tension,negative,49.6,565e7783d995dfcd09e2baf8da5b6fc9e847b3765f2dc60352660019bf1cf927,negative/tension/negative_tension_3019_00005393.mp4,False,
emotion:00005397.mp4,00005397.mp4,eMotions_chunk_130.parquet,datasets/Conna/eMotions/data/eMotions_chunk_130.parquet,bb97b7453720968aa6793bd962a8880a459acadc,Tension,negative,57.607007,e2d6f3687bb19d155de35624c871a88e9e9f9cdbc1248ad3882671f8e480b237,negative/tension/negative_tension_3020_00005397.mp4,False,
emotion:00005427.mp4,00005427.mp4,eMotions_chunk_130.parquet,datasets/Conna/eMotions/data/eMotions_chunk_130.parquet,bb97b7453720968aa6793bd962a8880a459acadc,Tension,negative,13.048005,12d9e4d4eb114884561cd5755cade4271ec9f661fd34e875250d0a8390d5847c,negative/tension/negative_tension_3021_00005427.mp4,False,
emotion:00005441.mp4,00005441.mp4,eMotions_chunk_130.parquet,datasets/Conna/eMotions/data/eMotions_chunk_130.parquet,bb97b7453720968aa6793bd962a8880a459acadc,Tension,negative,9.053991,04b6402c9fd2ece3b2ae2f94b5995ff368596289e8034a74fdee7c7f55afbfae,negative/tension/negative_tension_3022_00005441.mp4,False,
emotion:00005445.mp4,00005445.mp4,eMotions_chunk_130.parquet,datasets/Conna/eMotions/data/eMotions_chunk_130.parquet,bb97b7453720968aa6793bd962a8880a459acadc,Tension,negative,13.235011,ffd43d12b706c51c2f5fa7132cf7a7cf9070a33a046dc8706724e009778c8c13,negative/tension/negative_tension_3023_00005445.mp4,False,
emotion:00005483.mp4,00005483.mp4,eMotions_chunk_130.parquet,datasets/Conna/eMotions/data/eMotions_chunk_130.parquet,bb97b7453720968aa6793bd962a8880a459acadc,Tension,negative,13.002993,42344d157e330a982e389a5e5141490ac8f1f62dab5eef3fc9893dd7985c7afa,negative/tension/negative_tension_3024_00005483.mp4,False,
emotion:00005514.mp4,00005514.mp4,eMotions_chunk_130.parquet,datasets/Conna/eMotions/data/eMotions_chunk_130.parquet,bb97b7453720968aa6793bd962a8880a459acadc,Tension,negative,17.182993,901a174c044409fe36e738917fb00a53dc115139ca44042c14d2e75997fbd36d,negative/tension/negative_tension_3025_00005514.mp4,False,
emotion:00005520.mp4,00005520.mp4,eMotions_chunk_130.parquet,datasets/Conna/eMotions/data/eMotions_chunk_130.parquet,bb97b7453720968aa6793bd962a8880a459acadc,Tension,negative,13.303991,0b02b376bbeede9cba79f073b7abbc7b1bc824be423bf6092ee855a4186efc36,negative/tension/negative_tension_3026_00005520.mp4,False,
emotion:00005530.mp4,00005530.mp4,eMotions_chunk_130.parquet,datasets/Conna/eMotions/data/eMotions_chunk_130.parquet,bb97b7453720968aa6793bd962a8880a459acadc,Tension,negative,9.033333,6c590074c75842234642e7f873b6249bd340984ca8e8c47c934820f9e17e6b09,negative/tension/negative_tension_3027_00005530.mp4,False,
emotion:00005538.mp4,00005538.mp4,eMotions_chunk_130.parquet,datasets/Conna/eMotions/data/eMotions_chunk_130.parquet,bb97b7453720968aa6793bd962a8880a459acadc,Tension,negative,9.053991,69fb7f2e048d15b58930e11be845ff321a12340ad6e9365c5dfae265d86252eb,negative/tension/negative_tension_3028_00005538.mp4,False,
emotion:00005545.mp4,00005545.mp4,eMotions_chunk_130.parquet,datasets/Conna/eMotions/data/eMotions_chunk_130.parquet,bb97b7453720968aa6793bd962a8880a459acadc,Tension,negative,13.866667,9699fda36133a5bf8bd2f55dd69e0bf8c02213876cb71852080f472608b6a154,negative/tension/negative_tension_3029_00005545.mp4,False,
emotion:00005555.mp4,00005555.mp4,eMotions_chunk_130.parquet,datasets/Conna/eMotions/data/eMotions_chunk_130.parquet,bb97b7453720968aa6793bd962a8880a459acadc,Tension,negative,10.7,c9bb4a1d1726a7d2e67c375713730a998f82612cb9d33a047ff2eb858b3b2b83,negative/tension/negative_tension_3030_00005555.mp4,False,
emotion:00005559.mp4,00005559.mp4,eMotions_chunk_130.parquet,datasets/Conna/eMotions/data/eMotions_chunk_130.parquet,bb97b7453720968aa6793bd962a8880a459acadc,Tension,negative,15.488005,c5f6e20b621203c125af58f174bdb619271be59b81c8a9d7ad1fc54223ba49d3,negative/tension/negative_tension_3031_00005559.mp4,False,
emotion:00005571.mp4,00005571.mp4,eMotions_chunk_130.parquet,datasets/Conna/eMotions/data/eMotions_chunk_130.parquet,bb97b7453720968aa6793bd962a8880a459acadc,Tension,negative,14.953991,b0baf81d703c7ad7ede5d3530342aab21f0e482325e29da9f3f18630f79f9999,negative/tension/negative_tension_3032_00005571.mp4,False,
emotion:00005573.mp4,00005573.mp4,eMotions_chunk_130.parquet,datasets/Conna/eMotions/data/eMotions_chunk_130.parquet,bb97b7453720968aa6793bd962a8880a459acadc,Tension,negative,15.253991,a5907c6d7ef42a073a76b2ff9bffe127122cdadb9aa4147b4c7786f6960f905a,negative/tension/negative_tension_3033_00005573.mp4,False,
emotion:00005585.mp4,00005585.mp4,eMotions_chunk_130.parquet,datasets/Conna/eMotions/data/eMotions_chunk_130.parquet,bb97b7453720968aa6793bd962a8880a459acadc,Tension,negative,10.100998,d5e8746749f7d0abbd5e13fb8fe8feddad8fda15df052f952d0448f3e21411ec,negative/tension/negative_tension_3034_00005585.mp4,False,
emotion:00005587.mp4,00005587.mp4,eMotions_chunk_130.parquet,datasets/Conna/eMotions/data/eMotions_chunk_130.parquet,bb97b7453720968aa6793bd962a8880a459acadc,Tension,negative,14.395011,5b5586d668d1edf7808190ea8f2f8bc9428d7ca2da7a0fc053185d853b20e000,negative/tension/negative_tension_3035_00005587.mp4,False,
emotion:00005604.mp4,00005604.mp4,eMotions_chunk_130.parquet,datasets/Conna/eMotions/data/eMotions_chunk_130.parquet,bb97b7453720968aa6793bd962a8880a459acadc,Tension,negative,19.7,3f333b1fa391c77ea1e03a8d7624385fa9bc76b3ab67fbcf0c4c0a864217d55d,negative/tension/negative_tension_3036_00005604.mp4,False,
emotion:00005611.mp4,00005611.mp4,eMotions_chunk_130.parquet,datasets/Conna/eMotions/data/eMotions_chunk_130.parquet,bb97b7453720968aa6793bd962a8880a459acadc,Tension,negative,7.92,1af71fd378dd9cb7fdb918b1589841731ffbc9b72f44390d4d1b81608040df78,negative/tension/negative_tension_3037_00005611.mp4,False,
emotion:00005612.mp4,00005612.mp4,eMotions_chunk_130.parquet,datasets/Conna/eMotions/data/eMotions_chunk_130.parquet,bb97b7453720968aa6793bd962a8880a459acadc,Tension,negative,11.238005,6d60c78e84172c8154b6cbb1d09af8267d068e66b773c40a2518aa5047ba876a,negative/tension/negative_tension_3038_00005612.mp4,False,
emotion:00005626.mp4,00005626.mp4,eMotions_chunk_130.parquet,datasets/Conna/eMotions/data/eMotions_chunk_130.parquet,bb97b7453720968aa6793bd962a8880a459acadc,Tension,negative,10.633333,5eb9ad6935a1e1bfacbacbcdc6616a258eaa8ed443c602bc875fa27869f8ff5f,negative/tension/negative_tension_3039_00005626.mp4,False,
emotion:00005636.mp4,00005636.mp4,eMotions_chunk_130.parquet,datasets/Conna/eMotions/data/eMotions_chunk_130.parquet,bb97b7453720968aa6793bd962a8880a459acadc,Tension,negative,10.645011,d505e69a20d670e73705a67435e92b6db5186693ecf2f30651fd1b006d23e719,negative/tension/negative_tension_3040_00005636.mp4,False,
emotion:00005671.mp4,00005671.mp4,eMotions_chunk_130.parquet,datasets/Conna/eMotions/data/eMotions_chunk_130.parquet,bb97b7453720968aa6793bd962a8880a459acadc,Tension,negative,13.769002,b2412fc4f4c7cc6254e7d8dd54ead93c30dc7d249b917cd8f5285e23e99e28a2,negative/tension/negative_tension_3041_00005671.mp4,False,
emotion:00005676.mp4,00005676.mp4,eMotions_chunk_130.parquet,datasets/Conna/eMotions/data/eMotions_chunk_130.parquet,bb97b7453720968aa6793bd962a8880a459acadc,Tension,negative,9.982993,84a622e2ba23af92ab90c3e83f97f80ef0ab77c12fa6a43662dd68064b022f56,negative/tension/negative_tension_3042_00005676.mp4,False,
emotion:00005684.mp4,00005684.mp4,eMotions_chunk_130.parquet,datasets/Conna/eMotions/data/eMotions_chunk_130.parquet,bb97b7453720968aa6793bd962a8880a459acadc,Tension,negative,7.6,d3f2b9e0db80629a620453c89046d6196f67a958f1d7236aceb8b55db6511ce6,negative/tension/negative_tension_3043_00005684.mp4,False,
emotion:00005694.mp4,00005694.mp4,eMotions_chunk_130.parquet,datasets/Conna/eMotions/data/eMotions_chunk_130.parquet,bb97b7453720968aa6793bd962a8880a459acadc,Tension,negative,8.033333,cf9269068a2084e1dc65864139fcb36cdf53b30f1b6e7b50ccf920d5f6c52787,negative/tension/negative_tension_3044_00005694.mp4,False,
emotion:00005722.mp4,00005722.mp4,eMotions_chunk_130.parquet,datasets/Conna/eMotions/data/eMotions_chunk_130.parquet,bb97b7453720968aa6793bd962a8880a459acadc,Tension,negative,13.281995,1fb5ff3f0910d79927ba6d869f0286dfc8833a83eb47818a4037ef11c66b9658,negative/tension/negative_tension_3045_00005722.mp4,False,
emotion:00005794.mp4,00005794.mp4,eMotions_chunk_130.parquet,datasets/Conna/eMotions/data/eMotions_chunk_130.parquet,bb97b7453720968aa6793bd962a8880a459acadc,Tension,negative,42.609002,419ce563103196b58c406cb336472e92a945797cbcf916a9d7fef08a3e7930d6,negative/tension/negative_tension_3046_00005794.mp4,False,
emotion:00005800.mp4,00005800.mp4,eMotions_chunk_130.parquet,datasets/Conna/eMotions/data/eMotions_chunk_130.parquet,bb97b7453720968aa6793bd962a8880a459acadc,Tension,negative,9.24,e47b0839793e4edcfeb0b234912bb06dd02d3c028798016e0b4c7382b52f500e,negative/tension/negative_tension_3047_00005800.mp4,False,
emotion:00005811.mp4,00005811.mp4,eMotions_chunk_130.parquet,datasets/Conna/eMotions/data/eMotions_chunk_130.parquet,bb97b7453720968aa6793bd962a8880a459acadc,Tension,negative,10.146009,0f82dfc18b8ff4761c96c92f2ea5473e44def9a9115ee13e8f0f344f2200bee4,negative/tension/negative_tension_3048_00005811.mp4,False,
emotion:00005822.mp4,00005822.mp4,eMotions_chunk_130.parquet,datasets/Conna/eMotions/data/eMotions_chunk_130.parquet,bb97b7453720968aa6793bd962a8880a459acadc,Tension,negative,10.17,8fbbccc462143da495960abf4039c443b0c0822a8cdc083705d4819b6bd41cde,negative/tension/negative_tension_3049_00005822.mp4,False,
emotion:00005824.mp4,00005824.mp4,eMotions_chunk_130.parquet,datasets/Conna/eMotions/data/eMotions_chunk_130.parquet,bb97b7453720968aa6793bd962a8880a459acadc,Tension,negative,44.603991,3b649d296226676a6143719063c04f9fdfa136af29a87cc7d973d2b658077084,negative/tension/negative_tension_3050_00005824.mp4,False,
emotion:00005856.mp4,00005856.mp4,eMotions_chunk_130.parquet,datasets/Conna/eMotions/data/eMotions_chunk_130.parquet,bb97b7453720968aa6793bd962a8880a459acadc,Tension,negative,13.722993,f2f17075ed3d8d04487916784e20d6c48ca75f781fe78cabe238e8fba64bc1c2,negative/tension/negative_tension_3051_00005856.mp4,False,
emotion:00005858.mp4,00005858.mp4,eMotions_chunk_130.parquet,datasets/Conna/eMotions/data/eMotions_chunk_130.parquet,bb97b7453720968aa6793bd962a8880a459acadc,Tension,negative,16.068005,a39d117fdebadb3beda0f1efaa6987613b0c1970512eb33d3802fd9d901f9c0a,negative/tension/negative_tension_3052_00005858.mp4,False,
emotion:00005864.mp4,00005864.mp4,eMotions_chunk_130.parquet,datasets/Conna/eMotions/data/eMotions_chunk_130.parquet,bb97b7453720968aa6793bd962a8880a459acadc,Tension,negative,53.776009,38daa2cf692680e5bc70ffdb95458cf2a930d7170e0e6e31d6373c7f7cf5ac26,negative/tension/negative_tension_3053_00005864.mp4,False,
emotion:00005872.mp4,00005872.mp4,eMotions_chunk_130.parquet,datasets/Conna/eMotions/data/eMotions_chunk_130.parquet,bb97b7453720968aa6793bd962a8880a459acadc,Tension,negative,11.285011,7a9104910f510baa12265c90bd78a3f2c93b392e752f5b8dab8fbf8c45463399,negative/tension/negative_tension_3054_00005872.mp4,False,
emotion:00005879.mp4,00005879.mp4,eMotions_chunk_130.parquet,datasets/Conna/eMotions/data/eMotions_chunk_130.parquet,bb97b7453720968aa6793bd962a8880a459acadc,Tension,negative,8.22,57a855e2ade60879da0f1b72382af7b4369ff72c5339256692ffe46694c56ebc,negative/tension/negative_tension_3055_00005879.mp4,False,
emotion:00005904.mp4,00005904.mp4,eMotions_chunk_130.parquet,datasets/Conna/eMotions/data/eMotions_chunk_130.parquet,bb97b7453720968aa6793bd962a8880a459acadc,Tension,negative,13.802993,4967838bc71c0a6ce3b2b8e762fbacbcccab4fb0b57ab547a5799a49751d21e3,negative/tension/negative_tension_3056_00005904.mp4,False,
emotion:00005913.mp4,00005913.mp4,eMotions_chunk_130.parquet,datasets/Conna/eMotions/data/eMotions_chunk_130.parquet,bb97b7453720968aa6793bd962a8880a459acadc,Tension,negative,15.348005,3eb1ed78d90c3576651456ca22cb69a110c53eb9291a341a9e17808e859d6b92,negative/tension/negative_tension_3057_00005913.mp4,False,
emotion:00005921.mp4,00005921.mp4,eMotions_chunk_130.parquet,datasets/Conna/eMotions/data/eMotions_chunk_130.parquet,bb97b7453720968aa6793bd962a8880a459acadc,Tension,negative,17.76,df5c1728b6c947d3577dda713eb963be38c644235867fc96ddea98cc070cf1da,negative/tension/negative_tension_3058_00005921.mp4,False,
emotion:00005933.mp4,00005933.mp4,eMotions_chunk_130.parquet,datasets/Conna/eMotions/data/eMotions_chunk_130.parquet,bb97b7453720968aa6793bd962a8880a459acadc,Tension,negative,10.356009,77cbb78604e13d56f6287f76e8ec2f4250cd740aea5fe24ffbefe545d2129d1b,negative/tension/negative_tension_3059_00005933.mp4,False,
emotion:00005979.mp4,00005979.mp4,eMotions_chunk_130.parquet,datasets/Conna/eMotions/data/eMotions_chunk_130.parquet,bb97b7453720968aa6793bd962a8880a459acadc,Tension,negative,8.666667,252265a1aba1dca9c95a7dff4b665270c14d1f5451d6a52a9a337a574d2896a8,negative/tension/negative_tension_3060_00005979.mp4,False,
emotion:00005988.mp4,00005988.mp4,eMotions_chunk_130.parquet,datasets/Conna/eMotions/data/eMotions_chunk_130.parquet,bb97b7453720968aa6793bd962a8880a459acadc,Tension,negative,17.112993,9aaa5faf29d832ef786fd95bf3ea2c0d031595cc03b465b6e32d0b50a9fd69a1,negative/tension/negative_tension_3061_00005988.mp4,False,
emotion:00006005.mp4,00006005.mp4,eMotions_chunk_130.parquet,datasets/Conna/eMotions/data/eMotions_chunk_130.parquet,bb97b7453720968aa6793bd962a8880a459acadc,Tension,negative,37.066667,df3795a24042402875a8f6587f72c94e803fe8a6dfb1189a452639292acd1a52,negative/tension/negative_tension_3062_00006005.mp4,False,
emotion:00006053.mp4,00006053.mp4,eMotions_chunk_130.parquet,datasets/Conna/eMotions/data/eMotions_chunk_130.parquet,bb97b7453720968aa6793bd962a8880a459acadc,Tension,negative,11.519002,e70fab8f2bc1543a1331da269734203a3a5e9fb73ec5dd4c3aba1a71f69bbe4c,negative/tension/negative_tension_3063_00006053.mp4,False,
emotion:00006081.mp4,00006081.mp4,eMotions_chunk_130.parquet,datasets/Conna/eMotions/data/eMotions_chunk_130.parquet,bb97b7453720968aa6793bd962a8880a459acadc,Tension,negative,10.750998,4aa3886d44de6be92bab79addb4c50df1090ccd09a4eb9c3370ece15d20f6d66,negative/tension/negative_tension_3064_00006081.mp4,False,
emotion:00006090.mp4,00006090.mp4,eMotions_chunk_130.parquet,datasets/Conna/eMotions/data/eMotions_chunk_130.parquet,bb97b7453720968aa6793bd962a8880a459acadc,Tension,negative,18.666667,7a4c32a05770fc0609674706732e0790b24907f1ab12823cee7ff83ac4340216,negative/tension/negative_tension_3065_00006090.mp4,False,
emotion:00006099.mp4,00006099.mp4,eMotions_chunk_130.parquet,datasets/Conna/eMotions/data/eMotions_chunk_130.parquet,bb97b7453720968aa6793bd962a8880a459acadc,Tension,negative,44.433333,58cc3a02516aeb9235bf6a6354b34cefa1a801abb64ca9840944076d64c731f8,negative/tension/negative_tension_3066_00006099.mp4,False,
emotion:00006144.mp4,00006144.mp4,eMotions_chunk_130.parquet,datasets/Conna/eMotions/data/eMotions_chunk_130.parquet,bb97b7453720968aa6793bd962a8880a459acadc,Tension,negative,14.28,fb821fdb735779610a700e002aaaad6d70048bf306a7ff703b8a6ed72f55a14a,negative/tension/negative_tension_3067_00006144.mp4,False,
emotion:00006155.mp4,00006155.mp4,eMotions_chunk_130.parquet,datasets/Conna/eMotions/data/eMotions_chunk_130.parquet,bb97b7453720968aa6793bd962a8880a459acadc,Tension,negative,9.733333,3cb3b095fd8ff07d33940401601bb7079c1eb7277fee9d948ca038b07887695f,negative/tension/negative_tension_3068_00006155.mp4,False,
emotion:00006179.mp4,00006179.mp4,eMotions_chunk_130.parquet,datasets/Conna/eMotions/data/eMotions_chunk_130.parquet,bb97b7453720968aa6793bd962a8880a459acadc,Tension,negative,19.925011,d9bfb15f940121650b4710debe18e53ca77bcc22f643afd4f2da22b2af1f00fa,negative/tension/negative_tension_3069_00006179.mp4,False,
emotion:00006192.mp4,00006192.mp4,eMotions_chunk_130.parquet,datasets/Conna/eMotions/data/eMotions_chunk_130.parquet,bb97b7453720968aa6793bd962a8880a459acadc,Tension,negative,11.378005,7eebd7109d1772647c6ff4f65be95f59c74aabde7531fde57da0d131110ec4ee,negative/tension/negative_tension_3070_00006192.mp4,False,
emotion:00006227.mp4,00006227.mp4,eMotions_chunk_130.parquet,datasets/Conna/eMotions/data/eMotions_chunk_130.parquet,bb97b7453720968aa6793bd962a8880a459acadc,Tension,negative,12.933333,370bf321b70946b6029c69c75dc1f41b6dd6cf1f2624e489b74ead9b80ab7197,negative/tension/negative_tension_3071_00006227.mp4,False,
emotion:00006261.mp4,00006261.mp4,eMotions_chunk_130.parquet,datasets/Conna/eMotions/data/eMotions_chunk_130.parquet,bb97b7453720968aa6793bd962a8880a459acadc,Tension,negative,15.347007,58363f35b77694594281a8812806abcef57093db57025432487fa80e52652ed8,negative/tension/negative_tension_3072_00006261.mp4,False,
emotion:00006318.mp4,00006318.mp4,eMotions_chunk_130.parquet,datasets/Conna/eMotions/data/eMotions_chunk_130.parquet,bb97b7453720968aa6793bd962a8880a459acadc,Tension,negative,6.036009,62d87ecfa08cd31ed98e29623178d6b3eb17c37d7007c7c1a7ee17ae910f03d3,negative/tension/negative_tension_3073_00006318.mp4,False,
emotion:00006336.mp4,00006336.mp4,eMotions_chunk_130.parquet,datasets/Conna/eMotions/data/eMotions_chunk_130.parquet,bb97b7453720968aa6793bd962a8880a459acadc,Tension,negative,14.907007,4929ce0b2430a3a385c0522382cd00981b81f21686fc6d638f46284625c1251f,negative/tension/negative_tension_3074_00006336.mp4,False,
emotion:00006337.mp4,00006337.mp4,eMotions_chunk_130.parquet,datasets/Conna/eMotions/data/eMotions_chunk_130.parquet,bb97b7453720968aa6793bd962a8880a459acadc,Tension,negative,39.101995,84082e1a784f1a9a9990cf4ca66256ade255cbd7e4faf9b94795cba29bd93da4,negative/tension/negative_tension_3075_00006337.mp4,False,
emotion:00006342.mp4,00006342.mp4,eMotions_chunk_130.parquet,datasets/Conna/eMotions/data/eMotions_chunk_130.parquet,bb97b7453720968aa6793bd962a8880a459acadc,Tension,negative,6.041667,34931ca060ea0aa2cc656031b34870d634313149febb9e638748a0df205e0bf3,negative/tension/negative_tension_3076_00006342.mp4,False,
emotion:00006362.mp4,00006362.mp4,eMotions_chunk_130.parquet,datasets/Conna/eMotions/data/eMotions_chunk_130.parquet,bb97b7453720968aa6793bd962a8880a459acadc,Tension,negative,51.92,b266fbd674f86204f85887cfb5cc6f4603717e95b173cf5402ef6949eb2df79d,negative/tension/negative_tension_3077_00006362.mp4,False,
emotion:00006376.mp4,00006376.mp4,eMotions_chunk_130.parquet,datasets/Conna/eMotions/data/eMotions_chunk_130.parquet,bb97b7453720968aa6793bd962a8880a459acadc,Tension,negative,9.685011,158fcaff2109e7cf652e08f133e132bd15ad86f3ca5aac4635a0b0d241ffa320,negative/tension/negative_tension_3078_00006376.mp4,False,
emotion:00006377.mp4,00006377.mp4,eMotions_chunk_130.parquet,datasets/Conna/eMotions/data/eMotions_chunk_130.parquet,bb97b7453720968aa6793bd962a8880a459acadc,Tension,negative,7.933333,b449ef69e9d592e23bec676e19e0e382c1172eb0cde24c6ddb29d1fb4184bfc0,negative/tension/negative_tension_3079_00006377.mp4,False,
emotion:00006383.mp4,00006383.mp4,eMotions_chunk_130.parquet,datasets/Conna/eMotions/data/eMotions_chunk_130.parquet,bb97b7453720968aa6793bd962a8880a459acadc,Tension,negative,10.982993,c7ecb255190ed0181766b9d1a0d838feeef89c9af78996dd03aef0deac4171d8,negative/tension/negative_tension_3080_00006383.mp4,False,
emotion:00006460.mp4,00006460.mp4,eMotions_chunk_130.parquet,datasets/Conna/eMotions/data/eMotions_chunk_130.parquet,bb97b7453720968aa6793bd962a8880a459acadc,Tension,negative,8.380998,a6a061f016bf9e6e86121aed98b021aee59711dcacb8c12d3a0957964da86cd7,negative/tension/negative_tension_3081_00006460.mp4,False,
emotion:00006502.mp4,00006502.mp4,eMotions_chunk_130.parquet,datasets/Conna/eMotions/data/eMotions_chunk_130.parquet,bb97b7453720968aa6793bd962a8880a459acadc,Tension,negative,16.2,8a27fda9570f08641256dd3bc9f642fa5652ae47aa6a995855b9e3c933bcf8dc,negative/tension/negative_tension_3082_00006502.mp4,False,
emotion:00006504.mp4,00006504.mp4,eMotions_chunk_130.parquet,datasets/Conna/eMotions/data/eMotions_chunk_130.parquet,bb97b7453720968aa6793bd962a8880a459acadc,Tension,negative,44.951995,0a80faffdf788ea20124462a366ac0574c7b5807730a09334b1db164d15e1eff,negative/tension/negative_tension_3083_00006504.mp4,False,
emotion:00006511.mp4,00006511.mp4,eMotions_chunk_130.parquet,datasets/Conna/eMotions/data/eMotions_chunk_130.parquet,bb97b7453720968aa6793bd962a8880a459acadc,Tension,negative,6.013991,cba1cefc40d89ac281011d2578cf1d7496e7bf7a6eb8864e8b2cffc3d9225422,negative/tension/negative_tension_3084_00006511.mp4,False,
emotion:00006565.mp4,00006565.mp4,eMotions_chunk_130.parquet,datasets/Conna/eMotions/data/eMotions_chunk_130.parquet,bb97b7453720968aa6793bd962a8880a459acadc,Tension,negative,18.669002,ffa81eb3ba4923643562ef129f7267c86c300758c9a15342c9c4032cb55555c4,negative/tension/negative_tension_3085_00006565.mp4,False,
emotion:00006576.mp4,00006576.mp4,eMotions_chunk_130.parquet,datasets/Conna/eMotions/data/eMotions_chunk_130.parquet,bb97b7453720968aa6793bd962a8880a459acadc,Tension,negative,13.433333,5f4420b40de803503121039a099da8bbf772585cf376d373fd5f772032c3b282,negative/tension/negative_tension_3086_00006576.mp4,False,
emotion:00006610.mp4,00006610.mp4,eMotions_chunk_130.parquet,datasets/Conna/eMotions/data/eMotions_chunk_130.parquet,bb97b7453720968aa6793bd962a8880a459acadc,Tension,negative,45.418005,c7dffad09afae9f53d0e69713c8fe198229df24a3512e0aff716325acda0114e,negative/tension/negative_tension_3087_00006610.mp4,False,
emotion:00006614.mp4,00006614.mp4,eMotions_chunk_130.parquet,datasets/Conna/eMotions/data/eMotions_chunk_130.parquet,bb97b7453720968aa6793bd962a8880a459acadc,Tension,negative,7.940998,d2fe0e03ff684edcd948057a8d1d10f5c95343bf42928111fd80dc9a6843068b,negative/tension/negative_tension_3088_00006614.mp4,False,
emotion:00006615.mp4,00006615.mp4,eMotions_chunk_130.parquet,datasets/Conna/eMotions/data/eMotions_chunk_130.parquet,bb97b7453720968aa6793bd962a8880a459acadc,Tension,negative,6.151995,fe166e0f1df163cb0820e47f480c5efab2f23ea2c437b2d0c31612d18d6ca4df,negative/tension/negative_tension_3089_00006615.mp4,False,
emotion:00006617.mp4,00006617.mp4,eMotions_chunk_130.parquet,datasets/Conna/eMotions/data/eMotions_chunk_130.parquet,bb97b7453720968aa6793bd962a8880a459acadc,Tension,negative,7.189002,eb2fa962ca5859acc605d2cf63f331defeabe74a377ea26fb6fa1138fc6b67ff,negative/tension/negative_tension_3090_00006617.mp4,False,
emotion:00006630.mp4,00006630.mp4,eMotions_chunk_130.parquet,datasets/Conna/eMotions/data/eMotions_chunk_130.parquet,bb97b7453720968aa6793bd962a8880a459acadc,Tension,negative,16.115011,874a449e68d5c58e23a21b27b6c53f1ca15d34f843fb8821ccbad494d83079d5,negative/tension/negative_tension_3091_00006630.mp4,False,
emotion:00006656.mp4,00006656.mp4,eMotions_chunk_130.parquet,datasets/Conna/eMotions/data/eMotions_chunk_130.parquet,bb97b7453720968aa6793bd962a8880a459acadc,Tension,negative,13.536009,7bbdebd3bc9227438c56de8fab068ec8f3424f76c615e8cadd85686b83ec550a,negative/tension/negative_tension_3092_00006656.mp4,False,
emotion:00006681.mp4,00006681.mp4,eMotions_chunk_130.parquet,datasets/Conna/eMotions/data/eMotions_chunk_130.parquet,bb97b7453720968aa6793bd962a8880a459acadc,Tension,negative,16.48,f4010c146a9efbb2c0bfc3bc5ecb09a91c73e993179898c4d8e506dd36b13e93,negative/tension/negative_tension_3093_00006681.mp4,False,
emotion:00006686.mp4,00006686.mp4,eMotions_chunk_130.parquet,datasets/Conna/eMotions/data/eMotions_chunk_130.parquet,bb97b7453720968aa6793bd962a8880a459acadc,Tension,negative,15.255011,f9167ef181b3987c1a4c97fc9caba05cb8931feea5bb17f78d23cf665cd9e3f4,negative/tension/negative_tension_3094_00006686.mp4,False,
emotion:00006712.mp4,00006712.mp4,eMotions_chunk_130.parquet,datasets/Conna/eMotions/data/eMotions_chunk_130.parquet,bb97b7453720968aa6793bd962a8880a459acadc,Tension,negative,6.011995,e59447cf2edfe82a90bcc9ac10b95c60869dbfe0c3a0169d793feee786979f6a,negative/tension/negative_tension_3095_00006712.mp4,False,
emotion:00006735.mp4,00006735.mp4,eMotions_chunk_130.parquet,datasets/Conna/eMotions/data/eMotions_chunk_130.parquet,bb97b7453720968aa6793bd962a8880a459acadc,Tension,negative,10.041667,c3936c6bb126e6e380e755265d2e213381dfade113c9692650bd709a7f4535e1,negative/tension/negative_tension_3096_00006735.mp4,False,
emotion:00006757.mp4,00006757.mp4,eMotions_chunk_130.parquet,datasets/Conna/eMotions/data/eMotions_chunk_130.parquet,bb97b7453720968aa6793bd962a8880a459acadc,Tension,negative,10.9,e913ef7dcee272e539978122895eb9ecc6af4c596ae2bfb0630f76e61a5f4c53,negative/tension/negative_tension_3097_00006757.mp4,False,
emotion:00006763.mp4,00006763.mp4,eMotions_chunk_130.parquet,datasets/Conna/eMotions/data/eMotions_chunk_130.parquet,bb97b7453720968aa6793bd962a8880a459acadc,Tension,negative,9.009002,6dea11135e53053c1f6604afc48ba8afe6d3d2c896b4328465cb54a174a78a28,negative/tension/negative_tension_3098_00006763.mp4,False,
emotion:00007425.mp4,00007425.mp4,eMotions_chunk_131.parquet,datasets/Conna/eMotions/data/eMotions_chunk_131.parquet,bb97b7453720968aa6793bd962a8880a459acadc,Tension,negative,12.655011,3a24a75679a5a558ea63199e55811fc662a5589fc973e347ce559f4e072fea03,negative/tension/negative_tension_3099_00007425.mp4,True,00006802.mp4
emotion:00006803.mp4,00006803.mp4,eMotions_chunk_130.parquet,datasets/Conna/eMotions/data/eMotions_chunk_130.parquet,bb97b7453720968aa6793bd962a8880a459acadc,Tension,negative,9.240998,a34cc5a369bd4059d8bc8c577f6e6e287e05228fa7b25c0568bd401035c5e0e6,negative/tension/negative_tension_3100_00006803.mp4,False,
emotion:00006805.mp4,00006805.mp4,eMotions_chunk_130.parquet,datasets/Conna/eMotions/data/eMotions_chunk_130.parquet,bb97b7453720968aa6793bd962a8880a459acadc,Tension,negative,5.12,a999de972bef51180502116fa5ed861b85fca633ad77851b0b7df019cffe2422,negative/tension/negative_tension_3101_00006805.mp4,False,
emotion:00006852.mp4,00006852.mp4,eMotions_chunk_130.parquet,datasets/Conna/eMotions/data/eMotions_chunk_130.parquet,bb97b7453720968aa6793bd962a8880a459acadc,Tension,negative,10.911995,457e9eb2b20c695f380ed55bdd0dce694e43c0bad3e956e296c1d6b952fdb038,negative/tension/negative_tension_3102_00006852.mp4,False,
emotion:00006887.mp4,00006887.mp4,eMotions_chunk_130.parquet,datasets/Conna/eMotions/data/eMotions_chunk_130.parquet,bb97b7453720968aa6793bd962a8880a459acadc,Tension,negative,16.183991,5184a2f68768171914f9c909e9d9ebdd3a29cc38922aa20933d4c8feac78e6dd,negative/tension/negative_tension_3103_00006887.mp4,False,
emotion:00006905.mp4,00006905.mp4,eMotions_chunk_130.parquet,datasets/Conna/eMotions/data/eMotions_chunk_130.parquet,bb97b7453720968aa6793bd962a8880a459acadc,Tension,negative,7.4,0d681ab8a0b3024f0de6292c7690052ce9bfa0a69b0c01b0d78b0778546b0625,negative/tension/negative_tension_3104_00006905.mp4,False,
emotion:00006914.mp4,00006914.mp4,eMotions_chunk_130.parquet,datasets/Conna/eMotions/data/eMotions_chunk_130.parquet,bb97b7453720968aa6793bd962a8880a459acadc,Tension,negative,19.017007,d38c6c323aad2f51c14c4e3ed4a6e5ec2582afacee2a386d1bacd218017c4c6f,negative/tension/negative_tension_3105_00006914.mp4,False,
emotion:00006918.mp4,00006918.mp4,eMotions_chunk_130.parquet,datasets/Conna/eMotions/data/eMotions_chunk_130.parquet,bb97b7453720968aa6793bd962a8880a459acadc,Tension,negative,17.67,3f757f916333e198ead5aa9d6d1e22833eb16704a929274d567087ef2c7bd43e,negative/tension/negative_tension_3106_00006918.mp4,False,
emotion:00006919.mp4,00006919.mp4,eMotions_chunk_130.parquet,datasets/Conna/eMotions/data/eMotions_chunk_130.parquet,bb97b7453720968aa6793bd962a8880a459acadc,Tension,negative,41.856009,4ef4a4a848af33f2b16cdd4158a747431ca13d452d8863c97d98d65975cff34f,negative/tension/negative_tension_3107_00006919.mp4,False,
emotion:00006928.mp4,00006928.mp4,eMotions_chunk_130.parquet,datasets/Conna/eMotions/data/eMotions_chunk_130.parquet,bb97b7453720968aa6793bd962a8880a459acadc,Tension,negative,8.166667,3a2061c17338f207cefd032393d5c6c484495860392aa07fd8e2be485041ef52,negative/tension/negative_tension_3108_00006928.mp4,False,
emotion:00006968.mp4,00006968.mp4,eMotions_chunk_130.parquet,datasets/Conna/eMotions/data/eMotions_chunk_130.parquet,bb97b7453720968aa6793bd962a8880a459acadc,Tension,negative,7.166667,5b8836ccc4ae43a4d83ddcd1a031211a15dd37bbb623ca6de2d89df2d2fec1ef,negative/tension/negative_tension_3109_00006968.mp4,False,
emotion:00006970.mp4,00006970.mp4,eMotions_chunk_130.parquet,datasets/Conna/eMotions/data/eMotions_chunk_130.parquet,bb97b7453720968aa6793bd962a8880a459acadc,Tension,negative,9.033333,0b75f1780a9e94960804ba69cd71db9ced73ff18391f50309b28ca33aab6bfc2,negative/tension/negative_tension_3110_00006970.mp4,False,
emotion:00007016.mp4,00007016.mp4,eMotions_chunk_130.parquet,datasets/Conna/eMotions/data/eMotions_chunk_130.parquet,bb97b7453720968aa6793bd962a8880a459acadc,Tension,negative,7.033991,29b76b5f43c8c46296ae354e6cf552f406892b2469daec24b148ab26ffbc0502,negative/tension/negative_tension_3111_00007016.mp4,False,
emotion:00007033.mp4,00007033.mp4,eMotions_chunk_130.parquet,datasets/Conna/eMotions/data/eMotions_chunk_130.parquet,bb97b7453720968aa6793bd962a8880a459acadc,Tension,negative,6.477007,90ec6fec3cf1423854e2433a73a6f87d353ea53e5389ba2180980542a5268492,negative/tension/negative_tension_3112_00007033.mp4,False,
emotion:00007072.mp4,00007072.mp4,eMotions_chunk_130.parquet,datasets/Conna/eMotions/data/eMotions_chunk_130.parquet,bb97b7453720968aa6793bd962a8880a459acadc,Tension,negative,58.677007,0940a9d57cc14f5c6a5c6dfb69ae8df0d9b39acb268585e7274acf4a4c9f973f,negative/tension/negative_tension_3113_00007072.mp4,False,
emotion:00007107.mp4,00007107.mp4,eMotions_chunk_130.parquet,datasets/Conna/eMotions/data/eMotions_chunk_130.parquet,bb97b7453720968aa6793bd962a8880a459acadc,Tension,negative,11.2,aa5aa52046c2562b30fac3e6f2e2c8dc1cae67d4cd9b8e8b17696fd6f692b7ff,negative/tension/negative_tension_3114_00007107.mp4,False,
emotion:00007108.mp4,00007108.mp4,eMotions_chunk_130.parquet,datasets/Conna/eMotions/data/eMotions_chunk_130.parquet,bb97b7453720968aa6793bd962a8880a459acadc,Tension,negative,15.36,330b5e324c6e629e1f0d32b64629433aedb737e9154156384c6b2fda9708b038,negative/tension/negative_tension_3115_00007108.mp4,False,
emotion:00007142.mp4,00007142.mp4,eMotions_chunk_130.parquet,datasets/Conna/eMotions/data/eMotions_chunk_130.parquet,bb97b7453720968aa6793bd962a8880a459acadc,Tension,negative,43.955011,edb84a6a00e48b6762428830e4a49c63741da03b8b53827b209f83745045726b,negative/tension/negative_tension_3116_00007142.mp4,False,
emotion:00007159.mp4,00007159.mp4,eMotions_chunk_130.parquet,datasets/Conna/eMotions/data/eMotions_chunk_130.parquet,bb97b7453720968aa6793bd962a8880a459acadc,Tension,negative,20.085011,6656e6b34d4b1a449c445324b4155ad2ce511427e700c5fa61f86f09a6eab325,negative/tension/negative_tension_3117_00007159.mp4,False,
emotion:00007163.mp4,00007163.mp4,eMotions_chunk_130.parquet,datasets/Conna/eMotions/data/eMotions_chunk_130.parquet,bb97b7453720968aa6793bd962a8880a459acadc,Tension,negative,13.141995,f11e5706c46e1922e64c00349d515b6f9a9d81149f21252e62f60b8b7fb0209e,negative/tension/negative_tension_3118_00007163.mp4,False,
emotion:00007189.mp4,00007189.mp4,eMotions_chunk_130.parquet,datasets/Conna/eMotions/data/eMotions_chunk_130.parquet,bb97b7453720968aa6793bd962a8880a459acadc,Tension,negative,8.101995,de21b82ad0559951964c509d58cfc95cbe1597dfceba9ac33413ac5c3161b38d,negative/tension/negative_tension_3119_00007189.mp4,False,
emotion:00007207.mp4,00007207.mp4,eMotions_chunk_130.parquet,datasets/Conna/eMotions/data/eMotions_chunk_130.parquet,bb97b7453720968aa6793bd962a8880a459acadc,Tension,negative,13.443991,6d945f62e95802db5c908dd6d9a5c2102319521c7760f60fd69dbedc6de2ff10,negative/tension/negative_tension_3120_00007207.mp4,False,
emotion:00007208.mp4,00007208.mp4,eMotions_chunk_130.parquet,datasets/Conna/eMotions/data/eMotions_chunk_130.parquet,bb97b7453720968aa6793bd962a8880a459acadc,Tension,negative,8.233333,650a8ffbad2b7c6dd72b7e698eb68961bc3348b4013574109fdc204226d6a93d,negative/tension/negative_tension_3121_00007208.mp4,False,
emotion:00007230.mp4,00007230.mp4,eMotions_chunk_130.parquet,datasets/Conna/eMotions/data/eMotions_chunk_130.parquet,bb97b7453720968aa6793bd962a8880a459acadc,Tension,negative,44.13017,3acab36513f16adc8a364a729de25ef185fcc2cbcf95f781a5e641f0f048491a,negative/tension/negative_tension_3122_00007230.mp4,False,
emotion:00007260.mp4,00007260.mp4,eMotions_chunk_130.parquet,datasets/Conna/eMotions/data/eMotions_chunk_130.parquet,bb97b7453720968aa6793bd962a8880a459acadc,Tension,negative,17.508005,23e50381a15dc0176ada34e757767b520cf3cef058896a64090f9b930d5e4872,negative/tension/negative_tension_3123_00007260.mp4,False,
emotion:00007296.mp4,00007296.mp4,eMotions_chunk_130.parquet,datasets/Conna/eMotions/data/eMotions_chunk_130.parquet,bb97b7453720968aa6793bd962a8880a459acadc,Tension,negative,17.042993,602d3db82fc91daae10145286dccdd2f619fc0500e9b4fed2596da0d525d88b2,negative/tension/negative_tension_3124_00007296.mp4,False,
emotion:00007297.mp4,00007297.mp4,eMotions_chunk_130.parquet,datasets/Conna/eMotions/data/eMotions_chunk_130.parquet,bb97b7453720968aa6793bd962a8880a459acadc,Tension,negative,13.722993,86f14a9c668cdf547b5670f413bdfaea9bba9206c7aff2ff1c4bfa46294b5fe2,negative/tension/negative_tension_3125_00007297.mp4,False,
emotion:00007303.mp4,00007303.mp4,eMotions_chunk_130.parquet,datasets/Conna/eMotions/data/eMotions_chunk_130.parquet,bb97b7453720968aa6793bd962a8880a459acadc,Tension,negative,14.883991,6f99fde5933ee822be2b4449ff34d9b439cf439c8a6117e1e7bfecf86d67f38c,negative/tension/negative_tension_3126_00007303.mp4,False,
emotion:00007324.mp4,00007324.mp4,eMotions_chunk_130.parquet,datasets/Conna/eMotions/data/eMotions_chunk_130.parquet,bb97b7453720968aa6793bd962a8880a459acadc,Tension,negative,8.521995,0798ffc12062bd1bd3f9e436c1a44b621a83de5378689d9ba0816e18a739b267,negative/tension/negative_tension_3127_00007324.mp4,False,
emotion:00007334.mp4,00007334.mp4,eMotions_chunk_130.parquet,datasets/Conna/eMotions/data/eMotions_chunk_130.parquet,bb97b7453720968aa6793bd962a8880a459acadc,Tension,negative,55.705011,320488cffc908400fc2d15a408c5a393d89be93b661d87255d3f61c2e4078a9c,negative/tension/negative_tension_3128_00007334.mp4,False,
emotion:00007336.mp4,00007336.mp4,eMotions_chunk_130.parquet,datasets/Conna/eMotions/data/eMotions_chunk_130.parquet,bb97b7453720968aa6793bd962a8880a459acadc,Tension,negative,17.112993,ac172d6790993771ffb3941d2dfa40760eb92b414273a9984addf9c805a7357d,negative/tension/negative_tension_3129_00007336.mp4,False,
emotion:00007344.mp4,00007344.mp4,eMotions_chunk_130.parquet,datasets/Conna/eMotions/data/eMotions_chunk_130.parquet,bb97b7453720968aa6793bd962a8880a459acadc,Tension,negative,7.336009,4de9cc1aa4f908c71f85323220206b95f9eaae52d38312c4b786050e13667000,negative/tension/negative_tension_3130_00007344.mp4,False,
emotion:00007347.mp4,00007347.mp4,eMotions_chunk_130.parquet,datasets/Conna/eMotions/data/eMotions_chunk_130.parquet,bb97b7453720968aa6793bd962a8880a459acadc,Tension,negative,20.039002,8bab0853459f3fef460ade327db96b6194b68fae48fd5a75440ba34124bb5ab5,negative/tension/negative_tension_3131_00007347.mp4,False,
emotion:00007359.mp4,00007359.mp4,eMotions_chunk_130.parquet,datasets/Conna/eMotions/data/eMotions_chunk_130.parquet,bb97b7453720968aa6793bd962a8880a459acadc,Tension,negative,18.437007,4e49e963d54ee8d6f7cfe107584401f88ff67a4c9e1b0e00eb8f04e799dadf30,negative/tension/negative_tension_3132_00007359.mp4,False,
emotion:00007363.mp4,00007363.mp4,eMotions_chunk_130.parquet,datasets/Conna/eMotions/data/eMotions_chunk_130.parquet,bb97b7453720968aa6793bd962a8880a459acadc,Tension,negative,15.79,9d994a83b87418c6a4263acd3e25c2ad267f403bb10b0032524c95c236cf5257,negative/tension/negative_tension_3133_00007363.mp4,False,
emotion:00007364.mp4,00007364.mp4,eMotions_chunk_130.parquet,datasets/Conna/eMotions/data/eMotions_chunk_130.parquet,bb97b7453720968aa6793bd962a8880a459acadc,Tension,negative,12.352993,cd939cc19a018c776de169c7ffdc87438d9bc33391c12447c4e60ba3f8ec2f36,negative/tension/negative_tension_3134_00007364.mp4,False,
emotion:00007365.mp4,00007365.mp4,eMotions_chunk_130.parquet,datasets/Conna/eMotions/data/eMotions_chunk_130.parquet,bb97b7453720968aa6793bd962a8880a459acadc,Tension,negative,15.186009,b538cc8d78168a592a479dd850202a5ae15a6bdcff55f74e4feb1f7f48a972db,negative/tension/negative_tension_3135_00007365.mp4,False,
emotion:00007366.mp4,00007366.mp4,eMotions_chunk_130.parquet,datasets/Conna/eMotions/data/eMotions_chunk_130.parquet,bb97b7453720968aa6793bd962a8880a459acadc,Tension,negative,8.8,16a8666629c5ea1e0ce0cfd90748bd50b0d99e0fef6c9a2966443946d94c10fc,negative/tension/negative_tension_3136_00007366.mp4,False,
emotion:00007368.mp4,00007368.mp4,eMotions_chunk_130.parquet,datasets/Conna/eMotions/data/eMotions_chunk_130.parquet,bb97b7453720968aa6793bd962a8880a459acadc,Tension,negative,18.496009,10a9b168d098870bdf6d4d7d6035c661b7ebaa305abcc2198bc1bf966cb1c4e6,negative/tension/negative_tension_3137_00007368.mp4,False,
emotion:00007400.mp4,00007400.mp4,eMotions_chunk_130.parquet,datasets/Conna/eMotions/data/eMotions_chunk_130.parquet,bb97b7453720968aa6793bd962a8880a459acadc,Tension,negative,15.509002,004fcfa87c0221296dd0eeb6e209f792091b4f1f3fd41c750a5abcb0f138d49b,negative/tension/negative_tension_3138_00007400.mp4,False,
